{
"type": "FeatureCollection",
"name": "Coimbra_stairs",
"crs": { "type": "name", "properties": { "name": "urn:ogc:def:crs:OGC:1.3:CRS84" } },
"features": [
{ "type": "Feature", "properties": { "full_id": "w14381390", "osm_id": "14381390", "stairs": null, "level": null, "ramp:wheelchair": null, "width": null, "bicycle": null, "alt_name": null, "historic": null, "tunnel": null, "access": null, "layer": null, "bridge": null, "foot": null, "surface": "paving_stones", "step_count": "125", "ramp": "no", "name": "Escadas Monumentais", "lit": "yes" }, "geometry": { "type": "Point", "coordinates": [ -8.421990387404527, 40.208124322470098 ] } },
{ "type": "Feature", "properties": { "full_id": "w23282126", "osm_id": "23282126", "stairs": null, "level": null, "ramp:wheelchair": null, "width": null, "bicycle": null, "alt_name": null, "historic": null, "tunnel": null, "access": null, "layer": null, "bridge": null, "foot": null, "surface": "concrete", "step_count": "32", "ramp": "no", "name": "Travessa dos Combatentes da Grande Guerra", "lit": null }, "geometry": { "type": "Point", "coordinates": [ -8.4134764, 40.202904 ] } },
{ "type": "Feature", "properties": { "full_id": "w23376914", "osm_id": "23376914", "stairs": null, "level": null, "ramp:wheelchair": null, "width": null, "bicycle": null, "alt_name": null, "historic": null, "tunnel": null, "access": null, "layer": null, "bridge": null, "foot": null, "surface": null, "step_count": null, "ramp": null, "name": null, "lit": null }, "geometry": { "type": "Point", "coordinates": [ -8.413277871785507, 40.218074391063062 ] } },
{ "type": "Feature", "properties": { "full_id": "w23376919", "osm_id": "23376919", "stairs": null, "level": null, "ramp:wheelchair": null, "width": null, "bicycle": null, "alt_name": null, "historic": null, "tunnel": null, "access": null, "layer": null, "bridge": null, "foot": null, "surface": null, "step_count": null, "ramp": null, "name": null, "lit": null }, "geometry": { "type": "Point", "coordinates": [ -8.41276245, 40.21831245 ] } },
{ "type": "Feature", "properties": { "full_id": "w23376920", "osm_id": "23376920", "stairs": null, "level": null, "ramp:wheelchair": null, "width": null, "bicycle": null, "alt_name": null, "historic": null, "tunnel": null, "access": null, "layer": null, "bridge": null, "foot": null, "surface": null, "step_count": null, "ramp": null, "name": null, "lit": null }, "geometry": { "type": "Point", "coordinates": [ -8.4124723, 40.2186262 ] } },
{ "type": "Feature", "properties": { "full_id": "w23937180", "osm_id": "23937180", "stairs": null, "level": null, "ramp:wheelchair": null, "width": null, "bicycle": null, "alt_name": null, "historic": null, "tunnel": null, "access": null, "layer": null, "bridge": null, "foot": null, "surface": null, "step_count": null, "ramp": null, "name": null, "lit": null }, "geometry": { "type": "Point", "coordinates": [ -8.40345555, 40.20392965 ] } },
{ "type": "Feature", "properties": { "full_id": "w30954686", "osm_id": "30954686", "stairs": null, "level": null, "ramp:wheelchair": null, "width": null, "bicycle": null, "alt_name": null, "historic": null, "tunnel": null, "access": null, "layer": null, "bridge": null, "foot": null, "surface": null, "step_count": null, "ramp": null, "name": null, "lit": null }, "geometry": { "type": "Point", "coordinates": [ -8.41626895, 40.18627335 ] } },
{ "type": "Feature", "properties": { "full_id": "w41222807", "osm_id": "41222807", "stairs": null, "level": null, "ramp:wheelchair": null, "width": null, "bicycle": null, "alt_name": null, "historic": null, "tunnel": null, "access": null, "layer": null, "bridge": null, "foot": null, "surface": "paving_stones", "step_count": "114", "ramp": "no", "name": "Escadas do Quinchorro", "lit": null }, "geometry": { "type": "Point", "coordinates": [ -8.42727965, 40.20641505 ] } },
{ "type": "Feature", "properties": { "full_id": "w44624618", "osm_id": "44624618", "stairs": null, "level": null, "ramp:wheelchair": null, "width": null, "bicycle": null, "alt_name": null, "historic": null, "tunnel": null, "access": null, "layer": null, "bridge": null, "foot": "yes", "surface": "paving_stones", "step_count": "39", "ramp": "no", "name": null, "lit": null }, "geometry": { "type": "Point", "coordinates": [ -8.42572505, 40.2082441 ] } },
{ "type": "Feature", "properties": { "full_id": "w51283585", "osm_id": "51283585", "stairs": null, "level": null, "ramp:wheelchair": null, "width": null, "bicycle": null, "alt_name": null, "historic": null, "tunnel": null, "access": null, "layer": null, "bridge": null, "foot": "yes", "surface": null, "step_count": null, "ramp": null, "name": "Travessa do Cabido", "lit": null }, "geometry": { "type": "Point", "coordinates": [ -8.4265909, 40.20955375 ] } },
{ "type": "Feature", "properties": { "full_id": "w51283721", "osm_id": "51283721", "stairs": null, "level": null, "ramp:wheelchair": null, "width": null, "bicycle": null, "alt_name": null, "historic": null, "tunnel": null, "access": null, "layer": null, "bridge": null, "foot": "yes", "surface": "paving_stones", "step_count": "26", "ramp": "no", "name": "Escadas de São Bartolomeu", "lit": "yes" }, "geometry": { "type": "Point", "coordinates": [ -8.429224162037876, 40.208633169770422 ] } },
{ "type": "Feature", "properties": { "full_id": "w57038382", "osm_id": "57038382", "stairs": null, "level": null, "ramp:wheelchair": null, "width": null, "bicycle": null, "alt_name": null, "historic": null, "tunnel": null, "access": null, "layer": null, "bridge": null, "foot": null, "surface": null, "step_count": null, "ramp": null, "name": null, "lit": null }, "geometry": { "type": "Point", "coordinates": [ -8.40885225, 40.1876512 ] } },
{ "type": "Feature", "properties": { "full_id": "w57038386", "osm_id": "57038386", "stairs": null, "level": null, "ramp:wheelchair": null, "width": null, "bicycle": null, "alt_name": null, "historic": null, "tunnel": null, "access": null, "layer": null, "bridge": null, "foot": null, "surface": null, "step_count": null, "ramp": null, "name": null, "lit": null }, "geometry": { "type": "Point", "coordinates": [ -8.4024348, 40.18904065 ] } },
{ "type": "Feature", "properties": { "full_id": "w57040237", "osm_id": "57040237", "stairs": null, "level": null, "ramp:wheelchair": null, "width": null, "bicycle": null, "alt_name": null, "historic": null, "tunnel": null, "access": null, "layer": null, "bridge": null, "foot": null, "surface": null, "step_count": null, "ramp": null, "name": null, "lit": null }, "geometry": { "type": "Point", "coordinates": [ -8.40395205, 40.19340955 ] } },
{ "type": "Feature", "properties": { "full_id": "w58338562", "osm_id": "58338562", "stairs": null, "level": null, "ramp:wheelchair": null, "width": null, "bicycle": null, "alt_name": null, "historic": null, "tunnel": null, "access": null, "layer": null, "bridge": null, "foot": null, "surface": "concrete", "step_count": null, "ramp": null, "name": null, "lit": null }, "geometry": { "type": "Point", "coordinates": [ -8.397185243225062, 40.216044792459826 ] } },
{ "type": "Feature", "properties": { "full_id": "w58467655", "osm_id": "58467655", "stairs": null, "level": null, "ramp:wheelchair": null, "width": null, "bicycle": null, "alt_name": null, "historic": null, "tunnel": null, "access": null, "layer": null, "bridge": null, "foot": null, "surface": null, "step_count": null, "ramp": null, "name": null, "lit": null }, "geometry": { "type": "Point", "coordinates": [ -8.429408277661784, 40.220240822341502 ] } },
{ "type": "Feature", "properties": { "full_id": "w58467661", "osm_id": "58467661", "stairs": null, "level": null, "ramp:wheelchair": null, "width": null, "bicycle": null, "alt_name": null, "historic": null, "tunnel": null, "access": null, "layer": null, "bridge": null, "foot": null, "surface": null, "step_count": null, "ramp": null, "name": null, "lit": null }, "geometry": { "type": "Point", "coordinates": [ -8.42904345, 40.2203946 ] } },
{ "type": "Feature", "properties": { "full_id": "w58868204", "osm_id": "58868204", "stairs": null, "level": null, "ramp:wheelchair": null, "width": null, "bicycle": null, "alt_name": null, "historic": null, "tunnel": null, "access": null, "layer": "1", "bridge": "yes", "foot": null, "surface": null, "step_count": null, "ramp": null, "name": null, "lit": null }, "geometry": { "type": "Point", "coordinates": [ -8.4275726, 40.22322955 ] } },
{ "type": "Feature", "properties": { "full_id": "w58928537", "osm_id": "58928537", "stairs": null, "level": null, "ramp:wheelchair": null, "width": null, "bicycle": null, "alt_name": null, "historic": null, "tunnel": null, "access": null, "layer": null, "bridge": null, "foot": null, "surface": null, "step_count": null, "ramp": null, "name": null, "lit": null }, "geometry": { "type": "Point", "coordinates": [ -8.4056895, 40.2042679 ] } },
{ "type": "Feature", "properties": { "full_id": "w59524673", "osm_id": "59524673", "stairs": null, "level": null, "ramp:wheelchair": null, "width": null, "bicycle": null, "alt_name": null, "historic": null, "tunnel": null, "access": null, "layer": null, "bridge": null, "foot": null, "surface": "sett", "step_count": "34", "ramp": "no", "name": null, "lit": null }, "geometry": { "type": "Point", "coordinates": [ -8.4351212, 40.21595595 ] } },
{ "type": "Feature", "properties": { "full_id": "w60209859", "osm_id": "60209859", "stairs": null, "level": null, "ramp:wheelchair": null, "width": null, "bicycle": null, "alt_name": null, "historic": null, "tunnel": null, "access": null, "layer": null, "bridge": null, "foot": null, "surface": null, "step_count": null, "ramp": null, "name": null, "lit": null }, "geometry": { "type": "Point", "coordinates": [ -8.39995325, 40.1890599 ] } },
{ "type": "Feature", "properties": { "full_id": "w60209862", "osm_id": "60209862", "stairs": null, "level": null, "ramp:wheelchair": null, "width": null, "bicycle": null, "alt_name": null, "historic": null, "tunnel": null, "access": null, "layer": null, "bridge": null, "foot": null, "surface": null, "step_count": null, "ramp": null, "name": null, "lit": null }, "geometry": { "type": "Point", "coordinates": [ -8.4002007, 40.1889815 ] } },
{ "type": "Feature", "properties": { "full_id": "w60210204", "osm_id": "60210204", "stairs": null, "level": null, "ramp:wheelchair": null, "width": null, "bicycle": null, "alt_name": null, "historic": null, "tunnel": null, "access": null, "layer": null, "bridge": null, "foot": null, "surface": null, "step_count": null, "ramp": null, "name": null, "lit": null }, "geometry": { "type": "Point", "coordinates": [ -8.39762265, 40.18662435 ] } },
{ "type": "Feature", "properties": { "full_id": "w60210205", "osm_id": "60210205", "stairs": null, "level": null, "ramp:wheelchair": null, "width": null, "bicycle": null, "alt_name": null, "historic": null, "tunnel": null, "access": null, "layer": null, "bridge": null, "foot": null, "surface": null, "step_count": null, "ramp": null, "name": null, "lit": null }, "geometry": { "type": "Point", "coordinates": [ -8.3975444, 40.18628545 ] } },
{ "type": "Feature", "properties": { "full_id": "w60759072", "osm_id": "60759072", "stairs": null, "level": null, "ramp:wheelchair": null, "width": null, "bicycle": null, "alt_name": null, "historic": null, "tunnel": null, "access": null, "layer": null, "bridge": null, "foot": null, "surface": "concrete", "step_count": "22", "ramp": "no", "name": null, "lit": null }, "geometry": { "type": "Point", "coordinates": [ -8.413327747780569, 40.19519072605717 ] } },
{ "type": "Feature", "properties": { "full_id": "w60786381", "osm_id": "60786381", "stairs": null, "level": null, "ramp:wheelchair": null, "width": null, "bicycle": null, "alt_name": null, "historic": null, "tunnel": null, "access": null, "layer": null, "bridge": null, "foot": null, "surface": null, "step_count": null, "ramp": null, "name": null, "lit": null }, "geometry": { "type": "Point", "coordinates": [ -8.4107054, 40.19520395 ] } },
{ "type": "Feature", "properties": { "full_id": "w60786382", "osm_id": "60786382", "stairs": null, "level": null, "ramp:wheelchair": null, "width": null, "bicycle": null, "alt_name": null, "historic": null, "tunnel": null, "access": null, "layer": null, "bridge": null, "foot": null, "surface": null, "step_count": null, "ramp": "no", "name": null, "lit": null }, "geometry": { "type": "Point", "coordinates": [ -8.4106898, 40.19476535 ] } },
{ "type": "Feature", "properties": { "full_id": "w60809408", "osm_id": "60809408", "stairs": null, "level": null, "ramp:wheelchair": null, "width": null, "bicycle": null, "alt_name": null, "historic": null, "tunnel": null, "access": "customers", "layer": null, "bridge": null, "foot": null, "surface": "wood", "step_count": null, "ramp": null, "name": null, "lit": null }, "geometry": { "type": "Point", "coordinates": [ -8.433806, 40.20264445 ] } },
{ "type": "Feature", "properties": { "full_id": "w60932673", "osm_id": "60932673", "stairs": null, "level": null, "ramp:wheelchair": null, "width": null, "bicycle": null, "alt_name": null, "historic": null, "tunnel": "building_passage", "access": null, "layer": null, "bridge": null, "foot": null, "surface": null, "step_count": null, "ramp": null, "name": null, "lit": null }, "geometry": { "type": "Point", "coordinates": [ -8.40338695, 40.19584435 ] } },
{ "type": "Feature", "properties": { "full_id": "w60932675", "osm_id": "60932675", "stairs": null, "level": null, "ramp:wheelchair": null, "width": null, "bicycle": null, "alt_name": null, "historic": null, "tunnel": "building_passage", "access": null, "layer": null, "bridge": null, "foot": null, "surface": null, "step_count": null, "ramp": null, "name": null, "lit": null }, "geometry": { "type": "Point", "coordinates": [ -8.4040349, 40.1957091 ] } },
{ "type": "Feature", "properties": { "full_id": "w60975585", "osm_id": "60975585", "stairs": null, "level": null, "ramp:wheelchair": null, "width": null, "bicycle": null, "alt_name": null, "historic": null, "tunnel": null, "access": null, "layer": null, "bridge": null, "foot": null, "surface": "metal", "step_count": "36", "ramp": "no", "name": null, "lit": null }, "geometry": { "type": "Point", "coordinates": [ -8.4073997, 40.2051609 ] } },
{ "type": "Feature", "properties": { "full_id": "w60975589", "osm_id": "60975589", "stairs": null, "level": null, "ramp:wheelchair": null, "width": null, "bicycle": null, "alt_name": null, "historic": null, "tunnel": null, "access": null, "layer": null, "bridge": null, "foot": null, "surface": "metal", "step_count": "36", "ramp": "no", "name": null, "lit": null }, "geometry": { "type": "Point", "coordinates": [ -8.40780055, 40.2051585 ] } },
{ "type": "Feature", "properties": { "full_id": "w61121165", "osm_id": "61121165", "stairs": null, "level": null, "ramp:wheelchair": null, "width": null, "bicycle": null, "alt_name": null, "historic": null, "tunnel": null, "access": null, "layer": null, "bridge": null, "foot": null, "surface": null, "step_count": null, "ramp": null, "name": null, "lit": null }, "geometry": { "type": "Point", "coordinates": [ -8.406338247170373, 40.191827872076587 ] } },
{ "type": "Feature", "properties": { "full_id": "w61121170", "osm_id": "61121170", "stairs": null, "level": null, "ramp:wheelchair": null, "width": null, "bicycle": null, "alt_name": null, "historic": null, "tunnel": null, "access": null, "layer": null, "bridge": null, "foot": null, "surface": null, "step_count": null, "ramp": null, "name": null, "lit": null }, "geometry": { "type": "Point", "coordinates": [ -8.405917509001563, 40.191888551459499 ] } },
{ "type": "Feature", "properties": { "full_id": "w61121172", "osm_id": "61121172", "stairs": null, "level": null, "ramp:wheelchair": null, "width": null, "bicycle": null, "alt_name": null, "historic": null, "tunnel": "building_passage", "access": null, "layer": null, "bridge": null, "foot": null, "surface": null, "step_count": null, "ramp": null, "name": null, "lit": null }, "geometry": { "type": "Point", "coordinates": [ -8.4063329, 40.1922383 ] } },
{ "type": "Feature", "properties": { "full_id": "w95462605", "osm_id": "95462605", "stairs": null, "level": null, "ramp:wheelchair": null, "width": null, "bicycle": null, "alt_name": null, "historic": null, "tunnel": null, "access": null, "layer": null, "bridge": null, "foot": null, "surface": null, "step_count": null, "ramp": null, "name": null, "lit": null }, "geometry": { "type": "Point", "coordinates": [ -8.427319998763853, 40.222686888402983 ] } },
{ "type": "Feature", "properties": { "full_id": "w114823168", "osm_id": "114823168", "stairs": null, "level": null, "ramp:wheelchair": null, "width": null, "bicycle": null, "alt_name": null, "historic": null, "tunnel": null, "access": null, "layer": null, "bridge": null, "foot": null, "surface": "wood", "step_count": "21", "ramp": "no", "name": null, "lit": null }, "geometry": { "type": "Point", "coordinates": [ -8.42685815, 40.2034429 ] } },
{ "type": "Feature", "properties": { "full_id": "w114823174", "osm_id": "114823174", "stairs": null, "level": null, "ramp:wheelchair": null, "width": null, "bicycle": null, "alt_name": null, "historic": null, "tunnel": null, "access": null, "layer": null, "bridge": null, "foot": null, "surface": null, "step_count": null, "ramp": "no", "name": null, "lit": null }, "geometry": { "type": "Point", "coordinates": [ -8.42556305, 40.20153735 ] } },
{ "type": "Feature", "properties": { "full_id": "w115575536", "osm_id": "115575536", "stairs": null, "level": null, "ramp:wheelchair": null, "width": null, "bicycle": null, "alt_name": null, "historic": null, "tunnel": null, "access": null, "layer": null, "bridge": null, "foot": null, "surface": "sett", "step_count": null, "ramp": "no", "name": null, "lit": null }, "geometry": { "type": "Point", "coordinates": [ -8.42642828833096, 40.206988646464382 ] } },
{ "type": "Feature", "properties": { "full_id": "w115577095", "osm_id": "115577095", "stairs": null, "level": null, "ramp:wheelchair": null, "width": null, "bicycle": null, "alt_name": null, "historic": null, "tunnel": null, "access": null, "layer": null, "bridge": null, "foot": null, "surface": null, "step_count": null, "ramp": null, "name": null, "lit": null }, "geometry": { "type": "Point", "coordinates": [ -8.41491315, 40.20991905 ] } },
{ "type": "Feature", "properties": { "full_id": "w115578028", "osm_id": "115578028", "stairs": null, "level": null, "ramp:wheelchair": null, "width": null, "bicycle": null, "alt_name": null, "historic": null, "tunnel": null, "access": "yes", "layer": null, "bridge": null, "foot": null, "surface": "concrete", "step_count": null, "ramp": null, "name": null, "lit": null }, "geometry": { "type": "Point", "coordinates": [ -8.417376, 40.18572105 ] } },
{ "type": "Feature", "properties": { "full_id": "w115578196", "osm_id": "115578196", "stairs": null, "level": null, "ramp:wheelchair": null, "width": null, "bicycle": null, "alt_name": null, "historic": null, "tunnel": null, "access": null, "layer": null, "bridge": null, "foot": null, "surface": "sett", "step_count": "44", "ramp": "no", "name": null, "lit": null }, "geometry": { "type": "Point", "coordinates": [ -8.41449715, 40.2096183 ] } },
{ "type": "Feature", "properties": { "full_id": "w115578198", "osm_id": "115578198", "stairs": null, "level": null, "ramp:wheelchair": null, "width": null, "bicycle": null, "alt_name": null, "historic": null, "tunnel": null, "access": null, "layer": null, "bridge": null, "foot": null, "surface": "sett", "step_count": "44", "ramp": "no", "name": null, "lit": null }, "geometry": { "type": "Point", "coordinates": [ -8.4143107, 40.20997425 ] } },
{ "type": "Feature", "properties": { "full_id": "w115744958", "osm_id": "115744958", "stairs": null, "level": null, "ramp:wheelchair": null, "width": null, "bicycle": null, "alt_name": null, "historic": "steps", "tunnel": null, "access": null, "layer": null, "bridge": null, "foot": null, "surface": "sett", "step_count": null, "ramp": "no", "name": "Via Latina", "lit": null }, "geometry": { "type": "Point", "coordinates": [ -8.42607185, 40.2078041 ] } },
{ "type": "Feature", "properties": { "full_id": "w115750495", "osm_id": "115750495", "stairs": null, "level": null, "ramp:wheelchair": null, "width": null, "bicycle": null, "alt_name": null, "historic": null, "tunnel": null, "access": null, "layer": null, "bridge": null, "foot": null, "surface": null, "step_count": null, "ramp": null, "name": null, "lit": null }, "geometry": { "type": "Point", "coordinates": [ -8.415409151367315, 40.210019822765524 ] } },
{ "type": "Feature", "properties": { "full_id": "w116224908", "osm_id": "116224908", "stairs": null, "level": null, "ramp:wheelchair": null, "width": null, "bicycle": null, "alt_name": "Escadas do Quebra-Costa", "historic": null, "tunnel": null, "access": null, "layer": null, "bridge": null, "foot": null, "surface": "sett", "step_count": null, "ramp": "no", "name": "Rua de Quebra-Costas", "lit": null }, "geometry": { "type": "Point", "coordinates": [ -8.427754245159626, 40.208854817166738 ] } },
{ "type": "Feature", "properties": { "full_id": "w116224928", "osm_id": "116224928", "stairs": null, "level": null, "ramp:wheelchair": null, "width": null, "bicycle": null, "alt_name": null, "historic": null, "tunnel": null, "access": null, "layer": null, "bridge": null, "foot": null, "surface": "sett", "step_count": null, "ramp": "no", "name": null, "lit": null }, "geometry": { "type": "Point", "coordinates": [ -8.42774605, 40.20734415 ] } },
{ "type": "Feature", "properties": { "full_id": "w116224981", "osm_id": "116224981", "stairs": null, "level": null, "ramp:wheelchair": null, "width": null, "bicycle": null, "alt_name": null, "historic": null, "tunnel": null, "access": null, "layer": null, "bridge": null, "foot": "yes", "surface": "paving_stones", "step_count": "38", "ramp": "no", "name": "Escadas de São Tiago", "lit": "yes" }, "geometry": { "type": "Point", "coordinates": [ -8.42922545, 40.2093958 ] } },
{ "type": "Feature", "properties": { "full_id": "w119048857", "osm_id": "119048857", "stairs": null, "level": null, "ramp:wheelchair": null, "width": null, "bicycle": null, "alt_name": null, "historic": null, "tunnel": null, "access": null, "layer": null, "bridge": null, "foot": null, "surface": null, "step_count": null, "ramp": null, "name": null, "lit": null }, "geometry": { "type": "Point", "coordinates": [ -8.4201625, 40.1945206 ] } },
{ "type": "Feature", "properties": { "full_id": "w119048934", "osm_id": "119048934", "stairs": null, "level": null, "ramp:wheelchair": null, "width": null, "bicycle": null, "alt_name": null, "historic": null, "tunnel": null, "access": null, "layer": null, "bridge": null, "foot": null, "surface": null, "step_count": null, "ramp": null, "name": null, "lit": null }, "geometry": { "type": "Point", "coordinates": [ -8.4167675, 40.19178395 ] } },
{ "type": "Feature", "properties": { "full_id": "w119049043", "osm_id": "119049043", "stairs": null, "level": null, "ramp:wheelchair": null, "width": null, "bicycle": null, "alt_name": null, "historic": null, "tunnel": null, "access": null, "layer": null, "bridge": null, "foot": null, "surface": null, "step_count": null, "ramp": null, "name": null, "lit": null }, "geometry": { "type": "Point", "coordinates": [ -8.41629525, 40.1920042 ] } },
{ "type": "Feature", "properties": { "full_id": "w119049459", "osm_id": "119049459", "stairs": null, "level": null, "ramp:wheelchair": null, "width": null, "bicycle": null, "alt_name": null, "historic": null, "tunnel": null, "access": null, "layer": null, "bridge": null, "foot": null, "surface": null, "step_count": null, "ramp": null, "name": null, "lit": null }, "geometry": { "type": "Point", "coordinates": [ -8.418365, 40.190626 ] } },
{ "type": "Feature", "properties": { "full_id": "w119050011", "osm_id": "119050011", "stairs": null, "level": null, "ramp:wheelchair": null, "width": null, "bicycle": null, "alt_name": null, "historic": null, "tunnel": null, "access": null, "layer": null, "bridge": null, "foot": null, "surface": null, "step_count": null, "ramp": null, "name": null, "lit": null }, "geometry": { "type": "Point", "coordinates": [ -8.4192931, 40.191459 ] } },
{ "type": "Feature", "properties": { "full_id": "w119140297", "osm_id": "119140297", "stairs": null, "level": null, "ramp:wheelchair": null, "width": null, "bicycle": null, "alt_name": null, "historic": null, "tunnel": null, "access": null, "layer": null, "bridge": null, "foot": null, "surface": null, "step_count": null, "ramp": null, "name": "Travessa da Trindade", "lit": null }, "geometry": { "type": "Point", "coordinates": [ -8.4256524, 40.20665175 ] } },
{ "type": "Feature", "properties": { "full_id": "w119830994", "osm_id": "119830994", "stairs": null, "level": null, "ramp:wheelchair": null, "width": null, "bicycle": null, "alt_name": null, "historic": null, "tunnel": null, "access": null, "layer": null, "bridge": null, "foot": null, "surface": null, "step_count": null, "ramp": null, "name": "Escadas do Cidral", "lit": null }, "geometry": { "type": "Point", "coordinates": [ -8.408694996339946, 40.20769001525084 ] } },
{ "type": "Feature", "properties": { "full_id": "w119832250", "osm_id": "119832250", "stairs": null, "level": null, "ramp:wheelchair": null, "width": null, "bicycle": null, "alt_name": null, "historic": null, "tunnel": null, "access": null, "layer": null, "bridge": null, "foot": null, "surface": "sett", "step_count": "23", "ramp": "no", "name": null, "lit": null }, "geometry": { "type": "Point", "coordinates": [ -8.40564685, 40.2062992 ] } },
{ "type": "Feature", "properties": { "full_id": "w120031852", "osm_id": "120031852", "stairs": null, "level": null, "ramp:wheelchair": null, "width": null, "bicycle": null, "alt_name": null, "historic": null, "tunnel": null, "access": null, "layer": null, "bridge": null, "foot": "yes", "surface": null, "step_count": null, "ramp": null, "name": null, "lit": null }, "geometry": { "type": "Point", "coordinates": [ -8.4211214, 40.20648165 ] } },
{ "type": "Feature", "properties": { "full_id": "w120040028", "osm_id": "120040028", "stairs": null, "level": null, "ramp:wheelchair": null, "width": null, "bicycle": null, "alt_name": null, "historic": null, "tunnel": null, "access": null, "layer": null, "bridge": null, "foot": null, "surface": null, "step_count": null, "ramp": null, "name": "Escadas do Liceu", "lit": null }, "geometry": { "type": "Point", "coordinates": [ -8.421881717246606, 40.20793463812749 ] } },
{ "type": "Feature", "properties": { "full_id": "w120050184", "osm_id": "120050184", "stairs": null, "level": null, "ramp:wheelchair": null, "width": null, "bicycle": null, "alt_name": null, "historic": null, "tunnel": null, "access": null, "layer": null, "bridge": null, "foot": null, "surface": null, "step_count": null, "ramp": "no", "name": null, "lit": null }, "geometry": { "type": "Point", "coordinates": [ -8.41577015, 40.2101683 ] } },
{ "type": "Feature", "properties": { "full_id": "w120810479", "osm_id": "120810479", "stairs": null, "level": null, "ramp:wheelchair": null, "width": null, "bicycle": null, "alt_name": null, "historic": null, "tunnel": null, "access": null, "layer": null, "bridge": null, "foot": null, "surface": "paving_stones", "step_count": "22", "ramp": "no", "name": null, "lit": null }, "geometry": { "type": "Point", "coordinates": [ -8.42339195, 40.20756515 ] } },
{ "type": "Feature", "properties": { "full_id": "w120847749", "osm_id": "120847749", "stairs": null, "level": null, "ramp:wheelchair": null, "width": null, "bicycle": null, "alt_name": null, "historic": null, "tunnel": null, "access": null, "layer": null, "bridge": null, "foot": "yes", "surface": null, "step_count": null, "ramp": null, "name": "Mirante do Cidral", "lit": null }, "geometry": { "type": "Point", "coordinates": [ -8.410030038708221, 40.207643658476677 ] } },
{ "type": "Feature", "properties": { "full_id": "w121175526", "osm_id": "121175526", "stairs": null, "level": null, "ramp:wheelchair": null, "width": null, "bicycle": null, "alt_name": null, "historic": null, "tunnel": null, "access": null, "layer": null, "bridge": null, "foot": null, "surface": null, "step_count": null, "ramp": null, "name": null, "lit": null }, "geometry": { "type": "Point", "coordinates": [ -8.414258, 40.19597045 ] } },
{ "type": "Feature", "properties": { "full_id": "w121183847", "osm_id": "121183847", "stairs": null, "level": null, "ramp:wheelchair": null, "width": null, "bicycle": null, "alt_name": null, "historic": null, "tunnel": null, "access": null, "layer": null, "bridge": null, "foot": null, "surface": null, "step_count": null, "ramp": null, "name": null, "lit": null }, "geometry": { "type": "Point", "coordinates": [ -8.40884955, 40.1883027 ] } },
{ "type": "Feature", "properties": { "full_id": "w121239616", "osm_id": "121239616", "stairs": null, "level": null, "ramp:wheelchair": null, "width": null, "bicycle": null, "alt_name": null, "historic": null, "tunnel": null, "access": null, "layer": null, "bridge": null, "foot": "yes", "surface": null, "step_count": null, "ramp": null, "name": null, "lit": null }, "geometry": { "type": "Point", "coordinates": [ -8.42079035, 40.2054335 ] } },
{ "type": "Feature", "properties": { "full_id": "w121240096", "osm_id": "121240096", "stairs": null, "level": null, "ramp:wheelchair": null, "width": null, "bicycle": null, "alt_name": null, "historic": null, "tunnel": null, "access": null, "layer": null, "bridge": null, "foot": null, "surface": "paving_stones", "step_count": "34", "ramp": "no", "name": null, "lit": null }, "geometry": { "type": "Point", "coordinates": [ -8.42475765, 40.20884585 ] } },
{ "type": "Feature", "properties": { "full_id": "w121240097", "osm_id": "121240097", "stairs": null, "level": null, "ramp:wheelchair": null, "width": null, "bicycle": null, "alt_name": null, "historic": null, "tunnel": null, "access": null, "layer": null, "bridge": null, "foot": null, "surface": "paving_stones", "step_count": "34", "ramp": "no", "name": null, "lit": null }, "geometry": { "type": "Point", "coordinates": [ -8.4248484, 40.20919645 ] } },
{ "type": "Feature", "properties": { "full_id": "w121455829", "osm_id": "121455829", "stairs": null, "level": null, "ramp:wheelchair": null, "width": null, "bicycle": null, "alt_name": null, "historic": null, "tunnel": null, "access": null, "layer": null, "bridge": null, "foot": null, "surface": null, "step_count": null, "ramp": null, "name": null, "lit": null }, "geometry": { "type": "Point", "coordinates": [ -8.407455280351591, 40.196912599905403 ] } },
{ "type": "Feature", "properties": { "full_id": "w121455833", "osm_id": "121455833", "stairs": null, "level": null, "ramp:wheelchair": null, "width": null, "bicycle": null, "alt_name": null, "historic": null, "tunnel": null, "access": null, "layer": null, "bridge": null, "foot": null, "surface": null, "step_count": null, "ramp": null, "name": null, "lit": null }, "geometry": { "type": "Point", "coordinates": [ -8.419506518508454, 40.192296095246618 ] } },
{ "type": "Feature", "properties": { "full_id": "w121455837", "osm_id": "121455837", "stairs": null, "level": null, "ramp:wheelchair": null, "width": null, "bicycle": "no", "alt_name": null, "historic": null, "tunnel": null, "access": null, "layer": null, "bridge": null, "foot": null, "surface": "concrete", "step_count": null, "ramp": null, "name": null, "lit": null }, "geometry": { "type": "Point", "coordinates": [ -8.410759190781064, 40.196780121955278 ] } },
{ "type": "Feature", "properties": { "full_id": "w121456106", "osm_id": "121456106", "stairs": null, "level": null, "ramp:wheelchair": null, "width": null, "bicycle": null, "alt_name": null, "historic": null, "tunnel": null, "access": null, "layer": null, "bridge": null, "foot": null, "surface": null, "step_count": null, "ramp": null, "name": null, "lit": null }, "geometry": { "type": "Point", "coordinates": [ -8.4206381, 40.1942696 ] } },
{ "type": "Feature", "properties": { "full_id": "w121528416", "osm_id": "121528416", "stairs": null, "level": null, "ramp:wheelchair": null, "width": null, "bicycle": null, "alt_name": null, "historic": null, "tunnel": null, "access": null, "layer": null, "bridge": null, "foot": null, "surface": null, "step_count": null, "ramp": null, "name": null, "lit": null }, "geometry": { "type": "Point", "coordinates": [ -8.41610515, 40.18960915 ] } },
{ "type": "Feature", "properties": { "full_id": "w121619180", "osm_id": "121619180", "stairs": null, "level": null, "ramp:wheelchair": null, "width": null, "bicycle": null, "alt_name": null, "historic": null, "tunnel": null, "access": null, "layer": null, "bridge": null, "foot": null, "surface": null, "step_count": null, "ramp": "no", "name": null, "lit": null }, "geometry": { "type": "Point", "coordinates": [ -8.41378505, 40.21207545 ] } },
{ "type": "Feature", "properties": { "full_id": "w121619181", "osm_id": "121619181", "stairs": null, "level": null, "ramp:wheelchair": null, "width": null, "bicycle": null, "alt_name": null, "historic": null, "tunnel": null, "access": null, "layer": null, "bridge": null, "foot": null, "surface": "paving_stones", "step_count": "45", "ramp": "no", "name": null, "lit": null }, "geometry": { "type": "Point", "coordinates": [ -8.4139425, 40.21159795 ] } },
{ "type": "Feature", "properties": { "full_id": "w121619185", "osm_id": "121619185", "stairs": null, "level": null, "ramp:wheelchair": null, "width": null, "bicycle": null, "alt_name": null, "historic": null, "tunnel": null, "access": null, "layer": null, "bridge": null, "foot": null, "surface": "paving_stones", "step_count": null, "ramp": "no", "name": null, "lit": null }, "geometry": { "type": "Point", "coordinates": [ -8.4139786, 40.21166815 ] } },
{ "type": "Feature", "properties": { "full_id": "w121619189", "osm_id": "121619189", "stairs": null, "level": null, "ramp:wheelchair": null, "width": null, "bicycle": null, "alt_name": null, "historic": null, "tunnel": null, "access": null, "layer": null, "bridge": null, "foot": null, "surface": "paving_stones", "step_count": null, "ramp": "no", "name": null, "lit": null }, "geometry": { "type": "Point", "coordinates": [ -8.413366595807702, 40.211964564783436 ] } },
{ "type": "Feature", "properties": { "full_id": "w121619191", "osm_id": "121619191", "stairs": null, "level": null, "ramp:wheelchair": null, "width": null, "bicycle": null, "alt_name": null, "historic": null, "tunnel": null, "access": null, "layer": null, "bridge": null, "foot": null, "surface": "paving_stones", "step_count": null, "ramp": "no", "name": null, "lit": null }, "geometry": { "type": "Point", "coordinates": [ -8.413330301409626, 40.212039545030038 ] } },
{ "type": "Feature", "properties": { "full_id": "w121620315", "osm_id": "121620315", "stairs": null, "level": null, "ramp:wheelchair": null, "width": null, "bicycle": null, "alt_name": null, "historic": null, "tunnel": null, "access": null, "layer": null, "bridge": null, "foot": null, "surface": null, "step_count": null, "ramp": null, "name": null, "lit": null }, "geometry": { "type": "Point", "coordinates": [ -8.41369815, 40.2115183 ] } },
{ "type": "Feature", "properties": { "full_id": "w121748666", "osm_id": "121748666", "stairs": null, "level": null, "ramp:wheelchair": null, "width": null, "bicycle": null, "alt_name": null, "historic": null, "tunnel": null, "access": null, "layer": null, "bridge": null, "foot": null, "surface": null, "step_count": null, "ramp": null, "name": null, "lit": null }, "geometry": { "type": "Point", "coordinates": [ -8.416866993814562, 40.191401038611893 ] } },
{ "type": "Feature", "properties": { "full_id": "w122723865", "osm_id": "122723865", "stairs": null, "level": null, "ramp:wheelchair": null, "width": null, "bicycle": null, "alt_name": null, "historic": null, "tunnel": null, "access": null, "layer": null, "bridge": null, "foot": null, "surface": null, "step_count": "13", "ramp": "no", "name": null, "lit": null }, "geometry": { "type": "Point", "coordinates": [ -8.4294142, 40.20946025 ] } },
{ "type": "Feature", "properties": { "full_id": "w123651966", "osm_id": "123651966", "stairs": null, "level": null, "ramp:wheelchair": null, "width": null, "bicycle": null, "alt_name": null, "historic": null, "tunnel": null, "access": null, "layer": null, "bridge": null, "foot": null, "surface": null, "step_count": null, "ramp": null, "name": null, "lit": null }, "geometry": { "type": "Point", "coordinates": [ -8.403256180896049, 40.18724759852757 ] } },
{ "type": "Feature", "properties": { "full_id": "w135295540", "osm_id": "135295540", "stairs": null, "level": null, "ramp:wheelchair": null, "width": null, "bicycle": null, "alt_name": null, "historic": null, "tunnel": null, "access": null, "layer": null, "bridge": null, "foot": null, "surface": null, "step_count": null, "ramp": null, "name": null, "lit": null }, "geometry": { "type": "Point", "coordinates": [ -8.376658335355401, 40.209290264724757 ] } },
{ "type": "Feature", "properties": { "full_id": "w135295549", "osm_id": "135295549", "stairs": null, "level": null, "ramp:wheelchair": null, "width": null, "bicycle": null, "alt_name": null, "historic": null, "tunnel": null, "access": null, "layer": null, "bridge": null, "foot": null, "surface": null, "step_count": null, "ramp": null, "name": null, "lit": null }, "geometry": { "type": "Point", "coordinates": [ -8.3772805, 40.2090983 ] } },
{ "type": "Feature", "properties": { "full_id": "w135295578", "osm_id": "135295578", "stairs": null, "level": null, "ramp:wheelchair": null, "width": null, "bicycle": null, "alt_name": null, "historic": null, "tunnel": null, "access": "yes", "layer": null, "bridge": null, "foot": null, "surface": "cobblestone", "step_count": null, "ramp": null, "name": null, "lit": null }, "geometry": { "type": "Point", "coordinates": [ -8.37708065, 40.20976255 ] } },
{ "type": "Feature", "properties": { "full_id": "w135295822", "osm_id": "135295822", "stairs": null, "level": null, "ramp:wheelchair": null, "width": null, "bicycle": null, "alt_name": null, "historic": null, "tunnel": null, "access": null, "layer": null, "bridge": null, "foot": null, "surface": null, "step_count": null, "ramp": null, "name": null, "lit": null }, "geometry": { "type": "Point", "coordinates": [ -8.367536403910885, 40.206571284303941 ] } },
{ "type": "Feature", "properties": { "full_id": "w141330123", "osm_id": "141330123", "stairs": null, "level": null, "ramp:wheelchair": null, "width": null, "bicycle": null, "alt_name": null, "historic": null, "tunnel": null, "access": null, "layer": null, "bridge": null, "foot": null, "surface": null, "step_count": null, "ramp": null, "name": null, "lit": null }, "geometry": { "type": "Point", "coordinates": [ -8.410942079674419, 40.200816586248159 ] } },
{ "type": "Feature", "properties": { "full_id": "w143429644", "osm_id": "143429644", "stairs": null, "level": null, "ramp:wheelchair": null, "width": null, "bicycle": null, "alt_name": null, "historic": null, "tunnel": null, "access": null, "layer": null, "bridge": null, "foot": null, "surface": "concrete", "step_count": null, "ramp": "no", "name": null, "lit": "yes" }, "geometry": { "type": "Point", "coordinates": [ -8.42031345, 40.1924448 ] } },
{ "type": "Feature", "properties": { "full_id": "w143436653", "osm_id": "143436653", "stairs": null, "level": null, "ramp:wheelchair": null, "width": null, "bicycle": null, "alt_name": null, "historic": null, "tunnel": null, "access": null, "layer": null, "bridge": null, "foot": null, "surface": null, "step_count": null, "ramp": "no", "name": null, "lit": null }, "geometry": { "type": "Point", "coordinates": [ -8.4288363, 40.2059908 ] } },
{ "type": "Feature", "properties": { "full_id": "w143741813", "osm_id": "143741813", "stairs": null, "level": null, "ramp:wheelchair": null, "width": null, "bicycle": null, "alt_name": null, "historic": null, "tunnel": null, "access": null, "layer": null, "bridge": null, "foot": null, "surface": null, "step_count": null, "ramp": null, "name": null, "lit": null }, "geometry": { "type": "Point", "coordinates": [ -8.407332059641986, 40.190975459489259 ] } },
{ "type": "Feature", "properties": { "full_id": "w143741818", "osm_id": "143741818", "stairs": null, "level": null, "ramp:wheelchair": null, "width": null, "bicycle": null, "alt_name": null, "historic": null, "tunnel": null, "access": null, "layer": null, "bridge": null, "foot": null, "surface": null, "step_count": null, "ramp": null, "name": null, "lit": null }, "geometry": { "type": "Point", "coordinates": [ -8.4074787044852, 40.191242698816943 ] } },
{ "type": "Feature", "properties": { "full_id": "w143741832", "osm_id": "143741832", "stairs": null, "level": null, "ramp:wheelchair": null, "width": null, "bicycle": null, "alt_name": null, "historic": null, "tunnel": null, "access": null, "layer": null, "bridge": null, "foot": null, "surface": null, "step_count": null, "ramp": null, "name": null, "lit": null }, "geometry": { "type": "Point", "coordinates": [ -8.40706215, 40.190982 ] } },
{ "type": "Feature", "properties": { "full_id": "w143741833", "osm_id": "143741833", "stairs": null, "level": null, "ramp:wheelchair": null, "width": null, "bicycle": null, "alt_name": null, "historic": null, "tunnel": null, "access": null, "layer": null, "bridge": null, "foot": null, "surface": null, "step_count": null, "ramp": null, "name": null, "lit": null }, "geometry": { "type": "Point", "coordinates": [ -8.406811286072607, 40.190751259887513 ] } },
{ "type": "Feature", "properties": { "full_id": "w143751165", "osm_id": "143751165", "stairs": null, "level": null, "ramp:wheelchair": null, "width": null, "bicycle": null, "alt_name": null, "historic": null, "tunnel": null, "access": null, "layer": null, "bridge": null, "foot": null, "surface": null, "step_count": null, "ramp": null, "name": null, "lit": null }, "geometry": { "type": "Point", "coordinates": [ -8.407429896832364, 40.19125005081402 ] } },
{ "type": "Feature", "properties": { "full_id": "w143751169", "osm_id": "143751169", "stairs": null, "level": null, "ramp:wheelchair": null, "width": null, "bicycle": null, "alt_name": null, "historic": null, "tunnel": null, "access": null, "layer": null, "bridge": null, "foot": null, "surface": null, "step_count": null, "ramp": null, "name": null, "lit": null }, "geometry": { "type": "Point", "coordinates": [ -8.407408774051079, 40.191112011344302 ] } },
{ "type": "Feature", "properties": { "full_id": "w144163638", "osm_id": "144163638", "stairs": null, "level": null, "ramp:wheelchair": null, "width": null, "bicycle": null, "alt_name": null, "historic": null, "tunnel": null, "access": null, "layer": null, "bridge": null, "foot": null, "surface": null, "step_count": null, "ramp": "no", "name": "Travessa de Santa Isabel", "lit": null }, "geometry": { "type": "Point", "coordinates": [ -8.4358258, 40.20225555 ] } },
{ "type": "Feature", "properties": { "full_id": "w144981535", "osm_id": "144981535", "stairs": null, "level": null, "ramp:wheelchair": null, "width": null, "bicycle": null, "alt_name": null, "historic": null, "tunnel": null, "access": null, "layer": null, "bridge": null, "foot": null, "surface": null, "step_count": null, "ramp": null, "name": null, "lit": null }, "geometry": { "type": "Point", "coordinates": [ -8.393416917699495, 40.19490197287233 ] } },
{ "type": "Feature", "properties": { "full_id": "w146918822", "osm_id": "146918822", "stairs": null, "level": null, "ramp:wheelchair": null, "width": null, "bicycle": null, "alt_name": null, "historic": null, "tunnel": null, "access": null, "layer": null, "bridge": null, "foot": null, "surface": null, "step_count": null, "ramp": null, "name": null, "lit": null }, "geometry": { "type": "Point", "coordinates": [ -8.3778227, 40.21041165 ] } },
{ "type": "Feature", "properties": { "full_id": "w146918828", "osm_id": "146918828", "stairs": null, "level": null, "ramp:wheelchair": null, "width": null, "bicycle": null, "alt_name": null, "historic": null, "tunnel": null, "access": null, "layer": null, "bridge": null, "foot": null, "surface": null, "step_count": null, "ramp": null, "name": null, "lit": null }, "geometry": { "type": "Point", "coordinates": [ -8.3766555, 40.21040055 ] } },
{ "type": "Feature", "properties": { "full_id": "w146918833", "osm_id": "146918833", "stairs": null, "level": null, "ramp:wheelchair": null, "width": null, "bicycle": null, "alt_name": null, "historic": null, "tunnel": null, "access": null, "layer": null, "bridge": null, "foot": null, "surface": null, "step_count": null, "ramp": null, "name": null, "lit": null }, "geometry": { "type": "Point", "coordinates": [ -8.376908, 40.21047295 ] } },
{ "type": "Feature", "properties": { "full_id": "w147428460", "osm_id": "147428460", "stairs": null, "level": null, "ramp:wheelchair": null, "width": null, "bicycle": null, "alt_name": null, "historic": null, "tunnel": null, "access": null, "layer": null, "bridge": null, "foot": null, "surface": null, "step_count": null, "ramp": null, "name": null, "lit": null }, "geometry": { "type": "Point", "coordinates": [ -8.422636138074392, 40.224278487726686 ] } },
{ "type": "Feature", "properties": { "full_id": "w147428464", "osm_id": "147428464", "stairs": null, "level": null, "ramp:wheelchair": null, "width": null, "bicycle": null, "alt_name": null, "historic": null, "tunnel": null, "access": null, "layer": null, "bridge": null, "foot": null, "surface": null, "step_count": null, "ramp": null, "name": null, "lit": null }, "geometry": { "type": "Point", "coordinates": [ -8.422535474245109, 40.224633768187054 ] } },
{ "type": "Feature", "properties": { "full_id": "w147700972", "osm_id": "147700972", "stairs": null, "level": null, "ramp:wheelchair": null, "width": null, "bicycle": null, "alt_name": null, "historic": null, "tunnel": null, "access": null, "layer": null, "bridge": null, "foot": null, "surface": null, "step_count": null, "ramp": null, "name": null, "lit": null }, "geometry": { "type": "Point", "coordinates": [ -8.45005015, 40.1986013 ] } },
{ "type": "Feature", "properties": { "full_id": "w147700973", "osm_id": "147700973", "stairs": null, "level": null, "ramp:wheelchair": null, "width": null, "bicycle": null, "alt_name": null, "historic": null, "tunnel": null, "access": null, "layer": null, "bridge": null, "foot": null, "surface": null, "step_count": null, "ramp": null, "name": null, "lit": null }, "geometry": { "type": "Point", "coordinates": [ -8.45116175, 40.1978408 ] } },
{ "type": "Feature", "properties": { "full_id": "w158014579", "osm_id": "158014579", "stairs": null, "level": null, "ramp:wheelchair": null, "width": null, "bicycle": null, "alt_name": null, "historic": null, "tunnel": null, "access": null, "layer": null, "bridge": null, "foot": null, "surface": null, "step_count": null, "ramp": null, "name": null, "lit": null }, "geometry": { "type": "Point", "coordinates": [ -8.397022438873279, 40.194414607224431 ] } },
{ "type": "Feature", "properties": { "full_id": "w158014584", "osm_id": "158014584", "stairs": null, "level": null, "ramp:wheelchair": null, "width": null, "bicycle": null, "alt_name": null, "historic": null, "tunnel": null, "access": null, "layer": null, "bridge": null, "foot": null, "surface": null, "step_count": null, "ramp": null, "name": null, "lit": null }, "geometry": { "type": "Point", "coordinates": [ -8.3970378, 40.19489335 ] } },
{ "type": "Feature", "properties": { "full_id": "w160691221", "osm_id": "160691221", "stairs": null, "level": null, "ramp:wheelchair": null, "width": null, "bicycle": null, "alt_name": null, "historic": null, "tunnel": null, "access": null, "layer": null, "bridge": null, "foot": null, "surface": null, "step_count": null, "ramp": null, "name": null, "lit": null }, "geometry": { "type": "Point", "coordinates": [ -8.41156625, 40.1928753 ] } },
{ "type": "Feature", "properties": { "full_id": "w160778144", "osm_id": "160778144", "stairs": null, "level": null, "ramp:wheelchair": null, "width": null, "bicycle": null, "alt_name": null, "historic": null, "tunnel": null, "access": null, "layer": null, "bridge": null, "foot": null, "surface": null, "step_count": null, "ramp": null, "name": null, "lit": null }, "geometry": { "type": "Point", "coordinates": [ -8.4114039, 40.1925347 ] } },
{ "type": "Feature", "properties": { "full_id": "w160778145", "osm_id": "160778145", "stairs": null, "level": null, "ramp:wheelchair": null, "width": null, "bicycle": null, "alt_name": null, "historic": null, "tunnel": null, "access": null, "layer": null, "bridge": null, "foot": null, "surface": null, "step_count": null, "ramp": null, "name": null, "lit": null }, "geometry": { "type": "Point", "coordinates": [ -8.41085845, 40.1927456 ] } },
{ "type": "Feature", "properties": { "full_id": "w160778148", "osm_id": "160778148", "stairs": null, "level": null, "ramp:wheelchair": null, "width": null, "bicycle": null, "alt_name": null, "historic": null, "tunnel": null, "access": null, "layer": null, "bridge": null, "foot": null, "surface": null, "step_count": null, "ramp": null, "name": null, "lit": null }, "geometry": { "type": "Point", "coordinates": [ -8.41179535, 40.19247185 ] } },
{ "type": "Feature", "properties": { "full_id": "w160778150", "osm_id": "160778150", "stairs": null, "level": null, "ramp:wheelchair": null, "width": null, "bicycle": null, "alt_name": null, "historic": null, "tunnel": null, "access": null, "layer": null, "bridge": null, "foot": null, "surface": null, "step_count": null, "ramp": null, "name": null, "lit": null }, "geometry": { "type": "Point", "coordinates": [ -8.4114113, 40.19236715 ] } },
{ "type": "Feature", "properties": { "full_id": "w160778163", "osm_id": "160778163", "stairs": null, "level": null, "ramp:wheelchair": null, "width": null, "bicycle": null, "alt_name": null, "historic": null, "tunnel": null, "access": null, "layer": null, "bridge": null, "foot": null, "surface": null, "step_count": null, "ramp": null, "name": null, "lit": null }, "geometry": { "type": "Point", "coordinates": [ -8.41060295, 40.19281935 ] } },
{ "type": "Feature", "properties": { "full_id": "w160778192", "osm_id": "160778192", "stairs": null, "level": null, "ramp:wheelchair": null, "width": null, "bicycle": null, "alt_name": null, "historic": null, "tunnel": null, "access": null, "layer": null, "bridge": null, "foot": null, "surface": null, "step_count": null, "ramp": null, "name": null, "lit": null }, "geometry": { "type": "Point", "coordinates": [ -8.41101995, 40.19217605 ] } },
{ "type": "Feature", "properties": { "full_id": "w160778202", "osm_id": "160778202", "stairs": null, "level": null, "ramp:wheelchair": null, "width": null, "bicycle": null, "alt_name": null, "historic": null, "tunnel": null, "access": null, "layer": null, "bridge": null, "foot": null, "surface": null, "step_count": null, "ramp": null, "name": null, "lit": null }, "geometry": { "type": "Point", "coordinates": [ -8.4124013, 40.1926713 ] } },
{ "type": "Feature", "properties": { "full_id": "w161442824", "osm_id": "161442824", "stairs": null, "level": null, "ramp:wheelchair": null, "width": null, "bicycle": null, "alt_name": null, "historic": null, "tunnel": null, "access": null, "layer": null, "bridge": null, "foot": null, "surface": null, "step_count": null, "ramp": null, "name": null, "lit": null }, "geometry": { "type": "Point", "coordinates": [ -8.4354451, 40.2020395 ] } },
{ "type": "Feature", "properties": { "full_id": "w172657348", "osm_id": "172657348", "stairs": null, "level": null, "ramp:wheelchair": null, "width": null, "bicycle": null, "alt_name": null, "historic": null, "tunnel": null, "access": null, "layer": null, "bridge": null, "foot": null, "surface": null, "step_count": null, "ramp": null, "name": null, "lit": null }, "geometry": { "type": "Point", "coordinates": [ -8.463051145500621, 40.211292831346583 ] } },
{ "type": "Feature", "properties": { "full_id": "w174744651", "osm_id": "174744651", "stairs": null, "level": null, "ramp:wheelchair": null, "width": null, "bicycle": null, "alt_name": null, "historic": null, "tunnel": null, "access": null, "layer": null, "bridge": null, "foot": null, "surface": null, "step_count": null, "ramp": null, "name": null, "lit": null }, "geometry": { "type": "Point", "coordinates": [ -8.40592175, 40.2072393 ] } },
{ "type": "Feature", "properties": { "full_id": "w180603692", "osm_id": "180603692", "stairs": null, "level": null, "ramp:wheelchair": null, "width": null, "bicycle": null, "alt_name": null, "historic": null, "tunnel": null, "access": null, "layer": null, "bridge": null, "foot": null, "surface": null, "step_count": null, "ramp": null, "name": null, "lit": null }, "geometry": { "type": "Point", "coordinates": [ -8.40644305, 40.21201075 ] } },
{ "type": "Feature", "properties": { "full_id": "w180603695", "osm_id": "180603695", "stairs": null, "level": null, "ramp:wheelchair": null, "width": null, "bicycle": null, "alt_name": null, "historic": null, "tunnel": null, "access": null, "layer": null, "bridge": null, "foot": null, "surface": null, "step_count": "120", "ramp": null, "name": null, "lit": null }, "geometry": { "type": "Point", "coordinates": [ -8.40412135, 40.20853185 ] } },
{ "type": "Feature", "properties": { "full_id": "w180603700", "osm_id": "180603700", "stairs": null, "level": null, "ramp:wheelchair": null, "width": null, "bicycle": null, "alt_name": null, "historic": null, "tunnel": null, "access": null, "layer": null, "bridge": null, "foot": null, "surface": null, "step_count": null, "ramp": null, "name": null, "lit": null }, "geometry": { "type": "Point", "coordinates": [ -8.406957197570257, 40.211734088494708 ] } },
{ "type": "Feature", "properties": { "full_id": "w199417539", "osm_id": "199417539", "stairs": null, "level": null, "ramp:wheelchair": null, "width": null, "bicycle": null, "alt_name": null, "historic": null, "tunnel": null, "access": null, "layer": null, "bridge": null, "foot": null, "surface": "concrete", "step_count": null, "ramp": "no", "name": null, "lit": null }, "geometry": { "type": "Point", "coordinates": [ -8.419427, 40.2125141 ] } },
{ "type": "Feature", "properties": { "full_id": "w199417540", "osm_id": "199417540", "stairs": null, "level": null, "ramp:wheelchair": null, "width": null, "bicycle": null, "alt_name": null, "historic": null, "tunnel": null, "access": null, "layer": null, "bridge": null, "foot": null, "surface": null, "step_count": null, "ramp": null, "name": "Travessa Dom Afonso Castelo Branco", "lit": null }, "geometry": { "type": "Point", "coordinates": [ -8.42228045, 40.2126664 ] } },
{ "type": "Feature", "properties": { "full_id": "w199417549", "osm_id": "199417549", "stairs": null, "level": null, "ramp:wheelchair": null, "width": null, "bicycle": null, "alt_name": null, "historic": null, "tunnel": null, "access": null, "layer": null, "bridge": null, "foot": null, "surface": null, "step_count": null, "ramp": null, "name": null, "lit": null }, "geometry": { "type": "Point", "coordinates": [ -8.4195377, 40.2114406 ] } },
{ "type": "Feature", "properties": { "full_id": "w199688532", "osm_id": "199688532", "stairs": null, "level": null, "ramp:wheelchair": null, "width": null, "bicycle": null, "alt_name": null, "historic": null, "tunnel": null, "access": null, "layer": null, "bridge": null, "foot": null, "surface": "paving_stones", "step_count": "99", "ramp": "no", "name": null, "lit": null }, "geometry": { "type": "Point", "coordinates": [ -8.42910595, 40.21361525 ] } },
{ "type": "Feature", "properties": { "full_id": "w199730788", "osm_id": "199730788", "stairs": null, "level": null, "ramp:wheelchair": null, "width": null, "bicycle": null, "alt_name": null, "historic": null, "tunnel": null, "access": null, "layer": null, "bridge": null, "foot": null, "surface": null, "step_count": null, "ramp": null, "name": null, "lit": null }, "geometry": { "type": "Point", "coordinates": [ -8.40555985, 40.2111799 ] } },
{ "type": "Feature", "properties": { "full_id": "w199731327", "osm_id": "199731327", "stairs": null, "level": null, "ramp:wheelchair": null, "width": null, "bicycle": null, "alt_name": null, "historic": null, "tunnel": null, "access": null, "layer": null, "bridge": null, "foot": null, "surface": null, "step_count": null, "ramp": null, "name": null, "lit": null }, "geometry": { "type": "Point", "coordinates": [ -8.406112147330584, 40.211212642779842 ] } },
{ "type": "Feature", "properties": { "full_id": "w199765488", "osm_id": "199765488", "stairs": null, "level": null, "ramp:wheelchair": null, "width": null, "bicycle": null, "alt_name": "Escadas da Fonte Nova", "historic": null, "tunnel": null, "access": null, "layer": null, "bridge": null, "foot": null, "surface": null, "step_count": null, "ramp": "no", "name": "Escadas de Montarroio", "lit": null }, "geometry": { "type": "Point", "coordinates": [ -8.427918684647778, 40.211781648243523 ] } },
{ "type": "Feature", "properties": { "full_id": "w199765489", "osm_id": "199765489", "stairs": null, "level": null, "ramp:wheelchair": null, "width": null, "bicycle": null, "alt_name": "Escadas da Fonte Nova", "historic": null, "tunnel": null, "access": null, "layer": null, "bridge": null, "foot": null, "surface": null, "step_count": null, "ramp": "no", "name": "Escadas de Montarroio", "lit": null }, "geometry": { "type": "Point", "coordinates": [ -8.42784945, 40.21176005 ] } },
{ "type": "Feature", "properties": { "full_id": "w199765576", "osm_id": "199765576", "stairs": null, "level": null, "ramp:wheelchair": null, "width": null, "bicycle": null, "alt_name": null, "historic": null, "tunnel": null, "access": null, "layer": null, "bridge": null, "foot": null, "surface": null, "step_count": null, "ramp": "no", "name": null, "lit": null }, "geometry": { "type": "Point", "coordinates": [ -8.427675935308912, 40.211050155513931 ] } },
{ "type": "Feature", "properties": { "full_id": "w200237057", "osm_id": "200237057", "stairs": null, "level": null, "ramp:wheelchair": null, "width": null, "bicycle": null, "alt_name": null, "historic": null, "tunnel": null, "access": null, "layer": null, "bridge": null, "foot": null, "surface": null, "step_count": null, "ramp": null, "name": "Beco das Lapas", "lit": null }, "geometry": { "type": "Point", "coordinates": [ -8.41116, 40.21484515 ] } },
{ "type": "Feature", "properties": { "full_id": "w200238556", "osm_id": "200238556", "stairs": null, "level": null, "ramp:wheelchair": null, "width": null, "bicycle": null, "alt_name": null, "historic": null, "tunnel": null, "access": null, "layer": null, "bridge": null, "foot": null, "surface": null, "step_count": null, "ramp": null, "name": null, "lit": null }, "geometry": { "type": "Point", "coordinates": [ -8.420166331893922, 40.215539213343199 ] } },
{ "type": "Feature", "properties": { "full_id": "w200238564", "osm_id": "200238564", "stairs": null, "level": null, "ramp:wheelchair": null, "width": null, "bicycle": null, "alt_name": null, "historic": null, "tunnel": null, "access": null, "layer": null, "bridge": null, "foot": null, "surface": null, "step_count": null, "ramp": null, "name": null, "lit": null }, "geometry": { "type": "Point", "coordinates": [ -8.420268265616462, 40.215701943273302 ] } },
{ "type": "Feature", "properties": { "full_id": "w200379813", "osm_id": "200379813", "stairs": null, "level": null, "ramp:wheelchair": null, "width": null, "bicycle": null, "alt_name": null, "historic": null, "tunnel": null, "access": null, "layer": null, "bridge": null, "foot": null, "surface": null, "step_count": "71", "ramp": "no", "name": "Escadas dos Lóios", "lit": null }, "geometry": { "type": "Point", "coordinates": [ -8.407176384435232, 40.208138168505165 ] } },
{ "type": "Feature", "properties": { "full_id": "w200381990", "osm_id": "200381990", "stairs": null, "level": null, "ramp:wheelchair": null, "width": null, "bicycle": null, "alt_name": null, "historic": null, "tunnel": null, "access": null, "layer": null, "bridge": null, "foot": null, "surface": null, "step_count": null, "ramp": null, "name": null, "lit": null }, "geometry": { "type": "Point", "coordinates": [ -8.404639580167567, 40.210356927505643 ] } },
{ "type": "Feature", "properties": { "full_id": "w200381996", "osm_id": "200381996", "stairs": null, "level": null, "ramp:wheelchair": null, "width": null, "bicycle": null, "alt_name": null, "historic": null, "tunnel": null, "access": null, "layer": null, "bridge": null, "foot": null, "surface": null, "step_count": null, "ramp": null, "name": null, "lit": null }, "geometry": { "type": "Point", "coordinates": [ -8.404282461231515, 40.210236712313922 ] } },
{ "type": "Feature", "properties": { "full_id": "w200383227", "osm_id": "200383227", "stairs": null, "level": null, "ramp:wheelchair": null, "width": null, "bicycle": null, "alt_name": null, "historic": null, "tunnel": null, "access": null, "layer": null, "bridge": null, "foot": null, "surface": null, "step_count": null, "ramp": null, "name": null, "lit": null }, "geometry": { "type": "Point", "coordinates": [ -8.4064461, 40.2119472 ] } },
{ "type": "Feature", "properties": { "full_id": "w201639841", "osm_id": "201639841", "stairs": null, "level": null, "ramp:wheelchair": null, "width": null, "bicycle": null, "alt_name": null, "historic": null, "tunnel": null, "access": null, "layer": null, "bridge": null, "foot": null, "surface": "concrete", "step_count": null, "ramp": "no", "name": "Rua de São Cristóvão", "lit": null }, "geometry": { "type": "Point", "coordinates": [ -8.428134183700179, 40.207891071393099 ] } },
{ "type": "Feature", "properties": { "full_id": "w201639849", "osm_id": "201639849", "stairs": null, "level": null, "ramp:wheelchair": null, "width": null, "bicycle": null, "alt_name": null, "historic": null, "tunnel": null, "access": null, "layer": null, "bridge": null, "foot": null, "surface": "paving_stones", "step_count": "42", "ramp": "no", "name": "Beco das Cruzes", "lit": null }, "geometry": { "type": "Point", "coordinates": [ -8.42854059996716, 40.20798007972207 ] } },
{ "type": "Feature", "properties": { "full_id": "w201639853", "osm_id": "201639853", "stairs": null, "level": null, "ramp:wheelchair": null, "width": null, "bicycle": null, "alt_name": "Escadas Kagadais", "historic": null, "tunnel": null, "access": null, "layer": null, "bridge": null, "foot": null, "surface": null, "step_count": null, "ramp": null, "name": "Escadas da Carqueja", "lit": null }, "geometry": { "type": "Point", "coordinates": [ -8.427824755573527, 40.208456422457409 ] } },
{ "type": "Feature", "properties": { "full_id": "w206969130", "osm_id": "206969130", "stairs": null, "level": null, "ramp:wheelchair": null, "width": null, "bicycle": null, "alt_name": null, "historic": null, "tunnel": null, "access": null, "layer": null, "bridge": null, "foot": null, "surface": "paving_stones", "step_count": null, "ramp": "no", "name": null, "lit": "yes" }, "geometry": { "type": "Point", "coordinates": [ -8.3986635, 40.21634425 ] } },
{ "type": "Feature", "properties": { "full_id": "w206969136", "osm_id": "206969136", "stairs": null, "level": null, "ramp:wheelchair": null, "width": null, "bicycle": null, "alt_name": null, "historic": null, "tunnel": null, "access": null, "layer": null, "bridge": null, "foot": null, "surface": "concrete", "step_count": null, "ramp": "no", "name": null, "lit": "yes" }, "geometry": { "type": "Point", "coordinates": [ -8.3989686, 40.21662355 ] } },
{ "type": "Feature", "properties": { "full_id": "w206969281", "osm_id": "206969281", "stairs": null, "level": null, "ramp:wheelchair": null, "width": null, "bicycle": null, "alt_name": null, "historic": null, "tunnel": null, "access": null, "layer": null, "bridge": null, "foot": null, "surface": "paving_stones", "step_count": null, "ramp": "no", "name": "Escada Cemitério de Santo António dos Olivais", "lit": null }, "geometry": { "type": "Point", "coordinates": [ -8.404321353031808, 40.218101262567174 ] } },
{ "type": "Feature", "properties": { "full_id": "w206969481", "osm_id": "206969481", "stairs": null, "level": null, "ramp:wheelchair": null, "width": null, "bicycle": null, "alt_name": null, "historic": null, "tunnel": null, "access": null, "layer": null, "bridge": null, "foot": null, "surface": "paving_stones", "step_count": null, "ramp": "no", "name": "Adro Igreja de Santo António dos Olivais", "lit": null }, "geometry": { "type": "Point", "coordinates": [ -8.40423895, 40.2179723 ] } },
{ "type": "Feature", "properties": { "full_id": "w206973997", "osm_id": "206973997", "stairs": null, "level": null, "ramp:wheelchair": null, "width": null, "bicycle": null, "alt_name": null, "historic": null, "tunnel": null, "access": null, "layer": null, "bridge": null, "foot": null, "surface": "paving_stones", "step_count": "27", "ramp": "no", "name": null, "lit": "yes" }, "geometry": { "type": "Point", "coordinates": [ -8.399198834681849, 40.209313074089209 ] } },
{ "type": "Feature", "properties": { "full_id": "w206974002", "osm_id": "206974002", "stairs": null, "level": null, "ramp:wheelchair": null, "width": null, "bicycle": null, "alt_name": null, "historic": null, "tunnel": null, "access": null, "layer": null, "bridge": null, "foot": null, "surface": "paving_stones", "step_count": "30", "ramp": "no", "name": null, "lit": "no" }, "geometry": { "type": "Point", "coordinates": [ -8.398638269022277, 40.210154331426246 ] } },
{ "type": "Feature", "properties": { "full_id": "w206974038", "osm_id": "206974038", "stairs": null, "level": null, "ramp:wheelchair": null, "width": null, "bicycle": null, "alt_name": null, "historic": null, "tunnel": null, "access": null, "layer": null, "bridge": null, "foot": null, "surface": "sett", "step_count": "8", "ramp": "no", "name": null, "lit": "no" }, "geometry": { "type": "Point", "coordinates": [ -8.402660191981463, 40.206047500109698 ] } },
{ "type": "Feature", "properties": { "full_id": "w206974056", "osm_id": "206974056", "stairs": null, "level": null, "ramp:wheelchair": null, "width": null, "bicycle": null, "alt_name": null, "historic": null, "tunnel": null, "access": null, "layer": null, "bridge": null, "foot": null, "surface": "concrete", "step_count": null, "ramp": "no", "name": null, "lit": null }, "geometry": { "type": "Point", "coordinates": [ -8.401639038694292, 40.209901287840516 ] } },
{ "type": "Feature", "properties": { "full_id": "w206974072", "osm_id": "206974072", "stairs": null, "level": null, "ramp:wheelchair": null, "width": null, "bicycle": null, "alt_name": null, "historic": null, "tunnel": null, "access": null, "layer": null, "bridge": null, "foot": null, "surface": "paving_stones", "step_count": "76", "ramp": "no", "name": null, "lit": null }, "geometry": { "type": "Point", "coordinates": [ -8.40113315, 40.2111158 ] } },
{ "type": "Feature", "properties": { "full_id": "w206974221", "osm_id": "206974221", "stairs": null, "level": null, "ramp:wheelchair": null, "width": null, "bicycle": null, "alt_name": null, "historic": null, "tunnel": null, "access": null, "layer": null, "bridge": null, "foot": null, "surface": null, "step_count": null, "ramp": null, "name": null, "lit": null }, "geometry": { "type": "Point", "coordinates": [ -8.399035128290484, 40.216999207163099 ] } },
{ "type": "Feature", "properties": { "full_id": "w206974301", "osm_id": "206974301", "stairs": null, "level": null, "ramp:wheelchair": null, "width": null, "bicycle": null, "alt_name": null, "historic": null, "tunnel": null, "access": null, "layer": null, "bridge": null, "foot": null, "surface": null, "step_count": null, "ramp": null, "name": null, "lit": null }, "geometry": { "type": "Point", "coordinates": [ -8.3880952, 40.2132999 ] } },
{ "type": "Feature", "properties": { "full_id": "w207146471", "osm_id": "207146471", "stairs": null, "level": null, "ramp:wheelchair": null, "width": null, "bicycle": null, "alt_name": null, "historic": null, "tunnel": null, "access": null, "layer": "1", "bridge": null, "foot": null, "surface": null, "step_count": null, "ramp": null, "name": null, "lit": null }, "geometry": { "type": "Point", "coordinates": [ -8.3976792, 40.2112474 ] } },
{ "type": "Feature", "properties": { "full_id": "w210274879", "osm_id": "210274879", "stairs": null, "level": null, "ramp:wheelchair": null, "width": null, "bicycle": null, "alt_name": "Escadas da Fonte Nova", "historic": null, "tunnel": null, "access": null, "layer": null, "bridge": null, "foot": null, "surface": "paving_stones", "step_count": null, "ramp": "no", "name": "Escadas de Montarroio", "lit": null }, "geometry": { "type": "Point", "coordinates": [ -8.4279749864276, 40.211742390878861 ] } },
{ "type": "Feature", "properties": { "full_id": "w223297873", "osm_id": "223297873", "stairs": null, "level": null, "ramp:wheelchair": null, "width": null, "bicycle": null, "alt_name": null, "historic": null, "tunnel": null, "access": null, "layer": null, "bridge": null, "foot": null, "surface": null, "step_count": null, "ramp": "no", "name": null, "lit": null }, "geometry": { "type": "Point", "coordinates": [ -8.42064275, 40.2090441 ] } },
{ "type": "Feature", "properties": { "full_id": "w223328756", "osm_id": "223328756", "stairs": null, "level": null, "ramp:wheelchair": null, "width": null, "bicycle": null, "alt_name": null, "historic": null, "tunnel": null, "access": null, "layer": null, "bridge": null, "foot": null, "surface": null, "step_count": null, "ramp": "no", "name": null, "lit": null }, "geometry": { "type": "Point", "coordinates": [ -8.42787842886627, 40.211017964158728 ] } },
{ "type": "Feature", "properties": { "full_id": "w224022522", "osm_id": "224022522", "stairs": null, "level": null, "ramp:wheelchair": null, "width": null, "bicycle": null, "alt_name": null, "historic": null, "tunnel": null, "access": null, "layer": null, "bridge": null, "foot": null, "surface": null, "step_count": null, "ramp": null, "name": null, "lit": null }, "geometry": { "type": "Point", "coordinates": [ -8.42006596148425, 40.215719929485203 ] } },
{ "type": "Feature", "properties": { "full_id": "w224022545", "osm_id": "224022545", "stairs": null, "level": null, "ramp:wheelchair": null, "width": null, "bicycle": null, "alt_name": null, "historic": null, "tunnel": null, "access": null, "layer": null, "bridge": null, "foot": null, "surface": null, "step_count": null, "ramp": null, "name": null, "lit": null }, "geometry": { "type": "Point", "coordinates": [ -8.4241632, 40.21627885 ] } },
{ "type": "Feature", "properties": { "full_id": "w224036172", "osm_id": "224036172", "stairs": null, "level": null, "ramp:wheelchair": null, "width": null, "bicycle": null, "alt_name": null, "historic": null, "tunnel": null, "access": "customers", "layer": null, "bridge": null, "foot": null, "surface": null, "step_count": null, "ramp": null, "name": null, "lit": null }, "geometry": { "type": "Point", "coordinates": [ -8.41414275, 40.2166148 ] } },
{ "type": "Feature", "properties": { "full_id": "w224036175", "osm_id": "224036175", "stairs": null, "level": null, "ramp:wheelchair": null, "width": null, "bicycle": null, "alt_name": null, "historic": null, "tunnel": null, "access": "customers", "layer": null, "bridge": null, "foot": null, "surface": null, "step_count": null, "ramp": null, "name": null, "lit": null }, "geometry": { "type": "Point", "coordinates": [ -8.4138956, 40.2169222 ] } },
{ "type": "Feature", "properties": { "full_id": "w224036177", "osm_id": "224036177", "stairs": null, "level": null, "ramp:wheelchair": null, "width": null, "bicycle": null, "alt_name": null, "historic": null, "tunnel": null, "access": "customers", "layer": null, "bridge": null, "foot": null, "surface": null, "step_count": null, "ramp": null, "name": null, "lit": null }, "geometry": { "type": "Point", "coordinates": [ -8.41406965, 40.2173212 ] } },
{ "type": "Feature", "properties": { "full_id": "w224036178", "osm_id": "224036178", "stairs": null, "level": null, "ramp:wheelchair": null, "width": null, "bicycle": null, "alt_name": null, "historic": null, "tunnel": null, "access": "customers", "layer": null, "bridge": null, "foot": null, "surface": null, "step_count": null, "ramp": null, "name": null, "lit": null }, "geometry": { "type": "Point", "coordinates": [ -8.41439295, 40.21739285 ] } },
{ "type": "Feature", "properties": { "full_id": "w224036186", "osm_id": "224036186", "stairs": null, "level": null, "ramp:wheelchair": null, "width": null, "bicycle": null, "alt_name": null, "historic": null, "tunnel": null, "access": "customers", "layer": null, "bridge": null, "foot": null, "surface": null, "step_count": null, "ramp": null, "name": null, "lit": null }, "geometry": { "type": "Point", "coordinates": [ -8.41423615, 40.21698515 ] } },
{ "type": "Feature", "properties": { "full_id": "w225342458", "osm_id": "225342458", "stairs": null, "level": null, "ramp:wheelchair": null, "width": null, "bicycle": null, "alt_name": null, "historic": null, "tunnel": null, "access": null, "layer": null, "bridge": null, "foot": null, "surface": null, "step_count": null, "ramp": null, "name": null, "lit": null }, "geometry": { "type": "Point", "coordinates": [ -8.40487855, 40.2087586 ] } },
{ "type": "Feature", "properties": { "full_id": "w230166704", "osm_id": "230166704", "stairs": null, "level": null, "ramp:wheelchair": null, "width": null, "bicycle": null, "alt_name": null, "historic": null, "tunnel": null, "access": null, "layer": null, "bridge": null, "foot": null, "surface": null, "step_count": null, "ramp": null, "name": null, "lit": null }, "geometry": { "type": "Point", "coordinates": [ -8.43328, 40.1975816 ] } },
{ "type": "Feature", "properties": { "full_id": "w247343092", "osm_id": "247343092", "stairs": null, "level": null, "ramp:wheelchair": null, "width": null, "bicycle": null, "alt_name": null, "historic": null, "tunnel": null, "access": null, "layer": null, "bridge": null, "foot": null, "surface": null, "step_count": null, "ramp": null, "name": "Beco da Pedreira", "lit": null }, "geometry": { "type": "Point", "coordinates": [ -8.42639935, 40.20653375 ] } },
{ "type": "Feature", "properties": { "full_id": "w249256918", "osm_id": "249256918", "stairs": null, "level": null, "ramp:wheelchair": null, "width": null, "bicycle": null, "alt_name": null, "historic": null, "tunnel": null, "access": null, "layer": null, "bridge": null, "foot": null, "surface": "paving_stones", "step_count": null, "ramp": null, "name": "Escadaria do Sobreiro", "lit": null }, "geometry": { "type": "Point", "coordinates": [ -8.4073185, 40.1973677 ] } },
{ "type": "Feature", "properties": { "full_id": "w251081135", "osm_id": "251081135", "stairs": null, "level": null, "ramp:wheelchair": null, "width": null, "bicycle": null, "alt_name": null, "historic": null, "tunnel": null, "access": null, "layer": null, "bridge": null, "foot": null, "surface": null, "step_count": null, "ramp": null, "name": null, "lit": null }, "geometry": { "type": "Point", "coordinates": [ -8.4211283, 40.20383265 ] } },
{ "type": "Feature", "properties": { "full_id": "w251103251", "osm_id": "251103251", "stairs": null, "level": null, "ramp:wheelchair": null, "width": null, "bicycle": null, "alt_name": null, "historic": null, "tunnel": null, "access": null, "layer": null, "bridge": null, "foot": null, "surface": "paving_stones", "step_count": "12", "ramp": "no", "name": null, "lit": null }, "geometry": { "type": "Point", "coordinates": [ -8.42859075, 40.2087724 ] } },
{ "type": "Feature", "properties": { "full_id": "w254042936", "osm_id": "254042936", "stairs": null, "level": null, "ramp:wheelchair": null, "width": null, "bicycle": null, "alt_name": null, "historic": null, "tunnel": null, "access": null, "layer": null, "bridge": null, "foot": null, "surface": "sett", "step_count": null, "ramp": "no", "name": "Escadas de Santa Justa", "lit": null }, "geometry": { "type": "Point", "coordinates": [ -8.433069718346777, 40.215768388872334 ] } },
{ "type": "Feature", "properties": { "full_id": "w254042939", "osm_id": "254042939", "stairs": null, "level": null, "ramp:wheelchair": null, "width": null, "bicycle": null, "alt_name": null, "historic": null, "tunnel": null, "access": null, "layer": null, "bridge": null, "foot": null, "surface": null, "step_count": null, "ramp": null, "name": null, "lit": null }, "geometry": { "type": "Point", "coordinates": [ -8.4329368, 40.2154004 ] } },
{ "type": "Feature", "properties": { "full_id": "w254042943", "osm_id": "254042943", "stairs": null, "level": null, "ramp:wheelchair": null, "width": null, "bicycle": null, "alt_name": null, "historic": null, "tunnel": null, "access": null, "layer": null, "bridge": null, "foot": null, "surface": null, "step_count": null, "ramp": null, "name": null, "lit": null }, "geometry": { "type": "Point", "coordinates": [ -8.43321785, 40.2154473 ] } },
{ "type": "Feature", "properties": { "full_id": "w254043885", "osm_id": "254043885", "stairs": null, "level": null, "ramp:wheelchair": null, "width": null, "bicycle": null, "alt_name": null, "historic": null, "tunnel": null, "access": null, "layer": null, "bridge": null, "foot": null, "surface": "sett", "step_count": "16", "ramp": "no", "name": null, "lit": null }, "geometry": { "type": "Point", "coordinates": [ -8.4313722, 40.2162753 ] } },
{ "type": "Feature", "properties": { "full_id": "w254043889", "osm_id": "254043889", "stairs": null, "level": null, "ramp:wheelchair": null, "width": null, "bicycle": null, "alt_name": null, "historic": null, "tunnel": null, "access": null, "layer": null, "bridge": null, "foot": null, "surface": null, "step_count": null, "ramp": "no", "name": null, "lit": null }, "geometry": { "type": "Point", "coordinates": [ -8.4317546, 40.2158451 ] } },
{ "type": "Feature", "properties": { "full_id": "w254092851", "osm_id": "254092851", "stairs": null, "level": null, "ramp:wheelchair": null, "width": null, "bicycle": null, "alt_name": null, "historic": null, "tunnel": null, "access": null, "layer": null, "bridge": null, "foot": null, "surface": null, "step_count": null, "ramp": null, "name": null, "lit": null }, "geometry": { "type": "Point", "coordinates": [ -8.430467568013265, 40.215961888770849 ] } },
{ "type": "Feature", "properties": { "full_id": "w254092852", "osm_id": "254092852", "stairs": null, "level": null, "ramp:wheelchair": null, "width": null, "bicycle": null, "alt_name": null, "historic": null, "tunnel": null, "access": null, "layer": null, "bridge": null, "foot": null, "surface": null, "step_count": null, "ramp": null, "name": null, "lit": null }, "geometry": { "type": "Point", "coordinates": [ -8.4297295, 40.2163096 ] } },
{ "type": "Feature", "properties": { "full_id": "w254092853", "osm_id": "254092853", "stairs": null, "level": null, "ramp:wheelchair": null, "width": null, "bicycle": null, "alt_name": null, "historic": null, "tunnel": null, "access": null, "layer": null, "bridge": null, "foot": null, "surface": null, "step_count": null, "ramp": null, "name": null, "lit": null }, "geometry": { "type": "Point", "coordinates": [ -8.4299163, 40.21722445 ] } },
{ "type": "Feature", "properties": { "full_id": "w254092854", "osm_id": "254092854", "stairs": null, "level": null, "ramp:wheelchair": null, "width": null, "bicycle": null, "alt_name": null, "historic": null, "tunnel": null, "access": null, "layer": null, "bridge": null, "foot": null, "surface": null, "step_count": null, "ramp": null, "name": null, "lit": null }, "geometry": { "type": "Point", "coordinates": [ -8.4297931, 40.2173736 ] } },
{ "type": "Feature", "properties": { "full_id": "w254567007", "osm_id": "254567007", "stairs": null, "level": null, "ramp:wheelchair": null, "width": null, "bicycle": null, "alt_name": null, "historic": null, "tunnel": null, "access": null, "layer": null, "bridge": null, "foot": null, "surface": "concrete", "step_count": null, "ramp": "no", "name": null, "lit": null }, "geometry": { "type": "Point", "coordinates": [ -8.404299, 40.2184869 ] } },
{ "type": "Feature", "properties": { "full_id": "w254568065", "osm_id": "254568065", "stairs": null, "level": null, "ramp:wheelchair": null, "width": null, "bicycle": null, "alt_name": null, "historic": null, "tunnel": null, "access": null, "layer": null, "bridge": null, "foot": null, "surface": "sett", "step_count": "18", "ramp": "no", "name": null, "lit": "yes" }, "geometry": { "type": "Point", "coordinates": [ -8.40626005, 40.21693245 ] } },
{ "type": "Feature", "properties": { "full_id": "w254568068", "osm_id": "254568068", "stairs": null, "level": null, "ramp:wheelchair": null, "width": null, "bicycle": null, "alt_name": null, "historic": null, "tunnel": null, "access": null, "layer": null, "bridge": null, "foot": null, "surface": "sett", "step_count": null, "ramp": "no", "name": null, "lit": null }, "geometry": { "type": "Point", "coordinates": [ -8.4057665, 40.21712745 ] } },
{ "type": "Feature", "properties": { "full_id": "w254568072", "osm_id": "254568072", "stairs": null, "level": null, "ramp:wheelchair": null, "width": null, "bicycle": null, "alt_name": null, "historic": null, "tunnel": null, "access": null, "layer": null, "bridge": null, "foot": null, "surface": null, "step_count": null, "ramp": null, "name": null, "lit": null }, "geometry": { "type": "Point", "coordinates": [ -8.40640315, 40.217063 ] } },
{ "type": "Feature", "properties": { "full_id": "w254962106", "osm_id": "254962106", "stairs": null, "level": null, "ramp:wheelchair": null, "width": null, "bicycle": null, "alt_name": null, "historic": null, "tunnel": null, "access": null, "layer": null, "bridge": null, "foot": null, "surface": null, "step_count": null, "ramp": null, "name": null, "lit": null }, "geometry": { "type": "Point", "coordinates": [ -8.4404412, 40.20708285 ] } },
{ "type": "Feature", "properties": { "full_id": "w254962109", "osm_id": "254962109", "stairs": null, "level": null, "ramp:wheelchair": null, "width": null, "bicycle": null, "alt_name": null, "historic": null, "tunnel": null, "access": null, "layer": null, "bridge": null, "foot": null, "surface": null, "step_count": null, "ramp": null, "name": null, "lit": null }, "geometry": { "type": "Point", "coordinates": [ -8.440314395271017, 40.206426325658292 ] } },
{ "type": "Feature", "properties": { "full_id": "w255335738", "osm_id": "255335738", "stairs": null, "level": null, "ramp:wheelchair": null, "width": null, "bicycle": null, "alt_name": null, "historic": null, "tunnel": null, "access": null, "layer": null, "bridge": null, "foot": null, "surface": null, "step_count": null, "ramp": null, "name": null, "lit": null }, "geometry": { "type": "Point", "coordinates": [ -8.41705025, 40.2034157 ] } },
{ "type": "Feature", "properties": { "full_id": "w255335739", "osm_id": "255335739", "stairs": null, "level": null, "ramp:wheelchair": null, "width": null, "bicycle": null, "alt_name": null, "historic": null, "tunnel": null, "access": null, "layer": null, "bridge": null, "foot": null, "surface": null, "step_count": null, "ramp": null, "name": null, "lit": null }, "geometry": { "type": "Point", "coordinates": [ -8.41677715, 40.20321885 ] } },
{ "type": "Feature", "properties": { "full_id": "w255342260", "osm_id": "255342260", "stairs": null, "level": null, "ramp:wheelchair": null, "width": null, "bicycle": null, "alt_name": null, "historic": null, "tunnel": null, "access": null, "layer": null, "bridge": null, "foot": null, "surface": null, "step_count": null, "ramp": null, "name": null, "lit": null }, "geometry": { "type": "Point", "coordinates": [ -8.4035484, 40.20426305 ] } },
{ "type": "Feature", "properties": { "full_id": "w255342263", "osm_id": "255342263", "stairs": null, "level": null, "ramp:wheelchair": null, "width": null, "bicycle": null, "alt_name": null, "historic": null, "tunnel": null, "access": null, "layer": null, "bridge": null, "foot": null, "surface": null, "step_count": null, "ramp": null, "name": null, "lit": null }, "geometry": { "type": "Point", "coordinates": [ -8.40532985, 40.2042762 ] } },
{ "type": "Feature", "properties": { "full_id": "w255342264", "osm_id": "255342264", "stairs": null, "level": null, "ramp:wheelchair": null, "width": null, "bicycle": null, "alt_name": null, "historic": null, "tunnel": null, "access": null, "layer": null, "bridge": null, "foot": null, "surface": null, "step_count": null, "ramp": null, "name": null, "lit": null }, "geometry": { "type": "Point", "coordinates": [ -8.40490315, 40.2042766 ] } },
{ "type": "Feature", "properties": { "full_id": "w255342275", "osm_id": "255342275", "stairs": null, "level": null, "ramp:wheelchair": null, "width": null, "bicycle": null, "alt_name": null, "historic": null, "tunnel": null, "access": null, "layer": null, "bridge": null, "foot": null, "surface": null, "step_count": null, "ramp": null, "name": null, "lit": null }, "geometry": { "type": "Point", "coordinates": [ -8.40298315, 40.2042575 ] } },
{ "type": "Feature", "properties": { "full_id": "w255342276", "osm_id": "255342276", "stairs": null, "level": null, "ramp:wheelchair": null, "width": null, "bicycle": null, "alt_name": null, "historic": null, "tunnel": null, "access": null, "layer": null, "bridge": null, "foot": null, "surface": null, "step_count": null, "ramp": null, "name": null, "lit": null }, "geometry": { "type": "Point", "coordinates": [ -8.4025622, 40.20425385 ] } },
{ "type": "Feature", "properties": { "full_id": "w255342277", "osm_id": "255342277", "stairs": null, "level": null, "ramp:wheelchair": null, "width": null, "bicycle": null, "alt_name": null, "historic": null, "tunnel": null, "access": null, "layer": null, "bridge": null, "foot": null, "surface": null, "step_count": null, "ramp": null, "name": null, "lit": null }, "geometry": { "type": "Point", "coordinates": [ -8.40206135, 40.20425 ] } },
{ "type": "Feature", "properties": { "full_id": "w255344536", "osm_id": "255344536", "stairs": null, "level": null, "ramp:wheelchair": null, "width": null, "bicycle": null, "alt_name": null, "historic": null, "tunnel": null, "access": null, "layer": null, "bridge": null, "foot": null, "surface": null, "step_count": null, "ramp": null, "name": null, "lit": null }, "geometry": { "type": "Point", "coordinates": [ -8.4052725, 40.20392745 ] } },
{ "type": "Feature", "properties": { "full_id": "w255344537", "osm_id": "255344537", "stairs": null, "level": null, "ramp:wheelchair": null, "width": null, "bicycle": null, "alt_name": null, "historic": null, "tunnel": null, "access": null, "layer": null, "bridge": null, "foot": null, "surface": null, "step_count": null, "ramp": null, "name": null, "lit": null }, "geometry": { "type": "Point", "coordinates": [ -8.4047692, 40.2039341 ] } },
{ "type": "Feature", "properties": { "full_id": "w255421296", "osm_id": "255421296", "stairs": null, "level": null, "ramp:wheelchair": null, "width": null, "bicycle": null, "alt_name": null, "historic": null, "tunnel": null, "access": null, "layer": null, "bridge": null, "foot": null, "surface": null, "step_count": null, "ramp": null, "name": null, "lit": null }, "geometry": { "type": "Point", "coordinates": [ -8.41795045, 40.2095278 ] } },
{ "type": "Feature", "properties": { "full_id": "w255421299", "osm_id": "255421299", "stairs": null, "level": null, "ramp:wheelchair": null, "width": null, "bicycle": null, "alt_name": null, "historic": null, "tunnel": null, "access": null, "layer": null, "bridge": null, "foot": null, "surface": null, "step_count": null, "ramp": null, "name": null, "lit": null }, "geometry": { "type": "Point", "coordinates": [ -8.41816045, 40.20956385 ] } },
{ "type": "Feature", "properties": { "full_id": "w255421300", "osm_id": "255421300", "stairs": null, "level": null, "ramp:wheelchair": null, "width": null, "bicycle": null, "alt_name": null, "historic": null, "tunnel": null, "access": null, "layer": null, "bridge": null, "foot": null, "surface": null, "step_count": null, "ramp": "no", "name": null, "lit": null }, "geometry": { "type": "Point", "coordinates": [ -8.4179809, 40.20935255 ] } },
{ "type": "Feature", "properties": { "full_id": "w255422849", "osm_id": "255422849", "stairs": null, "level": null, "ramp:wheelchair": null, "width": null, "bicycle": null, "alt_name": null, "historic": null, "tunnel": null, "access": null, "layer": null, "bridge": null, "foot": null, "surface": null, "step_count": null, "ramp": null, "name": null, "lit": null }, "geometry": { "type": "Point", "coordinates": [ -8.4182016, 40.2092965 ] } },
{ "type": "Feature", "properties": { "full_id": "w255625145", "osm_id": "255625145", "stairs": null, "level": null, "ramp:wheelchair": null, "width": null, "bicycle": null, "alt_name": null, "historic": null, "tunnel": null, "access": null, "layer": null, "bridge": null, "foot": null, "surface": null, "step_count": null, "ramp": null, "name": null, "lit": null }, "geometry": { "type": "Point", "coordinates": [ -8.439677347097495, 40.236828268662819 ] } },
{ "type": "Feature", "properties": { "full_id": "w255736715", "osm_id": "255736715", "stairs": null, "level": null, "ramp:wheelchair": null, "width": null, "bicycle": null, "alt_name": null, "historic": null, "tunnel": null, "access": null, "layer": null, "bridge": null, "foot": null, "surface": null, "step_count": null, "ramp": null, "name": null, "lit": null }, "geometry": { "type": "Point", "coordinates": [ -8.4197497, 40.20508055 ] } },
{ "type": "Feature", "properties": { "full_id": "w255736717", "osm_id": "255736717", "stairs": null, "level": null, "ramp:wheelchair": null, "width": null, "bicycle": null, "alt_name": null, "historic": null, "tunnel": null, "access": null, "layer": null, "bridge": null, "foot": "yes", "surface": null, "step_count": null, "ramp": null, "name": null, "lit": null }, "geometry": { "type": "Point", "coordinates": [ -8.4200188, 40.20602805 ] } },
{ "type": "Feature", "properties": { "full_id": "w255808464", "osm_id": "255808464", "stairs": null, "level": null, "ramp:wheelchair": null, "width": null, "bicycle": null, "alt_name": null, "historic": null, "tunnel": null, "access": null, "layer": null, "bridge": null, "foot": "yes", "surface": null, "step_count": null, "ramp": null, "name": null, "lit": null }, "geometry": { "type": "Point", "coordinates": [ -8.4199455, 40.2060504 ] } },
{ "type": "Feature", "properties": { "full_id": "w256119931", "osm_id": "256119931", "stairs": null, "level": null, "ramp:wheelchair": null, "width": null, "bicycle": null, "alt_name": null, "historic": null, "tunnel": null, "access": null, "layer": null, "bridge": null, "foot": null, "surface": "paving_stones", "step_count": "8", "ramp": "no", "name": "Travessa do Loureiro", "lit": null }, "geometry": { "type": "Point", "coordinates": [ -8.42622425, 40.209546 ] } },
{ "type": "Feature", "properties": { "full_id": "w256666727", "osm_id": "256666727", "stairs": null, "level": null, "ramp:wheelchair": null, "width": null, "bicycle": null, "alt_name": null, "historic": null, "tunnel": null, "access": null, "layer": null, "bridge": null, "foot": null, "surface": null, "step_count": null, "ramp": null, "name": null, "lit": null }, "geometry": { "type": "Point", "coordinates": [ -8.4381564, 40.1987257 ] } },
{ "type": "Feature", "properties": { "full_id": "w256666729", "osm_id": "256666729", "stairs": null, "level": null, "ramp:wheelchair": null, "width": null, "bicycle": null, "alt_name": null, "historic": null, "tunnel": null, "access": null, "layer": null, "bridge": null, "foot": null, "surface": null, "step_count": null, "ramp": null, "name": null, "lit": null }, "geometry": { "type": "Point", "coordinates": [ -8.43813625, 40.19867945 ] } },
{ "type": "Feature", "properties": { "full_id": "w256666731", "osm_id": "256666731", "stairs": null, "level": null, "ramp:wheelchair": null, "width": null, "bicycle": null, "alt_name": null, "historic": null, "tunnel": null, "access": null, "layer": null, "bridge": null, "foot": null, "surface": null, "step_count": null, "ramp": null, "name": null, "lit": null }, "geometry": { "type": "Point", "coordinates": [ -8.43811525, 40.19863105 ] } },
{ "type": "Feature", "properties": { "full_id": "w256791337", "osm_id": "256791337", "stairs": null, "level": null, "ramp:wheelchair": null, "width": null, "bicycle": null, "alt_name": null, "historic": null, "tunnel": null, "access": null, "layer": null, "bridge": null, "foot": null, "surface": null, "step_count": null, "ramp": null, "name": null, "lit": null }, "geometry": { "type": "Point", "coordinates": [ -8.3964897, 40.19487145 ] } },
{ "type": "Feature", "properties": { "full_id": "w257484283", "osm_id": "257484283", "stairs": null, "level": null, "ramp:wheelchair": null, "width": null, "bicycle": null, "alt_name": null, "historic": null, "tunnel": null, "access": "customers", "layer": null, "bridge": null, "foot": null, "surface": null, "step_count": null, "ramp": null, "name": null, "lit": null }, "geometry": { "type": "Point", "coordinates": [ -8.43342145, 40.20316405 ] } },
{ "type": "Feature", "properties": { "full_id": "w257484291", "osm_id": "257484291", "stairs": null, "level": null, "ramp:wheelchair": null, "width": null, "bicycle": null, "alt_name": null, "historic": null, "tunnel": null, "access": null, "layer": null, "bridge": null, "foot": null, "surface": null, "step_count": "18", "ramp": "no", "name": null, "lit": null }, "geometry": { "type": "Point", "coordinates": [ -8.43240475, 40.2022359 ] } },
{ "type": "Feature", "properties": { "full_id": "w258943195", "osm_id": "258943195", "stairs": null, "level": null, "ramp:wheelchair": null, "width": null, "bicycle": null, "alt_name": null, "historic": null, "tunnel": null, "access": null, "layer": null, "bridge": null, "foot": null, "surface": null, "step_count": null, "ramp": "no", "name": "Escadas do Beco de Montarroio", "lit": null }, "geometry": { "type": "Point", "coordinates": [ -8.428369514607493, 40.211895985883856 ] } },
{ "type": "Feature", "properties": { "full_id": "w258988957", "osm_id": "258988957", "stairs": null, "level": null, "ramp:wheelchair": null, "width": null, "bicycle": null, "alt_name": null, "historic": null, "tunnel": null, "access": null, "layer": null, "bridge": null, "foot": null, "surface": null, "step_count": null, "ramp": null, "name": null, "lit": null }, "geometry": { "type": "Point", "coordinates": [ -8.4346724, 40.2001159 ] } },
{ "type": "Feature", "properties": { "full_id": "w258988958", "osm_id": "258988958", "stairs": null, "level": null, "ramp:wheelchair": null, "width": null, "bicycle": null, "alt_name": null, "historic": null, "tunnel": null, "access": null, "layer": null, "bridge": null, "foot": null, "surface": null, "step_count": null, "ramp": null, "name": null, "lit": null }, "geometry": { "type": "Point", "coordinates": [ -8.4346595, 40.2000642 ] } },
{ "type": "Feature", "properties": { "full_id": "w258988962", "osm_id": "258988962", "stairs": null, "level": null, "ramp:wheelchair": null, "width": null, "bicycle": null, "alt_name": null, "historic": null, "tunnel": null, "access": null, "layer": null, "bridge": null, "foot": null, "surface": null, "step_count": null, "ramp": null, "name": null, "lit": null }, "geometry": { "type": "Point", "coordinates": [ -8.4349849, 40.2000438 ] } },
{ "type": "Feature", "properties": { "full_id": "w258988964", "osm_id": "258988964", "stairs": null, "level": null, "ramp:wheelchair": null, "width": null, "bicycle": null, "alt_name": null, "historic": null, "tunnel": null, "access": null, "layer": null, "bridge": null, "foot": null, "surface": null, "step_count": null, "ramp": null, "name": null, "lit": null }, "geometry": { "type": "Point", "coordinates": [ -8.4350845, 40.20005925 ] } },
{ "type": "Feature", "properties": { "full_id": "w258988965", "osm_id": "258988965", "stairs": null, "level": null, "ramp:wheelchair": null, "width": null, "bicycle": null, "alt_name": null, "historic": null, "tunnel": null, "access": null, "layer": null, "bridge": null, "foot": null, "surface": null, "step_count": null, "ramp": null, "name": null, "lit": null }, "geometry": { "type": "Point", "coordinates": [ -8.43506985, 40.20000045 ] } },
{ "type": "Feature", "properties": { "full_id": "w259420022", "osm_id": "259420022", "stairs": null, "level": null, "ramp:wheelchair": null, "width": null, "bicycle": null, "alt_name": null, "historic": null, "tunnel": null, "access": null, "layer": null, "bridge": null, "foot": null, "surface": null, "step_count": null, "ramp": null, "name": null, "lit": null }, "geometry": { "type": "Point", "coordinates": [ -8.435205287508952, 40.202702163931725 ] } },
{ "type": "Feature", "properties": { "full_id": "w259422804", "osm_id": "259422804", "stairs": null, "level": null, "ramp:wheelchair": null, "width": null, "bicycle": null, "alt_name": null, "historic": null, "tunnel": null, "access": null, "layer": null, "bridge": null, "foot": null, "surface": null, "step_count": null, "ramp": null, "name": null, "lit": null }, "geometry": { "type": "Point", "coordinates": [ -8.4353118392778, 40.199249025471822 ] } },
{ "type": "Feature", "properties": { "full_id": "w259573805", "osm_id": "259573805", "stairs": null, "level": null, "ramp:wheelchair": null, "width": null, "bicycle": null, "alt_name": null, "historic": null, "tunnel": null, "access": null, "layer": null, "bridge": null, "foot": null, "surface": null, "step_count": null, "ramp": null, "name": null, "lit": null }, "geometry": { "type": "Point", "coordinates": [ -8.406062459069821, 40.207507676398414 ] } },
{ "type": "Feature", "properties": { "full_id": "w261019108", "osm_id": "261019108", "stairs": null, "level": null, "ramp:wheelchair": null, "width": null, "bicycle": null, "alt_name": null, "historic": null, "tunnel": null, "access": null, "layer": null, "bridge": null, "foot": null, "surface": null, "step_count": null, "ramp": "no", "name": null, "lit": null }, "geometry": { "type": "Point", "coordinates": [ -8.43400695, 40.20326415 ] } },
{ "type": "Feature", "properties": { "full_id": "w261423317", "osm_id": "261423317", "stairs": null, "level": null, "ramp:wheelchair": null, "width": null, "bicycle": null, "alt_name": null, "historic": null, "tunnel": null, "access": null, "layer": null, "bridge": null, "foot": null, "surface": null, "step_count": null, "ramp": null, "name": null, "lit": null }, "geometry": { "type": "Point", "coordinates": [ -8.429431022506142, 40.213007043002364 ] } },
{ "type": "Feature", "properties": { "full_id": "w261423318", "osm_id": "261423318", "stairs": null, "level": null, "ramp:wheelchair": null, "width": null, "bicycle": null, "alt_name": null, "historic": null, "tunnel": null, "access": null, "layer": null, "bridge": null, "foot": null, "surface": null, "step_count": null, "ramp": null, "name": null, "lit": null }, "geometry": { "type": "Point", "coordinates": [ -8.4292913, 40.21284795 ] } },
{ "type": "Feature", "properties": { "full_id": "w261423319", "osm_id": "261423319", "stairs": null, "level": null, "ramp:wheelchair": null, "width": null, "bicycle": null, "alt_name": null, "historic": null, "tunnel": null, "access": null, "layer": null, "bridge": null, "foot": null, "surface": null, "step_count": null, "ramp": null, "name": null, "lit": null }, "geometry": { "type": "Point", "coordinates": [ -8.4291369, 40.2126754 ] } },
{ "type": "Feature", "properties": { "full_id": "w261423321", "osm_id": "261423321", "stairs": null, "level": null, "ramp:wheelchair": null, "width": null, "bicycle": null, "alt_name": null, "historic": null, "tunnel": null, "access": null, "layer": null, "bridge": null, "foot": null, "surface": null, "step_count": null, "ramp": "no", "name": null, "lit": null }, "geometry": { "type": "Point", "coordinates": [ -8.4294029, 40.2127863 ] } },
{ "type": "Feature", "properties": { "full_id": "w261423325", "osm_id": "261423325", "stairs": null, "level": null, "ramp:wheelchair": null, "width": null, "bicycle": null, "alt_name": null, "historic": null, "tunnel": null, "access": null, "layer": null, "bridge": null, "foot": null, "surface": null, "step_count": null, "ramp": "no", "name": null, "lit": null }, "geometry": { "type": "Point", "coordinates": [ -8.4296162, 40.2129755 ] } },
{ "type": "Feature", "properties": { "full_id": "w261423327", "osm_id": "261423327", "stairs": null, "level": null, "ramp:wheelchair": null, "width": null, "bicycle": null, "alt_name": null, "historic": null, "tunnel": null, "access": null, "layer": null, "bridge": null, "foot": null, "surface": null, "step_count": null, "ramp": null, "name": null, "lit": null }, "geometry": { "type": "Point", "coordinates": [ -8.4291771, 40.21291095 ] } },
{ "type": "Feature", "properties": { "full_id": "w261785215", "osm_id": "261785215", "stairs": null, "level": null, "ramp:wheelchair": null, "width": null, "bicycle": null, "alt_name": "Escadas Kagadais", "historic": null, "tunnel": null, "access": null, "layer": null, "bridge": null, "foot": null, "surface": null, "step_count": null, "ramp": null, "name": null, "lit": null }, "geometry": { "type": "Point", "coordinates": [ -8.4277878, 40.20849095 ] } },
{ "type": "Feature", "properties": { "full_id": "w263844900", "osm_id": "263844900", "stairs": null, "level": null, "ramp:wheelchair": null, "width": null, "bicycle": null, "alt_name": null, "historic": null, "tunnel": null, "access": null, "layer": null, "bridge": null, "foot": null, "surface": null, "step_count": null, "ramp": null, "name": null, "lit": null }, "geometry": { "type": "Point", "coordinates": [ -8.406281438787758, 40.210711110965832 ] } },
{ "type": "Feature", "properties": { "full_id": "w263844902", "osm_id": "263844902", "stairs": null, "level": null, "ramp:wheelchair": null, "width": null, "bicycle": null, "alt_name": null, "historic": null, "tunnel": null, "access": null, "layer": null, "bridge": null, "foot": null, "surface": null, "step_count": null, "ramp": null, "name": null, "lit": null }, "geometry": { "type": "Point", "coordinates": [ -8.4055798, 40.2099152 ] } },
{ "type": "Feature", "properties": { "full_id": "w263865727", "osm_id": "263865727", "stairs": null, "level": null, "ramp:wheelchair": null, "width": null, "bicycle": null, "alt_name": null, "historic": null, "tunnel": null, "access": null, "layer": null, "bridge": null, "foot": null, "surface": null, "step_count": null, "ramp": null, "name": null, "lit": null }, "geometry": { "type": "Point", "coordinates": [ -8.41631, 40.2043754 ] } },
{ "type": "Feature", "properties": { "full_id": "w263908127", "osm_id": "263908127", "stairs": null, "level": null, "ramp:wheelchair": null, "width": null, "bicycle": null, "alt_name": null, "historic": null, "tunnel": null, "access": null, "layer": null, "bridge": null, "foot": null, "surface": null, "step_count": null, "ramp": null, "name": null, "lit": null }, "geometry": { "type": "Point", "coordinates": [ -8.4044036, 40.2091639 ] } },
{ "type": "Feature", "properties": { "full_id": "w263908129", "osm_id": "263908129", "stairs": null, "level": null, "ramp:wheelchair": null, "width": null, "bicycle": null, "alt_name": null, "historic": null, "tunnel": null, "access": null, "layer": null, "bridge": null, "foot": null, "surface": null, "step_count": null, "ramp": null, "name": null, "lit": null }, "geometry": { "type": "Point", "coordinates": [ -8.40464625, 40.20926835 ] } },
{ "type": "Feature", "properties": { "full_id": "w263908131", "osm_id": "263908131", "stairs": null, "level": null, "ramp:wheelchair": null, "width": null, "bicycle": null, "alt_name": null, "historic": null, "tunnel": null, "access": null, "layer": null, "bridge": null, "foot": null, "surface": null, "step_count": null, "ramp": null, "name": null, "lit": null }, "geometry": { "type": "Point", "coordinates": [ -8.4047005, 40.2094065 ] } },
{ "type": "Feature", "properties": { "full_id": "w263908132", "osm_id": "263908132", "stairs": null, "level": null, "ramp:wheelchair": null, "width": null, "bicycle": null, "alt_name": null, "historic": null, "tunnel": null, "access": null, "layer": null, "bridge": null, "foot": null, "surface": null, "step_count": null, "ramp": null, "name": null, "lit": null }, "geometry": { "type": "Point", "coordinates": [ -8.4047354, 40.20956155 ] } },
{ "type": "Feature", "properties": { "full_id": "w263908133", "osm_id": "263908133", "stairs": null, "level": null, "ramp:wheelchair": null, "width": null, "bicycle": null, "alt_name": null, "historic": null, "tunnel": null, "access": null, "layer": null, "bridge": null, "foot": null, "surface": null, "step_count": null, "ramp": null, "name": null, "lit": null }, "geometry": { "type": "Point", "coordinates": [ -8.40476265, 40.209675 ] } },
{ "type": "Feature", "properties": { "full_id": "w263908135", "osm_id": "263908135", "stairs": null, "level": null, "ramp:wheelchair": null, "width": null, "bicycle": null, "alt_name": null, "historic": null, "tunnel": null, "access": null, "layer": null, "bridge": null, "foot": null, "surface": null, "step_count": null, "ramp": null, "name": null, "lit": null }, "geometry": { "type": "Point", "coordinates": [ -8.40457295848193, 40.209137962647105 ] } },
{ "type": "Feature", "properties": { "full_id": "w264037010", "osm_id": "264037010", "stairs": null, "level": null, "ramp:wheelchair": null, "width": null, "bicycle": null, "alt_name": null, "historic": null, "tunnel": null, "access": null, "layer": null, "bridge": null, "foot": null, "surface": null, "step_count": null, "ramp": null, "name": null, "lit": null }, "geometry": { "type": "Point", "coordinates": [ -8.406095, 40.21132715 ] } },
{ "type": "Feature", "properties": { "full_id": "w264037012", "osm_id": "264037012", "stairs": null, "level": null, "ramp:wheelchair": null, "width": null, "bicycle": null, "alt_name": null, "historic": null, "tunnel": null, "access": null, "layer": null, "bridge": null, "foot": null, "surface": null, "step_count": null, "ramp": null, "name": null, "lit": null }, "geometry": { "type": "Point", "coordinates": [ -8.40637565, 40.21123525 ] } },
{ "type": "Feature", "properties": { "full_id": "w264037014", "osm_id": "264037014", "stairs": null, "level": null, "ramp:wheelchair": null, "width": null, "bicycle": null, "alt_name": null, "historic": null, "tunnel": null, "access": null, "layer": null, "bridge": null, "foot": null, "surface": null, "step_count": null, "ramp": null, "name": null, "lit": null }, "geometry": { "type": "Point", "coordinates": [ -8.40640175, 40.21175575 ] } },
{ "type": "Feature", "properties": { "full_id": "w268447465", "osm_id": "268447465", "stairs": null, "level": null, "ramp:wheelchair": null, "width": null, "bicycle": null, "alt_name": null, "historic": null, "tunnel": null, "access": null, "layer": null, "bridge": null, "foot": null, "surface": null, "step_count": null, "ramp": null, "name": null, "lit": null }, "geometry": { "type": "Point", "coordinates": [ -8.41195765, 40.20078995 ] } },
{ "type": "Feature", "properties": { "full_id": "w268447471", "osm_id": "268447471", "stairs": null, "level": null, "ramp:wheelchair": null, "width": null, "bicycle": null, "alt_name": null, "historic": null, "tunnel": null, "access": null, "layer": null, "bridge": null, "foot": null, "surface": null, "step_count": null, "ramp": null, "name": null, "lit": null }, "geometry": { "type": "Point", "coordinates": [ -8.4117878, 40.20076515 ] } },
{ "type": "Feature", "properties": { "full_id": "w268453841", "osm_id": "268453841", "stairs": null, "level": null, "ramp:wheelchair": null, "width": null, "bicycle": null, "alt_name": null, "historic": null, "tunnel": null, "access": null, "layer": null, "bridge": null, "foot": null, "surface": null, "step_count": null, "ramp": null, "name": null, "lit": null }, "geometry": { "type": "Point", "coordinates": [ -8.41435525, 40.199881 ] } },
{ "type": "Feature", "properties": { "full_id": "w268475515", "osm_id": "268475515", "stairs": null, "level": null, "ramp:wheelchair": null, "width": null, "bicycle": null, "alt_name": null, "historic": null, "tunnel": null, "access": null, "layer": null, "bridge": null, "foot": null, "surface": null, "step_count": null, "ramp": null, "name": null, "lit": null }, "geometry": { "type": "Point", "coordinates": [ -8.419142477067714, 40.195381876329847 ] } },
{ "type": "Feature", "properties": { "full_id": "w268480779", "osm_id": "268480779", "stairs": null, "level": null, "ramp:wheelchair": null, "width": null, "bicycle": null, "alt_name": null, "historic": null, "tunnel": null, "access": null, "layer": null, "bridge": null, "foot": null, "surface": null, "step_count": null, "ramp": null, "name": null, "lit": null }, "geometry": { "type": "Point", "coordinates": [ -8.4070767, 40.2001579 ] } },
{ "type": "Feature", "properties": { "full_id": "w278617176", "osm_id": "278617176", "stairs": null, "level": null, "ramp:wheelchair": null, "width": null, "bicycle": null, "alt_name": null, "historic": null, "tunnel": null, "access": null, "layer": null, "bridge": null, "foot": null, "surface": null, "step_count": null, "ramp": null, "name": null, "lit": null }, "geometry": { "type": "Point", "coordinates": [ -8.41908375, 40.1915523 ] } },
{ "type": "Feature", "properties": { "full_id": "w279159918", "osm_id": "279159918", "stairs": null, "level": null, "ramp:wheelchair": null, "width": null, "bicycle": null, "alt_name": null, "historic": null, "tunnel": null, "access": null, "layer": null, "bridge": null, "foot": null, "surface": null, "step_count": null, "ramp": null, "name": null, "lit": null }, "geometry": { "type": "Point", "coordinates": [ -8.366663232285996, 40.207500784120228 ] } },
{ "type": "Feature", "properties": { "full_id": "w281085780", "osm_id": "281085780", "stairs": null, "level": null, "ramp:wheelchair": null, "width": null, "bicycle": null, "alt_name": null, "historic": null, "tunnel": null, "access": null, "layer": null, "bridge": null, "foot": null, "surface": null, "step_count": null, "ramp": null, "name": null, "lit": null }, "geometry": { "type": "Point", "coordinates": [ -8.41327105, 40.19078505 ] } },
{ "type": "Feature", "properties": { "full_id": "w281085787", "osm_id": "281085787", "stairs": null, "level": null, "ramp:wheelchair": null, "width": null, "bicycle": null, "alt_name": null, "historic": null, "tunnel": null, "access": null, "layer": null, "bridge": null, "foot": null, "surface": null, "step_count": null, "ramp": null, "name": null, "lit": null }, "geometry": { "type": "Point", "coordinates": [ -8.41174535, 40.1906647 ] } },
{ "type": "Feature", "properties": { "full_id": "w281085788", "osm_id": "281085788", "stairs": null, "level": null, "ramp:wheelchair": null, "width": null, "bicycle": null, "alt_name": null, "historic": null, "tunnel": null, "access": null, "layer": null, "bridge": null, "foot": null, "surface": null, "step_count": null, "ramp": null, "name": null, "lit": null }, "geometry": { "type": "Point", "coordinates": [ -8.4139853, 40.1906009 ] } },
{ "type": "Feature", "properties": { "full_id": "w281135901", "osm_id": "281135901", "stairs": null, "level": null, "ramp:wheelchair": null, "width": null, "bicycle": null, "alt_name": null, "historic": null, "tunnel": null, "access": null, "layer": null, "bridge": null, "foot": null, "surface": null, "step_count": null, "ramp": null, "name": null, "lit": null }, "geometry": { "type": "Point", "coordinates": [ -8.4172448, 40.19123625 ] } },
{ "type": "Feature", "properties": { "full_id": "w281561899", "osm_id": "281561899", "stairs": null, "level": null, "ramp:wheelchair": null, "width": null, "bicycle": null, "alt_name": null, "historic": null, "tunnel": null, "access": null, "layer": null, "bridge": null, "foot": null, "surface": null, "step_count": null, "ramp": null, "name": null, "lit": null }, "geometry": { "type": "Point", "coordinates": [ -8.420211805089599, 40.192093369012113 ] } },
{ "type": "Feature", "properties": { "full_id": "w282062898", "osm_id": "282062898", "stairs": null, "level": null, "ramp:wheelchair": null, "width": null, "bicycle": null, "alt_name": null, "historic": null, "tunnel": null, "access": null, "layer": null, "bridge": null, "foot": null, "surface": "paving_stones", "step_count": null, "ramp": "no", "name": null, "lit": null }, "geometry": { "type": "Point", "coordinates": [ -8.406648170631684, 40.194132910315844 ] } },
{ "type": "Feature", "properties": { "full_id": "w285020573", "osm_id": "285020573", "stairs": null, "level": null, "ramp:wheelchair": null, "width": null, "bicycle": null, "alt_name": null, "historic": null, "tunnel": null, "access": null, "layer": null, "bridge": null, "foot": null, "surface": null, "step_count": null, "ramp": null, "name": null, "lit": null }, "geometry": { "type": "Point", "coordinates": [ -8.4137656, 40.19915665 ] } },
{ "type": "Feature", "properties": { "full_id": "w285454740", "osm_id": "285454740", "stairs": null, "level": null, "ramp:wheelchair": null, "width": null, "bicycle": null, "alt_name": null, "historic": null, "tunnel": null, "access": null, "layer": null, "bridge": null, "foot": null, "surface": null, "step_count": null, "ramp": "no", "name": null, "lit": null }, "geometry": { "type": "Point", "coordinates": [ -8.42098775, 40.20584725 ] } },
{ "type": "Feature", "properties": { "full_id": "w285454743", "osm_id": "285454743", "stairs": null, "level": null, "ramp:wheelchair": null, "width": null, "bicycle": null, "alt_name": null, "historic": null, "tunnel": null, "access": null, "layer": null, "bridge": null, "foot": null, "surface": "paving_stones", "step_count": "12", "ramp": "no", "name": null, "lit": "no" }, "geometry": { "type": "Point", "coordinates": [ -8.4215797, 40.20625865 ] } },
{ "type": "Feature", "properties": { "full_id": "w285454744", "osm_id": "285454744", "stairs": null, "level": null, "ramp:wheelchair": null, "width": null, "bicycle": null, "alt_name": null, "historic": null, "tunnel": null, "access": null, "layer": null, "bridge": null, "foot": null, "surface": "paving_stones", "step_count": null, "ramp": "no", "name": null, "lit": null }, "geometry": { "type": "Point", "coordinates": [ -8.42158005, 40.2061629 ] } },
{ "type": "Feature", "properties": { "full_id": "w285454749", "osm_id": "285454749", "stairs": null, "level": null, "ramp:wheelchair": null, "width": null, "bicycle": null, "alt_name": null, "historic": null, "tunnel": null, "access": null, "layer": null, "bridge": null, "foot": null, "surface": null, "step_count": null, "ramp": "no", "name": null, "lit": null }, "geometry": { "type": "Point", "coordinates": [ -8.4210023, 40.20590085 ] } },
{ "type": "Feature", "properties": { "full_id": "w285454751", "osm_id": "285454751", "stairs": null, "level": null, "ramp:wheelchair": null, "width": null, "bicycle": null, "alt_name": null, "historic": null, "tunnel": null, "access": null, "layer": null, "bridge": null, "foot": null, "surface": "paving_stones", "step_count": null, "ramp": "no", "name": null, "lit": null }, "geometry": { "type": "Point", "coordinates": [ -8.4215028, 40.2061775 ] } },
{ "type": "Feature", "properties": { "full_id": "w285454754", "osm_id": "285454754", "stairs": null, "level": null, "ramp:wheelchair": null, "width": null, "bicycle": null, "alt_name": null, "historic": null, "tunnel": null, "access": null, "layer": null, "bridge": null, "foot": null, "surface": null, "step_count": null, "ramp": "no", "name": null, "lit": null }, "geometry": { "type": "Point", "coordinates": [ -8.42135085, 40.2053911 ] } },
{ "type": "Feature", "properties": { "full_id": "w285454755", "osm_id": "285454755", "stairs": null, "level": null, "ramp:wheelchair": null, "width": null, "bicycle": null, "alt_name": null, "historic": null, "tunnel": null, "access": null, "layer": null, "bridge": null, "foot": null, "surface": null, "step_count": null, "ramp": "no", "name": null, "lit": null }, "geometry": { "type": "Point", "coordinates": [ -8.4212847, 40.2054037 ] } },
{ "type": "Feature", "properties": { "full_id": "w285455171", "osm_id": "285455171", "stairs": null, "level": null, "ramp:wheelchair": null, "width": null, "bicycle": null, "alt_name": null, "historic": null, "tunnel": null, "access": null, "layer": null, "bridge": null, "foot": null, "surface": null, "step_count": null, "ramp": null, "name": null, "lit": null }, "geometry": { "type": "Point", "coordinates": [ -8.42118915, 40.2065214 ] } },
{ "type": "Feature", "properties": { "full_id": "w285455173", "osm_id": "285455173", "stairs": null, "level": null, "ramp:wheelchair": null, "width": null, "bicycle": null, "alt_name": null, "historic": null, "tunnel": null, "access": null, "layer": null, "bridge": null, "foot": "yes", "surface": null, "step_count": null, "ramp": "no", "name": null, "lit": null }, "geometry": { "type": "Point", "coordinates": [ -8.42108135, 40.20636315 ] } },
{ "type": "Feature", "properties": { "full_id": "w285456415", "osm_id": "285456415", "stairs": null, "level": null, "ramp:wheelchair": null, "width": null, "bicycle": null, "alt_name": null, "historic": null, "tunnel": null, "access": null, "layer": null, "bridge": null, "foot": null, "surface": null, "step_count": null, "ramp": null, "name": null, "lit": null }, "geometry": { "type": "Point", "coordinates": [ -8.4219966, 40.20644255 ] } },
{ "type": "Feature", "properties": { "full_id": "w285460015", "osm_id": "285460015", "stairs": null, "level": null, "ramp:wheelchair": null, "width": null, "bicycle": null, "alt_name": null, "historic": null, "tunnel": null, "access": null, "layer": null, "bridge": null, "foot": null, "surface": null, "step_count": null, "ramp": null, "name": null, "lit": null }, "geometry": { "type": "Point", "coordinates": [ -8.42092875, 40.2064409 ] } },
{ "type": "Feature", "properties": { "full_id": "w285460017", "osm_id": "285460017", "stairs": null, "level": null, "ramp:wheelchair": null, "width": null, "bicycle": null, "alt_name": null, "historic": null, "tunnel": null, "access": null, "layer": null, "bridge": null, "foot": null, "surface": null, "step_count": null, "ramp": null, "name": null, "lit": null }, "geometry": { "type": "Point", "coordinates": [ -8.42075595, 40.2064728 ] } },
{ "type": "Feature", "properties": { "full_id": "w285462188", "osm_id": "285462188", "stairs": null, "level": null, "ramp:wheelchair": null, "width": null, "bicycle": null, "alt_name": null, "historic": null, "tunnel": null, "access": null, "layer": null, "bridge": null, "foot": "yes", "surface": null, "step_count": null, "ramp": null, "name": null, "lit": null }, "geometry": { "type": "Point", "coordinates": [ -8.42038035, 40.2041578 ] } },
{ "type": "Feature", "properties": { "full_id": "w285462191", "osm_id": "285462191", "stairs": null, "level": null, "ramp:wheelchair": null, "width": null, "bicycle": null, "alt_name": null, "historic": null, "tunnel": null, "access": null, "layer": null, "bridge": null, "foot": "yes", "surface": null, "step_count": null, "ramp": null, "name": "Avenida das Tílias", "lit": null }, "geometry": { "type": "Point", "coordinates": [ -8.42041375, 40.2042821 ] } },
{ "type": "Feature", "properties": { "full_id": "w285463337", "osm_id": "285463337", "stairs": null, "level": null, "ramp:wheelchair": null, "width": null, "bicycle": null, "alt_name": null, "historic": null, "tunnel": null, "access": null, "layer": null, "bridge": null, "foot": "yes", "surface": null, "step_count": null, "ramp": null, "name": null, "lit": null }, "geometry": { "type": "Point", "coordinates": [ -8.4204816, 40.2044962 ] } },
{ "type": "Feature", "properties": { "full_id": "w285467613", "osm_id": "285467613", "stairs": null, "level": null, "ramp:wheelchair": null, "width": null, "bicycle": null, "alt_name": null, "historic": null, "tunnel": null, "access": null, "layer": null, "bridge": null, "foot": null, "surface": null, "step_count": null, "ramp": null, "name": null, "lit": null }, "geometry": { "type": "Point", "coordinates": [ -8.422980935266862, 40.206908534024457 ] } },
{ "type": "Feature", "properties": { "full_id": "w286179312", "osm_id": "286179312", "stairs": null, "level": null, "ramp:wheelchair": null, "width": null, "bicycle": null, "alt_name": null, "historic": null, "tunnel": null, "access": null, "layer": null, "bridge": null, "foot": null, "surface": null, "step_count": null, "ramp": null, "name": null, "lit": null }, "geometry": { "type": "Point", "coordinates": [ -8.420545810152063, 40.205394348384168 ] } },
{ "type": "Feature", "properties": { "full_id": "w286189076", "osm_id": "286189076", "stairs": null, "level": null, "ramp:wheelchair": null, "width": null, "bicycle": null, "alt_name": null, "historic": null, "tunnel": null, "access": null, "layer": null, "bridge": null, "foot": null, "surface": null, "step_count": null, "ramp": "no", "name": null, "lit": null }, "geometry": { "type": "Point", "coordinates": [ -8.424110874665086, 40.205933938855026 ] } },
{ "type": "Feature", "properties": { "full_id": "w286346798", "osm_id": "286346798", "stairs": null, "level": null, "ramp:wheelchair": null, "width": null, "bicycle": null, "alt_name": null, "historic": null, "tunnel": null, "access": null, "layer": null, "bridge": null, "foot": null, "surface": "concrete", "step_count": "82", "ramp": "no", "name": null, "lit": null }, "geometry": { "type": "Point", "coordinates": [ -8.4149378, 40.186620249712334 ] } },
{ "type": "Feature", "properties": { "full_id": "w286356538", "osm_id": "286356538", "stairs": null, "level": null, "ramp:wheelchair": null, "width": null, "bicycle": null, "alt_name": null, "historic": null, "tunnel": null, "access": null, "layer": null, "bridge": null, "foot": null, "surface": null, "step_count": null, "ramp": null, "name": null, "lit": null }, "geometry": { "type": "Point", "coordinates": [ -8.4167761, 40.18630915 ] } },
{ "type": "Feature", "properties": { "full_id": "w286356541", "osm_id": "286356541", "stairs": null, "level": null, "ramp:wheelchair": null, "width": null, "bicycle": null, "alt_name": null, "historic": null, "tunnel": null, "access": null, "layer": null, "bridge": null, "foot": null, "surface": null, "step_count": null, "ramp": null, "name": null, "lit": null }, "geometry": { "type": "Point", "coordinates": [ -8.41665205, 40.18633735 ] } },
{ "type": "Feature", "properties": { "full_id": "w286356543", "osm_id": "286356543", "stairs": null, "level": null, "ramp:wheelchair": null, "width": null, "bicycle": null, "alt_name": null, "historic": null, "tunnel": null, "access": null, "layer": null, "bridge": null, "foot": null, "surface": null, "step_count": null, "ramp": null, "name": null, "lit": null }, "geometry": { "type": "Point", "coordinates": [ -8.41668865, 40.18637325 ] } },
{ "type": "Feature", "properties": { "full_id": "w286356545", "osm_id": "286356545", "stairs": null, "level": null, "ramp:wheelchair": null, "width": null, "bicycle": null, "alt_name": null, "historic": null, "tunnel": null, "access": null, "layer": null, "bridge": null, "foot": null, "surface": null, "step_count": null, "ramp": null, "name": null, "lit": null }, "geometry": { "type": "Point", "coordinates": [ -8.4170268, 40.18633105 ] } },
{ "type": "Feature", "properties": { "full_id": "w286356547", "osm_id": "286356547", "stairs": null, "level": null, "ramp:wheelchair": null, "width": null, "bicycle": null, "alt_name": null, "historic": null, "tunnel": null, "access": null, "layer": null, "bridge": null, "foot": null, "surface": null, "step_count": null, "ramp": null, "name": null, "lit": null }, "geometry": { "type": "Point", "coordinates": [ -8.416856304349889, 40.186375546537199 ] } },
{ "type": "Feature", "properties": { "full_id": "w287313270", "osm_id": "287313270", "stairs": null, "level": null, "ramp:wheelchair": null, "width": null, "bicycle": null, "alt_name": null, "historic": null, "tunnel": null, "access": null, "layer": null, "bridge": null, "foot": null, "surface": null, "step_count": null, "ramp": null, "name": null, "lit": null }, "geometry": { "type": "Point", "coordinates": [ -8.421994053879535, 40.205649115219749 ] } },
{ "type": "Feature", "properties": { "full_id": "w303229373", "osm_id": "303229373", "stairs": null, "level": null, "ramp:wheelchair": null, "width": null, "bicycle": null, "alt_name": null, "historic": null, "tunnel": null, "access": null, "layer": null, "bridge": null, "foot": null, "surface": null, "step_count": null, "ramp": null, "name": null, "lit": null }, "geometry": { "type": "Point", "coordinates": [ -8.4368867, 40.20173425 ] } },
{ "type": "Feature", "properties": { "full_id": "w303229374", "osm_id": "303229374", "stairs": null, "level": null, "ramp:wheelchair": null, "width": null, "bicycle": null, "alt_name": null, "historic": null, "tunnel": null, "access": null, "layer": null, "bridge": null, "foot": null, "surface": null, "step_count": null, "ramp": null, "name": null, "lit": null }, "geometry": { "type": "Point", "coordinates": [ -8.4369194, 40.20187655 ] } },
{ "type": "Feature", "properties": { "full_id": "w307759188", "osm_id": "307759188", "stairs": null, "level": null, "ramp:wheelchair": null, "width": null, "bicycle": null, "alt_name": null, "historic": null, "tunnel": null, "access": null, "layer": null, "bridge": null, "foot": null, "surface": null, "step_count": null, "ramp": null, "name": null, "lit": null }, "geometry": { "type": "Point", "coordinates": [ -8.39679555, 40.19439045 ] } },
{ "type": "Feature", "properties": { "full_id": "w307759189", "osm_id": "307759189", "stairs": null, "level": null, "ramp:wheelchair": null, "width": null, "bicycle": null, "alt_name": null, "historic": null, "tunnel": null, "access": null, "layer": null, "bridge": null, "foot": null, "surface": null, "step_count": null, "ramp": null, "name": null, "lit": null }, "geometry": { "type": "Point", "coordinates": [ -8.39680555, 40.19425735 ] } },
{ "type": "Feature", "properties": { "full_id": "w310241732", "osm_id": "310241732", "stairs": null, "level": null, "ramp:wheelchair": null, "width": null, "bicycle": null, "alt_name": null, "historic": null, "tunnel": null, "access": null, "layer": null, "bridge": null, "foot": null, "surface": null, "step_count": null, "ramp": null, "name": "Beco da Amoreira", "lit": null }, "geometry": { "type": "Point", "coordinates": [ -8.42832685, 40.20692525 ] } },
{ "type": "Feature", "properties": { "full_id": "w315350271", "osm_id": "315350271", "stairs": null, "level": null, "ramp:wheelchair": null, "width": null, "bicycle": null, "alt_name": null, "historic": null, "tunnel": null, "access": null, "layer": null, "bridge": null, "foot": null, "surface": null, "step_count": null, "ramp": "no", "name": null, "lit": null }, "geometry": { "type": "Point", "coordinates": [ -8.4133382, 40.20566685 ] } },
{ "type": "Feature", "properties": { "full_id": "w317466591", "osm_id": "317466591", "stairs": null, "level": null, "ramp:wheelchair": null, "width": null, "bicycle": null, "alt_name": null, "historic": null, "tunnel": null, "access": null, "layer": null, "bridge": null, "foot": null, "surface": "sett", "step_count": "12", "ramp": "no", "name": null, "lit": null }, "geometry": { "type": "Point", "coordinates": [ -8.4007314, 40.20707515 ] } },
{ "type": "Feature", "properties": { "full_id": "w318305949", "osm_id": "318305949", "stairs": null, "level": null, "ramp:wheelchair": null, "width": null, "bicycle": null, "alt_name": null, "historic": null, "tunnel": null, "access": null, "layer": null, "bridge": null, "foot": null, "surface": null, "step_count": null, "ramp": null, "name": null, "lit": null }, "geometry": { "type": "Point", "coordinates": [ -8.43802345, 40.22606215 ] } },
{ "type": "Feature", "properties": { "full_id": "w318305958", "osm_id": "318305958", "stairs": null, "level": null, "ramp:wheelchair": null, "width": null, "bicycle": null, "alt_name": null, "historic": null, "tunnel": null, "access": null, "layer": null, "bridge": null, "foot": null, "surface": null, "step_count": null, "ramp": null, "name": null, "lit": null }, "geometry": { "type": "Point", "coordinates": [ -8.4387994, 40.2281487 ] } },
{ "type": "Feature", "properties": { "full_id": "w319153090", "osm_id": "319153090", "stairs": null, "level": null, "ramp:wheelchair": null, "width": null, "bicycle": null, "alt_name": null, "historic": null, "tunnel": null, "access": null, "layer": null, "bridge": null, "foot": null, "surface": null, "step_count": null, "ramp": null, "name": null, "lit": null }, "geometry": { "type": "Point", "coordinates": [ -8.448405260673583, 40.200163645598145 ] } },
{ "type": "Feature", "properties": { "full_id": "w319153092", "osm_id": "319153092", "stairs": null, "level": null, "ramp:wheelchair": null, "width": null, "bicycle": null, "alt_name": null, "historic": null, "tunnel": null, "access": null, "layer": null, "bridge": null, "foot": null, "surface": null, "step_count": null, "ramp": null, "name": null, "lit": null }, "geometry": { "type": "Point", "coordinates": [ -8.448755660476229, 40.201418457485332 ] } },
{ "type": "Feature", "properties": { "full_id": "w319154225", "osm_id": "319154225", "stairs": null, "level": null, "ramp:wheelchair": null, "width": null, "bicycle": null, "alt_name": null, "historic": null, "tunnel": null, "access": null, "layer": null, "bridge": null, "foot": null, "surface": null, "step_count": null, "ramp": null, "name": null, "lit": null }, "geometry": { "type": "Point", "coordinates": [ -8.4477218, 40.19803 ] } },
{ "type": "Feature", "properties": { "full_id": "w321225457", "osm_id": "321225457", "stairs": null, "level": null, "ramp:wheelchair": null, "width": null, "bicycle": null, "alt_name": null, "historic": null, "tunnel": null, "access": null, "layer": null, "bridge": null, "foot": null, "surface": null, "step_count": null, "ramp": null, "name": "Beco de São Marcos", "lit": null }, "geometry": { "type": "Point", "coordinates": [ -8.427197265905317, 40.210377705181749 ] } },
{ "type": "Feature", "properties": { "full_id": "w326170547", "osm_id": "326170547", "stairs": null, "level": null, "ramp:wheelchair": null, "width": null, "bicycle": null, "alt_name": null, "historic": null, "tunnel": null, "access": null, "layer": null, "bridge": null, "foot": null, "surface": null, "step_count": null, "ramp": null, "name": null, "lit": null }, "geometry": { "type": "Point", "coordinates": [ -8.373059037874446, 40.179039750078303 ] } },
{ "type": "Feature", "properties": { "full_id": "w335401972", "osm_id": "335401972", "stairs": null, "level": null, "ramp:wheelchair": null, "width": null, "bicycle": null, "alt_name": null, "historic": null, "tunnel": null, "access": null, "layer": null, "bridge": null, "foot": null, "surface": null, "step_count": null, "ramp": null, "name": null, "lit": null }, "geometry": { "type": "Point", "coordinates": [ -8.43964265, 40.197431 ] } },
{ "type": "Feature", "properties": { "full_id": "w342652672", "osm_id": "342652672", "stairs": null, "level": null, "ramp:wheelchair": null, "width": null, "bicycle": null, "alt_name": null, "historic": null, "tunnel": null, "access": null, "layer": null, "bridge": null, "foot": null, "surface": null, "step_count": null, "ramp": null, "name": null, "lit": null }, "geometry": { "type": "Point", "coordinates": [ -8.4604177, 40.19609855 ] } },
{ "type": "Feature", "properties": { "full_id": "w344266003", "osm_id": "344266003", "stairs": null, "level": null, "ramp:wheelchair": null, "width": null, "bicycle": null, "alt_name": null, "historic": null, "tunnel": null, "access": null, "layer": null, "bridge": null, "foot": null, "surface": null, "step_count": null, "ramp": null, "name": "Beco da Pedreira", "lit": null }, "geometry": { "type": "Point", "coordinates": [ -8.426329746778167, 40.206657919814205 ] } },
{ "type": "Feature", "properties": { "full_id": "w344266007", "osm_id": "344266007", "stairs": null, "level": null, "ramp:wheelchair": null, "width": null, "bicycle": null, "alt_name": null, "historic": null, "tunnel": null, "access": null, "layer": null, "bridge": null, "foot": null, "surface": null, "step_count": null, "ramp": null, "name": "Beco da Pedreira", "lit": null }, "geometry": { "type": "Point", "coordinates": [ -8.4263726, 40.2065859 ] } },
{ "type": "Feature", "properties": { "full_id": "w380028783", "osm_id": "380028783", "stairs": null, "level": null, "ramp:wheelchair": null, "width": null, "bicycle": "yes", "alt_name": null, "historic": null, "tunnel": null, "access": null, "layer": null, "bridge": null, "foot": null, "surface": "concrete", "step_count": "31", "ramp": "no", "name": null, "lit": "no" }, "geometry": { "type": "Point", "coordinates": [ -8.45131755, 40.2141324 ] } },
{ "type": "Feature", "properties": { "full_id": "w380028822", "osm_id": "380028822", "stairs": null, "level": null, "ramp:wheelchair": null, "width": null, "bicycle": "yes", "alt_name": null, "historic": null, "tunnel": null, "access": null, "layer": null, "bridge": null, "foot": null, "surface": "concrete", "step_count": "32", "ramp": "no", "name": null, "lit": "no" }, "geometry": { "type": "Point", "coordinates": [ -8.4513796, 40.2144562 ] } },
{ "type": "Feature", "properties": { "full_id": "w380028830", "osm_id": "380028830", "stairs": null, "level": null, "ramp:wheelchair": null, "width": null, "bicycle": null, "alt_name": null, "historic": null, "tunnel": null, "access": null, "layer": null, "bridge": null, "foot": null, "surface": "concrete", "step_count": null, "ramp": "no", "name": null, "lit": "yes" }, "geometry": { "type": "Point", "coordinates": [ -8.400220067288389, 40.211005294625778 ] } },
{ "type": "Feature", "properties": { "full_id": "w386952736", "osm_id": "386952736", "stairs": null, "level": null, "ramp:wheelchair": null, "width": null, "bicycle": null, "alt_name": null, "historic": null, "tunnel": null, "access": null, "layer": null, "bridge": null, "foot": null, "surface": "sett", "step_count": "7", "ramp": "no", "name": "Azinhaga dos Lázaros", "lit": null }, "geometry": { "type": "Point", "coordinates": [ -8.434840392488544, 40.215875597912941 ] } },
{ "type": "Feature", "properties": { "full_id": "w461409298", "osm_id": "461409298", "stairs": null, "level": null, "ramp:wheelchair": null, "width": null, "bicycle": null, "alt_name": null, "historic": null, "tunnel": null, "access": null, "layer": null, "bridge": null, "foot": null, "surface": null, "step_count": null, "ramp": null, "name": null, "lit": null }, "geometry": { "type": "Point", "coordinates": [ -8.397210548207763, 40.195130885223257 ] } },
{ "type": "Feature", "properties": { "full_id": "w461409302", "osm_id": "461409302", "stairs": null, "level": null, "ramp:wheelchair": null, "width": null, "bicycle": null, "alt_name": null, "historic": null, "tunnel": null, "access": null, "layer": null, "bridge": null, "foot": null, "surface": null, "step_count": null, "ramp": null, "name": null, "lit": null }, "geometry": { "type": "Point", "coordinates": [ -8.3974028, 40.19441 ] } },
{ "type": "Feature", "properties": { "full_id": "w461409305", "osm_id": "461409305", "stairs": null, "level": null, "ramp:wheelchair": null, "width": null, "bicycle": null, "alt_name": null, "historic": null, "tunnel": null, "access": null, "layer": null, "bridge": null, "foot": null, "surface": null, "step_count": null, "ramp": null, "name": null, "lit": null }, "geometry": { "type": "Point", "coordinates": [ -8.3957448, 40.1956895 ] } },
{ "type": "Feature", "properties": { "full_id": "w461409306", "osm_id": "461409306", "stairs": null, "level": null, "ramp:wheelchair": null, "width": null, "bicycle": null, "alt_name": null, "historic": null, "tunnel": null, "access": null, "layer": null, "bridge": null, "foot": null, "surface": null, "step_count": null, "ramp": null, "name": null, "lit": null }, "geometry": { "type": "Point", "coordinates": [ -8.394233382230592, 40.195292520094064 ] } },
{ "type": "Feature", "properties": { "full_id": "w461409307", "osm_id": "461409307", "stairs": null, "level": null, "ramp:wheelchair": null, "width": null, "bicycle": null, "alt_name": null, "historic": null, "tunnel": null, "access": null, "layer": null, "bridge": null, "foot": null, "surface": null, "step_count": null, "ramp": null, "name": null, "lit": null }, "geometry": { "type": "Point", "coordinates": [ -8.394249182158436, 40.194037019488199 ] } },
{ "type": "Feature", "properties": { "full_id": "w461409310", "osm_id": "461409310", "stairs": null, "level": null, "ramp:wheelchair": null, "width": null, "bicycle": null, "alt_name": null, "historic": null, "tunnel": null, "access": null, "layer": null, "bridge": null, "foot": null, "surface": null, "step_count": null, "ramp": null, "name": null, "lit": null }, "geometry": { "type": "Point", "coordinates": [ -8.394047073015598, 40.19314616761725 ] } },
{ "type": "Feature", "properties": { "full_id": "w461409311", "osm_id": "461409311", "stairs": null, "level": null, "ramp:wheelchair": null, "width": null, "bicycle": null, "alt_name": null, "historic": null, "tunnel": null, "access": null, "layer": null, "bridge": null, "foot": null, "surface": null, "step_count": null, "ramp": null, "name": null, "lit": null }, "geometry": { "type": "Point", "coordinates": [ -8.395558706405565, 40.194639558519803 ] } },
{ "type": "Feature", "properties": { "full_id": "w461410144", "osm_id": "461410144", "stairs": null, "level": null, "ramp:wheelchair": null, "width": null, "bicycle": null, "alt_name": null, "historic": null, "tunnel": null, "access": null, "layer": null, "bridge": null, "foot": null, "surface": null, "step_count": null, "ramp": null, "name": null, "lit": null }, "geometry": { "type": "Point", "coordinates": [ -8.3969448, 40.19420035 ] } },
{ "type": "Feature", "properties": { "full_id": "w461410147", "osm_id": "461410147", "stairs": null, "level": null, "ramp:wheelchair": null, "width": null, "bicycle": null, "alt_name": null, "historic": null, "tunnel": null, "access": null, "layer": null, "bridge": null, "foot": null, "surface": null, "step_count": null, "ramp": null, "name": null, "lit": null }, "geometry": { "type": "Point", "coordinates": [ -8.3975929, 40.19542795 ] } },
{ "type": "Feature", "properties": { "full_id": "w468757216", "osm_id": "468757216", "stairs": null, "level": null, "ramp:wheelchair": null, "width": null, "bicycle": null, "alt_name": null, "historic": null, "tunnel": null, "access": "customers", "layer": null, "bridge": null, "foot": null, "surface": null, "step_count": null, "ramp": null, "name": null, "lit": null }, "geometry": { "type": "Point", "coordinates": [ -8.40957605, 40.2150285 ] } },
{ "type": "Feature", "properties": { "full_id": "w468757227", "osm_id": "468757227", "stairs": null, "level": null, "ramp:wheelchair": null, "width": null, "bicycle": null, "alt_name": null, "historic": null, "tunnel": null, "access": "customers", "layer": null, "bridge": null, "foot": null, "surface": null, "step_count": null, "ramp": null, "name": null, "lit": null }, "geometry": { "type": "Point", "coordinates": [ -8.40900405, 40.214705 ] } },
{ "type": "Feature", "properties": { "full_id": "w486765703", "osm_id": "486765703", "stairs": null, "level": null, "ramp:wheelchair": null, "width": null, "bicycle": null, "alt_name": null, "historic": null, "tunnel": null, "access": null, "layer": null, "bridge": null, "foot": null, "surface": "paved", "step_count": null, "ramp": null, "name": null, "lit": null }, "geometry": { "type": "Point", "coordinates": [ -8.437930298163955, 40.228091803113443 ] } },
{ "type": "Feature", "properties": { "full_id": "w486765705", "osm_id": "486765705", "stairs": null, "level": null, "ramp:wheelchair": null, "width": null, "bicycle": null, "alt_name": null, "historic": null, "tunnel": null, "access": null, "layer": null, "bridge": null, "foot": null, "surface": "paved", "step_count": null, "ramp": null, "name": null, "lit": null }, "geometry": { "type": "Point", "coordinates": [ -8.4379476, 40.2270911 ] } },
{ "type": "Feature", "properties": { "full_id": "w579140641", "osm_id": "579140641", "stairs": null, "level": null, "ramp:wheelchair": null, "width": null, "bicycle": null, "alt_name": null, "historic": null, "tunnel": null, "access": null, "layer": null, "bridge": null, "foot": null, "surface": null, "step_count": null, "ramp": null, "name": null, "lit": null }, "geometry": { "type": "Point", "coordinates": [ -8.44971335, 40.17602955 ] } },
{ "type": "Feature", "properties": { "full_id": "w579400268", "osm_id": "579400268", "stairs": null, "level": null, "ramp:wheelchair": null, "width": null, "bicycle": null, "alt_name": null, "historic": null, "tunnel": null, "access": null, "layer": null, "bridge": null, "foot": null, "surface": "paving_stones", "step_count": "18", "ramp": "no", "name": "Escada dos Gatos", "lit": null }, "geometry": { "type": "Point", "coordinates": [ -8.4294205, 40.2076927 ] } },
{ "type": "Feature", "properties": { "full_id": "w615466584", "osm_id": "615466584", "stairs": null, "level": null, "ramp:wheelchair": null, "width": null, "bicycle": null, "alt_name": null, "historic": null, "tunnel": null, "access": null, "layer": null, "bridge": null, "foot": null, "surface": "concrete", "step_count": null, "ramp": null, "name": null, "lit": null }, "geometry": { "type": "Point", "coordinates": [ -8.417317292368979, 40.197475332614587 ] } },
{ "type": "Feature", "properties": { "full_id": "w634991765", "osm_id": "634991765", "stairs": null, "level": null, "ramp:wheelchair": null, "width": null, "bicycle": null, "alt_name": null, "historic": null, "tunnel": null, "access": null, "layer": null, "bridge": null, "foot": null, "surface": "metal", "step_count": "6", "ramp": "no", "name": null, "lit": "yes" }, "geometry": { "type": "Point", "coordinates": [ -8.41413925, 40.21402635 ] } },
{ "type": "Feature", "properties": { "full_id": "w639373759", "osm_id": "639373759", "stairs": null, "level": null, "ramp:wheelchair": null, "width": null, "bicycle": null, "alt_name": null, "historic": null, "tunnel": null, "access": null, "layer": null, "bridge": null, "foot": null, "surface": "paving_stones", "step_count": null, "ramp": "no", "name": null, "lit": null }, "geometry": { "type": "Point", "coordinates": [ -8.4015572, 40.18926715 ] } },
{ "type": "Feature", "properties": { "full_id": "w641437874", "osm_id": "641437874", "stairs": null, "level": null, "ramp:wheelchair": null, "width": null, "bicycle": null, "alt_name": null, "historic": null, "tunnel": null, "access": null, "layer": null, "bridge": null, "foot": null, "surface": "paving_stones", "step_count": null, "ramp": "no", "name": null, "lit": null }, "geometry": { "type": "Point", "coordinates": [ -8.411750976537022, 40.190932100126922 ] } },
{ "type": "Feature", "properties": { "full_id": "w641718878", "osm_id": "641718878", "stairs": null, "level": null, "ramp:wheelchair": null, "width": null, "bicycle": null, "alt_name": null, "historic": null, "tunnel": null, "access": null, "layer": null, "bridge": null, "foot": null, "surface": null, "step_count": null, "ramp": null, "name": null, "lit": null }, "geometry": { "type": "Point", "coordinates": [ -8.4211646, 40.19785165 ] } },
{ "type": "Feature", "properties": { "full_id": "w641761928", "osm_id": "641761928", "stairs": null, "level": null, "ramp:wheelchair": null, "width": null, "bicycle": null, "alt_name": null, "historic": null, "tunnel": null, "access": null, "layer": null, "bridge": null, "foot": null, "surface": "concrete", "step_count": null, "ramp": "no", "name": null, "lit": "no" }, "geometry": { "type": "Point", "coordinates": [ -8.401400338804205, 40.196389617640314 ] } },
{ "type": "Feature", "properties": { "full_id": "w647085195", "osm_id": "647085195", "stairs": null, "level": null, "ramp:wheelchair": null, "width": null, "bicycle": null, "alt_name": null, "historic": null, "tunnel": null, "access": null, "layer": null, "bridge": null, "foot": null, "surface": null, "step_count": null, "ramp": "no", "name": null, "lit": null }, "geometry": { "type": "Point", "coordinates": [ -8.431802444312952, 40.2029133263826 ] } },
{ "type": "Feature", "properties": { "full_id": "w647085200", "osm_id": "647085200", "stairs": null, "level": null, "ramp:wheelchair": null, "width": null, "bicycle": null, "alt_name": null, "historic": null, "tunnel": null, "access": null, "layer": null, "bridge": null, "foot": null, "surface": null, "step_count": "7", "ramp": "no", "name": null, "lit": null }, "geometry": { "type": "Point", "coordinates": [ -8.4334523, 40.20323855 ] } },
{ "type": "Feature", "properties": { "full_id": "w647085202", "osm_id": "647085202", "stairs": null, "level": null, "ramp:wheelchair": null, "width": null, "bicycle": null, "alt_name": null, "historic": null, "tunnel": null, "access": null, "layer": null, "bridge": null, "foot": null, "surface": null, "step_count": "12", "ramp": "no", "name": null, "lit": null }, "geometry": { "type": "Point", "coordinates": [ -8.4325527, 40.20276295 ] } },
{ "type": "Feature", "properties": { "full_id": "w647085224", "osm_id": "647085224", "stairs": null, "level": null, "ramp:wheelchair": null, "width": "6.6", "bicycle": "discouraged", "alt_name": null, "historic": null, "tunnel": null, "access": null, "layer": null, "bridge": null, "foot": null, "surface": null, "step_count": "12", "ramp": "no", "name": null, "lit": null }, "geometry": { "type": "Point", "coordinates": [ -8.43225675, 40.2034374 ] } },
{ "type": "Feature", "properties": { "full_id": "w647085240", "osm_id": "647085240", "stairs": null, "level": null, "ramp:wheelchair": null, "width": null, "bicycle": null, "alt_name": null, "historic": null, "tunnel": null, "access": "customers", "layer": null, "bridge": null, "foot": null, "surface": null, "step_count": null, "ramp": null, "name": null, "lit": null }, "geometry": { "type": "Point", "coordinates": [ -8.4336694, 40.20253385 ] } },
{ "type": "Feature", "properties": { "full_id": "w647085242", "osm_id": "647085242", "stairs": null, "level": null, "ramp:wheelchair": null, "width": null, "bicycle": null, "alt_name": null, "historic": null, "tunnel": null, "access": "customers", "layer": null, "bridge": null, "foot": null, "surface": "wood", "step_count": null, "ramp": null, "name": null, "lit": null }, "geometry": { "type": "Point", "coordinates": [ -8.43372685, 40.20249455 ] } },
{ "type": "Feature", "properties": { "full_id": "w647085247", "osm_id": "647085247", "stairs": null, "level": null, "ramp:wheelchair": null, "width": null, "bicycle": null, "alt_name": null, "historic": null, "tunnel": null, "access": "customers", "layer": null, "bridge": null, "foot": null, "surface": "wood", "step_count": null, "ramp": null, "name": null, "lit": null }, "geometry": { "type": "Point", "coordinates": [ -8.43332025, 40.20303455 ] } },
{ "type": "Feature", "properties": { "full_id": "w647088212", "osm_id": "647088212", "stairs": null, "level": null, "ramp:wheelchair": null, "width": null, "bicycle": null, "alt_name": null, "historic": null, "tunnel": null, "access": null, "layer": null, "bridge": null, "foot": null, "surface": null, "step_count": null, "ramp": "no", "name": null, "lit": null }, "geometry": { "type": "Point", "coordinates": [ -8.4298978, 40.20023785 ] } },
{ "type": "Feature", "properties": { "full_id": "w647089491", "osm_id": "647089491", "stairs": null, "level": null, "ramp:wheelchair": null, "width": null, "bicycle": null, "alt_name": null, "historic": null, "tunnel": null, "access": null, "layer": null, "bridge": null, "foot": null, "surface": "concrete", "step_count": "14", "ramp": "no", "name": null, "lit": "yes" }, "geometry": { "type": "Point", "coordinates": [ -8.4304525, 40.2002235 ] } },
{ "type": "Feature", "properties": { "full_id": "w691448616", "osm_id": "691448616", "stairs": null, "level": null, "ramp:wheelchair": null, "width": "8", "bicycle": null, "alt_name": null, "historic": null, "tunnel": null, "access": null, "layer": null, "bridge": null, "foot": null, "surface": "concrete", "step_count": "13", "ramp": "no", "name": null, "lit": "yes" }, "geometry": { "type": "Point", "coordinates": [ -8.43242595, 40.2044873 ] } },
{ "type": "Feature", "properties": { "full_id": "w729213016", "osm_id": "729213016", "stairs": null, "level": null, "ramp:wheelchair": null, "width": null, "bicycle": null, "alt_name": null, "historic": null, "tunnel": null, "access": "customers", "layer": null, "bridge": null, "foot": null, "surface": "wood", "step_count": null, "ramp": null, "name": null, "lit": null }, "geometry": { "type": "Point", "coordinates": [ -8.4335082, 40.20292935 ] } },
{ "type": "Feature", "properties": { "full_id": "w729213018", "osm_id": "729213018", "stairs": null, "level": null, "ramp:wheelchair": null, "width": null, "bicycle": null, "alt_name": null, "historic": null, "tunnel": null, "access": "customers", "layer": null, "bridge": null, "foot": null, "surface": "wood", "step_count": null, "ramp": null, "name": null, "lit": null }, "geometry": { "type": "Point", "coordinates": [ -8.4338353, 40.2026958 ] } },
{ "type": "Feature", "properties": { "full_id": "w729213020", "osm_id": "729213020", "stairs": null, "level": null, "ramp:wheelchair": null, "width": null, "bicycle": null, "alt_name": null, "historic": null, "tunnel": null, "access": "customers", "layer": null, "bridge": null, "foot": null, "surface": "wood", "step_count": null, "ramp": null, "name": null, "lit": null }, "geometry": { "type": "Point", "coordinates": [ -8.4336895, 40.2024292 ] } },
{ "type": "Feature", "properties": { "full_id": "w759678296", "osm_id": "759678296", "stairs": null, "level": null, "ramp:wheelchair": null, "width": null, "bicycle": null, "alt_name": null, "historic": null, "tunnel": null, "access": null, "layer": null, "bridge": null, "foot": null, "surface": null, "step_count": null, "ramp": null, "name": null, "lit": null }, "geometry": { "type": "Point", "coordinates": [ -8.413293, 40.21246055 ] } },
{ "type": "Feature", "properties": { "full_id": "w759678298", "osm_id": "759678298", "stairs": null, "level": null, "ramp:wheelchair": null, "width": null, "bicycle": null, "alt_name": null, "historic": null, "tunnel": null, "access": null, "layer": null, "bridge": null, "foot": null, "surface": null, "step_count": null, "ramp": null, "name": null, "lit": null }, "geometry": { "type": "Point", "coordinates": [ -8.41331235, 40.2124231 ] } },
{ "type": "Feature", "properties": { "full_id": "w759678299", "osm_id": "759678299", "stairs": null, "level": null, "ramp:wheelchair": null, "width": null, "bicycle": null, "alt_name": null, "historic": null, "tunnel": null, "access": null, "layer": null, "bridge": null, "foot": null, "surface": null, "step_count": null, "ramp": null, "name": null, "lit": null }, "geometry": { "type": "Point", "coordinates": [ -8.4133509, 40.21245205 ] } },
{ "type": "Feature", "properties": { "full_id": "w759678306", "osm_id": "759678306", "stairs": null, "level": null, "ramp:wheelchair": null, "width": null, "bicycle": null, "alt_name": null, "historic": null, "tunnel": null, "access": null, "layer": null, "bridge": null, "foot": null, "surface": null, "step_count": null, "ramp": null, "name": null, "lit": null }, "geometry": { "type": "Point", "coordinates": [ -8.41289975, 40.2126144 ] } },
{ "type": "Feature", "properties": { "full_id": "w759922356", "osm_id": "759922356", "stairs": null, "level": null, "ramp:wheelchair": null, "width": null, "bicycle": null, "alt_name": null, "historic": null, "tunnel": null, "access": null, "layer": null, "bridge": null, "foot": null, "surface": "sett", "step_count": "31", "ramp": "no", "name": null, "lit": "no" }, "geometry": { "type": "Point", "coordinates": [ -8.39865685, 40.2106269 ] } },
{ "type": "Feature", "properties": { "full_id": "w759922367", "osm_id": "759922367", "stairs": null, "level": null, "ramp:wheelchair": null, "width": null, "bicycle": null, "alt_name": null, "historic": null, "tunnel": null, "access": null, "layer": null, "bridge": null, "foot": null, "surface": null, "step_count": null, "ramp": null, "name": null, "lit": null }, "geometry": { "type": "Point", "coordinates": [ -8.40148455, 40.213546 ] } },
{ "type": "Feature", "properties": { "full_id": "w759922371", "osm_id": "759922371", "stairs": null, "level": null, "ramp:wheelchair": null, "width": null, "bicycle": null, "alt_name": null, "historic": null, "tunnel": null, "access": null, "layer": null, "bridge": null, "foot": null, "surface": "paving_stones", "step_count": "6", "ramp": "no", "name": null, "lit": "no" }, "geometry": { "type": "Point", "coordinates": [ -8.4016809, 40.2102427 ] } },
{ "type": "Feature", "properties": { "full_id": "w760431956", "osm_id": "760431956", "stairs": null, "level": null, "ramp:wheelchair": null, "width": null, "bicycle": null, "alt_name": null, "historic": null, "tunnel": null, "access": null, "layer": null, "bridge": null, "foot": null, "surface": null, "step_count": null, "ramp": null, "name": null, "lit": null }, "geometry": { "type": "Point", "coordinates": [ -8.43628065, 40.22871345 ] } },
{ "type": "Feature", "properties": { "full_id": "w760431958", "osm_id": "760431958", "stairs": null, "level": null, "ramp:wheelchair": null, "width": null, "bicycle": null, "alt_name": null, "historic": null, "tunnel": null, "access": null, "layer": null, "bridge": null, "foot": null, "surface": null, "step_count": null, "ramp": null, "name": null, "lit": null }, "geometry": { "type": "Point", "coordinates": [ -8.4362546, 40.2289487 ] } },
{ "type": "Feature", "properties": { "full_id": "w760431959", "osm_id": "760431959", "stairs": null, "level": null, "ramp:wheelchair": null, "width": null, "bicycle": null, "alt_name": null, "historic": null, "tunnel": null, "access": null, "layer": null, "bridge": null, "foot": null, "surface": null, "step_count": null, "ramp": null, "name": null, "lit": null }, "geometry": { "type": "Point", "coordinates": [ -8.4365691, 40.22896965 ] } },
{ "type": "Feature", "properties": { "full_id": "w760431960", "osm_id": "760431960", "stairs": null, "level": null, "ramp:wheelchair": null, "width": null, "bicycle": null, "alt_name": null, "historic": null, "tunnel": null, "access": null, "layer": null, "bridge": null, "foot": null, "surface": null, "step_count": null, "ramp": null, "name": null, "lit": null }, "geometry": { "type": "Point", "coordinates": [ -8.43624745, 40.2291829 ] } },
{ "type": "Feature", "properties": { "full_id": "w760431961", "osm_id": "760431961", "stairs": null, "level": null, "ramp:wheelchair": null, "width": null, "bicycle": null, "alt_name": null, "historic": null, "tunnel": null, "access": null, "layer": null, "bridge": null, "foot": null, "surface": null, "step_count": null, "ramp": null, "name": null, "lit": null }, "geometry": { "type": "Point", "coordinates": [ -8.43654435, 40.2292027 ] } },
{ "type": "Feature", "properties": { "full_id": "w760431962", "osm_id": "760431962", "stairs": null, "level": null, "ramp:wheelchair": null, "width": null, "bicycle": null, "alt_name": null, "historic": null, "tunnel": null, "access": null, "layer": null, "bridge": null, "foot": null, "surface": null, "step_count": null, "ramp": null, "name": null, "lit": null }, "geometry": { "type": "Point", "coordinates": [ -8.4362353, 40.2294164 ] } },
{ "type": "Feature", "properties": { "full_id": "w760431963", "osm_id": "760431963", "stairs": null, "level": null, "ramp:wheelchair": null, "width": null, "bicycle": null, "alt_name": null, "historic": null, "tunnel": null, "access": null, "layer": null, "bridge": null, "foot": null, "surface": null, "step_count": null, "ramp": null, "name": null, "lit": null }, "geometry": { "type": "Point", "coordinates": [ -8.43651825, 40.2294353 ] } },
{ "type": "Feature", "properties": { "full_id": "w760431996", "osm_id": "760431996", "stairs": null, "level": null, "ramp:wheelchair": null, "width": null, "bicycle": null, "alt_name": null, "historic": null, "tunnel": null, "access": null, "layer": null, "bridge": null, "foot": null, "surface": null, "step_count": null, "ramp": null, "name": null, "lit": null }, "geometry": { "type": "Point", "coordinates": [ -8.435932, 40.22939615 ] } },
{ "type": "Feature", "properties": { "full_id": "w760431999", "osm_id": "760431999", "stairs": null, "level": null, "ramp:wheelchair": null, "width": null, "bicycle": null, "alt_name": null, "historic": null, "tunnel": null, "access": null, "layer": null, "bridge": null, "foot": null, "surface": null, "step_count": null, "ramp": null, "name": null, "lit": null }, "geometry": { "type": "Point", "coordinates": [ -8.43682345, 40.22945565 ] } },
{ "type": "Feature", "properties": { "full_id": "w760432000", "osm_id": "760432000", "stairs": null, "level": null, "ramp:wheelchair": null, "width": null, "bicycle": null, "alt_name": null, "historic": null, "tunnel": null, "access": null, "layer": null, "bridge": null, "foot": null, "surface": null, "step_count": null, "ramp": null, "name": null, "lit": null }, "geometry": { "type": "Point", "coordinates": [ -8.4359807, 40.2289304 ] } },
{ "type": "Feature", "properties": { "full_id": "w760432003", "osm_id": "760432003", "stairs": null, "level": null, "ramp:wheelchair": null, "width": null, "bicycle": null, "alt_name": null, "historic": null, "tunnel": null, "access": null, "layer": null, "bridge": null, "foot": null, "surface": null, "step_count": null, "ramp": null, "name": null, "lit": null }, "geometry": { "type": "Point", "coordinates": [ -8.43683865, 40.22898765 ] } },
{ "type": "Feature", "properties": { "full_id": "w760432004", "osm_id": "760432004", "stairs": null, "level": null, "ramp:wheelchair": null, "width": null, "bicycle": null, "alt_name": null, "historic": null, "tunnel": null, "access": null, "layer": null, "bridge": null, "foot": null, "surface": null, "step_count": null, "ramp": null, "name": null, "lit": null }, "geometry": { "type": "Point", "coordinates": [ -8.4359582, 40.22869195 ] } },
{ "type": "Feature", "properties": { "full_id": "w760432006", "osm_id": "760432006", "stairs": null, "level": null, "ramp:wheelchair": null, "width": null, "bicycle": null, "alt_name": null, "historic": null, "tunnel": null, "access": null, "layer": null, "bridge": null, "foot": null, "surface": null, "step_count": null, "ramp": null, "name": null, "lit": null }, "geometry": { "type": "Point", "coordinates": [ -8.436595, 40.22873445 ] } },
{ "type": "Feature", "properties": { "full_id": "w760432008", "osm_id": "760432008", "stairs": null, "level": null, "ramp:wheelchair": null, "width": null, "bicycle": null, "alt_name": null, "historic": null, "tunnel": null, "access": null, "layer": null, "bridge": null, "foot": null, "surface": null, "step_count": null, "ramp": null, "name": null, "lit": null }, "geometry": { "type": "Point", "coordinates": [ -8.4359564, 40.2291635 ] } },
{ "type": "Feature", "properties": { "full_id": "w760432011", "osm_id": "760432011", "stairs": null, "level": null, "ramp:wheelchair": null, "width": null, "bicycle": null, "alt_name": null, "historic": null, "tunnel": null, "access": null, "layer": null, "bridge": null, "foot": null, "surface": null, "step_count": null, "ramp": null, "name": null, "lit": null }, "geometry": { "type": "Point", "coordinates": [ -8.4368514, 40.22922325 ] } },
{ "type": "Feature", "properties": { "full_id": "w760432019", "osm_id": "760432019", "stairs": null, "level": null, "ramp:wheelchair": null, "width": null, "bicycle": null, "alt_name": null, "historic": null, "tunnel": null, "access": null, "layer": null, "bridge": null, "foot": null, "surface": null, "step_count": null, "ramp": null, "name": null, "lit": null }, "geometry": { "type": "Point", "coordinates": [ -8.43686685, 40.22875255 ] } },
{ "type": "Feature", "properties": { "full_id": "w762572917", "osm_id": "762572917", "stairs": null, "level": null, "ramp:wheelchair": null, "width": null, "bicycle": null, "alt_name": null, "historic": null, "tunnel": null, "access": null, "layer": null, "bridge": null, "foot": null, "surface": null, "step_count": "37", "ramp": "no", "name": null, "lit": null }, "geometry": { "type": "Point", "coordinates": [ -8.4380224, 40.2076055 ] } },
{ "type": "Feature", "properties": { "full_id": "w762572925", "osm_id": "762572925", "stairs": null, "level": null, "ramp:wheelchair": null, "width": null, "bicycle": null, "alt_name": null, "historic": null, "tunnel": null, "access": null, "layer": null, "bridge": null, "foot": null, "surface": null, "step_count": "37", "ramp": "no", "name": null, "lit": null }, "geometry": { "type": "Point", "coordinates": [ -8.4377636, 40.20771245 ] } },
{ "type": "Feature", "properties": { "full_id": "w762572953", "osm_id": "762572953", "stairs": null, "level": null, "ramp:wheelchair": null, "width": null, "bicycle": null, "alt_name": null, "historic": null, "tunnel": null, "access": null, "layer": null, "bridge": null, "foot": null, "surface": "sett", "step_count": "12", "ramp": "no", "name": null, "lit": null }, "geometry": { "type": "Point", "coordinates": [ -8.43917605, 40.2158963 ] } },
{ "type": "Feature", "properties": { "full_id": "w762572958", "osm_id": "762572958", "stairs": null, "level": null, "ramp:wheelchair": null, "width": null, "bicycle": null, "alt_name": null, "historic": null, "tunnel": null, "access": null, "layer": null, "bridge": null, "foot": null, "surface": null, "step_count": null, "ramp": "no", "name": null, "lit": null }, "geometry": { "type": "Point", "coordinates": [ -8.4424829, 40.2146216 ] } },
{ "type": "Feature", "properties": { "full_id": "w762946423", "osm_id": "762946423", "stairs": null, "level": null, "ramp:wheelchair": null, "width": null, "bicycle": null, "alt_name": null, "historic": null, "tunnel": null, "access": null, "layer": null, "bridge": null, "foot": null, "surface": null, "step_count": null, "ramp": null, "name": null, "lit": null }, "geometry": { "type": "Point", "coordinates": [ -8.41261545, 40.21090775 ] } },
{ "type": "Feature", "properties": { "full_id": "w762946424", "osm_id": "762946424", "stairs": null, "level": null, "ramp:wheelchair": null, "width": null, "bicycle": null, "alt_name": null, "historic": null, "tunnel": null, "access": null, "layer": null, "bridge": null, "foot": null, "surface": null, "step_count": null, "ramp": null, "name": null, "lit": null }, "geometry": { "type": "Point", "coordinates": [ -8.41269785, 40.2108412 ] } },
{ "type": "Feature", "properties": { "full_id": "w762946428", "osm_id": "762946428", "stairs": null, "level": null, "ramp:wheelchair": null, "width": null, "bicycle": null, "alt_name": null, "historic": null, "tunnel": null, "access": "customers", "layer": null, "bridge": null, "foot": null, "surface": null, "step_count": null, "ramp": null, "name": null, "lit": null }, "geometry": { "type": "Point", "coordinates": [ -8.41349605, 40.2107692 ] } },
{ "type": "Feature", "properties": { "full_id": "w762946433", "osm_id": "762946433", "stairs": null, "level": null, "ramp:wheelchair": null, "width": null, "bicycle": null, "alt_name": null, "historic": null, "tunnel": null, "access": null, "layer": null, "bridge": null, "foot": null, "surface": null, "step_count": null, "ramp": null, "name": null, "lit": null }, "geometry": { "type": "Point", "coordinates": [ -8.4132146, 40.21004775 ] } },
{ "type": "Feature", "properties": { "full_id": "w762946435", "osm_id": "762946435", "stairs": null, "level": null, "ramp:wheelchair": null, "width": null, "bicycle": null, "alt_name": null, "historic": null, "tunnel": null, "access": null, "layer": null, "bridge": null, "foot": null, "surface": null, "step_count": null, "ramp": null, "name": null, "lit": null }, "geometry": { "type": "Point", "coordinates": [ -8.41312475, 40.2102149 ] } },
{ "type": "Feature", "properties": { "full_id": "w767686484", "osm_id": "767686484", "stairs": null, "level": null, "ramp:wheelchair": null, "width": null, "bicycle": null, "alt_name": null, "historic": null, "tunnel": null, "access": null, "layer": null, "bridge": null, "foot": null, "surface": null, "step_count": null, "ramp": null, "name": null, "lit": null }, "geometry": { "type": "Point", "coordinates": [ -8.404944, 40.2197829 ] } },
{ "type": "Feature", "properties": { "full_id": "w767686487", "osm_id": "767686487", "stairs": null, "level": null, "ramp:wheelchair": null, "width": null, "bicycle": null, "alt_name": null, "historic": null, "tunnel": null, "access": null, "layer": null, "bridge": null, "foot": null, "surface": null, "step_count": null, "ramp": null, "name": null, "lit": null }, "geometry": { "type": "Point", "coordinates": [ -8.404934861267325, 40.219217018520922 ] } },
{ "type": "Feature", "properties": { "full_id": "w767686492", "osm_id": "767686492", "stairs": null, "level": null, "ramp:wheelchair": null, "width": null, "bicycle": null, "alt_name": null, "historic": null, "tunnel": null, "access": null, "layer": null, "bridge": null, "foot": null, "surface": null, "step_count": null, "ramp": null, "name": null, "lit": null }, "geometry": { "type": "Point", "coordinates": [ -8.40527754157949, 40.219022083422175 ] } },
{ "type": "Feature", "properties": { "full_id": "w767686495", "osm_id": "767686495", "stairs": null, "level": null, "ramp:wheelchair": null, "width": null, "bicycle": null, "alt_name": null, "historic": null, "tunnel": null, "access": null, "layer": null, "bridge": null, "foot": null, "surface": null, "step_count": null, "ramp": null, "name": null, "lit": null }, "geometry": { "type": "Point", "coordinates": [ -8.404987632296482, 40.218956259727833 ] } },
{ "type": "Feature", "properties": { "full_id": "w767705758", "osm_id": "767705758", "stairs": null, "level": null, "ramp:wheelchair": null, "width": null, "bicycle": null, "alt_name": null, "historic": null, "tunnel": null, "access": "customers", "layer": null, "bridge": null, "foot": null, "surface": "paving_stones", "step_count": null, "ramp": null, "name": null, "lit": null }, "geometry": { "type": "Point", "coordinates": [ -8.40233905, 40.20832875 ] } },
{ "type": "Feature", "properties": { "full_id": "w767705764", "osm_id": "767705764", "stairs": null, "level": null, "ramp:wheelchair": null, "width": null, "bicycle": null, "alt_name": null, "historic": null, "tunnel": null, "access": null, "layer": null, "bridge": null, "foot": null, "surface": "paving_stones", "step_count": null, "ramp": "no", "name": null, "lit": null }, "geometry": { "type": "Point", "coordinates": [ -8.40278025, 40.20879705 ] } },
{ "type": "Feature", "properties": { "full_id": "w767740778", "osm_id": "767740778", "stairs": null, "level": null, "ramp:wheelchair": null, "width": null, "bicycle": null, "alt_name": null, "historic": null, "tunnel": null, "access": null, "layer": null, "bridge": null, "foot": null, "surface": "concrete", "step_count": null, "ramp": "no", "name": null, "lit": null }, "geometry": { "type": "Point", "coordinates": [ -8.3988157, 40.2165687 ] } },
{ "type": "Feature", "properties": { "full_id": "w767740779", "osm_id": "767740779", "stairs": null, "level": null, "ramp:wheelchair": null, "width": null, "bicycle": null, "alt_name": null, "historic": null, "tunnel": null, "access": null, "layer": null, "bridge": null, "foot": null, "surface": "concrete", "step_count": null, "ramp": "no", "name": null, "lit": null }, "geometry": { "type": "Point", "coordinates": [ -8.3987889, 40.2165179 ] } },
{ "type": "Feature", "properties": { "full_id": "w767740853", "osm_id": "767740853", "stairs": null, "level": null, "ramp:wheelchair": null, "width": null, "bicycle": null, "alt_name": null, "historic": null, "tunnel": null, "access": null, "layer": null, "bridge": null, "foot": null, "surface": "concrete", "step_count": null, "ramp": "no", "name": null, "lit": null }, "geometry": { "type": "Point", "coordinates": [ -8.40144645, 40.21446215 ] } },
{ "type": "Feature", "properties": { "full_id": "w767740864", "osm_id": "767740864", "stairs": null, "level": null, "ramp:wheelchair": null, "width": null, "bicycle": null, "alt_name": null, "historic": null, "tunnel": null, "access": null, "layer": null, "bridge": null, "foot": null, "surface": "wood", "step_count": null, "ramp": "no", "name": null, "lit": null }, "geometry": { "type": "Point", "coordinates": [ -8.400023522426221, 40.214452003818792 ] } },
{ "type": "Feature", "properties": { "full_id": "w767740866", "osm_id": "767740866", "stairs": null, "level": null, "ramp:wheelchair": null, "width": null, "bicycle": null, "alt_name": null, "historic": null, "tunnel": null, "access": null, "layer": null, "bridge": null, "foot": null, "surface": "sett", "step_count": "68", "ramp": "no", "name": null, "lit": "yes" }, "geometry": { "type": "Point", "coordinates": [ -8.3987096, 40.21505335 ] } },
{ "type": "Feature", "properties": { "full_id": "w767740868", "osm_id": "767740868", "stairs": null, "level": null, "ramp:wheelchair": null, "width": null, "bicycle": null, "alt_name": null, "historic": null, "tunnel": null, "access": null, "layer": null, "bridge": null, "foot": null, "surface": "sett", "step_count": "50", "ramp": "no", "name": null, "lit": "yes" }, "geometry": { "type": "Point", "coordinates": [ -8.399330139338085, 40.215199070360782 ] } },
{ "type": "Feature", "properties": { "full_id": "w767740871", "osm_id": "767740871", "stairs": null, "level": null, "ramp:wheelchair": null, "width": null, "bicycle": null, "alt_name": null, "historic": null, "tunnel": null, "access": null, "layer": null, "bridge": null, "foot": null, "surface": null, "step_count": null, "ramp": null, "name": null, "lit": null }, "geometry": { "type": "Point", "coordinates": [ -8.39914705, 40.21359795 ] } },
{ "type": "Feature", "properties": { "full_id": "w767740873", "osm_id": "767740873", "stairs": null, "level": null, "ramp:wheelchair": null, "width": null, "bicycle": null, "alt_name": null, "historic": null, "tunnel": null, "access": null, "layer": null, "bridge": null, "foot": null, "surface": null, "step_count": null, "ramp": null, "name": null, "lit": null }, "geometry": { "type": "Point", "coordinates": [ -8.39919185, 40.213603 ] } },
{ "type": "Feature", "properties": { "full_id": "w767740874", "osm_id": "767740874", "stairs": null, "level": null, "ramp:wheelchair": null, "width": null, "bicycle": null, "alt_name": null, "historic": null, "tunnel": null, "access": null, "layer": null, "bridge": null, "foot": null, "surface": null, "step_count": null, "ramp": null, "name": null, "lit": null }, "geometry": { "type": "Point", "coordinates": [ -8.39923255, 40.21361295 ] } },
{ "type": "Feature", "properties": { "full_id": "w767740877", "osm_id": "767740877", "stairs": null, "level": null, "ramp:wheelchair": null, "width": null, "bicycle": null, "alt_name": null, "historic": null, "tunnel": null, "access": null, "layer": null, "bridge": null, "foot": null, "surface": null, "step_count": null, "ramp": null, "name": null, "lit": null }, "geometry": { "type": "Point", "coordinates": [ -8.39926875, 40.213625 ] } },
{ "type": "Feature", "properties": { "full_id": "w767740878", "osm_id": "767740878", "stairs": null, "level": null, "ramp:wheelchair": null, "width": null, "bicycle": null, "alt_name": null, "historic": null, "tunnel": null, "access": null, "layer": null, "bridge": null, "foot": null, "surface": null, "step_count": null, "ramp": null, "name": null, "lit": null }, "geometry": { "type": "Point", "coordinates": [ -8.399029595768278, 40.213684904516661 ] } },
{ "type": "Feature", "properties": { "full_id": "w767740880", "osm_id": "767740880", "stairs": null, "level": null, "ramp:wheelchair": null, "width": null, "bicycle": null, "alt_name": null, "historic": null, "tunnel": null, "access": null, "layer": null, "bridge": null, "foot": null, "surface": null, "step_count": null, "ramp": null, "name": null, "lit": null }, "geometry": { "type": "Point", "coordinates": [ -8.399799277364959, 40.21370162659867 ] } },
{ "type": "Feature", "properties": { "full_id": "w767740937", "osm_id": "767740937", "stairs": null, "level": null, "ramp:wheelchair": null, "width": null, "bicycle": null, "alt_name": null, "historic": null, "tunnel": null, "access": null, "layer": null, "bridge": null, "foot": null, "surface": "asphalt", "step_count": null, "ramp": "no", "name": null, "lit": null }, "geometry": { "type": "Point", "coordinates": [ -8.40421985, 40.20988185 ] } },
{ "type": "Feature", "properties": { "full_id": "w767740944", "osm_id": "767740944", "stairs": null, "level": null, "ramp:wheelchair": null, "width": null, "bicycle": null, "alt_name": null, "historic": null, "tunnel": null, "access": null, "layer": null, "bridge": null, "foot": null, "surface": "paving_stones", "step_count": "19", "ramp": "no", "name": null, "lit": "yes" }, "geometry": { "type": "Point", "coordinates": [ -8.40347015, 40.2090333 ] } },
{ "type": "Feature", "properties": { "full_id": "w767757087", "osm_id": "767757087", "stairs": null, "level": null, "ramp:wheelchair": null, "width": null, "bicycle": null, "alt_name": null, "historic": null, "tunnel": null, "access": null, "layer": null, "bridge": null, "foot": null, "surface": "unhewn_cobblestone", "step_count": null, "ramp": "no", "name": null, "lit": null }, "geometry": { "type": "Point", "coordinates": [ -8.40503805, 40.21788755 ] } },
{ "type": "Feature", "properties": { "full_id": "w776903681", "osm_id": "776903681", "stairs": null, "level": null, "ramp:wheelchair": null, "width": null, "bicycle": null, "alt_name": null, "historic": null, "tunnel": null, "access": null, "layer": null, "bridge": null, "foot": null, "surface": null, "step_count": null, "ramp": null, "name": null, "lit": null }, "geometry": { "type": "Point", "coordinates": [ -8.40663865, 40.2080626 ] } },
{ "type": "Feature", "properties": { "full_id": "w776903682", "osm_id": "776903682", "stairs": null, "level": null, "ramp:wheelchair": null, "width": null, "bicycle": null, "alt_name": null, "historic": null, "tunnel": null, "access": null, "layer": "1", "bridge": null, "foot": null, "surface": null, "step_count": null, "ramp": null, "name": null, "lit": null }, "geometry": { "type": "Point", "coordinates": [ -8.40660505, 40.20808635 ] } },
{ "type": "Feature", "properties": { "full_id": "w776903696", "osm_id": "776903696", "stairs": null, "level": null, "ramp:wheelchair": null, "width": null, "bicycle": null, "alt_name": null, "historic": null, "tunnel": null, "access": null, "layer": null, "bridge": null, "foot": null, "surface": null, "step_count": null, "ramp": null, "name": null, "lit": null }, "geometry": { "type": "Point", "coordinates": [ -8.406950007773723, 40.211674491495955 ] } },
{ "type": "Feature", "properties": { "full_id": "w776903700", "osm_id": "776903700", "stairs": null, "level": null, "ramp:wheelchair": null, "width": null, "bicycle": null, "alt_name": null, "historic": null, "tunnel": null, "access": null, "layer": null, "bridge": null, "foot": null, "surface": null, "step_count": null, "ramp": null, "name": null, "lit": null }, "geometry": { "type": "Point", "coordinates": [ -8.4056297, 40.20968055 ] } },
{ "type": "Feature", "properties": { "full_id": "w776903706", "osm_id": "776903706", "stairs": null, "level": null, "ramp:wheelchair": null, "width": null, "bicycle": null, "alt_name": null, "historic": null, "tunnel": null, "access": null, "layer": null, "bridge": null, "foot": null, "surface": null, "step_count": null, "ramp": null, "name": null, "lit": null }, "geometry": { "type": "Point", "coordinates": [ -8.40662545, 40.21177685 ] } },
{ "type": "Feature", "properties": { "full_id": "w776903709", "osm_id": "776903709", "stairs": null, "level": null, "ramp:wheelchair": null, "width": null, "bicycle": null, "alt_name": null, "historic": null, "tunnel": null, "access": null, "layer": null, "bridge": null, "foot": null, "surface": null, "step_count": null, "ramp": null, "name": null, "lit": null }, "geometry": { "type": "Point", "coordinates": [ -8.40671905, 40.2116973 ] } },
{ "type": "Feature", "properties": { "full_id": "w776903711", "osm_id": "776903711", "stairs": null, "level": null, "ramp:wheelchair": null, "width": null, "bicycle": null, "alt_name": null, "historic": null, "tunnel": null, "access": null, "layer": null, "bridge": null, "foot": null, "surface": null, "step_count": null, "ramp": null, "name": null, "lit": null }, "geometry": { "type": "Point", "coordinates": [ -8.40651775, 40.2119338 ] } },
{ "type": "Feature", "properties": { "full_id": "w776903720", "osm_id": "776903720", "stairs": null, "level": null, "ramp:wheelchair": null, "width": null, "bicycle": null, "alt_name": null, "historic": null, "tunnel": null, "access": null, "layer": null, "bridge": null, "foot": null, "surface": null, "step_count": null, "ramp": null, "name": null, "lit": null }, "geometry": { "type": "Point", "coordinates": [ -8.40686965, 40.21278815 ] } },
{ "type": "Feature", "properties": { "full_id": "w776903721", "osm_id": "776903721", "stairs": null, "level": null, "ramp:wheelchair": null, "width": null, "bicycle": null, "alt_name": null, "historic": null, "tunnel": null, "access": null, "layer": null, "bridge": null, "foot": null, "surface": null, "step_count": null, "ramp": null, "name": null, "lit": null }, "geometry": { "type": "Point", "coordinates": [ -8.4070415, 40.21279 ] } },
{ "type": "Feature", "properties": { "full_id": "w776903732", "osm_id": "776903732", "stairs": null, "level": null, "ramp:wheelchair": null, "width": null, "bicycle": null, "alt_name": null, "historic": null, "tunnel": null, "access": null, "layer": null, "bridge": null, "foot": null, "surface": null, "step_count": null, "ramp": null, "name": null, "lit": null }, "geometry": { "type": "Point", "coordinates": [ -8.4071528, 40.21233625 ] } },
{ "type": "Feature", "properties": { "full_id": "w776903760", "osm_id": "776903760", "stairs": null, "level": null, "ramp:wheelchair": null, "width": null, "bicycle": null, "alt_name": null, "historic": null, "tunnel": null, "access": null, "layer": null, "bridge": null, "foot": null, "surface": null, "step_count": null, "ramp": null, "name": null, "lit": null }, "geometry": { "type": "Point", "coordinates": [ -8.40489355, 40.210347 ] } },
{ "type": "Feature", "properties": { "full_id": "w776903762", "osm_id": "776903762", "stairs": null, "level": null, "ramp:wheelchair": null, "width": null, "bicycle": null, "alt_name": null, "historic": null, "tunnel": null, "access": null, "layer": null, "bridge": null, "foot": null, "surface": null, "step_count": null, "ramp": null, "name": null, "lit": null }, "geometry": { "type": "Point", "coordinates": [ -8.40487365, 40.2104071 ] } },
{ "type": "Feature", "properties": { "full_id": "w776903768", "osm_id": "776903768", "stairs": null, "level": null, "ramp:wheelchair": null, "width": null, "bicycle": null, "alt_name": null, "historic": null, "tunnel": null, "access": null, "layer": null, "bridge": null, "foot": null, "surface": null, "step_count": null, "ramp": null, "name": null, "lit": null }, "geometry": { "type": "Point", "coordinates": [ -8.4052867, 40.21066205 ] } },
{ "type": "Feature", "properties": { "full_id": "w776903774", "osm_id": "776903774", "stairs": null, "level": null, "ramp:wheelchair": null, "width": null, "bicycle": null, "alt_name": null, "historic": null, "tunnel": null, "access": null, "layer": null, "bridge": null, "foot": null, "surface": null, "step_count": null, "ramp": null, "name": null, "lit": null }, "geometry": { "type": "Point", "coordinates": [ -8.405037997474967, 40.210479867247749 ] } },
{ "type": "Feature", "properties": { "full_id": "w776903776", "osm_id": "776903776", "stairs": null, "level": null, "ramp:wheelchair": null, "width": null, "bicycle": null, "alt_name": null, "historic": null, "tunnel": null, "access": null, "layer": null, "bridge": null, "foot": null, "surface": null, "step_count": null, "ramp": null, "name": null, "lit": null }, "geometry": { "type": "Point", "coordinates": [ -8.40502385, 40.21050385 ] } },
{ "type": "Feature", "properties": { "full_id": "w776903780", "osm_id": "776903780", "stairs": null, "level": null, "ramp:wheelchair": null, "width": null, "bicycle": null, "alt_name": null, "historic": null, "tunnel": null, "access": null, "layer": null, "bridge": null, "foot": null, "surface": null, "step_count": null, "ramp": null, "name": null, "lit": null }, "geometry": { "type": "Point", "coordinates": [ -8.405070905273517, 40.210477712096854 ] } },
{ "type": "Feature", "properties": { "full_id": "w776903784", "osm_id": "776903784", "stairs": null, "level": null, "ramp:wheelchair": null, "width": null, "bicycle": null, "alt_name": null, "historic": null, "tunnel": null, "access": null, "layer": null, "bridge": null, "foot": null, "surface": null, "step_count": null, "ramp": null, "name": null, "lit": null }, "geometry": { "type": "Point", "coordinates": [ -8.40467945, 40.210238 ] } },
{ "type": "Feature", "properties": { "full_id": "w776903786", "osm_id": "776903786", "stairs": null, "level": null, "ramp:wheelchair": null, "width": null, "bicycle": null, "alt_name": null, "historic": null, "tunnel": null, "access": null, "layer": null, "bridge": null, "foot": null, "surface": null, "step_count": null, "ramp": null, "name": null, "lit": null }, "geometry": { "type": "Point", "coordinates": [ -8.40459449237887, 40.210362368822842 ] } },
{ "type": "Feature", "properties": { "full_id": "w776903796", "osm_id": "776903796", "stairs": null, "level": null, "ramp:wheelchair": null, "width": null, "bicycle": "dismount", "alt_name": null, "historic": null, "tunnel": null, "access": null, "layer": null, "bridge": null, "foot": null, "surface": null, "step_count": null, "ramp": null, "name": null, "lit": null }, "geometry": { "type": "Point", "coordinates": [ -8.4037881, 40.20840895 ] } },
{ "type": "Feature", "properties": { "full_id": "w776904087", "osm_id": "776904087", "stairs": null, "level": null, "ramp:wheelchair": null, "width": null, "bicycle": null, "alt_name": null, "historic": null, "tunnel": null, "access": null, "layer": null, "bridge": null, "foot": null, "surface": "paving_stones", "step_count": "17", "ramp": "no", "name": null, "lit": "yes" }, "geometry": { "type": "Point", "coordinates": [ -8.4034421, 40.2081332 ] } },
{ "type": "Feature", "properties": { "full_id": "w776982433", "osm_id": "776982433", "stairs": null, "level": null, "ramp:wheelchair": null, "width": null, "bicycle": null, "alt_name": null, "historic": null, "tunnel": null, "access": null, "layer": null, "bridge": null, "foot": null, "surface": null, "step_count": null, "ramp": null, "name": null, "lit": null }, "geometry": { "type": "Point", "coordinates": [ -8.405527, 40.2142485 ] } },
{ "type": "Feature", "properties": { "full_id": "w776982440", "osm_id": "776982440", "stairs": null, "level": null, "ramp:wheelchair": null, "width": null, "bicycle": null, "alt_name": null, "historic": null, "tunnel": null, "access": null, "layer": null, "bridge": null, "foot": null, "surface": null, "step_count": null, "ramp": null, "name": null, "lit": null }, "geometry": { "type": "Point", "coordinates": [ -8.404064954872679, 40.214188148626178 ] } },
{ "type": "Feature", "properties": { "full_id": "w776982445", "osm_id": "776982445", "stairs": null, "level": null, "ramp:wheelchair": null, "width": null, "bicycle": null, "alt_name": null, "historic": null, "tunnel": null, "access": null, "layer": null, "bridge": null, "foot": null, "surface": null, "step_count": null, "ramp": null, "name": null, "lit": null }, "geometry": { "type": "Point", "coordinates": [ -8.40435425, 40.21380715 ] } },
{ "type": "Feature", "properties": { "full_id": "w776982452", "osm_id": "776982452", "stairs": null, "level": null, "ramp:wheelchair": null, "width": null, "bicycle": null, "alt_name": null, "historic": null, "tunnel": null, "access": null, "layer": null, "bridge": null, "foot": null, "surface": null, "step_count": null, "ramp": null, "name": null, "lit": null }, "geometry": { "type": "Point", "coordinates": [ -8.404715190495967, 40.213951616122074 ] } },
{ "type": "Feature", "properties": { "full_id": "w776982453", "osm_id": "776982453", "stairs": null, "level": null, "ramp:wheelchair": null, "width": null, "bicycle": null, "alt_name": null, "historic": null, "tunnel": null, "access": null, "layer": null, "bridge": null, "foot": null, "surface": null, "step_count": null, "ramp": null, "name": null, "lit": null }, "geometry": { "type": "Point", "coordinates": [ -8.404864183517949, 40.213065720187892 ] } },
{ "type": "Feature", "properties": { "full_id": "w776982454", "osm_id": "776982454", "stairs": null, "level": null, "ramp:wheelchair": null, "width": null, "bicycle": null, "alt_name": null, "historic": null, "tunnel": null, "access": null, "layer": null, "bridge": null, "foot": null, "surface": null, "step_count": null, "ramp": null, "name": null, "lit": null }, "geometry": { "type": "Point", "coordinates": [ -8.404539031362761, 40.213594463967425 ] } },
{ "type": "Feature", "properties": { "full_id": "w776982459", "osm_id": "776982459", "stairs": null, "level": null, "ramp:wheelchair": null, "width": null, "bicycle": null, "alt_name": null, "historic": null, "tunnel": null, "access": null, "layer": null, "bridge": null, "foot": null, "surface": null, "step_count": null, "ramp": null, "name": null, "lit": null }, "geometry": { "type": "Point", "coordinates": [ -8.404413205618042, 40.213315166697527 ] } },
{ "type": "Feature", "properties": { "full_id": "w777015886", "osm_id": "777015886", "stairs": null, "level": null, "ramp:wheelchair": null, "width": null, "bicycle": null, "alt_name": null, "historic": null, "tunnel": null, "access": null, "layer": null, "bridge": null, "foot": null, "surface": "paving_stones", "step_count": null, "ramp": "no", "name": null, "lit": null }, "geometry": { "type": "Point", "coordinates": [ -8.40596775, 40.20630685 ] } },
{ "type": "Feature", "properties": { "full_id": "w777015888", "osm_id": "777015888", "stairs": null, "level": null, "ramp:wheelchair": null, "width": null, "bicycle": null, "alt_name": null, "historic": null, "tunnel": null, "access": null, "layer": null, "bridge": null, "foot": null, "surface": "concrete:plates", "step_count": "14", "ramp": "no", "name": null, "lit": null }, "geometry": { "type": "Point", "coordinates": [ -8.4076136, 40.20630995 ] } },
{ "type": "Feature", "properties": { "full_id": "w777166770", "osm_id": "777166770", "stairs": null, "level": null, "ramp:wheelchair": null, "width": null, "bicycle": null, "alt_name": null, "historic": null, "tunnel": null, "access": null, "layer": null, "bridge": null, "foot": null, "surface": null, "step_count": null, "ramp": null, "name": null, "lit": null }, "geometry": { "type": "Point", "coordinates": [ -8.41343312809434, 40.199945079014277 ] } },
{ "type": "Feature", "properties": { "full_id": "w777166771", "osm_id": "777166771", "stairs": null, "level": null, "ramp:wheelchair": null, "width": null, "bicycle": null, "alt_name": null, "historic": null, "tunnel": null, "access": null, "layer": null, "bridge": null, "foot": null, "surface": null, "step_count": null, "ramp": null, "name": null, "lit": null }, "geometry": { "type": "Point", "coordinates": [ -8.41323105778082, 40.199881509417118 ] } },
{ "type": "Feature", "properties": { "full_id": "w777166773", "osm_id": "777166773", "stairs": null, "level": null, "ramp:wheelchair": null, "width": null, "bicycle": null, "alt_name": null, "historic": null, "tunnel": null, "access": null, "layer": null, "bridge": null, "foot": null, "surface": null, "step_count": null, "ramp": null, "name": null, "lit": null }, "geometry": { "type": "Point", "coordinates": [ -8.4132146, 40.1980663 ] } },
{ "type": "Feature", "properties": { "full_id": "w777166775", "osm_id": "777166775", "stairs": null, "level": null, "ramp:wheelchair": null, "width": null, "bicycle": null, "alt_name": null, "historic": null, "tunnel": null, "access": null, "layer": null, "bridge": null, "foot": null, "surface": null, "step_count": null, "ramp": null, "name": null, "lit": null }, "geometry": { "type": "Point", "coordinates": [ -8.4131207, 40.197938 ] } },
{ "type": "Feature", "properties": { "full_id": "w777166783", "osm_id": "777166783", "stairs": null, "level": null, "ramp:wheelchair": null, "width": null, "bicycle": null, "alt_name": null, "historic": null, "tunnel": null, "access": null, "layer": null, "bridge": null, "foot": null, "surface": null, "step_count": null, "ramp": null, "name": null, "lit": null }, "geometry": { "type": "Point", "coordinates": [ -8.41239755, 40.1978142 ] } },
{ "type": "Feature", "properties": { "full_id": "w777166791", "osm_id": "777166791", "stairs": null, "level": null, "ramp:wheelchair": null, "width": null, "bicycle": null, "alt_name": null, "historic": null, "tunnel": null, "access": null, "layer": null, "bridge": null, "foot": null, "surface": null, "step_count": null, "ramp": null, "name": null, "lit": null }, "geometry": { "type": "Point", "coordinates": [ -8.412564709683872, 40.198935795061665 ] } },
{ "type": "Feature", "properties": { "full_id": "w777822043", "osm_id": "777822043", "stairs": null, "level": null, "ramp:wheelchair": null, "width": null, "bicycle": null, "alt_name": null, "historic": null, "tunnel": null, "access": null, "layer": "1", "bridge": null, "foot": null, "surface": null, "step_count": null, "ramp": null, "name": null, "lit": null }, "geometry": { "type": "Point", "coordinates": [ -8.41298415, 40.21806975 ] } },
{ "type": "Feature", "properties": { "full_id": "w777822045", "osm_id": "777822045", "stairs": null, "level": null, "ramp:wheelchair": null, "width": null, "bicycle": null, "alt_name": null, "historic": null, "tunnel": null, "access": null, "layer": null, "bridge": null, "foot": null, "surface": null, "step_count": null, "ramp": null, "name": null, "lit": null }, "geometry": { "type": "Point", "coordinates": [ -8.41302305, 40.2180906 ] } },
{ "type": "Feature", "properties": { "full_id": "w778173470", "osm_id": "778173470", "stairs": null, "level": null, "ramp:wheelchair": null, "width": null, "bicycle": null, "alt_name": null, "historic": null, "tunnel": null, "access": null, "layer": null, "bridge": null, "foot": null, "surface": null, "step_count": null, "ramp": null, "name": null, "lit": null }, "geometry": { "type": "Point", "coordinates": [ -8.414171795097147, 40.219374609478869 ] } },
{ "type": "Feature", "properties": { "full_id": "w778173500", "osm_id": "778173500", "stairs": null, "level": null, "ramp:wheelchair": null, "width": null, "bicycle": null, "alt_name": null, "historic": null, "tunnel": null, "access": null, "layer": null, "bridge": null, "foot": null, "surface": null, "step_count": null, "ramp": null, "name": null, "lit": null }, "geometry": { "type": "Point", "coordinates": [ -8.40941985, 40.22014795 ] } },
{ "type": "Feature", "properties": { "full_id": "w778173570", "osm_id": "778173570", "stairs": null, "level": null, "ramp:wheelchair": null, "width": null, "bicycle": null, "alt_name": null, "historic": null, "tunnel": null, "access": null, "layer": null, "bridge": null, "foot": null, "surface": "paving_stones", "step_count": "45", "ramp": "no", "name": null, "lit": null }, "geometry": { "type": "Point", "coordinates": [ -8.4136236, 40.21618415 ] } },
{ "type": "Feature", "properties": { "full_id": "w778181634", "osm_id": "778181634", "stairs": null, "level": null, "ramp:wheelchair": null, "width": null, "bicycle": null, "alt_name": null, "historic": null, "tunnel": null, "access": null, "layer": null, "bridge": null, "foot": null, "surface": null, "step_count": null, "ramp": null, "name": null, "lit": null }, "geometry": { "type": "Point", "coordinates": [ -8.41675955, 40.21889175 ] } },
{ "type": "Feature", "properties": { "full_id": "w778181637", "osm_id": "778181637", "stairs": null, "level": null, "ramp:wheelchair": null, "width": null, "bicycle": null, "alt_name": null, "historic": null, "tunnel": null, "access": null, "layer": null, "bridge": null, "foot": null, "surface": null, "step_count": null, "ramp": null, "name": null, "lit": null }, "geometry": { "type": "Point", "coordinates": [ -8.41703545, 40.2187226 ] } },
{ "type": "Feature", "properties": { "full_id": "w778181649", "osm_id": "778181649", "stairs": null, "level": null, "ramp:wheelchair": null, "width": null, "bicycle": null, "alt_name": null, "historic": null, "tunnel": null, "access": null, "layer": null, "bridge": null, "foot": null, "surface": null, "step_count": null, "ramp": null, "name": null, "lit": null }, "geometry": { "type": "Point", "coordinates": [ -8.4172729, 40.2201933 ] } },
{ "type": "Feature", "properties": { "full_id": "w778203035", "osm_id": "778203035", "stairs": null, "level": null, "ramp:wheelchair": null, "width": null, "bicycle": null, "alt_name": null, "historic": null, "tunnel": "building_passage", "access": null, "layer": "-1", "bridge": null, "foot": null, "surface": null, "step_count": null, "ramp": null, "name": null, "lit": null }, "geometry": { "type": "Point", "coordinates": [ -8.40701895, 40.2180203 ] } },
{ "type": "Feature", "properties": { "full_id": "w778203040", "osm_id": "778203040", "stairs": null, "level": null, "ramp:wheelchair": null, "width": null, "bicycle": null, "alt_name": null, "historic": null, "tunnel": null, "access": null, "layer": null, "bridge": null, "foot": null, "surface": null, "step_count": null, "ramp": null, "name": null, "lit": null }, "geometry": { "type": "Point", "coordinates": [ -8.40624485, 40.21777835 ] } },
{ "type": "Feature", "properties": { "full_id": "w778203043", "osm_id": "778203043", "stairs": null, "level": null, "ramp:wheelchair": null, "width": null, "bicycle": null, "alt_name": null, "historic": null, "tunnel": null, "access": null, "layer": null, "bridge": null, "foot": null, "surface": null, "step_count": null, "ramp": null, "name": null, "lit": null }, "geometry": { "type": "Point", "coordinates": [ -8.4063852, 40.21734645 ] } },
{ "type": "Feature", "properties": { "full_id": "w778203047", "osm_id": "778203047", "stairs": null, "level": null, "ramp:wheelchair": null, "width": null, "bicycle": null, "alt_name": null, "historic": null, "tunnel": null, "access": null, "layer": null, "bridge": null, "foot": null, "surface": null, "step_count": null, "ramp": null, "name": null, "lit": null }, "geometry": { "type": "Point", "coordinates": [ -8.4064465, 40.2175179 ] } },
{ "type": "Feature", "properties": { "full_id": "w778203054", "osm_id": "778203054", "stairs": null, "level": null, "ramp:wheelchair": null, "width": null, "bicycle": null, "alt_name": null, "historic": null, "tunnel": null, "access": null, "layer": null, "bridge": null, "foot": null, "surface": null, "step_count": null, "ramp": null, "name": null, "lit": null }, "geometry": { "type": "Point", "coordinates": [ -8.4066128, 40.21724265 ] } },
{ "type": "Feature", "properties": { "full_id": "w778753753", "osm_id": "778753753", "stairs": null, "level": null, "ramp:wheelchair": null, "width": null, "bicycle": null, "alt_name": null, "historic": null, "tunnel": null, "access": null, "layer": null, "bridge": null, "foot": null, "surface": null, "step_count": null, "ramp": null, "name": null, "lit": null }, "geometry": { "type": "Point", "coordinates": [ -8.438177744208319, 40.230106296483548 ] } },
{ "type": "Feature", "properties": { "full_id": "w779003624", "osm_id": "779003624", "stairs": null, "level": null, "ramp:wheelchair": null, "width": null, "bicycle": null, "alt_name": null, "historic": null, "tunnel": null, "access": null, "layer": null, "bridge": null, "foot": null, "surface": null, "step_count": null, "ramp": "no", "name": null, "lit": null }, "geometry": { "type": "Point", "coordinates": [ -8.433962, 40.20327705 ] } },
{ "type": "Feature", "properties": { "full_id": "w779012898", "osm_id": "779012898", "stairs": null, "level": null, "ramp:wheelchair": "separate", "width": null, "bicycle": null, "alt_name": null, "historic": null, "tunnel": null, "access": null, "layer": null, "bridge": null, "foot": null, "surface": null, "step_count": "34", "ramp": "separate", "name": null, "lit": null }, "geometry": { "type": "Point", "coordinates": [ -8.435671103525829, 40.20304620638678 ] } },
{ "type": "Feature", "properties": { "full_id": "w779645929", "osm_id": "779645929", "stairs": null, "level": null, "ramp:wheelchair": null, "width": null, "bicycle": null, "alt_name": null, "historic": "steps", "tunnel": null, "access": null, "layer": null, "bridge": null, "foot": null, "surface": null, "step_count": null, "ramp": null, "name": "Via Latina", "lit": null }, "geometry": { "type": "Point", "coordinates": [ -8.426136758567811, 40.207845164327104 ] } },
{ "type": "Feature", "properties": { "full_id": "w779645940", "osm_id": "779645940", "stairs": null, "level": null, "ramp:wheelchair": null, "width": null, "bicycle": null, "alt_name": null, "historic": null, "tunnel": null, "access": null, "layer": null, "bridge": null, "foot": null, "surface": null, "step_count": null, "ramp": null, "name": null, "lit": null }, "geometry": { "type": "Point", "coordinates": [ -8.4229741, 40.2088218 ] } },
{ "type": "Feature", "properties": { "full_id": "w780367592", "osm_id": "780367592", "stairs": null, "level": null, "ramp:wheelchair": null, "width": null, "bicycle": null, "alt_name": null, "historic": null, "tunnel": null, "access": "private", "layer": null, "bridge": null, "foot": null, "surface": null, "step_count": null, "ramp": null, "name": null, "lit": null }, "geometry": { "type": "Point", "coordinates": [ -8.43163885, 40.21567165 ] } },
{ "type": "Feature", "properties": { "full_id": "w780719103", "osm_id": "780719103", "stairs": null, "level": null, "ramp:wheelchair": null, "width": null, "bicycle": null, "alt_name": null, "historic": null, "tunnel": null, "access": null, "layer": null, "bridge": null, "foot": null, "surface": null, "step_count": null, "ramp": null, "name": null, "lit": null }, "geometry": { "type": "Point", "coordinates": [ -8.442675836945206, 40.20240075862381 ] } },
{ "type": "Feature", "properties": { "full_id": "w781127712", "osm_id": "781127712", "stairs": null, "level": null, "ramp:wheelchair": null, "width": null, "bicycle": null, "alt_name": null, "historic": null, "tunnel": null, "access": null, "layer": null, "bridge": null, "foot": null, "surface": null, "step_count": null, "ramp": null, "name": null, "lit": null }, "geometry": { "type": "Point", "coordinates": [ -8.41239395, 40.19477635 ] } },
{ "type": "Feature", "properties": { "full_id": "w782195125", "osm_id": "782195125", "stairs": null, "level": null, "ramp:wheelchair": null, "width": null, "bicycle": null, "alt_name": null, "historic": null, "tunnel": null, "access": null, "layer": null, "bridge": null, "foot": null, "surface": null, "step_count": "11", "ramp": "no", "name": "Beco do Fanado", "lit": null }, "geometry": { "type": "Point", "coordinates": [ -8.430501, 40.21242755 ] } },
{ "type": "Feature", "properties": { "full_id": "w784027950", "osm_id": "784027950", "stairs": null, "level": null, "ramp:wheelchair": null, "width": null, "bicycle": null, "alt_name": null, "historic": null, "tunnel": null, "access": null, "layer": null, "bridge": null, "foot": null, "surface": null, "step_count": null, "ramp": null, "name": null, "lit": null }, "geometry": { "type": "Point", "coordinates": [ -8.4229846, 40.21632065 ] } },
{ "type": "Feature", "properties": { "full_id": "w784400739", "osm_id": "784400739", "stairs": null, "level": null, "ramp:wheelchair": null, "width": null, "bicycle": null, "alt_name": null, "historic": null, "tunnel": null, "access": null, "layer": null, "bridge": null, "foot": null, "surface": null, "step_count": null, "ramp": null, "name": null, "lit": null }, "geometry": { "type": "Point", "coordinates": [ -8.4266346, 40.2140576 ] } },
{ "type": "Feature", "properties": { "full_id": "w784658568", "osm_id": "784658568", "stairs": null, "level": null, "ramp:wheelchair": null, "width": null, "bicycle": null, "alt_name": null, "historic": null, "tunnel": null, "access": "private", "layer": null, "bridge": null, "foot": null, "surface": null, "step_count": null, "ramp": null, "name": null, "lit": null }, "geometry": { "type": "Point", "coordinates": [ -8.4178627, 40.21248555 ] } },
{ "type": "Feature", "properties": { "full_id": "w785495563", "osm_id": "785495563", "stairs": null, "level": null, "ramp:wheelchair": null, "width": null, "bicycle": null, "alt_name": null, "historic": null, "tunnel": null, "access": null, "layer": null, "bridge": null, "foot": null, "surface": null, "step_count": null, "ramp": null, "name": null, "lit": null }, "geometry": { "type": "Point", "coordinates": [ -8.4400137, 40.2061122 ] } },
{ "type": "Feature", "properties": { "full_id": "w785495565", "osm_id": "785495565", "stairs": null, "level": null, "ramp:wheelchair": null, "width": null, "bicycle": null, "alt_name": null, "historic": null, "tunnel": null, "access": null, "layer": null, "bridge": null, "foot": null, "surface": null, "step_count": null, "ramp": null, "name": null, "lit": null }, "geometry": { "type": "Point", "coordinates": [ -8.4393881, 40.2068169 ] } },
{ "type": "Feature", "properties": { "full_id": "w786042004", "osm_id": "786042004", "stairs": null, "level": null, "ramp:wheelchair": null, "width": null, "bicycle": null, "alt_name": null, "historic": null, "tunnel": null, "access": null, "layer": null, "bridge": null, "foot": null, "surface": null, "step_count": null, "ramp": null, "name": null, "lit": null }, "geometry": { "type": "Point", "coordinates": [ -8.37056145, 40.23269575 ] } },
{ "type": "Feature", "properties": { "full_id": "w824163306", "osm_id": "824163306", "stairs": null, "level": null, "ramp:wheelchair": null, "width": null, "bicycle": null, "alt_name": null, "historic": null, "tunnel": null, "access": "yes", "layer": null, "bridge": null, "foot": null, "surface": "paving_stones", "step_count": "77", "ramp": "no", "name": null, "lit": "yes" }, "geometry": { "type": "Point", "coordinates": [ -8.3983871, 40.21498005 ] } },
{ "type": "Feature", "properties": { "full_id": "w826499172", "osm_id": "826499172", "stairs": null, "level": null, "ramp:wheelchair": null, "width": null, "bicycle": null, "alt_name": null, "historic": null, "tunnel": null, "access": null, "layer": null, "bridge": null, "foot": null, "surface": null, "step_count": null, "ramp": null, "name": null, "lit": null }, "geometry": { "type": "Point", "coordinates": [ -8.40089285, 40.2013447 ] } },
{ "type": "Feature", "properties": { "full_id": "w826499174", "osm_id": "826499174", "stairs": null, "level": null, "ramp:wheelchair": null, "width": null, "bicycle": null, "alt_name": null, "historic": null, "tunnel": null, "access": null, "layer": null, "bridge": null, "foot": null, "surface": null, "step_count": null, "ramp": "no", "name": null, "lit": null }, "geometry": { "type": "Point", "coordinates": [ -8.40020795, 40.20151385 ] } },
{ "type": "Feature", "properties": { "full_id": "w826503981", "osm_id": "826503981", "stairs": null, "level": null, "ramp:wheelchair": null, "width": null, "bicycle": null, "alt_name": null, "historic": null, "tunnel": null, "access": null, "layer": null, "bridge": null, "foot": null, "surface": "paving_stones", "step_count": "9", "ramp": "no", "name": null, "lit": null }, "geometry": { "type": "Point", "coordinates": [ -8.4050398, 40.2006219 ] } },
{ "type": "Feature", "properties": { "full_id": "w826503983", "osm_id": "826503983", "stairs": null, "level": null, "ramp:wheelchair": null, "width": null, "bicycle": null, "alt_name": null, "historic": null, "tunnel": null, "access": null, "layer": null, "bridge": null, "foot": null, "surface": "sett", "step_count": "18", "ramp": "no", "name": null, "lit": null }, "geometry": { "type": "Point", "coordinates": [ -8.40422705, 40.20096535 ] } },
{ "type": "Feature", "properties": { "full_id": "w826783216", "osm_id": "826783216", "stairs": null, "level": null, "ramp:wheelchair": null, "width": null, "bicycle": null, "alt_name": null, "historic": null, "tunnel": null, "access": null, "layer": null, "bridge": null, "foot": null, "surface": null, "step_count": null, "ramp": null, "name": null, "lit": null }, "geometry": { "type": "Point", "coordinates": [ -8.3996849, 40.187224 ] } },
{ "type": "Feature", "properties": { "full_id": "w826783217", "osm_id": "826783217", "stairs": null, "level": null, "ramp:wheelchair": null, "width": null, "bicycle": null, "alt_name": null, "historic": null, "tunnel": null, "access": null, "layer": null, "bridge": null, "foot": null, "surface": null, "step_count": null, "ramp": null, "name": null, "lit": null }, "geometry": { "type": "Point", "coordinates": [ -8.3997265, 40.18717835 ] } },
{ "type": "Feature", "properties": { "full_id": "w829209211", "osm_id": "829209211", "stairs": null, "level": null, "ramp:wheelchair": null, "width": null, "bicycle": null, "alt_name": null, "historic": null, "tunnel": null, "access": null, "layer": null, "bridge": null, "foot": null, "surface": "sett", "step_count": "9", "ramp": "no", "name": null, "lit": "yes" }, "geometry": { "type": "Point", "coordinates": [ -8.40347345, 40.20505215 ] } },
{ "type": "Feature", "properties": { "full_id": "w829209213", "osm_id": "829209213", "stairs": null, "level": null, "ramp:wheelchair": null, "width": null, "bicycle": null, "alt_name": null, "historic": null, "tunnel": null, "access": null, "layer": null, "bridge": null, "foot": null, "surface": "sett", "step_count": "7", "ramp": "no", "name": null, "lit": "no" }, "geometry": { "type": "Point", "coordinates": [ -8.4034827, 40.2054494 ] } },
{ "type": "Feature", "properties": { "full_id": "w829209217", "osm_id": "829209217", "stairs": null, "level": null, "ramp:wheelchair": null, "width": null, "bicycle": null, "alt_name": null, "historic": null, "tunnel": null, "access": null, "layer": null, "bridge": null, "foot": null, "surface": "concrete", "step_count": "9", "ramp": "no", "name": null, "lit": null }, "geometry": { "type": "Point", "coordinates": [ -8.4022131, 40.20537275 ] } },
{ "type": "Feature", "properties": { "full_id": "w829209220", "osm_id": "829209220", "stairs": null, "level": null, "ramp:wheelchair": null, "width": null, "bicycle": null, "alt_name": null, "historic": null, "tunnel": null, "access": null, "layer": null, "bridge": null, "foot": null, "surface": "sett", "step_count": "10", "ramp": "no", "name": null, "lit": null }, "geometry": { "type": "Point", "coordinates": [ -8.40271465, 40.20543305 ] } },
{ "type": "Feature", "properties": { "full_id": "w829209224", "osm_id": "829209224", "stairs": null, "level": null, "ramp:wheelchair": null, "width": null, "bicycle": null, "alt_name": null, "historic": null, "tunnel": null, "access": null, "layer": null, "bridge": null, "foot": null, "surface": "sett", "step_count": "10", "ramp": "no", "name": null, "lit": "no" }, "geometry": { "type": "Point", "coordinates": [ -8.4039567, 40.2060557 ] } },
{ "type": "Feature", "properties": { "full_id": "w829225228", "osm_id": "829225228", "stairs": null, "level": null, "ramp:wheelchair": null, "width": null, "bicycle": null, "alt_name": null, "historic": null, "tunnel": null, "access": null, "layer": null, "bridge": null, "foot": null, "surface": null, "step_count": null, "ramp": null, "name": null, "lit": null }, "geometry": { "type": "Point", "coordinates": [ -8.40031445, 40.2019723 ] } },
{ "type": "Feature", "properties": { "full_id": "w830109041", "osm_id": "830109041", "stairs": null, "level": null, "ramp:wheelchair": null, "width": null, "bicycle": null, "alt_name": null, "historic": null, "tunnel": null, "access": null, "layer": null, "bridge": null, "foot": null, "surface": null, "step_count": null, "ramp": null, "name": null, "lit": null }, "geometry": { "type": "Point", "coordinates": [ -8.4267733, 40.19778105 ] } },
{ "type": "Feature", "properties": { "full_id": "w838883518", "osm_id": "838883518", "stairs": null, "level": null, "ramp:wheelchair": null, "width": null, "bicycle": null, "alt_name": null, "historic": null, "tunnel": null, "access": null, "layer": null, "bridge": null, "foot": null, "surface": null, "step_count": null, "ramp": "no", "name": null, "lit": null }, "geometry": { "type": "Point", "coordinates": [ -8.4366251, 40.204011 ] } },
{ "type": "Feature", "properties": { "full_id": "w841484811", "osm_id": "841484811", "stairs": null, "level": null, "ramp:wheelchair": null, "width": null, "bicycle": null, "alt_name": null, "historic": null, "tunnel": null, "access": null, "layer": null, "bridge": null, "foot": null, "surface": "paving_stones", "step_count": "19", "ramp": "no", "name": null, "lit": null }, "geometry": { "type": "Point", "coordinates": [ -8.426575136345438, 40.208777791969567 ] } },
{ "type": "Feature", "properties": { "full_id": "w841496871", "osm_id": "841496871", "stairs": null, "level": null, "ramp:wheelchair": null, "width": null, "bicycle": null, "alt_name": null, "historic": null, "tunnel": null, "access": null, "layer": null, "bridge": null, "foot": null, "surface": null, "step_count": null, "ramp": "no", "name": null, "lit": null }, "geometry": { "type": "Point", "coordinates": [ -8.427318199757501, 40.208789814005563 ] } },
{ "type": "Feature", "properties": { "full_id": "w842511292", "osm_id": "842511292", "stairs": null, "level": null, "ramp:wheelchair": null, "width": null, "bicycle": null, "alt_name": null, "historic": null, "tunnel": null, "access": null, "layer": null, "bridge": null, "foot": null, "surface": null, "step_count": null, "ramp": null, "name": null, "lit": null }, "geometry": { "type": "Point", "coordinates": [ -8.456107535419195, 40.21441899516266 ] } },
{ "type": "Feature", "properties": { "full_id": "w842511293", "osm_id": "842511293", "stairs": null, "level": null, "ramp:wheelchair": null, "width": null, "bicycle": null, "alt_name": null, "historic": null, "tunnel": null, "access": null, "layer": null, "bridge": null, "foot": null, "surface": null, "step_count": null, "ramp": null, "name": null, "lit": null }, "geometry": { "type": "Point", "coordinates": [ -8.456493615725551, 40.21459883052281 ] } },
{ "type": "Feature", "properties": { "full_id": "w846765009", "osm_id": "846765009", "stairs": null, "level": null, "ramp:wheelchair": null, "width": null, "bicycle": null, "alt_name": null, "historic": null, "tunnel": null, "access": null, "layer": null, "bridge": null, "foot": null, "surface": null, "step_count": null, "ramp": null, "name": null, "lit": null }, "geometry": { "type": "Point", "coordinates": [ -8.424373021192643, 40.207525759550528 ] } },
{ "type": "Feature", "properties": { "full_id": "w846765011", "osm_id": "846765011", "stairs": null, "level": null, "ramp:wheelchair": null, "width": null, "bicycle": null, "alt_name": null, "historic": null, "tunnel": "building_passage", "access": null, "layer": null, "bridge": null, "foot": null, "surface": null, "step_count": null, "ramp": null, "name": null, "lit": null }, "geometry": { "type": "Point", "coordinates": [ -8.4241973309739, 40.206980288124534 ] } },
{ "type": "Feature", "properties": { "full_id": "w891728754", "osm_id": "891728754", "stairs": null, "level": null, "ramp:wheelchair": null, "width": null, "bicycle": null, "alt_name": null, "historic": null, "tunnel": null, "access": null, "layer": null, "bridge": null, "foot": null, "surface": "wood", "step_count": null, "ramp": "no", "name": null, "lit": null }, "geometry": { "type": "Point", "coordinates": [ -8.419352533074775, 40.193069152194994 ] } },
{ "type": "Feature", "properties": { "full_id": "w903204071", "osm_id": "903204071", "stairs": null, "level": null, "ramp:wheelchair": null, "width": null, "bicycle": null, "alt_name": null, "historic": null, "tunnel": null, "access": null, "layer": null, "bridge": null, "foot": null, "surface": null, "step_count": null, "ramp": null, "name": null, "lit": null }, "geometry": { "type": "Point", "coordinates": [ -8.43568825, 40.1841035 ] } },
{ "type": "Feature", "properties": { "full_id": "w908246373", "osm_id": "908246373", "stairs": null, "level": null, "ramp:wheelchair": null, "width": null, "bicycle": null, "alt_name": null, "historic": null, "tunnel": null, "access": null, "layer": null, "bridge": null, "foot": null, "surface": null, "step_count": null, "ramp": null, "name": null, "lit": null }, "geometry": { "type": "Point", "coordinates": [ -8.405657097863983, 40.214759438134642 ] } },
{ "type": "Feature", "properties": { "full_id": "w912994938", "osm_id": "912994938", "stairs": null, "level": null, "ramp:wheelchair": null, "width": null, "bicycle": null, "alt_name": null, "historic": null, "tunnel": null, "access": null, "layer": null, "bridge": null, "foot": null, "surface": null, "step_count": null, "ramp": null, "name": null, "lit": null }, "geometry": { "type": "Point", "coordinates": [ -8.40930282194571, 40.208553890397148 ] } },
{ "type": "Feature", "properties": { "full_id": "w912994940", "osm_id": "912994940", "stairs": null, "level": null, "ramp:wheelchair": null, "width": null, "bicycle": null, "alt_name": null, "historic": null, "tunnel": null, "access": null, "layer": null, "bridge": null, "foot": null, "surface": null, "step_count": null, "ramp": null, "name": null, "lit": null }, "geometry": { "type": "Point", "coordinates": [ -8.4093304, 40.20866565 ] } },
{ "type": "Feature", "properties": { "full_id": "w912994942", "osm_id": "912994942", "stairs": null, "level": null, "ramp:wheelchair": null, "width": null, "bicycle": null, "alt_name": null, "historic": null, "tunnel": null, "access": "private", "layer": null, "bridge": null, "foot": null, "surface": null, "step_count": null, "ramp": null, "name": null, "lit": null }, "geometry": { "type": "Point", "coordinates": [ -8.409417500024727, 40.208502906552766 ] } },
{ "type": "Feature", "properties": { "full_id": "w912994950", "osm_id": "912994950", "stairs": null, "level": null, "ramp:wheelchair": null, "width": null, "bicycle": null, "alt_name": null, "historic": null, "tunnel": null, "access": null, "layer": null, "bridge": null, "foot": null, "surface": null, "step_count": null, "ramp": null, "name": null, "lit": null }, "geometry": { "type": "Point", "coordinates": [ -8.409423, 40.2089154 ] } },
{ "type": "Feature", "properties": { "full_id": "w917627736", "osm_id": "917627736", "stairs": null, "level": null, "ramp:wheelchair": null, "width": null, "bicycle": null, "alt_name": null, "historic": null, "tunnel": null, "access": null, "layer": null, "bridge": null, "foot": null, "surface": null, "step_count": null, "ramp": null, "name": null, "lit": null }, "geometry": { "type": "Point", "coordinates": [ -8.42893165, 40.212824 ] } },
{ "type": "Feature", "properties": { "full_id": "w917627747", "osm_id": "917627747", "stairs": null, "level": null, "ramp:wheelchair": null, "width": null, "bicycle": null, "alt_name": null, "historic": null, "tunnel": null, "access": null, "layer": null, "bridge": null, "foot": null, "surface": null, "step_count": null, "ramp": null, "name": null, "lit": null }, "geometry": { "type": "Point", "coordinates": [ -8.4330367226826, 40.215450129220471 ] } },
{ "type": "Feature", "properties": { "full_id": "w917627757", "osm_id": "917627757", "stairs": null, "level": null, "ramp:wheelchair": null, "width": null, "bicycle": null, "alt_name": null, "historic": null, "tunnel": null, "access": null, "layer": null, "bridge": null, "foot": null, "surface": null, "step_count": null, "ramp": null, "name": null, "lit": null }, "geometry": { "type": "Point", "coordinates": [ -8.43117065, 40.2153726 ] } },
{ "type": "Feature", "properties": { "full_id": "w917627766", "osm_id": "917627766", "stairs": null, "level": null, "ramp:wheelchair": null, "width": null, "bicycle": null, "alt_name": null, "historic": null, "tunnel": null, "access": null, "layer": null, "bridge": null, "foot": null, "surface": null, "step_count": null, "ramp": null, "name": null, "lit": null }, "geometry": { "type": "Point", "coordinates": [ -8.4297104, 40.21441515 ] } },
{ "type": "Feature", "properties": { "full_id": "w917627770", "osm_id": "917627770", "stairs": null, "level": null, "ramp:wheelchair": null, "width": null, "bicycle": null, "alt_name": null, "historic": null, "tunnel": null, "access": null, "layer": null, "bridge": null, "foot": null, "surface": null, "step_count": null, "ramp": null, "name": null, "lit": null }, "geometry": { "type": "Point", "coordinates": [ -8.42915105, 40.2146868 ] } },
{ "type": "Feature", "properties": { "full_id": "w930774623", "osm_id": "930774623", "stairs": null, "level": null, "ramp:wheelchair": null, "width": null, "bicycle": null, "alt_name": null, "historic": null, "tunnel": null, "access": null, "layer": null, "bridge": null, "foot": null, "surface": null, "step_count": null, "ramp": null, "name": null, "lit": null }, "geometry": { "type": "Point", "coordinates": [ -8.414592639100855, 40.215073428396956 ] } },
{ "type": "Feature", "properties": { "full_id": "w930774629", "osm_id": "930774629", "stairs": null, "level": null, "ramp:wheelchair": null, "width": null, "bicycle": null, "alt_name": null, "historic": null, "tunnel": null, "access": null, "layer": null, "bridge": null, "foot": null, "surface": null, "step_count": null, "ramp": null, "name": null, "lit": null }, "geometry": { "type": "Point", "coordinates": [ -8.414609364671096, 40.214727900368572 ] } },
{ "type": "Feature", "properties": { "full_id": "w931776136", "osm_id": "931776136", "stairs": null, "level": null, "ramp:wheelchair": null, "width": null, "bicycle": null, "alt_name": null, "historic": null, "tunnel": null, "access": null, "layer": null, "bridge": null, "foot": null, "surface": null, "step_count": null, "ramp": null, "name": null, "lit": null }, "geometry": { "type": "Point", "coordinates": [ -8.427545187235657, 40.223347366077405 ] } },
{ "type": "Feature", "properties": { "full_id": "w931956764", "osm_id": "931956764", "stairs": null, "level": null, "ramp:wheelchair": null, "width": null, "bicycle": null, "alt_name": null, "historic": null, "tunnel": null, "access": null, "layer": null, "bridge": null, "foot": null, "surface": null, "step_count": null, "ramp": null, "name": null, "lit": null }, "geometry": { "type": "Point", "coordinates": [ -8.4650096, 40.17882005 ] } },
{ "type": "Feature", "properties": { "full_id": "w931956789", "osm_id": "931956789", "stairs": null, "level": null, "ramp:wheelchair": null, "width": null, "bicycle": null, "alt_name": null, "historic": null, "tunnel": null, "access": null, "layer": null, "bridge": null, "foot": null, "surface": null, "step_count": null, "ramp": null, "name": null, "lit": null }, "geometry": { "type": "Point", "coordinates": [ -8.466272599531893, 40.179432249732784 ] } },
{ "type": "Feature", "properties": { "full_id": "w932618286", "osm_id": "932618286", "stairs": null, "level": null, "ramp:wheelchair": null, "width": null, "bicycle": null, "alt_name": null, "historic": null, "tunnel": null, "access": null, "layer": null, "bridge": null, "foot": null, "surface": null, "step_count": null, "ramp": null, "name": null, "lit": null }, "geometry": { "type": "Point", "coordinates": [ -8.412378412968314, 40.208775982088781 ] } },
{ "type": "Feature", "properties": { "full_id": "w932618327", "osm_id": "932618327", "stairs": null, "level": null, "ramp:wheelchair": null, "width": null, "bicycle": null, "alt_name": null, "historic": null, "tunnel": null, "access": null, "layer": null, "bridge": null, "foot": null, "surface": null, "step_count": null, "ramp": null, "name": null, "lit": null }, "geometry": { "type": "Point", "coordinates": [ -8.4122637, 40.20802155 ] } },
{ "type": "Feature", "properties": { "full_id": "w933059142", "osm_id": "933059142", "stairs": null, "level": null, "ramp:wheelchair": null, "width": null, "bicycle": null, "alt_name": null, "historic": null, "tunnel": null, "access": null, "layer": null, "bridge": null, "foot": null, "surface": null, "step_count": null, "ramp": null, "name": null, "lit": null }, "geometry": { "type": "Point", "coordinates": [ -8.42054395, 40.1954711 ] } },
{ "type": "Feature", "properties": { "full_id": "w938106529", "osm_id": "938106529", "stairs": null, "level": null, "ramp:wheelchair": null, "width": null, "bicycle": null, "alt_name": null, "historic": null, "tunnel": null, "access": null, "layer": null, "bridge": null, "foot": null, "surface": null, "step_count": null, "ramp": null, "name": null, "lit": null }, "geometry": { "type": "Point", "coordinates": [ -8.4519891, 40.2103404 ] } },
{ "type": "Feature", "properties": { "full_id": "w938106537", "osm_id": "938106537", "stairs": null, "level": null, "ramp:wheelchair": null, "width": null, "bicycle": null, "alt_name": null, "historic": null, "tunnel": null, "access": null, "layer": null, "bridge": null, "foot": null, "surface": "concrete", "step_count": null, "ramp": "no", "name": null, "lit": null }, "geometry": { "type": "Point", "coordinates": [ -8.453495586291702, 40.210563846874791 ] } },
{ "type": "Feature", "properties": { "full_id": "w947237071", "osm_id": "947237071", "stairs": null, "level": null, "ramp:wheelchair": null, "width": null, "bicycle": null, "alt_name": null, "historic": null, "tunnel": null, "access": null, "layer": null, "bridge": null, "foot": null, "surface": null, "step_count": null, "ramp": null, "name": null, "lit": null }, "geometry": { "type": "Point", "coordinates": [ -8.3981865, 40.1993627 ] } },
{ "type": "Feature", "properties": { "full_id": "w952405044", "osm_id": "952405044", "stairs": null, "level": null, "ramp:wheelchair": null, "width": null, "bicycle": null, "alt_name": null, "historic": null, "tunnel": null, "access": null, "layer": null, "bridge": null, "foot": null, "surface": null, "step_count": null, "ramp": null, "name": null, "lit": null }, "geometry": { "type": "Point", "coordinates": [ -8.4137215, 40.2139155 ] } },
{ "type": "Feature", "properties": { "full_id": "w952405051", "osm_id": "952405051", "stairs": null, "level": null, "ramp:wheelchair": null, "width": null, "bicycle": null, "alt_name": null, "historic": null, "tunnel": null, "access": null, "layer": null, "bridge": null, "foot": null, "surface": null, "step_count": null, "ramp": null, "name": null, "lit": null }, "geometry": { "type": "Point", "coordinates": [ -8.41335155, 40.2137427 ] } },
{ "type": "Feature", "properties": { "full_id": "w952405054", "osm_id": "952405054", "stairs": null, "level": null, "ramp:wheelchair": null, "width": null, "bicycle": null, "alt_name": null, "historic": null, "tunnel": null, "access": null, "layer": null, "bridge": null, "foot": null, "surface": null, "step_count": null, "ramp": null, "name": null, "lit": null }, "geometry": { "type": "Point", "coordinates": [ -8.41363945, 40.21382045 ] } },
{ "type": "Feature", "properties": { "full_id": "w952516046", "osm_id": "952516046", "stairs": null, "level": null, "ramp:wheelchair": null, "width": null, "bicycle": null, "alt_name": null, "historic": null, "tunnel": null, "access": null, "layer": null, "bridge": null, "foot": null, "surface": "concrete", "step_count": "26", "ramp": "no", "name": null, "lit": null }, "geometry": { "type": "Point", "coordinates": [ -8.41401795, 40.18649305 ] } },
{ "type": "Feature", "properties": { "full_id": "w952516113", "osm_id": "952516113", "stairs": null, "level": null, "ramp:wheelchair": null, "width": null, "bicycle": null, "alt_name": null, "historic": null, "tunnel": null, "access": null, "layer": null, "bridge": null, "foot": null, "surface": "paving_stones", "step_count": "5", "ramp": "no", "name": null, "lit": null }, "geometry": { "type": "Point", "coordinates": [ -8.41378115, 40.1863494 ] } },
{ "type": "Feature", "properties": { "full_id": "w953202560", "osm_id": "953202560", "stairs": null, "level": null, "ramp:wheelchair": null, "width": null, "bicycle": null, "alt_name": null, "historic": null, "tunnel": null, "access": null, "layer": null, "bridge": null, "foot": null, "surface": null, "step_count": null, "ramp": null, "name": null, "lit": null }, "geometry": { "type": "Point", "coordinates": [ -8.41643975, 40.21466425 ] } },
{ "type": "Feature", "properties": { "full_id": "w953202563", "osm_id": "953202563", "stairs": null, "level": null, "ramp:wheelchair": null, "width": null, "bicycle": null, "alt_name": null, "historic": null, "tunnel": null, "access": null, "layer": null, "bridge": null, "foot": null, "surface": null, "step_count": null, "ramp": null, "name": null, "lit": null }, "geometry": { "type": "Point", "coordinates": [ -8.41638475, 40.21474825 ] } },
{ "type": "Feature", "properties": { "full_id": "w953503274", "osm_id": "953503274", "stairs": null, "level": null, "ramp:wheelchair": null, "width": null, "bicycle": null, "alt_name": null, "historic": null, "tunnel": null, "access": null, "layer": null, "bridge": null, "foot": null, "surface": null, "step_count": null, "ramp": "no", "name": null, "lit": null }, "geometry": { "type": "Point", "coordinates": [ -8.423772, 40.2073743 ] } },
{ "type": "Feature", "properties": { "full_id": "w953503283", "osm_id": "953503283", "stairs": null, "level": null, "ramp:wheelchair": null, "width": null, "bicycle": null, "alt_name": null, "historic": null, "tunnel": null, "access": null, "layer": null, "bridge": null, "foot": null, "surface": null, "step_count": null, "ramp": null, "name": null, "lit": null }, "geometry": { "type": "Point", "coordinates": [ -8.423826405153235, 40.207573250484018 ] } },
{ "type": "Feature", "properties": { "full_id": "w953588804", "osm_id": "953588804", "stairs": null, "level": null, "ramp:wheelchair": null, "width": null, "bicycle": null, "alt_name": null, "historic": null, "tunnel": null, "access": null, "layer": null, "bridge": null, "foot": null, "surface": null, "step_count": null, "ramp": null, "name": null, "lit": null }, "geometry": { "type": "Point", "coordinates": [ -8.39655655, 40.213302 ] } },
{ "type": "Feature", "properties": { "full_id": "w953588816", "osm_id": "953588816", "stairs": null, "level": null, "ramp:wheelchair": null, "width": null, "bicycle": null, "alt_name": null, "historic": null, "tunnel": null, "access": null, "layer": null, "bridge": null, "foot": null, "surface": null, "step_count": null, "ramp": null, "name": null, "lit": null }, "geometry": { "type": "Point", "coordinates": [ -8.3968008, 40.21289875 ] } },
{ "type": "Feature", "properties": { "full_id": "w953588822", "osm_id": "953588822", "stairs": null, "level": null, "ramp:wheelchair": null, "width": null, "bicycle": null, "alt_name": null, "historic": null, "tunnel": null, "access": null, "layer": null, "bridge": null, "foot": null, "surface": null, "step_count": null, "ramp": null, "name": null, "lit": null }, "geometry": { "type": "Point", "coordinates": [ -8.39745155, 40.21251805 ] } },
{ "type": "Feature", "properties": { "full_id": "w953604286", "osm_id": "953604286", "stairs": null, "level": null, "ramp:wheelchair": null, "width": null, "bicycle": null, "alt_name": null, "historic": null, "tunnel": null, "access": null, "layer": "1", "bridge": null, "foot": null, "surface": null, "step_count": null, "ramp": null, "name": null, "lit": null }, "geometry": { "type": "Point", "coordinates": [ -8.39750794306644, 40.21157288890938 ] } },
{ "type": "Feature", "properties": { "full_id": "w953610091", "osm_id": "953610091", "stairs": null, "level": null, "ramp:wheelchair": null, "width": null, "bicycle": null, "alt_name": null, "historic": null, "tunnel": null, "access": null, "layer": "1", "bridge": null, "foot": null, "surface": null, "step_count": null, "ramp": null, "name": null, "lit": null }, "geometry": { "type": "Point", "coordinates": [ -8.397381106218887, 40.211923500914679 ] } },
{ "type": "Feature", "properties": { "full_id": "w955447527", "osm_id": "955447527", "stairs": null, "level": null, "ramp:wheelchair": null, "width": null, "bicycle": null, "alt_name": null, "historic": null, "tunnel": null, "access": null, "layer": null, "bridge": null, "foot": null, "surface": null, "step_count": null, "ramp": null, "name": null, "lit": null }, "geometry": { "type": "Point", "coordinates": [ -8.43260005, 40.1958587 ] } },
{ "type": "Feature", "properties": { "full_id": "w955447530", "osm_id": "955447530", "stairs": null, "level": null, "ramp:wheelchair": null, "width": null, "bicycle": null, "alt_name": null, "historic": null, "tunnel": null, "access": null, "layer": null, "bridge": null, "foot": null, "surface": null, "step_count": null, "ramp": null, "name": null, "lit": null }, "geometry": { "type": "Point", "coordinates": [ -8.43288485, 40.1957855 ] } },
{ "type": "Feature", "properties": { "full_id": "w955511967", "osm_id": "955511967", "stairs": null, "level": null, "ramp:wheelchair": null, "width": null, "bicycle": null, "alt_name": null, "historic": null, "tunnel": null, "access": "customers", "layer": null, "bridge": null, "foot": null, "surface": null, "step_count": null, "ramp": null, "name": null, "lit": null }, "geometry": { "type": "Point", "coordinates": [ -8.39936475, 40.19781 ] } },
{ "type": "Feature", "properties": { "full_id": "w955511972", "osm_id": "955511972", "stairs": null, "level": null, "ramp:wheelchair": null, "width": null, "bicycle": null, "alt_name": null, "historic": null, "tunnel": null, "access": "customers", "layer": null, "bridge": null, "foot": null, "surface": null, "step_count": null, "ramp": null, "name": null, "lit": null }, "geometry": { "type": "Point", "coordinates": [ -8.3999392, 40.1978871 ] } },
{ "type": "Feature", "properties": { "full_id": "w955512002", "osm_id": "955512002", "stairs": null, "level": null, "ramp:wheelchair": null, "width": null, "bicycle": null, "alt_name": null, "historic": null, "tunnel": null, "access": null, "layer": null, "bridge": null, "foot": null, "surface": null, "step_count": null, "ramp": null, "name": null, "lit": null }, "geometry": { "type": "Point", "coordinates": [ -8.4024736, 40.19857115 ] } },
{ "type": "Feature", "properties": { "full_id": "w956173728", "osm_id": "956173728", "stairs": "yes", "level": "-3;-2", "ramp:wheelchair": null, "width": null, "bicycle": null, "alt_name": null, "historic": null, "tunnel": null, "access": null, "layer": null, "bridge": null, "foot": null, "surface": null, "step_count": null, "ramp": null, "name": null, "lit": null }, "geometry": { "type": "Point", "coordinates": [ -8.4157193, 40.21483305 ] } },
{ "type": "Feature", "properties": { "full_id": "w956994101", "osm_id": "956994101", "stairs": null, "level": null, "ramp:wheelchair": null, "width": null, "bicycle": null, "alt_name": null, "historic": null, "tunnel": null, "access": null, "layer": null, "bridge": null, "foot": null, "surface": "paving_stones", "step_count": "5", "ramp": "no", "name": null, "lit": "yes" }, "geometry": { "type": "Point", "coordinates": [ -8.40135115, 40.20707645 ] } },
{ "type": "Feature", "properties": { "full_id": "w956997001", "osm_id": "956997001", "stairs": null, "level": null, "ramp:wheelchair": null, "width": null, "bicycle": null, "alt_name": null, "historic": null, "tunnel": null, "access": null, "layer": null, "bridge": null, "foot": null, "surface": null, "step_count": null, "ramp": null, "name": null, "lit": null }, "geometry": { "type": "Point", "coordinates": [ -8.40281205, 40.20702625 ] } },
{ "type": "Feature", "properties": { "full_id": "w956997004", "osm_id": "956997004", "stairs": null, "level": null, "ramp:wheelchair": null, "width": null, "bicycle": null, "alt_name": null, "historic": null, "tunnel": null, "access": null, "layer": null, "bridge": null, "foot": null, "surface": null, "step_count": null, "ramp": null, "name": null, "lit": null }, "geometry": { "type": "Point", "coordinates": [ -8.40385615, 40.20714285 ] } },
{ "type": "Feature", "properties": { "full_id": "w957244586", "osm_id": "957244586", "stairs": null, "level": null, "ramp:wheelchair": null, "width": null, "bicycle": null, "alt_name": null, "historic": null, "tunnel": null, "access": "customers", "layer": null, "bridge": null, "foot": null, "surface": null, "step_count": null, "ramp": null, "name": null, "lit": null }, "geometry": { "type": "Point", "coordinates": [ -8.41527545, 40.21732025 ] } },
{ "type": "Feature", "properties": { "full_id": "w957244603", "osm_id": "957244603", "stairs": null, "level": null, "ramp:wheelchair": null, "width": null, "bicycle": null, "alt_name": null, "historic": null, "tunnel": null, "access": "customers", "layer": null, "bridge": null, "foot": null, "surface": null, "step_count": null, "ramp": null, "name": null, "lit": null }, "geometry": { "type": "Point", "coordinates": [ -8.414663898362072, 40.217225510410493 ] } },
{ "type": "Feature", "properties": { "full_id": "w957244605", "osm_id": "957244605", "stairs": null, "level": null, "ramp:wheelchair": null, "width": null, "bicycle": null, "alt_name": null, "historic": null, "tunnel": null, "access": "customers", "layer": null, "bridge": null, "foot": null, "surface": null, "step_count": null, "ramp": null, "name": null, "lit": null }, "geometry": { "type": "Point", "coordinates": [ -8.41446662952144, 40.216818168806427 ] } },
{ "type": "Feature", "properties": { "full_id": "w957244608", "osm_id": "957244608", "stairs": null, "level": null, "ramp:wheelchair": null, "width": null, "bicycle": null, "alt_name": null, "historic": null, "tunnel": null, "access": "customers", "layer": null, "bridge": null, "foot": null, "surface": null, "step_count": null, "ramp": null, "name": null, "lit": null }, "geometry": { "type": "Point", "coordinates": [ -8.414946050865188, 40.217345987105702 ] } },
{ "type": "Feature", "properties": { "full_id": "w957244611", "osm_id": "957244611", "stairs": null, "level": null, "ramp:wheelchair": null, "width": null, "bicycle": null, "alt_name": null, "historic": null, "tunnel": null, "access": "customers", "layer": null, "bridge": null, "foot": null, "surface": null, "step_count": null, "ramp": null, "name": null, "lit": null }, "geometry": { "type": "Point", "coordinates": [ -8.4141751, 40.2171652 ] } },
{ "type": "Feature", "properties": { "full_id": "w957244612", "osm_id": "957244612", "stairs": null, "level": null, "ramp:wheelchair": null, "width": null, "bicycle": null, "alt_name": null, "historic": null, "tunnel": null, "access": "customers", "layer": null, "bridge": null, "foot": null, "surface": null, "step_count": null, "ramp": null, "name": null, "lit": null }, "geometry": { "type": "Point", "coordinates": [ -8.41399325, 40.21715535 ] } },
{ "type": "Feature", "properties": { "full_id": "w957364531", "osm_id": "957364531", "stairs": null, "level": "0;1;2", "ramp:wheelchair": null, "width": null, "bicycle": null, "alt_name": null, "historic": null, "tunnel": null, "access": null, "layer": null, "bridge": null, "foot": null, "surface": null, "step_count": null, "ramp": null, "name": null, "lit": null }, "geometry": { "type": "Point", "coordinates": [ -8.41340915, 40.21386045 ] } },
{ "type": "Feature", "properties": { "full_id": "w957597434", "osm_id": "957597434", "stairs": null, "level": "0;-1", "ramp:wheelchair": null, "width": null, "bicycle": null, "alt_name": null, "historic": null, "tunnel": null, "access": null, "layer": null, "bridge": null, "foot": null, "surface": null, "step_count": null, "ramp": null, "name": null, "lit": null }, "geometry": { "type": "Point", "coordinates": [ -8.4147555, 40.2147653 ] } },
{ "type": "Feature", "properties": { "full_id": "w957597435", "osm_id": "957597435", "stairs": null, "level": "0;-1;-2", "ramp:wheelchair": null, "width": null, "bicycle": null, "alt_name": null, "historic": null, "tunnel": null, "access": null, "layer": null, "bridge": null, "foot": null, "surface": null, "step_count": null, "ramp": null, "name": null, "lit": null }, "geometry": { "type": "Point", "coordinates": [ -8.414755327375277, 40.21480253055195 ] } },
{ "type": "Feature", "properties": { "full_id": "w957597436", "osm_id": "957597436", "stairs": null, "level": "-2;-1;0", "ramp:wheelchair": null, "width": null, "bicycle": null, "alt_name": null, "historic": null, "tunnel": null, "access": null, "layer": null, "bridge": null, "foot": null, "surface": null, "step_count": null, "ramp": null, "name": null, "lit": null }, "geometry": { "type": "Point", "coordinates": [ -8.415339424331659, 40.214743522103902 ] } },
{ "type": "Feature", "properties": { "full_id": "w957597437", "osm_id": "957597437", "stairs": null, "level": "-2;-1;0", "ramp:wheelchair": null, "width": null, "bicycle": null, "alt_name": null, "historic": null, "tunnel": null, "access": null, "layer": null, "bridge": null, "foot": null, "surface": null, "step_count": null, "ramp": null, "name": null, "lit": null }, "geometry": { "type": "Point", "coordinates": [ -8.415741789699556, 40.214749565910502 ] } },
{ "type": "Feature", "properties": { "full_id": "w957616341", "osm_id": "957616341", "stairs": null, "level": "0;-1", "ramp:wheelchair": null, "width": null, "bicycle": null, "alt_name": null, "historic": null, "tunnel": null, "access": null, "layer": null, "bridge": null, "foot": null, "surface": null, "step_count": null, "ramp": null, "name": null, "lit": null }, "geometry": { "type": "Point", "coordinates": [ -8.416013445848321, 40.214848511396809 ] } },
{ "type": "Feature", "properties": { "full_id": "w959556070", "osm_id": "959556070", "stairs": null, "level": null, "ramp:wheelchair": null, "width": null, "bicycle": null, "alt_name": null, "historic": null, "tunnel": null, "access": null, "layer": null, "bridge": null, "foot": null, "surface": null, "step_count": null, "ramp": null, "name": null, "lit": null }, "geometry": { "type": "Point", "coordinates": [ -8.444917533804263, 40.196767604574617 ] } },
{ "type": "Feature", "properties": { "full_id": "w959825096", "osm_id": "959825096", "stairs": null, "level": null, "ramp:wheelchair": null, "width": null, "bicycle": null, "alt_name": null, "historic": null, "tunnel": null, "access": null, "layer": null, "bridge": null, "foot": null, "surface": null, "step_count": null, "ramp": "no", "name": null, "lit": null }, "geometry": { "type": "Point", "coordinates": [ -8.42776615, 40.21099915 ] } },
{ "type": "Feature", "properties": { "full_id": "w959825113", "osm_id": "959825113", "stairs": null, "level": null, "ramp:wheelchair": null, "width": null, "bicycle": null, "alt_name": null, "historic": null, "tunnel": null, "access": null, "layer": null, "bridge": null, "foot": null, "surface": null, "step_count": null, "ramp": "no", "name": null, "lit": null }, "geometry": { "type": "Point", "coordinates": [ -8.42643825, 40.21109895 ] } },
{ "type": "Feature", "properties": { "full_id": "w959825114", "osm_id": "959825114", "stairs": null, "level": null, "ramp:wheelchair": null, "width": null, "bicycle": null, "alt_name": null, "historic": null, "tunnel": null, "access": null, "layer": null, "bridge": null, "foot": null, "surface": null, "step_count": null, "ramp": null, "name": null, "lit": null }, "geometry": { "type": "Point", "coordinates": [ -8.4259989, 40.21121275 ] } },
{ "type": "Feature", "properties": { "full_id": "w961469390", "osm_id": "961469390", "stairs": null, "level": null, "ramp:wheelchair": null, "width": null, "bicycle": null, "alt_name": null, "historic": null, "tunnel": null, "access": null, "layer": "1", "bridge": null, "foot": null, "surface": null, "step_count": null, "ramp": null, "name": null, "lit": null }, "geometry": { "type": "Point", "coordinates": [ -8.44239425, 40.21103385 ] } },
{ "type": "Feature", "properties": { "full_id": "w961469394", "osm_id": "961469394", "stairs": null, "level": null, "ramp:wheelchair": null, "width": null, "bicycle": null, "alt_name": null, "historic": null, "tunnel": null, "access": null, "layer": "1", "bridge": null, "foot": null, "surface": null, "step_count": null, "ramp": null, "name": null, "lit": null }, "geometry": { "type": "Point", "coordinates": [ -8.4423779, 40.2111529 ] } },
{ "type": "Feature", "properties": { "full_id": "w961469403", "osm_id": "961469403", "stairs": null, "level": null, "ramp:wheelchair": null, "width": null, "bicycle": null, "alt_name": null, "historic": null, "tunnel": null, "access": null, "layer": null, "bridge": null, "foot": null, "surface": null, "step_count": null, "ramp": null, "name": null, "lit": null }, "geometry": { "type": "Point", "coordinates": [ -8.4421862, 40.212006 ] } },
{ "type": "Feature", "properties": { "full_id": "w962090933", "osm_id": "962090933", "stairs": null, "level": "-3;-2", "ramp:wheelchair": null, "width": null, "bicycle": null, "alt_name": null, "historic": null, "tunnel": null, "access": null, "layer": null, "bridge": null, "foot": null, "surface": null, "step_count": null, "ramp": null, "name": null, "lit": null }, "geometry": { "type": "Point", "coordinates": [ -8.41479645, 40.214826 ] } },
{ "type": "Feature", "properties": { "full_id": "w962090935", "osm_id": "962090935", "stairs": null, "level": "-1;-2", "ramp:wheelchair": null, "width": null, "bicycle": null, "alt_name": null, "historic": null, "tunnel": null, "access": null, "layer": null, "bridge": null, "foot": null, "surface": null, "step_count": null, "ramp": null, "name": null, "lit": null }, "geometry": { "type": "Point", "coordinates": [ -8.4147557, 40.2147513 ] } },
{ "type": "Feature", "properties": { "full_id": "w962307463", "osm_id": "962307463", "stairs": null, "level": null, "ramp:wheelchair": null, "width": null, "bicycle": null, "alt_name": null, "historic": null, "tunnel": null, "access": null, "layer": "1", "bridge": null, "foot": null, "surface": null, "step_count": null, "ramp": null, "name": null, "lit": null }, "geometry": { "type": "Point", "coordinates": [ -8.42394695, 40.20747155 ] } },
{ "type": "Feature", "properties": { "full_id": "w962307469", "osm_id": "962307469", "stairs": null, "level": null, "ramp:wheelchair": null, "width": null, "bicycle": null, "alt_name": null, "historic": null, "tunnel": null, "access": null, "layer": null, "bridge": null, "foot": null, "surface": null, "step_count": null, "ramp": null, "name": null, "lit": null }, "geometry": { "type": "Point", "coordinates": [ -8.424257295958734, 40.207354118942987 ] } },
{ "type": "Feature", "properties": { "full_id": "w962772312", "osm_id": "962772312", "stairs": null, "level": null, "ramp:wheelchair": null, "width": null, "bicycle": null, "alt_name": null, "historic": null, "tunnel": null, "access": null, "layer": null, "bridge": null, "foot": null, "surface": "paving_stones", "step_count": null, "ramp": "no", "name": null, "lit": null }, "geometry": { "type": "Point", "coordinates": [ -8.42778575, 40.21127605 ] } },
{ "type": "Feature", "properties": { "full_id": "w962772313", "osm_id": "962772313", "stairs": null, "level": null, "ramp:wheelchair": null, "width": null, "bicycle": null, "alt_name": null, "historic": null, "tunnel": null, "access": null, "layer": null, "bridge": null, "foot": null, "surface": "paving_stones", "step_count": null, "ramp": "no", "name": null, "lit": null }, "geometry": { "type": "Point", "coordinates": [ -8.4278795, 40.21126215 ] } },
{ "type": "Feature", "properties": { "full_id": "w962772315", "osm_id": "962772315", "stairs": null, "level": null, "ramp:wheelchair": null, "width": null, "bicycle": null, "alt_name": null, "historic": null, "tunnel": null, "access": null, "layer": null, "bridge": null, "foot": null, "surface": "paving_stones", "step_count": null, "ramp": "no", "name": null, "lit": null }, "geometry": { "type": "Point", "coordinates": [ -8.4278234, 40.2112247 ] } },
{ "type": "Feature", "properties": { "full_id": "w962772317", "osm_id": "962772317", "stairs": null, "level": null, "ramp:wheelchair": null, "width": null, "bicycle": null, "alt_name": null, "historic": null, "tunnel": null, "access": null, "layer": null, "bridge": null, "foot": null, "surface": "paving_stones", "step_count": null, "ramp": "no", "name": null, "lit": null }, "geometry": { "type": "Point", "coordinates": [ -8.4278445, 40.21130705 ] } },
{ "type": "Feature", "properties": { "full_id": "w962772462", "osm_id": "962772462", "stairs": null, "level": null, "ramp:wheelchair": null, "width": null, "bicycle": null, "alt_name": null, "historic": null, "tunnel": null, "access": null, "layer": null, "bridge": null, "foot": null, "surface": null, "step_count": null, "ramp": null, "name": null, "lit": null }, "geometry": { "type": "Point", "coordinates": [ -8.42698135, 40.20755115 ] } },
{ "type": "Feature", "properties": { "full_id": "w962775900", "osm_id": "962775900", "stairs": null, "level": null, "ramp:wheelchair": null, "width": null, "bicycle": null, "alt_name": null, "historic": null, "tunnel": null, "access": null, "layer": null, "bridge": null, "foot": null, "surface": null, "step_count": null, "ramp": null, "name": null, "lit": null }, "geometry": { "type": "Point", "coordinates": [ -8.426921603876442, 40.211052453034746 ] } },
{ "type": "Feature", "properties": { "full_id": "w962775901", "osm_id": "962775901", "stairs": null, "level": null, "ramp:wheelchair": null, "width": null, "bicycle": null, "alt_name": null, "historic": null, "tunnel": null, "access": null, "layer": null, "bridge": null, "foot": null, "surface": null, "step_count": null, "ramp": "no", "name": null, "lit": null }, "geometry": { "type": "Point", "coordinates": [ -8.4265909, 40.211078 ] } },
{ "type": "Feature", "properties": { "full_id": "w967604277", "osm_id": "967604277", "stairs": null, "level": null, "ramp:wheelchair": null, "width": null, "bicycle": null, "alt_name": null, "historic": null, "tunnel": null, "access": null, "layer": null, "bridge": null, "foot": null, "surface": null, "step_count": null, "ramp": null, "name": null, "lit": null }, "geometry": { "type": "Point", "coordinates": [ -8.4208142, 40.20917055 ] } },
{ "type": "Feature", "properties": { "full_id": "w967604278", "osm_id": "967604278", "stairs": null, "level": null, "ramp:wheelchair": null, "width": null, "bicycle": null, "alt_name": null, "historic": null, "tunnel": null, "access": null, "layer": null, "bridge": null, "foot": null, "surface": null, "step_count": null, "ramp": null, "name": null, "lit": null }, "geometry": { "type": "Point", "coordinates": [ -8.42081345, 40.20919415 ] } },
{ "type": "Feature", "properties": { "full_id": "w967980666", "osm_id": "967980666", "stairs": null, "level": null, "ramp:wheelchair": null, "width": null, "bicycle": null, "alt_name": null, "historic": null, "tunnel": null, "access": null, "layer": null, "bridge": null, "foot": null, "surface": "concrete", "step_count": "13", "ramp": "no", "name": null, "lit": null }, "geometry": { "type": "Point", "coordinates": [ -8.41359415, 40.2023962 ] } },
{ "type": "Feature", "properties": { "full_id": "w980674320", "osm_id": "980674320", "stairs": null, "level": null, "ramp:wheelchair": null, "width": null, "bicycle": null, "alt_name": null, "historic": null, "tunnel": null, "access": "customers", "layer": null, "bridge": null, "foot": null, "surface": null, "step_count": null, "ramp": null, "name": null, "lit": null }, "geometry": { "type": "Point", "coordinates": [ -8.4155753, 40.21158425 ] } },
{ "type": "Feature", "properties": { "full_id": "w980674334", "osm_id": "980674334", "stairs": null, "level": null, "ramp:wheelchair": null, "width": null, "bicycle": null, "alt_name": null, "historic": null, "tunnel": null, "access": null, "layer": null, "bridge": null, "foot": null, "surface": null, "step_count": null, "ramp": null, "name": null, "lit": null }, "geometry": { "type": "Point", "coordinates": [ -8.4145742, 40.21203775 ] } },
{ "type": "Feature", "properties": { "full_id": "w1009359494", "osm_id": "1009359494", "stairs": null, "level": null, "ramp:wheelchair": null, "width": null, "bicycle": null, "alt_name": "Escadas da Fonte Nova", "historic": null, "tunnel": null, "access": null, "layer": null, "bridge": null, "foot": null, "surface": null, "step_count": null, "ramp": "no", "name": "Escadas de Montarroio", "lit": null }, "geometry": { "type": "Point", "coordinates": [ -8.42777788533199, 40.21176333190396 ] } },
{ "type": "Feature", "properties": { "full_id": "w1023112630", "osm_id": "1023112630", "stairs": null, "level": null, "ramp:wheelchair": null, "width": null, "bicycle": null, "alt_name": null, "historic": null, "tunnel": null, "access": null, "layer": null, "bridge": null, "foot": null, "surface": null, "step_count": null, "ramp": null, "name": null, "lit": null }, "geometry": { "type": "Point", "coordinates": [ -8.44228205, 40.18691035 ] } },
{ "type": "Feature", "properties": { "full_id": "w1023112713", "osm_id": "1023112713", "stairs": null, "level": null, "ramp:wheelchair": null, "width": null, "bicycle": null, "alt_name": null, "historic": null, "tunnel": null, "access": null, "layer": null, "bridge": null, "foot": null, "surface": null, "step_count": null, "ramp": null, "name": null, "lit": null }, "geometry": { "type": "Point", "coordinates": [ -8.44256720048447, 40.187071603238131 ] } },
{ "type": "Feature", "properties": { "full_id": "w1023112738", "osm_id": "1023112738", "stairs": null, "level": null, "ramp:wheelchair": null, "width": null, "bicycle": null, "alt_name": null, "historic": null, "tunnel": null, "access": null, "layer": null, "bridge": null, "foot": null, "surface": null, "step_count": null, "ramp": null, "name": null, "lit": null }, "geometry": { "type": "Point", "coordinates": [ -8.44112735, 40.1872703 ] } },
{ "type": "Feature", "properties": { "full_id": "w1023112739", "osm_id": "1023112739", "stairs": null, "level": null, "ramp:wheelchair": null, "width": null, "bicycle": null, "alt_name": null, "historic": null, "tunnel": null, "access": null, "layer": null, "bridge": null, "foot": null, "surface": null, "step_count": null, "ramp": null, "name": null, "lit": null }, "geometry": { "type": "Point", "coordinates": [ -8.44166215, 40.18719845 ] } },
{ "type": "Feature", "properties": { "full_id": "w1025053628", "osm_id": "1025053628", "stairs": null, "level": null, "ramp:wheelchair": null, "width": null, "bicycle": null, "alt_name": null, "historic": null, "tunnel": null, "access": null, "layer": null, "bridge": null, "foot": null, "surface": null, "step_count": null, "ramp": null, "name": null, "lit": null }, "geometry": { "type": "Point", "coordinates": [ -8.4031678, 40.2149057 ] } },
{ "type": "Feature", "properties": { "full_id": "w1025053631", "osm_id": "1025053631", "stairs": null, "level": null, "ramp:wheelchair": null, "width": null, "bicycle": null, "alt_name": null, "historic": null, "tunnel": null, "access": null, "layer": null, "bridge": null, "foot": null, "surface": null, "step_count": null, "ramp": null, "name": null, "lit": null }, "geometry": { "type": "Point", "coordinates": [ -8.403025967633504, 40.215074263216252 ] } },
{ "type": "Feature", "properties": { "full_id": "w1038587071", "osm_id": "1038587071", "stairs": null, "level": null, "ramp:wheelchair": null, "width": null, "bicycle": null, "alt_name": null, "historic": null, "tunnel": null, "access": null, "layer": null, "bridge": null, "foot": null, "surface": null, "step_count": null, "ramp": null, "name": null, "lit": null }, "geometry": { "type": "Point", "coordinates": [ -8.43128705, 40.2122386 ] } },
{ "type": "Feature", "properties": { "full_id": "w1038587073", "osm_id": "1038587073", "stairs": null, "level": null, "ramp:wheelchair": null, "width": null, "bicycle": null, "alt_name": null, "historic": null, "tunnel": null, "access": null, "layer": null, "bridge": null, "foot": null, "surface": null, "step_count": null, "ramp": null, "name": null, "lit": null }, "geometry": { "type": "Point", "coordinates": [ -8.43131035, 40.21223245 ] } },
{ "type": "Feature", "properties": { "full_id": "w1042087563", "osm_id": "1042087563", "stairs": null, "level": null, "ramp:wheelchair": null, "width": null, "bicycle": null, "alt_name": null, "historic": null, "tunnel": null, "access": null, "layer": null, "bridge": null, "foot": null, "surface": null, "step_count": null, "ramp": null, "name": null, "lit": null }, "geometry": { "type": "Point", "coordinates": [ -8.4398234210826, 40.208799575404974 ] } },
{ "type": "Feature", "properties": { "full_id": "w1042087581", "osm_id": "1042087581", "stairs": null, "level": null, "ramp:wheelchair": null, "width": null, "bicycle": null, "alt_name": null, "historic": null, "tunnel": null, "access": null, "layer": null, "bridge": null, "foot": null, "surface": null, "step_count": null, "ramp": null, "name": null, "lit": null }, "geometry": { "type": "Point", "coordinates": [ -8.439438684398668, 40.208731665157707 ] } },
{ "type": "Feature", "properties": { "full_id": "w1042087593", "osm_id": "1042087593", "stairs": null, "level": null, "ramp:wheelchair": null, "width": null, "bicycle": null, "alt_name": null, "historic": null, "tunnel": null, "access": null, "layer": null, "bridge": null, "foot": null, "surface": null, "step_count": null, "ramp": null, "name": null, "lit": null }, "geometry": { "type": "Point", "coordinates": [ -8.43919485, 40.208861 ] } },
{ "type": "Feature", "properties": { "full_id": "w1042087595", "osm_id": "1042087595", "stairs": null, "level": null, "ramp:wheelchair": null, "width": null, "bicycle": null, "alt_name": null, "historic": null, "tunnel": null, "access": null, "layer": null, "bridge": null, "foot": null, "surface": null, "step_count": null, "ramp": null, "name": null, "lit": null }, "geometry": { "type": "Point", "coordinates": [ -8.439519834927788, 40.208686786274306 ] } },
{ "type": "Feature", "properties": { "full_id": "w1042087598", "osm_id": "1042087598", "stairs": null, "level": null, "ramp:wheelchair": null, "width": null, "bicycle": null, "alt_name": null, "historic": null, "tunnel": null, "access": null, "layer": null, "bridge": null, "foot": null, "surface": null, "step_count": null, "ramp": null, "name": null, "lit": null }, "geometry": { "type": "Point", "coordinates": [ -8.4388892, 40.2081442 ] } },
{ "type": "Feature", "properties": { "full_id": "w1042087600", "osm_id": "1042087600", "stairs": null, "level": null, "ramp:wheelchair": null, "width": null, "bicycle": null, "alt_name": null, "historic": null, "tunnel": null, "access": null, "layer": null, "bridge": null, "foot": null, "surface": null, "step_count": null, "ramp": null, "name": null, "lit": null }, "geometry": { "type": "Point", "coordinates": [ -8.4387129, 40.2082159 ] } },
{ "type": "Feature", "properties": { "full_id": "w1042087602", "osm_id": "1042087602", "stairs": null, "level": null, "ramp:wheelchair": null, "width": null, "bicycle": null, "alt_name": null, "historic": null, "tunnel": null, "access": null, "layer": null, "bridge": null, "foot": null, "surface": null, "step_count": null, "ramp": null, "name": null, "lit": null }, "geometry": { "type": "Point", "coordinates": [ -8.43886815, 40.20815355 ] } },
{ "type": "Feature", "properties": { "full_id": "w1042087605", "osm_id": "1042087605", "stairs": null, "level": null, "ramp:wheelchair": null, "width": null, "bicycle": null, "alt_name": null, "historic": null, "tunnel": null, "access": null, "layer": null, "bridge": null, "foot": null, "surface": null, "step_count": null, "ramp": null, "name": null, "lit": null }, "geometry": { "type": "Point", "coordinates": [ -8.43898685, 40.2081005 ] } },
{ "type": "Feature", "properties": { "full_id": "w1042087606", "osm_id": "1042087606", "stairs": null, "level": null, "ramp:wheelchair": null, "width": null, "bicycle": null, "alt_name": null, "historic": null, "tunnel": null, "access": null, "layer": null, "bridge": null, "foot": null, "surface": null, "step_count": null, "ramp": null, "name": null, "lit": null }, "geometry": { "type": "Point", "coordinates": [ -8.4389652, 40.20811125 ] } },
{ "type": "Feature", "properties": { "full_id": "w1049273986", "osm_id": "1049273986", "stairs": null, "level": null, "ramp:wheelchair": null, "width": null, "bicycle": null, "alt_name": null, "historic": null, "tunnel": null, "access": null, "layer": null, "bridge": null, "foot": null, "surface": null, "step_count": null, "ramp": null, "name": null, "lit": null }, "geometry": { "type": "Point", "coordinates": [ -8.416380464658104, 40.191912044954584 ] } },
{ "type": "Feature", "properties": { "full_id": "w1049273988", "osm_id": "1049273988", "stairs": null, "level": null, "ramp:wheelchair": null, "width": null, "bicycle": null, "alt_name": null, "historic": null, "tunnel": null, "access": null, "layer": null, "bridge": null, "foot": null, "surface": null, "step_count": null, "ramp": null, "name": null, "lit": null }, "geometry": { "type": "Point", "coordinates": [ -8.41633075, 40.19171835 ] } },
{ "type": "Feature", "properties": { "full_id": "w1050428809", "osm_id": "1050428809", "stairs": null, "level": null, "ramp:wheelchair": null, "width": null, "bicycle": null, "alt_name": null, "historic": null, "tunnel": null, "access": null, "layer": null, "bridge": null, "foot": null, "surface": null, "step_count": null, "ramp": null, "name": null, "lit": null }, "geometry": { "type": "Point", "coordinates": [ -8.46007185, 40.1959083 ] } },
{ "type": "Feature", "properties": { "full_id": "w1053192175", "osm_id": "1053192175", "stairs": null, "level": null, "ramp:wheelchair": null, "width": null, "bicycle": null, "alt_name": null, "historic": null, "tunnel": null, "access": null, "layer": null, "bridge": null, "foot": null, "surface": null, "step_count": null, "ramp": null, "name": null, "lit": null }, "geometry": { "type": "Point", "coordinates": [ -8.41169245, 40.2144478 ] } },
{ "type": "Feature", "properties": { "full_id": "w1053203849", "osm_id": "1053203849", "stairs": null, "level": null, "ramp:wheelchair": null, "width": null, "bicycle": null, "alt_name": null, "historic": null, "tunnel": null, "access": null, "layer": null, "bridge": null, "foot": null, "surface": null, "step_count": null, "ramp": null, "name": null, "lit": null }, "geometry": { "type": "Point", "coordinates": [ -8.4120208, 40.21435735 ] } },
{ "type": "Feature", "properties": { "full_id": "w1054042932", "osm_id": "1054042932", "stairs": null, "level": null, "ramp:wheelchair": null, "width": null, "bicycle": null, "alt_name": null, "historic": null, "tunnel": null, "access": null, "layer": null, "bridge": null, "foot": null, "surface": null, "step_count": null, "ramp": null, "name": null, "lit": null }, "geometry": { "type": "Point", "coordinates": [ -8.4031471, 40.21954345 ] } },
{ "type": "Feature", "properties": { "full_id": "w1054042933", "osm_id": "1054042933", "stairs": null, "level": null, "ramp:wheelchair": null, "width": null, "bicycle": null, "alt_name": null, "historic": null, "tunnel": null, "access": null, "layer": null, "bridge": null, "foot": null, "surface": null, "step_count": null, "ramp": null, "name": null, "lit": null }, "geometry": { "type": "Point", "coordinates": [ -8.40332185, 40.2195873 ] } },
{ "type": "Feature", "properties": { "full_id": "w1054042935", "osm_id": "1054042935", "stairs": null, "level": null, "ramp:wheelchair": null, "width": null, "bicycle": null, "alt_name": null, "historic": null, "tunnel": null, "access": null, "layer": null, "bridge": null, "foot": null, "surface": null, "step_count": null, "ramp": null, "name": null, "lit": null }, "geometry": { "type": "Point", "coordinates": [ -8.40335075, 40.2196042 ] } },
{ "type": "Feature", "properties": { "full_id": "w1054260053", "osm_id": "1054260053", "stairs": null, "level": null, "ramp:wheelchair": null, "width": null, "bicycle": null, "alt_name": null, "historic": null, "tunnel": null, "access": null, "layer": null, "bridge": null, "foot": null, "surface": null, "step_count": null, "ramp": null, "name": null, "lit": null }, "geometry": { "type": "Point", "coordinates": [ -8.41649395, 40.19454805 ] } },
{ "type": "Feature", "properties": { "full_id": "w1054260056", "osm_id": "1054260056", "stairs": null, "level": null, "ramp:wheelchair": null, "width": null, "bicycle": null, "alt_name": null, "historic": null, "tunnel": null, "access": null, "layer": null, "bridge": null, "foot": null, "surface": null, "step_count": null, "ramp": null, "name": null, "lit": null }, "geometry": { "type": "Point", "coordinates": [ -8.416577, 40.1946548 ] } },
{ "type": "Feature", "properties": { "full_id": "w1054260057", "osm_id": "1054260057", "stairs": null, "level": null, "ramp:wheelchair": null, "width": null, "bicycle": null, "alt_name": null, "historic": null, "tunnel": null, "access": null, "layer": null, "bridge": null, "foot": null, "surface": null, "step_count": null, "ramp": null, "name": null, "lit": null }, "geometry": { "type": "Point", "coordinates": [ -8.4167465, 40.19487265 ] } },
{ "type": "Feature", "properties": { "full_id": "w1054471620", "osm_id": "1054471620", "stairs": null, "level": null, "ramp:wheelchair": null, "width": null, "bicycle": null, "alt_name": null, "historic": null, "tunnel": null, "access": null, "layer": null, "bridge": null, "foot": null, "surface": "sett", "step_count": "19", "ramp": "no", "name": null, "lit": "no" }, "geometry": { "type": "Point", "coordinates": [ -8.3988159, 40.2106159 ] } },
{ "type": "Feature", "properties": { "full_id": "w1054889430", "osm_id": "1054889430", "stairs": null, "level": null, "ramp:wheelchair": null, "width": null, "bicycle": null, "alt_name": null, "historic": null, "tunnel": null, "access": null, "layer": null, "bridge": null, "foot": null, "surface": null, "step_count": null, "ramp": null, "name": null, "lit": null }, "geometry": { "type": "Point", "coordinates": [ -8.39620375, 40.2024387 ] } },
{ "type": "Feature", "properties": { "full_id": "w1054889431", "osm_id": "1054889431", "stairs": null, "level": null, "ramp:wheelchair": null, "width": null, "bicycle": null, "alt_name": null, "historic": null, "tunnel": null, "access": null, "layer": null, "bridge": null, "foot": null, "surface": null, "step_count": null, "ramp": null, "name": null, "lit": null }, "geometry": { "type": "Point", "coordinates": [ -8.3960434, 40.2025698 ] } },
{ "type": "Feature", "properties": { "full_id": "w1054889466", "osm_id": "1054889466", "stairs": null, "level": null, "ramp:wheelchair": null, "width": null, "bicycle": null, "alt_name": null, "historic": null, "tunnel": null, "access": null, "layer": null, "bridge": null, "foot": null, "surface": null, "step_count": null, "ramp": null, "name": null, "lit": null }, "geometry": { "type": "Point", "coordinates": [ -8.3981761, 40.2032148 ] } },
{ "type": "Feature", "properties": { "full_id": "w1054889469", "osm_id": "1054889469", "stairs": null, "level": null, "ramp:wheelchair": null, "width": null, "bicycle": null, "alt_name": null, "historic": null, "tunnel": null, "access": null, "layer": "1", "bridge": null, "foot": null, "surface": null, "step_count": null, "ramp": null, "name": null, "lit": null }, "geometry": { "type": "Point", "coordinates": [ -8.3982645, 40.2033451 ] } },
{ "type": "Feature", "properties": { "full_id": "w1054889471", "osm_id": "1054889471", "stairs": null, "level": null, "ramp:wheelchair": null, "width": null, "bicycle": null, "alt_name": null, "historic": null, "tunnel": null, "access": null, "layer": null, "bridge": null, "foot": null, "surface": null, "step_count": null, "ramp": null, "name": null, "lit": null }, "geometry": { "type": "Point", "coordinates": [ -8.398282787040264, 40.203318866624727 ] } },
{ "type": "Feature", "properties": { "full_id": "w1054889526", "osm_id": "1054889526", "stairs": null, "level": null, "ramp:wheelchair": null, "width": null, "bicycle": null, "alt_name": null, "historic": null, "tunnel": null, "access": null, "layer": null, "bridge": null, "foot": null, "surface": null, "step_count": null, "ramp": null, "name": null, "lit": null }, "geometry": { "type": "Point", "coordinates": [ -8.39815365, 40.2022615 ] } },
{ "type": "Feature", "properties": { "full_id": "w1054889530", "osm_id": "1054889530", "stairs": null, "level": null, "ramp:wheelchair": null, "width": null, "bicycle": null, "alt_name": null, "historic": null, "tunnel": null, "access": null, "layer": null, "bridge": null, "foot": null, "surface": null, "step_count": null, "ramp": null, "name": null, "lit": null }, "geometry": { "type": "Point", "coordinates": [ -8.398735794418275, 40.202050932358958 ] } },
{ "type": "Feature", "properties": { "full_id": "w1054899962", "osm_id": "1054899962", "stairs": null, "level": null, "ramp:wheelchair": null, "width": null, "bicycle": null, "alt_name": null, "historic": null, "tunnel": null, "access": null, "layer": null, "bridge": null, "foot": null, "surface": null, "step_count": null, "ramp": null, "name": null, "lit": null }, "geometry": { "type": "Point", "coordinates": [ -8.3953796, 40.2023222 ] } },
{ "type": "Feature", "properties": { "full_id": "w1054899981", "osm_id": "1054899981", "stairs": null, "level": null, "ramp:wheelchair": null, "width": null, "bicycle": null, "alt_name": null, "historic": null, "tunnel": null, "access": null, "layer": null, "bridge": null, "foot": null, "surface": null, "step_count": null, "ramp": null, "name": null, "lit": null }, "geometry": { "type": "Point", "coordinates": [ -8.395687942090577, 40.202859581218874 ] } },
{ "type": "Feature", "properties": { "full_id": "w1054941423", "osm_id": "1054941423", "stairs": null, "level": null, "ramp:wheelchair": null, "width": null, "bicycle": null, "alt_name": null, "historic": null, "tunnel": null, "access": "private", "layer": null, "bridge": null, "foot": null, "surface": null, "step_count": null, "ramp": null, "name": null, "lit": null }, "geometry": { "type": "Point", "coordinates": [ -8.41777405, 40.21249215 ] } },
{ "type": "Feature", "properties": { "full_id": "w1054954473", "osm_id": "1054954473", "stairs": null, "level": null, "ramp:wheelchair": null, "width": null, "bicycle": null, "alt_name": null, "historic": null, "tunnel": null, "access": null, "layer": null, "bridge": null, "foot": null, "surface": "sett", "step_count": "47", "ramp": "no", "name": "Escadas do Abide", "lit": "yes" }, "geometry": { "type": "Point", "coordinates": [ -8.39938565, 40.2109078 ] } },
{ "type": "Feature", "properties": { "full_id": "w1054954474", "osm_id": "1054954474", "stairs": null, "level": null, "ramp:wheelchair": null, "width": null, "bicycle": null, "alt_name": null, "historic": null, "tunnel": null, "access": null, "layer": null, "bridge": null, "foot": null, "surface": "sett", "step_count": "66", "ramp": "no", "name": "Escadas do Abide", "lit": "yes" }, "geometry": { "type": "Point", "coordinates": [ -8.39925195, 40.21070885 ] } },
{ "type": "Feature", "properties": { "full_id": "w1054954482", "osm_id": "1054954482", "stairs": null, "level": null, "ramp:wheelchair": null, "width": null, "bicycle": null, "alt_name": null, "historic": null, "tunnel": null, "access": "no", "layer": null, "bridge": null, "foot": null, "surface": null, "step_count": null, "ramp": null, "name": null, "lit": null }, "geometry": { "type": "Point", "coordinates": [ -8.39787035, 40.21096365 ] } },
{ "type": "Feature", "properties": { "full_id": "w1054954484", "osm_id": "1054954484", "stairs": null, "level": null, "ramp:wheelchair": null, "width": null, "bicycle": null, "alt_name": null, "historic": null, "tunnel": null, "access": "no", "layer": null, "bridge": null, "foot": null, "surface": null, "step_count": null, "ramp": null, "name": null, "lit": null }, "geometry": { "type": "Point", "coordinates": [ -8.3979303, 40.21082445 ] } },
{ "type": "Feature", "properties": { "full_id": "w1054954491", "osm_id": "1054954491", "stairs": null, "level": null, "ramp:wheelchair": null, "width": null, "bicycle": null, "alt_name": null, "historic": null, "tunnel": null, "access": null, "layer": null, "bridge": null, "foot": null, "surface": "paving_stones", "step_count": "10", "ramp": "no", "name": null, "lit": "yes" }, "geometry": { "type": "Point", "coordinates": [ -8.39900675, 40.2092463 ] } },
{ "type": "Feature", "properties": { "full_id": "w1054954493", "osm_id": "1054954493", "stairs": null, "level": null, "ramp:wheelchair": null, "width": null, "bicycle": null, "alt_name": null, "historic": null, "tunnel": null, "access": null, "layer": null, "bridge": null, "foot": null, "surface": "paving_stones", "step_count": null, "ramp": "no", "name": null, "lit": null }, "geometry": { "type": "Point", "coordinates": [ -8.39812105, 40.21061065 ] } },
{ "type": "Feature", "properties": { "full_id": "w1054954496", "osm_id": "1054954496", "stairs": null, "level": null, "ramp:wheelchair": null, "width": null, "bicycle": null, "alt_name": null, "historic": null, "tunnel": null, "access": null, "layer": null, "bridge": null, "foot": null, "surface": "paving_stones", "step_count": null, "ramp": "no", "name": null, "lit": null }, "geometry": { "type": "Point", "coordinates": [ -8.3980729, 40.2106058 ] } },
{ "type": "Feature", "properties": { "full_id": "w1054954501", "osm_id": "1054954501", "stairs": null, "level": null, "ramp:wheelchair": null, "width": null, "bicycle": null, "alt_name": null, "historic": null, "tunnel": null, "access": null, "layer": null, "bridge": null, "foot": null, "surface": "paving_stones", "step_count": null, "ramp": "no", "name": null, "lit": null }, "geometry": { "type": "Point", "coordinates": [ -8.39875805, 40.20957825 ] } },
{ "type": "Feature", "properties": { "full_id": "w1054954505", "osm_id": "1054954505", "stairs": null, "level": null, "ramp:wheelchair": null, "width": null, "bicycle": null, "alt_name": null, "historic": null, "tunnel": null, "access": null, "layer": null, "bridge": null, "foot": null, "surface": null, "step_count": null, "ramp": null, "name": null, "lit": null }, "geometry": { "type": "Point", "coordinates": [ -8.3984586, 40.2100759 ] } },
{ "type": "Feature", "properties": { "full_id": "w1054963559", "osm_id": "1054963559", "stairs": null, "level": null, "ramp:wheelchair": null, "width": null, "bicycle": null, "alt_name": null, "historic": null, "tunnel": null, "access": null, "layer": null, "bridge": null, "foot": null, "surface": null, "step_count": null, "ramp": null, "name": null, "lit": null }, "geometry": { "type": "Point", "coordinates": [ -8.39930425, 40.21716485 ] } },
{ "type": "Feature", "properties": { "full_id": "w1054970721", "osm_id": "1054970721", "stairs": null, "level": null, "ramp:wheelchair": null, "width": null, "bicycle": null, "alt_name": null, "historic": null, "tunnel": null, "access": null, "layer": null, "bridge": null, "foot": null, "surface": null, "step_count": null, "ramp": null, "name": null, "lit": null }, "geometry": { "type": "Point", "coordinates": [ -8.3997086, 40.2164261 ] } },
{ "type": "Feature", "properties": { "full_id": "w1054970722", "osm_id": "1054970722", "stairs": null, "level": null, "ramp:wheelchair": null, "width": null, "bicycle": null, "alt_name": null, "historic": null, "tunnel": null, "access": null, "layer": null, "bridge": null, "foot": null, "surface": "paving_stones", "step_count": "36", "ramp": "no", "name": null, "lit": "no" }, "geometry": { "type": "Point", "coordinates": [ -8.3992096, 40.21588325 ] } },
{ "type": "Feature", "properties": { "full_id": "w1055193011", "osm_id": "1055193011", "stairs": null, "level": null, "ramp:wheelchair": null, "width": null, "bicycle": null, "alt_name": null, "historic": null, "tunnel": null, "access": "private", "layer": null, "bridge": null, "foot": null, "surface": null, "step_count": null, "ramp": null, "name": null, "lit": null }, "geometry": { "type": "Point", "coordinates": [ -8.4293897, 40.20956925 ] } },
{ "type": "Feature", "properties": { "full_id": "w1056083854", "osm_id": "1056083854", "stairs": null, "level": null, "ramp:wheelchair": null, "width": null, "bicycle": null, "alt_name": null, "historic": null, "tunnel": null, "access": null, "layer": null, "bridge": null, "foot": null, "surface": null, "step_count": null, "ramp": null, "name": null, "lit": null }, "geometry": { "type": "Point", "coordinates": [ -8.40875255, 40.21851545 ] } },
{ "type": "Feature", "properties": { "full_id": "w1056083864", "osm_id": "1056083864", "stairs": null, "level": null, "ramp:wheelchair": null, "width": null, "bicycle": null, "alt_name": null, "historic": null, "tunnel": null, "access": null, "layer": null, "bridge": null, "foot": null, "surface": null, "step_count": null, "ramp": null, "name": null, "lit": null }, "geometry": { "type": "Point", "coordinates": [ -8.4093578, 40.21832385 ] } },
{ "type": "Feature", "properties": { "full_id": "w1056083868", "osm_id": "1056083868", "stairs": null, "level": null, "ramp:wheelchair": null, "width": null, "bicycle": null, "alt_name": null, "historic": null, "tunnel": null, "access": null, "layer": null, "bridge": null, "foot": null, "surface": null, "step_count": null, "ramp": null, "name": null, "lit": null }, "geometry": { "type": "Point", "coordinates": [ -8.409316048187272, 40.218760085800149 ] } },
{ "type": "Feature", "properties": { "full_id": "w1056109080", "osm_id": "1056109080", "stairs": null, "level": null, "ramp:wheelchair": null, "width": null, "bicycle": null, "alt_name": null, "historic": null, "tunnel": null, "access": "private", "layer": null, "bridge": null, "foot": null, "surface": null, "step_count": null, "ramp": null, "name": null, "lit": null }, "geometry": { "type": "Point", "coordinates": [ -8.425484761570116, 40.216934630673542 ] } },
{ "type": "Feature", "properties": { "full_id": "w1056143077", "osm_id": "1056143077", "stairs": null, "level": null, "ramp:wheelchair": null, "width": null, "bicycle": null, "alt_name": null, "historic": null, "tunnel": null, "access": null, "layer": null, "bridge": null, "foot": null, "surface": null, "step_count": null, "ramp": null, "name": null, "lit": null }, "geometry": { "type": "Point", "coordinates": [ -8.414913979709226, 40.204917099848863 ] } },
{ "type": "Feature", "properties": { "full_id": "w1056143082", "osm_id": "1056143082", "stairs": null, "level": null, "ramp:wheelchair": null, "width": null, "bicycle": null, "alt_name": null, "historic": null, "tunnel": null, "access": null, "layer": null, "bridge": null, "foot": null, "surface": null, "step_count": null, "ramp": "no", "name": null, "lit": null }, "geometry": { "type": "Point", "coordinates": [ -8.41440455, 40.20526475 ] } },
{ "type": "Feature", "properties": { "full_id": "w1056143087", "osm_id": "1056143087", "stairs": null, "level": null, "ramp:wheelchair": null, "width": null, "bicycle": null, "alt_name": null, "historic": null, "tunnel": null, "access": null, "layer": null, "bridge": null, "foot": null, "surface": null, "step_count": null, "ramp": null, "name": null, "lit": null }, "geometry": { "type": "Point", "coordinates": [ -8.414597, 40.20511315 ] } },
{ "type": "Feature", "properties": { "full_id": "w1056143090", "osm_id": "1056143090", "stairs": null, "level": null, "ramp:wheelchair": null, "width": null, "bicycle": null, "alt_name": null, "historic": null, "tunnel": null, "access": null, "layer": null, "bridge": null, "foot": null, "surface": null, "step_count": null, "ramp": null, "name": null, "lit": null }, "geometry": { "type": "Point", "coordinates": [ -8.41514545, 40.20485305 ] } },
{ "type": "Feature", "properties": { "full_id": "w1056143091", "osm_id": "1056143091", "stairs": null, "level": null, "ramp:wheelchair": null, "width": null, "bicycle": null, "alt_name": null, "historic": null, "tunnel": null, "access": null, "layer": null, "bridge": null, "foot": null, "surface": null, "step_count": null, "ramp": null, "name": null, "lit": null }, "geometry": { "type": "Point", "coordinates": [ -8.4150276, 40.2048478 ] } },
{ "type": "Feature", "properties": { "full_id": "w1056143098", "osm_id": "1056143098", "stairs": null, "level": null, "ramp:wheelchair": null, "width": null, "bicycle": null, "alt_name": null, "historic": null, "tunnel": null, "access": null, "layer": null, "bridge": null, "foot": null, "surface": null, "step_count": null, "ramp": null, "name": null, "lit": null }, "geometry": { "type": "Point", "coordinates": [ -8.414550351142125, 40.205052706598003 ] } },
{ "type": "Feature", "properties": { "full_id": "w1056143103", "osm_id": "1056143103", "stairs": null, "level": null, "ramp:wheelchair": null, "width": null, "bicycle": null, "alt_name": null, "historic": null, "tunnel": null, "access": null, "layer": null, "bridge": null, "foot": null, "surface": null, "step_count": null, "ramp": null, "name": null, "lit": null }, "geometry": { "type": "Point", "coordinates": [ -8.415278468687195, 40.204780822647386 ] } },
{ "type": "Feature", "properties": { "full_id": "w1056143108", "osm_id": "1056143108", "stairs": null, "level": null, "ramp:wheelchair": null, "width": null, "bicycle": null, "alt_name": null, "historic": null, "tunnel": null, "access": null, "layer": null, "bridge": null, "foot": null, "surface": null, "step_count": null, "ramp": null, "name": null, "lit": null }, "geometry": { "type": "Point", "coordinates": [ -8.41500412121057, 40.204793317116383 ] } },
{ "type": "Feature", "properties": { "full_id": "w1056143111", "osm_id": "1056143111", "stairs": null, "level": null, "ramp:wheelchair": null, "width": null, "bicycle": null, "alt_name": null, "historic": null, "tunnel": null, "access": null, "layer": null, "bridge": null, "foot": null, "surface": null, "step_count": null, "ramp": null, "name": null, "lit": null }, "geometry": { "type": "Point", "coordinates": [ -8.41644981419358, 40.204139831524103 ] } },
{ "type": "Feature", "properties": { "full_id": "w1056143112", "osm_id": "1056143112", "stairs": null, "level": null, "ramp:wheelchair": null, "width": null, "bicycle": null, "alt_name": null, "historic": null, "tunnel": null, "access": null, "layer": null, "bridge": null, "foot": null, "surface": null, "step_count": null, "ramp": null, "name": null, "lit": null }, "geometry": { "type": "Point", "coordinates": [ -8.416418054413009, 40.204147857310581 ] } },
{ "type": "Feature", "properties": { "full_id": "w1056143119", "osm_id": "1056143119", "stairs": null, "level": null, "ramp:wheelchair": null, "width": null, "bicycle": null, "alt_name": null, "historic": null, "tunnel": null, "access": null, "layer": null, "bridge": null, "foot": null, "surface": null, "step_count": null, "ramp": null, "name": null, "lit": null }, "geometry": { "type": "Point", "coordinates": [ -8.4159735, 40.20456895 ] } },
{ "type": "Feature", "properties": { "full_id": "w1056143123", "osm_id": "1056143123", "stairs": null, "level": null, "ramp:wheelchair": null, "width": null, "bicycle": null, "alt_name": null, "historic": null, "tunnel": null, "access": null, "layer": null, "bridge": null, "foot": null, "surface": null, "step_count": null, "ramp": null, "name": null, "lit": null }, "geometry": { "type": "Point", "coordinates": [ -8.416149817018972, 40.204358588609743 ] } },
{ "type": "Feature", "properties": { "full_id": "w1056143126", "osm_id": "1056143126", "stairs": null, "level": null, "ramp:wheelchair": null, "width": null, "bicycle": null, "alt_name": null, "historic": null, "tunnel": null, "access": null, "layer": null, "bridge": null, "foot": null, "surface": null, "step_count": null, "ramp": null, "name": null, "lit": null }, "geometry": { "type": "Point", "coordinates": [ -8.416183502502646, 40.204334614687646 ] } },
{ "type": "Feature", "properties": { "full_id": "w1056345568", "osm_id": "1056345568", "stairs": null, "level": null, "ramp:wheelchair": null, "width": null, "bicycle": null, "alt_name": null, "historic": null, "tunnel": null, "access": null, "layer": null, "bridge": null, "foot": null, "surface": null, "step_count": null, "ramp": "no", "name": null, "lit": null }, "geometry": { "type": "Point", "coordinates": [ -8.42522345, 40.2123294 ] } },
{ "type": "Feature", "properties": { "full_id": "w1056345570", "osm_id": "1056345570", "stairs": null, "level": null, "ramp:wheelchair": null, "width": null, "bicycle": null, "alt_name": null, "historic": null, "tunnel": null, "access": null, "layer": null, "bridge": null, "foot": null, "surface": null, "step_count": null, "ramp": null, "name": null, "lit": null }, "geometry": { "type": "Point", "coordinates": [ -8.42509680302107, 40.212336269995703 ] } },
{ "type": "Feature", "properties": { "full_id": "w1056555837", "osm_id": "1056555837", "stairs": null, "level": null, "ramp:wheelchair": null, "width": null, "bicycle": null, "alt_name": null, "historic": null, "tunnel": null, "access": null, "layer": null, "bridge": null, "foot": "yes", "surface": null, "step_count": null, "ramp": "no", "name": "Travessa do Cabido", "lit": null }, "geometry": { "type": "Point", "coordinates": [ -8.4266432, 40.20947315 ] } },
{ "type": "Feature", "properties": { "full_id": "w1056555839", "osm_id": "1056555839", "stairs": null, "level": null, "ramp:wheelchair": null, "width": null, "bicycle": null, "alt_name": null, "historic": null, "tunnel": null, "access": null, "layer": null, "bridge": null, "foot": null, "surface": null, "step_count": null, "ramp": null, "name": null, "lit": null }, "geometry": { "type": "Point", "coordinates": [ -8.4266039, 40.2095767 ] } },
{ "type": "Feature", "properties": { "full_id": "w1057250179", "osm_id": "1057250179", "stairs": null, "level": null, "ramp:wheelchair": null, "width": null, "bicycle": null, "alt_name": null, "historic": null, "tunnel": null, "access": "private", "layer": "1", "bridge": null, "foot": null, "surface": null, "step_count": null, "ramp": null, "name": null, "lit": null }, "geometry": { "type": "Point", "coordinates": [ -8.41569745, 40.20831425 ] } },
{ "type": "Feature", "properties": { "full_id": "w1057250180", "osm_id": "1057250180", "stairs": null, "level": null, "ramp:wheelchair": null, "width": null, "bicycle": null, "alt_name": null, "historic": null, "tunnel": null, "access": "private", "layer": null, "bridge": null, "foot": null, "surface": null, "step_count": null, "ramp": null, "name": null, "lit": null }, "geometry": { "type": "Point", "coordinates": [ -8.41570625, 40.2083169 ] } },
{ "type": "Feature", "properties": { "full_id": "w1057363571", "osm_id": "1057363571", "stairs": null, "level": null, "ramp:wheelchair": null, "width": null, "bicycle": null, "alt_name": null, "historic": null, "tunnel": null, "access": null, "layer": null, "bridge": null, "foot": null, "surface": "paving_stones", "step_count": null, "ramp": "no", "name": null, "lit": null }, "geometry": { "type": "Point", "coordinates": [ -8.42778605, 40.2116714 ] } },
{ "type": "Feature", "properties": { "full_id": "w1057363572", "osm_id": "1057363572", "stairs": null, "level": null, "ramp:wheelchair": null, "width": null, "bicycle": null, "alt_name": null, "historic": null, "tunnel": null, "access": null, "layer": null, "bridge": null, "foot": null, "surface": "paving_stones", "step_count": null, "ramp": "no", "name": null, "lit": null }, "geometry": { "type": "Point", "coordinates": [ -8.4279501, 40.2116894 ] } },
{ "type": "Feature", "properties": { "full_id": "w1058636793", "osm_id": "1058636793", "stairs": null, "level": null, "ramp:wheelchair": null, "width": null, "bicycle": null, "alt_name": null, "historic": null, "tunnel": null, "access": null, "layer": null, "bridge": null, "foot": null, "surface": null, "step_count": null, "ramp": null, "name": null, "lit": null }, "geometry": { "type": "Point", "coordinates": [ -8.4145082, 40.20524805 ] } },
{ "type": "Feature", "properties": { "full_id": "w1058636797", "osm_id": "1058636797", "stairs": null, "level": null, "ramp:wheelchair": null, "width": null, "bicycle": null, "alt_name": null, "historic": null, "tunnel": null, "access": null, "layer": null, "bridge": null, "foot": null, "surface": null, "step_count": null, "ramp": null, "name": null, "lit": null }, "geometry": { "type": "Point", "coordinates": [ -8.41462965, 40.2050758 ] } },
{ "type": "Feature", "properties": { "full_id": "w1058906252", "osm_id": "1058906252", "stairs": null, "level": null, "ramp:wheelchair": null, "width": null, "bicycle": null, "alt_name": null, "historic": null, "tunnel": null, "access": null, "layer": null, "bridge": null, "foot": null, "surface": null, "step_count": null, "ramp": null, "name": null, "lit": null }, "geometry": { "type": "Point", "coordinates": [ -8.4135157, 40.2114739 ] } },
{ "type": "Feature", "properties": { "full_id": "w1058906255", "osm_id": "1058906255", "stairs": null, "level": null, "ramp:wheelchair": null, "width": null, "bicycle": null, "alt_name": null, "historic": null, "tunnel": null, "access": null, "layer": null, "bridge": null, "foot": null, "surface": null, "step_count": null, "ramp": null, "name": null, "lit": null }, "geometry": { "type": "Point", "coordinates": [ -8.4135841, 40.2113325 ] } },
{ "type": "Feature", "properties": { "full_id": "w1062584833", "osm_id": "1062584833", "stairs": null, "level": null, "ramp:wheelchair": null, "width": null, "bicycle": null, "alt_name": null, "historic": null, "tunnel": null, "access": null, "layer": null, "bridge": null, "foot": null, "surface": "wood", "step_count": "24", "ramp": "no", "name": null, "lit": null }, "geometry": { "type": "Point", "coordinates": [ -8.41534505, 40.19373875 ] } },
{ "type": "Feature", "properties": { "full_id": "w1063028818", "osm_id": "1063028818", "stairs": null, "level": null, "ramp:wheelchair": null, "width": null, "bicycle": null, "alt_name": null, "historic": null, "tunnel": null, "access": null, "layer": null, "bridge": null, "foot": null, "surface": null, "step_count": null, "ramp": "no", "name": null, "lit": null }, "geometry": { "type": "Point", "coordinates": [ -8.42871315, 40.20075955 ] } },
{ "type": "Feature", "properties": { "full_id": "w1063339675", "osm_id": "1063339675", "stairs": null, "level": null, "ramp:wheelchair": null, "width": null, "bicycle": null, "alt_name": null, "historic": null, "tunnel": null, "access": "private", "layer": null, "bridge": null, "foot": null, "surface": null, "step_count": null, "ramp": null, "name": null, "lit": null }, "geometry": { "type": "Point", "coordinates": [ -8.41295915, 40.2096517 ] } },
{ "type": "Feature", "properties": { "full_id": "w1064645358", "osm_id": "1064645358", "stairs": null, "level": null, "ramp:wheelchair": null, "width": null, "bicycle": null, "alt_name": null, "historic": null, "tunnel": null, "access": null, "layer": null, "bridge": null, "foot": null, "surface": null, "step_count": null, "ramp": null, "name": null, "lit": null }, "geometry": { "type": "Point", "coordinates": [ -8.437286185209819, 40.222194199395368 ] } },
{ "type": "Feature", "properties": { "full_id": "w1064645375", "osm_id": "1064645375", "stairs": null, "level": null, "ramp:wheelchair": null, "width": null, "bicycle": null, "alt_name": null, "historic": null, "tunnel": null, "access": null, "layer": null, "bridge": null, "foot": null, "surface": null, "step_count": null, "ramp": null, "name": null, "lit": null }, "geometry": { "type": "Point", "coordinates": [ -8.437120946822841, 40.222722489584157 ] } },
{ "type": "Feature", "properties": { "full_id": "w1064645376", "osm_id": "1064645376", "stairs": null, "level": null, "ramp:wheelchair": null, "width": null, "bicycle": null, "alt_name": null, "historic": null, "tunnel": null, "access": null, "layer": null, "bridge": null, "foot": null, "surface": null, "step_count": null, "ramp": null, "name": null, "lit": null }, "geometry": { "type": "Point", "coordinates": [ -8.437163820221395, 40.22272280097507 ] } },
{ "type": "Feature", "properties": { "full_id": "w1064645377", "osm_id": "1064645377", "stairs": null, "level": null, "ramp:wheelchair": null, "width": null, "bicycle": null, "alt_name": null, "historic": null, "tunnel": null, "access": null, "layer": null, "bridge": null, "foot": null, "surface": null, "step_count": null, "ramp": null, "name": null, "lit": null }, "geometry": { "type": "Point", "coordinates": [ -8.437117344567795, 40.222764417621526 ] } },
{ "type": "Feature", "properties": { "full_id": "w1064645404", "osm_id": "1064645404", "stairs": null, "level": null, "ramp:wheelchair": null, "width": "1.6", "bicycle": null, "alt_name": null, "historic": null, "tunnel": null, "access": null, "layer": null, "bridge": null, "foot": null, "surface": "wood", "step_count": null, "ramp": null, "name": null, "lit": null }, "geometry": { "type": "Point", "coordinates": [ -8.4341127, 40.22271105 ] } },
{ "type": "Feature", "properties": { "full_id": "w1064645413", "osm_id": "1064645413", "stairs": null, "level": null, "ramp:wheelchair": null, "width": null, "bicycle": null, "alt_name": null, "historic": null, "tunnel": null, "access": null, "layer": null, "bridge": null, "foot": null, "surface": null, "step_count": null, "ramp": null, "name": null, "lit": null }, "geometry": { "type": "Point", "coordinates": [ -8.43437435722957, 40.221569220347803 ] } },
{ "type": "Feature", "properties": { "full_id": "w1064645414", "osm_id": "1064645414", "stairs": null, "level": null, "ramp:wheelchair": null, "width": null, "bicycle": null, "alt_name": null, "historic": null, "tunnel": null, "access": null, "layer": null, "bridge": null, "foot": null, "surface": null, "step_count": null, "ramp": null, "name": null, "lit": null }, "geometry": { "type": "Point", "coordinates": [ -8.434568920845935, 40.221542897250878 ] } },
{ "type": "Feature", "properties": { "full_id": "w1065296291", "osm_id": "1065296291", "stairs": null, "level": null, "ramp:wheelchair": null, "width": null, "bicycle": null, "alt_name": null, "historic": null, "tunnel": null, "access": null, "layer": null, "bridge": null, "foot": null, "surface": null, "step_count": null, "ramp": null, "name": null, "lit": null }, "geometry": { "type": "Point", "coordinates": [ -8.42860815, 40.2309529 ] } },
{ "type": "Feature", "properties": { "full_id": "w1065296293", "osm_id": "1065296293", "stairs": null, "level": null, "ramp:wheelchair": null, "width": null, "bicycle": null, "alt_name": null, "historic": null, "tunnel": null, "access": null, "layer": null, "bridge": null, "foot": null, "surface": null, "step_count": null, "ramp": null, "name": null, "lit": null }, "geometry": { "type": "Point", "coordinates": [ -8.428416120694093, 40.230938970329674 ] } },
{ "type": "Feature", "properties": { "full_id": "w1065297579", "osm_id": "1065297579", "stairs": null, "level": null, "ramp:wheelchair": null, "width": null, "bicycle": null, "alt_name": null, "historic": null, "tunnel": null, "access": null, "layer": null, "bridge": null, "foot": null, "surface": null, "step_count": null, "ramp": null, "name": null, "lit": null }, "geometry": { "type": "Point", "coordinates": [ -8.429027, 40.23167595 ] } },
{ "type": "Feature", "properties": { "full_id": "w1065298834", "osm_id": "1065298834", "stairs": null, "level": null, "ramp:wheelchair": null, "width": null, "bicycle": null, "alt_name": null, "historic": null, "tunnel": null, "access": null, "layer": null, "bridge": null, "foot": null, "surface": null, "step_count": null, "ramp": null, "name": null, "lit": null }, "geometry": { "type": "Point", "coordinates": [ -8.435918537084905, 40.221263039185715 ] } },
{ "type": "Feature", "properties": { "full_id": "w1065327014", "osm_id": "1065327014", "stairs": null, "level": null, "ramp:wheelchair": null, "width": null, "bicycle": null, "alt_name": null, "historic": null, "tunnel": null, "access": null, "layer": null, "bridge": null, "foot": null, "surface": null, "step_count": null, "ramp": null, "name": null, "lit": null }, "geometry": { "type": "Point", "coordinates": [ -8.436503679392763, 40.221729806007446 ] } },
{ "type": "Feature", "properties": { "full_id": "w1065365195", "osm_id": "1065365195", "stairs": null, "level": null, "ramp:wheelchair": null, "width": null, "bicycle": null, "alt_name": null, "historic": null, "tunnel": null, "access": null, "layer": null, "bridge": null, "foot": null, "surface": null, "step_count": null, "ramp": null, "name": null, "lit": null }, "geometry": { "type": "Point", "coordinates": [ -8.4317013, 40.2279812 ] } },
{ "type": "Feature", "properties": { "full_id": "w1065365209", "osm_id": "1065365209", "stairs": null, "level": null, "ramp:wheelchair": null, "width": null, "bicycle": null, "alt_name": null, "historic": null, "tunnel": null, "access": null, "layer": null, "bridge": null, "foot": null, "surface": null, "step_count": null, "ramp": null, "name": null, "lit": null }, "geometry": { "type": "Point", "coordinates": [ -8.43119585, 40.2282245 ] } },
{ "type": "Feature", "properties": { "full_id": "w1065365211", "osm_id": "1065365211", "stairs": null, "level": null, "ramp:wheelchair": null, "width": null, "bicycle": null, "alt_name": null, "historic": null, "tunnel": null, "access": null, "layer": null, "bridge": null, "foot": null, "surface": null, "step_count": null, "ramp": null, "name": null, "lit": null }, "geometry": { "type": "Point", "coordinates": [ -8.4311583, 40.22826565 ] } },
{ "type": "Feature", "properties": { "full_id": "w1065365228", "osm_id": "1065365228", "stairs": null, "level": null, "ramp:wheelchair": null, "width": null, "bicycle": null, "alt_name": null, "historic": null, "tunnel": null, "access": null, "layer": null, "bridge": null, "foot": null, "surface": null, "step_count": null, "ramp": null, "name": null, "lit": null }, "geometry": { "type": "Point", "coordinates": [ -8.43117055, 40.2281842 ] } },
{ "type": "Feature", "properties": { "full_id": "w1065365234", "osm_id": "1065365234", "stairs": null, "level": null, "ramp:wheelchair": null, "width": null, "bicycle": null, "alt_name": null, "historic": null, "tunnel": null, "access": null, "layer": null, "bridge": null, "foot": null, "surface": null, "step_count": null, "ramp": null, "name": null, "lit": null }, "geometry": { "type": "Point", "coordinates": [ -8.4311363, 40.22952165 ] } },
{ "type": "Feature", "properties": { "full_id": "w1065365348", "osm_id": "1065365348", "stairs": null, "level": null, "ramp:wheelchair": null, "width": null, "bicycle": null, "alt_name": null, "historic": null, "tunnel": null, "access": null, "layer": null, "bridge": null, "foot": null, "surface": null, "step_count": null, "ramp": null, "name": null, "lit": null }, "geometry": { "type": "Point", "coordinates": [ -8.43160295, 40.22849555 ] } },
{ "type": "Feature", "properties": { "full_id": "w1065365349", "osm_id": "1065365349", "stairs": null, "level": null, "ramp:wheelchair": null, "width": null, "bicycle": null, "alt_name": null, "historic": null, "tunnel": null, "access": null, "layer": null, "bridge": null, "foot": null, "surface": null, "step_count": null, "ramp": null, "name": null, "lit": null }, "geometry": { "type": "Point", "coordinates": [ -8.4313988, 40.22888705 ] } },
{ "type": "Feature", "properties": { "full_id": "w1065365350", "osm_id": "1065365350", "stairs": null, "level": null, "ramp:wheelchair": null, "width": null, "bicycle": null, "alt_name": null, "historic": null, "tunnel": null, "access": null, "layer": null, "bridge": null, "foot": null, "surface": null, "step_count": null, "ramp": null, "name": null, "lit": null }, "geometry": { "type": "Point", "coordinates": [ -8.43083895, 40.22894215 ] } },
{ "type": "Feature", "properties": { "full_id": "w1065365354", "osm_id": "1065365354", "stairs": null, "level": null, "ramp:wheelchair": null, "width": null, "bicycle": null, "alt_name": null, "historic": null, "tunnel": null, "access": null, "layer": null, "bridge": null, "foot": null, "surface": null, "step_count": null, "ramp": null, "name": null, "lit": null }, "geometry": { "type": "Point", "coordinates": [ -8.43088035, 40.22886855 ] } },
{ "type": "Feature", "properties": { "full_id": "w1065365355", "osm_id": "1065365355", "stairs": null, "level": null, "ramp:wheelchair": null, "width": null, "bicycle": null, "alt_name": null, "historic": null, "tunnel": null, "access": null, "layer": null, "bridge": null, "foot": null, "surface": null, "step_count": null, "ramp": null, "name": null, "lit": null }, "geometry": { "type": "Point", "coordinates": [ -8.43089245, 40.2289158 ] } },
{ "type": "Feature", "properties": { "full_id": "w1065367076", "osm_id": "1065367076", "stairs": null, "level": null, "ramp:wheelchair": null, "width": null, "bicycle": null, "alt_name": null, "historic": null, "tunnel": null, "access": null, "layer": null, "bridge": null, "foot": null, "surface": null, "step_count": null, "ramp": null, "name": null, "lit": null }, "geometry": { "type": "Point", "coordinates": [ -8.4316523, 40.228977 ] } },
{ "type": "Feature", "properties": { "full_id": "w1065370332", "osm_id": "1065370332", "stairs": null, "level": null, "ramp:wheelchair": null, "width": null, "bicycle": null, "alt_name": null, "historic": null, "tunnel": null, "access": null, "layer": null, "bridge": null, "foot": null, "surface": null, "step_count": null, "ramp": null, "name": null, "lit": null }, "geometry": { "type": "Point", "coordinates": [ -8.4307911, 40.23038775 ] } },
{ "type": "Feature", "properties": { "full_id": "w1065370334", "osm_id": "1065370334", "stairs": null, "level": null, "ramp:wheelchair": null, "width": null, "bicycle": null, "alt_name": null, "historic": null, "tunnel": null, "access": null, "layer": null, "bridge": null, "foot": null, "surface": null, "step_count": null, "ramp": null, "name": null, "lit": null }, "geometry": { "type": "Point", "coordinates": [ -8.4306634, 40.23034415 ] } },
{ "type": "Feature", "properties": { "full_id": "w1065374590", "osm_id": "1065374590", "stairs": null, "level": null, "ramp:wheelchair": null, "width": null, "bicycle": null, "alt_name": null, "historic": null, "tunnel": null, "access": null, "layer": null, "bridge": null, "foot": null, "surface": null, "step_count": null, "ramp": null, "name": null, "lit": null }, "geometry": { "type": "Point", "coordinates": [ -8.428311765866825, 40.229402333304094 ] } },
{ "type": "Feature", "properties": { "full_id": "w1065374599", "osm_id": "1065374599", "stairs": null, "level": null, "ramp:wheelchair": null, "width": null, "bicycle": null, "alt_name": null, "historic": null, "tunnel": null, "access": null, "layer": null, "bridge": null, "foot": null, "surface": null, "step_count": null, "ramp": null, "name": null, "lit": null }, "geometry": { "type": "Point", "coordinates": [ -8.42982445, 40.23136595 ] } },
{ "type": "Feature", "properties": { "full_id": "w1065374604", "osm_id": "1065374604", "stairs": null, "level": null, "ramp:wheelchair": null, "width": null, "bicycle": null, "alt_name": null, "historic": null, "tunnel": null, "access": null, "layer": null, "bridge": null, "foot": null, "surface": null, "step_count": null, "ramp": null, "name": null, "lit": null }, "geometry": { "type": "Point", "coordinates": [ -8.42919885, 40.23097385 ] } },
{ "type": "Feature", "properties": { "full_id": "w1065374609", "osm_id": "1065374609", "stairs": null, "level": null, "ramp:wheelchair": null, "width": null, "bicycle": null, "alt_name": null, "historic": null, "tunnel": null, "access": null, "layer": null, "bridge": null, "foot": null, "surface": null, "step_count": null, "ramp": null, "name": null, "lit": null }, "geometry": { "type": "Point", "coordinates": [ -8.4301224, 40.23137765 ] } },
{ "type": "Feature", "properties": { "full_id": "w1065549303", "osm_id": "1065549303", "stairs": null, "level": null, "ramp:wheelchair": null, "width": null, "bicycle": null, "alt_name": null, "historic": null, "tunnel": null, "access": null, "layer": null, "bridge": null, "foot": null, "surface": null, "step_count": null, "ramp": "no", "name": null, "lit": null }, "geometry": { "type": "Point", "coordinates": [ -8.421710850068157, 40.208248254651345 ] } },
{ "type": "Feature", "properties": { "full_id": "w1065759204", "osm_id": "1065759204", "stairs": null, "level": null, "ramp:wheelchair": null, "width": null, "bicycle": null, "alt_name": null, "historic": null, "tunnel": null, "access": null, "layer": "1", "bridge": null, "foot": null, "surface": null, "step_count": null, "ramp": null, "name": null, "lit": null }, "geometry": { "type": "Point", "coordinates": [ -8.42292155, 40.21196435 ] } },
{ "type": "Feature", "properties": { "full_id": "w1065993696", "osm_id": "1065993696", "stairs": null, "level": null, "ramp:wheelchair": null, "width": null, "bicycle": null, "alt_name": null, "historic": null, "tunnel": null, "access": null, "layer": null, "bridge": null, "foot": null, "surface": null, "step_count": "8", "ramp": null, "name": null, "lit": null }, "geometry": { "type": "Point", "coordinates": [ -8.43531705, 40.1966866 ] } },
{ "type": "Feature", "properties": { "full_id": "w1065993707", "osm_id": "1065993707", "stairs": null, "level": null, "ramp:wheelchair": null, "width": null, "bicycle": null, "alt_name": null, "historic": null, "tunnel": null, "access": null, "layer": null, "bridge": null, "foot": null, "surface": null, "step_count": null, "ramp": null, "name": null, "lit": null }, "geometry": { "type": "Point", "coordinates": [ -8.43377595, 40.19717955 ] } },
{ "type": "Feature", "properties": { "full_id": "w1065993714", "osm_id": "1065993714", "stairs": null, "level": null, "ramp:wheelchair": null, "width": null, "bicycle": null, "alt_name": null, "historic": null, "tunnel": null, "access": null, "layer": null, "bridge": null, "foot": null, "surface": null, "step_count": null, "ramp": null, "name": null, "lit": null }, "geometry": { "type": "Point", "coordinates": [ -8.433476217118921, 40.198234326059001 ] } },
{ "type": "Feature", "properties": { "full_id": "w1065993716", "osm_id": "1065993716", "stairs": null, "level": null, "ramp:wheelchair": null, "width": null, "bicycle": null, "alt_name": null, "historic": null, "tunnel": null, "access": null, "layer": null, "bridge": null, "foot": null, "surface": null, "step_count": null, "ramp": null, "name": null, "lit": null }, "geometry": { "type": "Point", "coordinates": [ -8.433442191259793, 40.198287586715075 ] } },
{ "type": "Feature", "properties": { "full_id": "w1065993717", "osm_id": "1065993717", "stairs": null, "level": null, "ramp:wheelchair": null, "width": null, "bicycle": null, "alt_name": null, "historic": null, "tunnel": null, "access": null, "layer": null, "bridge": null, "foot": null, "surface": null, "step_count": null, "ramp": null, "name": null, "lit": null }, "geometry": { "type": "Point", "coordinates": [ -8.433508260191429, 40.198271830416523 ] } },
{ "type": "Feature", "properties": { "full_id": "w1065993749", "osm_id": "1065993749", "stairs": null, "level": null, "ramp:wheelchair": null, "width": null, "bicycle": null, "alt_name": null, "historic": null, "tunnel": null, "access": null, "layer": null, "bridge": null, "foot": null, "surface": null, "step_count": null, "ramp": null, "name": null, "lit": null }, "geometry": { "type": "Point", "coordinates": [ -8.43377, 40.1966629 ] } },
{ "type": "Feature", "properties": { "full_id": "w1065993751", "osm_id": "1065993751", "stairs": null, "level": null, "ramp:wheelchair": null, "width": null, "bicycle": null, "alt_name": null, "historic": null, "tunnel": null, "access": null, "layer": null, "bridge": null, "foot": null, "surface": null, "step_count": null, "ramp": null, "name": null, "lit": null }, "geometry": { "type": "Point", "coordinates": [ -8.4336399, 40.1966068 ] } },
{ "type": "Feature", "properties": { "full_id": "w1066293764", "osm_id": "1066293764", "stairs": null, "level": null, "ramp:wheelchair": null, "width": null, "bicycle": null, "alt_name": null, "historic": null, "tunnel": null, "access": "private", "layer": null, "bridge": null, "foot": null, "surface": null, "step_count": null, "ramp": null, "name": null, "lit": null }, "geometry": { "type": "Point", "coordinates": [ -8.40942575, 40.21234355 ] } },
{ "type": "Feature", "properties": { "full_id": "w1066591405", "osm_id": "1066591405", "stairs": null, "level": null, "ramp:wheelchair": null, "width": null, "bicycle": null, "alt_name": null, "historic": null, "tunnel": null, "access": "private", "layer": null, "bridge": null, "foot": null, "surface": null, "step_count": null, "ramp": null, "name": null, "lit": null }, "geometry": { "type": "Point", "coordinates": [ -8.409607, 40.2153884 ] } },
{ "type": "Feature", "properties": { "full_id": "w1066591409", "osm_id": "1066591409", "stairs": null, "level": null, "ramp:wheelchair": null, "width": null, "bicycle": null, "alt_name": null, "historic": null, "tunnel": null, "access": "private", "layer": "1", "bridge": null, "foot": null, "surface": null, "step_count": null, "ramp": null, "name": null, "lit": null }, "geometry": { "type": "Point", "coordinates": [ -8.40944855, 40.2156044 ] } },
{ "type": "Feature", "properties": { "full_id": "w1066591410", "osm_id": "1066591410", "stairs": null, "level": null, "ramp:wheelchair": null, "width": null, "bicycle": null, "alt_name": null, "historic": null, "tunnel": null, "access": "private", "layer": null, "bridge": null, "foot": null, "surface": null, "step_count": null, "ramp": null, "name": null, "lit": null }, "geometry": { "type": "Point", "coordinates": [ -8.409434, 40.2155732 ] } },
{ "type": "Feature", "properties": { "full_id": "w1066591412", "osm_id": "1066591412", "stairs": null, "level": null, "ramp:wheelchair": null, "width": null, "bicycle": null, "alt_name": null, "historic": null, "tunnel": null, "access": "private", "layer": "1", "bridge": null, "foot": null, "surface": null, "step_count": null, "ramp": null, "name": null, "lit": null }, "geometry": { "type": "Point", "coordinates": [ -8.40947635, 40.2155645 ] } },
{ "type": "Feature", "properties": { "full_id": "w1066591413", "osm_id": "1066591413", "stairs": null, "level": null, "ramp:wheelchair": null, "width": null, "bicycle": null, "alt_name": null, "historic": null, "tunnel": null, "access": "private", "layer": "1", "bridge": null, "foot": null, "surface": null, "step_count": null, "ramp": null, "name": null, "lit": null }, "geometry": { "type": "Point", "coordinates": [ -8.40947635, 40.21559095 ] } },
{ "type": "Feature", "properties": { "full_id": "w1066597731", "osm_id": "1066597731", "stairs": null, "level": null, "ramp:wheelchair": null, "width": null, "bicycle": null, "alt_name": null, "historic": null, "tunnel": null, "access": null, "layer": null, "bridge": null, "foot": null, "surface": null, "step_count": null, "ramp": "no", "name": null, "lit": null }, "geometry": { "type": "Point", "coordinates": [ -8.422139672361283, 40.211298662665939 ] } },
{ "type": "Feature", "properties": { "full_id": "w1066603049", "osm_id": "1066603049", "stairs": null, "level": null, "ramp:wheelchair": null, "width": null, "bicycle": null, "alt_name": null, "historic": null, "tunnel": null, "access": null, "layer": null, "bridge": null, "foot": null, "surface": null, "step_count": null, "ramp": null, "name": null, "lit": null }, "geometry": { "type": "Point", "coordinates": [ -8.4062423, 40.211248 ] } },
{ "type": "Feature", "properties": { "full_id": "w1067045075", "osm_id": "1067045075", "stairs": null, "level": null, "ramp:wheelchair": null, "width": null, "bicycle": null, "alt_name": null, "historic": null, "tunnel": null, "access": null, "layer": null, "bridge": null, "foot": null, "surface": null, "step_count": null, "ramp": null, "name": null, "lit": null }, "geometry": { "type": "Point", "coordinates": [ -8.4368881, 40.2030673 ] } },
{ "type": "Feature", "properties": { "full_id": "w1067457341", "osm_id": "1067457341", "stairs": null, "level": null, "ramp:wheelchair": null, "width": null, "bicycle": null, "alt_name": null, "historic": null, "tunnel": null, "access": null, "layer": null, "bridge": null, "foot": null, "surface": null, "step_count": null, "ramp": null, "name": null, "lit": null }, "geometry": { "type": "Point", "coordinates": [ -8.406309, 40.19683525 ] } },
{ "type": "Feature", "properties": { "full_id": "w1067457344", "osm_id": "1067457344", "stairs": null, "level": null, "ramp:wheelchair": null, "width": null, "bicycle": null, "alt_name": null, "historic": null, "tunnel": null, "access": null, "layer": null, "bridge": null, "foot": null, "surface": null, "step_count": null, "ramp": null, "name": null, "lit": null }, "geometry": { "type": "Point", "coordinates": [ -8.4062907, 40.1966085 ] } },
{ "type": "Feature", "properties": { "full_id": "w1067457346", "osm_id": "1067457346", "stairs": null, "level": null, "ramp:wheelchair": null, "width": null, "bicycle": null, "alt_name": null, "historic": null, "tunnel": null, "access": null, "layer": null, "bridge": null, "foot": null, "surface": null, "step_count": null, "ramp": null, "name": null, "lit": null }, "geometry": { "type": "Point", "coordinates": [ -8.4062599, 40.1968377 ] } },
{ "type": "Feature", "properties": { "full_id": "w1067457349", "osm_id": "1067457349", "stairs": null, "level": null, "ramp:wheelchair": null, "width": null, "bicycle": null, "alt_name": null, "historic": null, "tunnel": null, "access": null, "layer": null, "bridge": null, "foot": null, "surface": null, "step_count": null, "ramp": null, "name": null, "lit": null }, "geometry": { "type": "Point", "coordinates": [ -8.40623505, 40.19661145 ] } },
{ "type": "Feature", "properties": { "full_id": "w1067457354", "osm_id": "1067457354", "stairs": null, "level": null, "ramp:wheelchair": null, "width": null, "bicycle": null, "alt_name": null, "historic": null, "tunnel": null, "access": null, "layer": null, "bridge": null, "foot": null, "surface": null, "step_count": null, "ramp": null, "name": null, "lit": null }, "geometry": { "type": "Point", "coordinates": [ -8.40579525, 40.1968973 ] } },
{ "type": "Feature", "properties": { "full_id": "w1067457356", "osm_id": "1067457356", "stairs": null, "level": null, "ramp:wheelchair": null, "width": null, "bicycle": null, "alt_name": null, "historic": null, "tunnel": null, "access": null, "layer": null, "bridge": null, "foot": null, "surface": null, "step_count": null, "ramp": null, "name": null, "lit": null }, "geometry": { "type": "Point", "coordinates": [ -8.40573125, 40.19667645 ] } },
{ "type": "Feature", "properties": { "full_id": "w1067457358", "osm_id": "1067457358", "stairs": null, "level": null, "ramp:wheelchair": null, "width": null, "bicycle": null, "alt_name": null, "historic": null, "tunnel": null, "access": null, "layer": null, "bridge": null, "foot": null, "surface": null, "step_count": null, "ramp": null, "name": null, "lit": null }, "geometry": { "type": "Point", "coordinates": [ -8.4057859, 40.19666785 ] } },
{ "type": "Feature", "properties": { "full_id": "w1067666623", "osm_id": "1067666623", "stairs": null, "level": null, "ramp:wheelchair": null, "width": null, "bicycle": null, "alt_name": null, "historic": null, "tunnel": null, "access": null, "layer": null, "bridge": null, "foot": null, "surface": null, "step_count": null, "ramp": null, "name": null, "lit": null }, "geometry": { "type": "Point", "coordinates": [ -8.4211152, 40.20957375 ] } },
{ "type": "Feature", "properties": { "full_id": "w1067754673", "osm_id": "1067754673", "stairs": null, "level": null, "ramp:wheelchair": null, "width": null, "bicycle": null, "alt_name": null, "historic": null, "tunnel": null, "access": null, "layer": null, "bridge": null, "foot": null, "surface": null, "step_count": null, "ramp": null, "name": null, "lit": null }, "geometry": { "type": "Point", "coordinates": [ -8.433219, 40.2141964 ] } },
{ "type": "Feature", "properties": { "full_id": "w1067762935", "osm_id": "1067762935", "stairs": null, "level": null, "ramp:wheelchair": "yes", "width": null, "bicycle": null, "alt_name": null, "historic": null, "tunnel": null, "access": null, "layer": null, "bridge": null, "foot": null, "surface": "paving_stones", "step_count": null, "ramp": "yes", "name": null, "lit": null }, "geometry": { "type": "Point", "coordinates": [ -8.4258868, 40.2092547 ] } },
{ "type": "Feature", "properties": { "full_id": "w1068313990", "osm_id": "1068313990", "stairs": null, "level": null, "ramp:wheelchair": null, "width": null, "bicycle": null, "alt_name": null, "historic": null, "tunnel": null, "access": null, "layer": null, "bridge": null, "foot": null, "surface": "paving_stones", "step_count": "28", "ramp": "no", "name": null, "lit": "yes" }, "geometry": { "type": "Point", "coordinates": [ -8.39819385, 40.21075335 ] } },
{ "type": "Feature", "properties": { "full_id": "w1068831492", "osm_id": "1068831492", "stairs": null, "level": null, "ramp:wheelchair": null, "width": null, "bicycle": null, "alt_name": null, "historic": null, "tunnel": null, "access": null, "layer": null, "bridge": null, "foot": null, "surface": null, "step_count": null, "ramp": null, "name": null, "lit": null }, "geometry": { "type": "Point", "coordinates": [ -8.40741055, 40.20988825 ] } },
{ "type": "Feature", "properties": { "full_id": "w1069107674", "osm_id": "1069107674", "stairs": null, "level": null, "ramp:wheelchair": null, "width": null, "bicycle": null, "alt_name": null, "historic": null, "tunnel": null, "access": null, "layer": null, "bridge": null, "foot": null, "surface": null, "step_count": null, "ramp": "no", "name": null, "lit": null }, "geometry": { "type": "Point", "coordinates": [ -8.42819725, 40.21062755 ] } },
{ "type": "Feature", "properties": { "full_id": "w1069107710", "osm_id": "1069107710", "stairs": null, "level": null, "ramp:wheelchair": null, "width": null, "bicycle": null, "alt_name": null, "historic": null, "tunnel": null, "access": null, "layer": null, "bridge": null, "foot": null, "surface": null, "step_count": null, "ramp": null, "name": null, "lit": null }, "geometry": { "type": "Point", "coordinates": [ -8.424950564095417, 40.211254991607795 ] } },
{ "type": "Feature", "properties": { "full_id": "w1081876483", "osm_id": "1081876483", "stairs": null, "level": null, "ramp:wheelchair": null, "width": null, "bicycle": null, "alt_name": null, "historic": null, "tunnel": null, "access": null, "layer": null, "bridge": null, "foot": null, "surface": null, "step_count": null, "ramp": null, "name": "Beco das Lapas", "lit": null }, "geometry": { "type": "Point", "coordinates": [ -8.41097845, 40.21471585 ] } },
{ "type": "Feature", "properties": { "full_id": "w1083328360", "osm_id": "1083328360", "stairs": null, "level": null, "ramp:wheelchair": null, "width": null, "bicycle": null, "alt_name": null, "historic": null, "tunnel": null, "access": null, "layer": null, "bridge": null, "foot": null, "surface": "sett", "step_count": null, "ramp": "no", "name": null, "lit": null }, "geometry": { "type": "Point", "coordinates": [ -8.4308617, 40.2133265 ] } },
{ "type": "Feature", "properties": { "full_id": "w1083602273", "osm_id": "1083602273", "stairs": null, "level": null, "ramp:wheelchair": null, "width": null, "bicycle": null, "alt_name": null, "historic": null, "tunnel": null, "access": null, "layer": null, "bridge": null, "foot": null, "surface": null, "step_count": null, "ramp": null, "name": null, "lit": null }, "geometry": { "type": "Point", "coordinates": [ -8.40280975, 40.18768065 ] } },
{ "type": "Feature", "properties": { "full_id": "w1083605233", "osm_id": "1083605233", "stairs": null, "level": null, "ramp:wheelchair": null, "width": null, "bicycle": null, "alt_name": null, "historic": null, "tunnel": null, "access": null, "layer": null, "bridge": null, "foot": null, "surface": null, "step_count": null, "ramp": null, "name": null, "lit": null }, "geometry": { "type": "Point", "coordinates": [ -8.40258665, 40.18842235 ] } },
{ "type": "Feature", "properties": { "full_id": "w1084532916", "osm_id": "1084532916", "stairs": null, "level": null, "ramp:wheelchair": null, "width": null, "bicycle": null, "alt_name": null, "historic": null, "tunnel": null, "access": null, "layer": null, "bridge": null, "foot": null, "surface": null, "step_count": null, "ramp": "no", "name": "Beco de Montarroio", "lit": null }, "geometry": { "type": "Point", "coordinates": [ -8.428642, 40.2120383 ] } },
{ "type": "Feature", "properties": { "full_id": "w1085194303", "osm_id": "1085194303", "stairs": null, "level": null, "ramp:wheelchair": null, "width": null, "bicycle": "yes", "alt_name": null, "historic": null, "tunnel": null, "access": null, "layer": null, "bridge": null, "foot": null, "surface": "paving_stones", "step_count": null, "ramp": "no", "name": null, "lit": null }, "geometry": { "type": "Point", "coordinates": [ -8.41712025, 40.20877195 ] } },
{ "type": "Feature", "properties": { "full_id": "w1085194304", "osm_id": "1085194304", "stairs": null, "level": null, "ramp:wheelchair": null, "width": null, "bicycle": "yes", "alt_name": null, "historic": null, "tunnel": null, "access": null, "layer": null, "bridge": null, "foot": null, "surface": null, "step_count": null, "ramp": "no", "name": null, "lit": null }, "geometry": { "type": "Point", "coordinates": [ -8.4170678, 40.20882085 ] } },
{ "type": "Feature", "properties": { "full_id": "w1085194330", "osm_id": "1085194330", "stairs": null, "level": null, "ramp:wheelchair": null, "width": null, "bicycle": null, "alt_name": null, "historic": null, "tunnel": null, "access": null, "layer": null, "bridge": null, "foot": null, "surface": null, "step_count": null, "ramp": null, "name": null, "lit": null }, "geometry": { "type": "Point", "coordinates": [ -8.4161317, 40.20952775 ] } },
{ "type": "Feature", "properties": { "full_id": "w1085194336", "osm_id": "1085194336", "stairs": null, "level": null, "ramp:wheelchair": null, "width": null, "bicycle": null, "alt_name": null, "historic": null, "tunnel": null, "access": null, "layer": null, "bridge": null, "foot": null, "surface": null, "step_count": null, "ramp": null, "name": null, "lit": null }, "geometry": { "type": "Point", "coordinates": [ -8.41784965, 40.20926375 ] } },
{ "type": "Feature", "properties": { "full_id": "w1085194344", "osm_id": "1085194344", "stairs": null, "level": null, "ramp:wheelchair": null, "width": null, "bicycle": null, "alt_name": null, "historic": null, "tunnel": null, "access": null, "layer": null, "bridge": null, "foot": null, "surface": null, "step_count": null, "ramp": "no", "name": null, "lit": null }, "geometry": { "type": "Point", "coordinates": [ -8.4189543, 40.2094 ] } },
{ "type": "Feature", "properties": { "full_id": "w1085194345", "osm_id": "1085194345", "stairs": null, "level": null, "ramp:wheelchair": null, "width": null, "bicycle": null, "alt_name": null, "historic": null, "tunnel": null, "access": null, "layer": null, "bridge": null, "foot": null, "surface": null, "step_count": null, "ramp": "no", "name": null, "lit": null }, "geometry": { "type": "Point", "coordinates": [ -8.41893885, 40.2095669 ] } },
{ "type": "Feature", "properties": { "full_id": "w1085194349", "osm_id": "1085194349", "stairs": null, "level": null, "ramp:wheelchair": null, "width": null, "bicycle": null, "alt_name": null, "historic": null, "tunnel": null, "access": null, "layer": null, "bridge": null, "foot": null, "surface": null, "step_count": null, "ramp": null, "name": null, "lit": null }, "geometry": { "type": "Point", "coordinates": [ -8.41821155, 40.20940745 ] } },
{ "type": "Feature", "properties": { "full_id": "w1085194350", "osm_id": "1085194350", "stairs": null, "level": null, "ramp:wheelchair": null, "width": null, "bicycle": null, "alt_name": null, "historic": null, "tunnel": null, "access": null, "layer": null, "bridge": null, "foot": null, "surface": null, "step_count": null, "ramp": null, "name": null, "lit": null }, "geometry": { "type": "Point", "coordinates": [ -8.41820625, 40.2095022 ] } },
{ "type": "Feature", "properties": { "full_id": "w1085194352", "osm_id": "1085194352", "stairs": null, "level": null, "ramp:wheelchair": null, "width": null, "bicycle": null, "alt_name": null, "historic": null, "tunnel": null, "access": null, "layer": null, "bridge": null, "foot": null, "surface": null, "step_count": null, "ramp": null, "name": null, "lit": null }, "geometry": { "type": "Point", "coordinates": [ -8.4182089, 40.20945445 ] } },
{ "type": "Feature", "properties": { "full_id": "w1085483834", "osm_id": "1085483834", "stairs": null, "level": null, "ramp:wheelchair": null, "width": null, "bicycle": null, "alt_name": null, "historic": null, "tunnel": "building_passage", "access": null, "layer": null, "bridge": null, "foot": null, "surface": null, "step_count": null, "ramp": null, "name": null, "lit": null }, "geometry": { "type": "Point", "coordinates": [ -8.40447525, 40.1957092 ] } },
{ "type": "Feature", "properties": { "full_id": "w1086538328", "osm_id": "1086538328", "stairs": null, "level": null, "ramp:wheelchair": null, "width": null, "bicycle": null, "alt_name": null, "historic": null, "tunnel": null, "access": null, "layer": null, "bridge": null, "foot": null, "surface": null, "step_count": null, "ramp": null, "name": null, "lit": null }, "geometry": { "type": "Point", "coordinates": [ -8.41784295, 40.19267585 ] } },
{ "type": "Feature", "properties": { "full_id": "w1094980917", "osm_id": "1094980917", "stairs": null, "level": null, "ramp:wheelchair": null, "width": null, "bicycle": null, "alt_name": "Escadas da Fonte Nova", "historic": null, "tunnel": null, "access": null, "layer": null, "bridge": null, "foot": null, "surface": null, "step_count": null, "ramp": "no", "name": "Escadas de Montarroio", "lit": null }, "geometry": { "type": "Point", "coordinates": [ -8.4277893, 40.21174255 ] } },
{ "type": "Feature", "properties": { "full_id": "w1094980918", "osm_id": "1094980918", "stairs": null, "level": null, "ramp:wheelchair": null, "width": null, "bicycle": null, "alt_name": "Escadas da Fonte Nova", "historic": null, "tunnel": null, "access": null, "layer": null, "bridge": null, "foot": null, "surface": "paving_stones", "step_count": null, "ramp": "no", "name": "Escadas de Montarroio", "lit": null }, "geometry": { "type": "Point", "coordinates": [ -8.42773215, 40.2117107 ] } },
{ "type": "Feature", "properties": { "full_id": "w1094980919", "osm_id": "1094980919", "stairs": null, "level": null, "ramp:wheelchair": null, "width": null, "bicycle": null, "alt_name": "Escadas da Fonte Nova", "historic": null, "tunnel": null, "access": null, "layer": null, "bridge": null, "foot": null, "surface": "paving_stones", "step_count": null, "ramp": "no", "name": "Escadas de Montarroio", "lit": null }, "geometry": { "type": "Point", "coordinates": [ -8.42769875, 40.2116813 ] } },
{ "type": "Feature", "properties": { "full_id": "w1095505250", "osm_id": "1095505250", "stairs": null, "level": null, "ramp:wheelchair": null, "width": null, "bicycle": null, "alt_name": null, "historic": null, "tunnel": null, "access": null, "layer": null, "bridge": null, "foot": null, "surface": "concrete", "step_count": "6", "ramp": "no", "name": null, "lit": null }, "geometry": { "type": "Point", "coordinates": [ -8.4100228, 40.2027808 ] } },
{ "type": "Feature", "properties": { "full_id": "w1096730552", "osm_id": "1096730552", "stairs": null, "level": null, "ramp:wheelchair": null, "width": null, "bicycle": null, "alt_name": null, "historic": null, "tunnel": null, "access": null, "layer": null, "bridge": null, "foot": null, "surface": null, "step_count": null, "ramp": null, "name": null, "lit": null }, "geometry": { "type": "Point", "coordinates": [ -8.3999034, 40.20240005 ] } },
{ "type": "Feature", "properties": { "full_id": "w1098941210", "osm_id": "1098941210", "stairs": null, "level": "4;5", "ramp:wheelchair": null, "width": null, "bicycle": null, "alt_name": null, "historic": null, "tunnel": null, "access": null, "layer": null, "bridge": null, "foot": null, "surface": null, "step_count": null, "ramp": null, "name": null, "lit": null }, "geometry": { "type": "Point", "coordinates": [ -8.42344363457148, 40.211861136672802 ] } },
{ "type": "Feature", "properties": { "full_id": "w1099389539", "osm_id": "1099389539", "stairs": null, "level": null, "ramp:wheelchair": null, "width": null, "bicycle": null, "alt_name": null, "historic": null, "tunnel": null, "access": null, "layer": null, "bridge": null, "foot": null, "surface": "unpaved", "step_count": "11", "ramp": null, "name": null, "lit": null }, "geometry": { "type": "Point", "coordinates": [ -8.41432105, 40.1860018 ] } },
{ "type": "Feature", "properties": { "full_id": "w1101789454", "osm_id": "1101789454", "stairs": null, "level": null, "ramp:wheelchair": null, "width": null, "bicycle": null, "alt_name": null, "historic": null, "tunnel": null, "access": null, "layer": null, "bridge": null, "foot": null, "surface": null, "step_count": null, "ramp": null, "name": null, "lit": "yes" }, "geometry": { "type": "Point", "coordinates": [ -8.4164699, 40.185632 ] } },
{ "type": "Feature", "properties": { "full_id": "w1102641974", "osm_id": "1102641974", "stairs": null, "level": null, "ramp:wheelchair": null, "width": null, "bicycle": null, "alt_name": null, "historic": null, "tunnel": null, "access": null, "layer": null, "bridge": null, "foot": null, "surface": null, "step_count": null, "ramp": null, "name": null, "lit": null }, "geometry": { "type": "Point", "coordinates": [ -8.41240775, 40.18490125 ] } },
{ "type": "Feature", "properties": { "full_id": "w1102641975", "osm_id": "1102641975", "stairs": null, "level": null, "ramp:wheelchair": null, "width": null, "bicycle": null, "alt_name": null, "historic": null, "tunnel": null, "access": null, "layer": null, "bridge": null, "foot": null, "surface": null, "step_count": null, "ramp": null, "name": null, "lit": null }, "geometry": { "type": "Point", "coordinates": [ -8.41240805, 40.18483915 ] } },
{ "type": "Feature", "properties": { "full_id": "w1102641982", "osm_id": "1102641982", "stairs": null, "level": null, "ramp:wheelchair": null, "width": null, "bicycle": null, "alt_name": null, "historic": null, "tunnel": null, "access": null, "layer": null, "bridge": null, "foot": null, "surface": null, "step_count": null, "ramp": null, "name": null, "lit": "yes" }, "geometry": { "type": "Point", "coordinates": [ -8.4164705, 40.1855635 ] } },
{ "type": "Feature", "properties": { "full_id": "w1103034919", "osm_id": "1103034919", "stairs": null, "level": null, "ramp:wheelchair": null, "width": null, "bicycle": null, "alt_name": null, "historic": null, "tunnel": null, "access": null, "layer": null, "bridge": null, "foot": null, "surface": null, "step_count": null, "ramp": null, "name": null, "lit": null }, "geometry": { "type": "Point", "coordinates": [ -8.43905295, 40.2293274 ] } },
{ "type": "Feature", "properties": { "full_id": "w1103034925", "osm_id": "1103034925", "stairs": null, "level": null, "ramp:wheelchair": null, "width": null, "bicycle": null, "alt_name": null, "historic": null, "tunnel": null, "access": null, "layer": null, "bridge": null, "foot": null, "surface": null, "step_count": null, "ramp": null, "name": null, "lit": null }, "geometry": { "type": "Point", "coordinates": [ -8.4390075, 40.2295252 ] } },
{ "type": "Feature", "properties": { "full_id": "w1103034928", "osm_id": "1103034928", "stairs": null, "level": null, "ramp:wheelchair": null, "width": null, "bicycle": null, "alt_name": null, "historic": null, "tunnel": null, "access": null, "layer": null, "bridge": null, "foot": null, "surface": null, "step_count": null, "ramp": null, "name": null, "lit": null }, "geometry": { "type": "Point", "coordinates": [ -8.4394811, 40.22960075 ] } },
{ "type": "Feature", "properties": { "full_id": "w1103034929", "osm_id": "1103034929", "stairs": null, "level": null, "ramp:wheelchair": null, "width": null, "bicycle": null, "alt_name": null, "historic": null, "tunnel": null, "access": null, "layer": null, "bridge": null, "foot": null, "surface": null, "step_count": null, "ramp": null, "name": null, "lit": null }, "geometry": { "type": "Point", "coordinates": [ -8.43950935, 40.22940405 ] } },
{ "type": "Feature", "properties": { "full_id": "w1103062870", "osm_id": "1103062870", "stairs": null, "level": null, "ramp:wheelchair": null, "width": null, "bicycle": null, "alt_name": null, "historic": null, "tunnel": null, "access": null, "layer": null, "bridge": null, "foot": null, "surface": "concrete", "step_count": null, "ramp": "no", "name": null, "lit": null }, "geometry": { "type": "Point", "coordinates": [ -8.4016525, 40.21393855 ] } },
{ "type": "Feature", "properties": { "full_id": "w1103729997", "osm_id": "1103729997", "stairs": null, "level": null, "ramp:wheelchair": null, "width": null, "bicycle": null, "alt_name": null, "historic": null, "tunnel": null, "access": null, "layer": null, "bridge": null, "foot": null, "surface": null, "step_count": null, "ramp": null, "name": null, "lit": null }, "geometry": { "type": "Point", "coordinates": [ -8.42033565, 40.1949383 ] } },
{ "type": "Feature", "properties": { "full_id": "w1103729998", "osm_id": "1103729998", "stairs": null, "level": null, "ramp:wheelchair": null, "width": null, "bicycle": null, "alt_name": null, "historic": null, "tunnel": "building_passage", "access": null, "layer": null, "bridge": null, "foot": null, "surface": null, "step_count": null, "ramp": null, "name": null, "lit": null }, "geometry": { "type": "Point", "coordinates": [ -8.4205375, 40.19532585 ] } },
{ "type": "Feature", "properties": { "full_id": "w1103730015", "osm_id": "1103730015", "stairs": null, "level": null, "ramp:wheelchair": null, "width": null, "bicycle": null, "alt_name": null, "historic": null, "tunnel": null, "access": null, "layer": null, "bridge": null, "foot": null, "surface": null, "step_count": null, "ramp": null, "name": null, "lit": null }, "geometry": { "type": "Point", "coordinates": [ -8.418723415782365, 40.195170752566334 ] } },
{ "type": "Feature", "properties": { "full_id": "w1105569998", "osm_id": "1105569998", "stairs": null, "level": null, "ramp:wheelchair": null, "width": null, "bicycle": null, "alt_name": null, "historic": null, "tunnel": null, "access": "private", "layer": null, "bridge": null, "foot": null, "surface": null, "step_count": null, "ramp": null, "name": null, "lit": null }, "geometry": { "type": "Point", "coordinates": [ -8.4026514, 40.2186824 ] } },
{ "type": "Feature", "properties": { "full_id": "w1105645270", "osm_id": "1105645270", "stairs": null, "level": null, "ramp:wheelchair": null, "width": null, "bicycle": null, "alt_name": null, "historic": null, "tunnel": null, "access": null, "layer": null, "bridge": null, "foot": null, "surface": null, "step_count": null, "ramp": null, "name": null, "lit": null }, "geometry": { "type": "Point", "coordinates": [ -8.4032991, 40.2152807 ] } },
{ "type": "Feature", "properties": { "full_id": "w1105846215", "osm_id": "1105846215", "stairs": null, "level": null, "ramp:wheelchair": null, "width": null, "bicycle": null, "alt_name": null, "historic": null, "tunnel": null, "access": null, "layer": null, "bridge": null, "foot": null, "surface": null, "step_count": null, "ramp": "no", "name": null, "lit": null }, "geometry": { "type": "Point", "coordinates": [ -8.416223106962008, 40.186312699988775 ] } },
{ "type": "Feature", "properties": { "full_id": "w1107272186", "osm_id": "1107272186", "stairs": null, "level": null, "ramp:wheelchair": null, "width": null, "bicycle": null, "alt_name": null, "historic": null, "tunnel": null, "access": null, "layer": null, "bridge": null, "foot": null, "surface": null, "step_count": null, "ramp": null, "name": null, "lit": null }, "geometry": { "type": "Point", "coordinates": [ -8.4065752, 40.2080618 ] } },
{ "type": "Feature", "properties": { "full_id": "w1108423097", "osm_id": "1108423097", "stairs": null, "level": null, "ramp:wheelchair": null, "width": null, "bicycle": null, "alt_name": null, "historic": null, "tunnel": null, "access": null, "layer": null, "bridge": null, "foot": null, "surface": null, "step_count": null, "ramp": null, "name": null, "lit": null }, "geometry": { "type": "Point", "coordinates": [ -8.40612655, 40.2214286 ] } },
{ "type": "Feature", "properties": { "full_id": "w1108423098", "osm_id": "1108423098", "stairs": null, "level": null, "ramp:wheelchair": null, "width": null, "bicycle": null, "alt_name": null, "historic": null, "tunnel": null, "access": null, "layer": null, "bridge": null, "foot": null, "surface": null, "step_count": null, "ramp": null, "name": null, "lit": null }, "geometry": { "type": "Point", "coordinates": [ -8.4062579, 40.22134105 ] } },
{ "type": "Feature", "properties": { "full_id": "w1108423115", "osm_id": "1108423115", "stairs": null, "level": null, "ramp:wheelchair": null, "width": null, "bicycle": null, "alt_name": null, "historic": null, "tunnel": null, "access": null, "layer": null, "bridge": null, "foot": null, "surface": null, "step_count": null, "ramp": null, "name": null, "lit": null }, "geometry": { "type": "Point", "coordinates": [ -8.4072786, 40.22122145 ] } },
{ "type": "Feature", "properties": { "full_id": "w1108444377", "osm_id": "1108444377", "stairs": null, "level": null, "ramp:wheelchair": null, "width": null, "bicycle": null, "alt_name": null, "historic": null, "tunnel": null, "access": null, "layer": null, "bridge": null, "foot": null, "surface": null, "step_count": null, "ramp": null, "name": null, "lit": null }, "geometry": { "type": "Point", "coordinates": [ -8.4125135, 40.22436005 ] } },
{ "type": "Feature", "properties": { "full_id": "w1110184280", "osm_id": "1110184280", "stairs": null, "level": null, "ramp:wheelchair": null, "width": null, "bicycle": null, "alt_name": null, "historic": null, "tunnel": null, "access": null, "layer": null, "bridge": null, "foot": null, "surface": null, "step_count": null, "ramp": null, "name": null, "lit": null }, "geometry": { "type": "Point", "coordinates": [ -8.4063824, 40.19256055 ] } },
{ "type": "Feature", "properties": { "full_id": "w1110184330", "osm_id": "1110184330", "stairs": null, "level": null, "ramp:wheelchair": null, "width": null, "bicycle": null, "alt_name": null, "historic": null, "tunnel": null, "access": null, "layer": null, "bridge": null, "foot": null, "surface": null, "step_count": null, "ramp": null, "name": null, "lit": null }, "geometry": { "type": "Point", "coordinates": [ -8.40610435, 40.19291345 ] } },
{ "type": "Feature", "properties": { "full_id": "w1110184333", "osm_id": "1110184333", "stairs": null, "level": null, "ramp:wheelchair": null, "width": null, "bicycle": null, "alt_name": null, "historic": null, "tunnel": null, "access": null, "layer": null, "bridge": null, "foot": null, "surface": null, "step_count": null, "ramp": null, "name": null, "lit": null }, "geometry": { "type": "Point", "coordinates": [ -8.40637425, 40.1929102 ] } },
{ "type": "Feature", "properties": { "full_id": "w1110184339", "osm_id": "1110184339", "stairs": null, "level": null, "ramp:wheelchair": null, "width": null, "bicycle": null, "alt_name": null, "historic": null, "tunnel": null, "access": null, "layer": null, "bridge": null, "foot": null, "surface": null, "step_count": null, "ramp": null, "name": null, "lit": null }, "geometry": { "type": "Point", "coordinates": [ -8.40634955, 40.1931125 ] } },
{ "type": "Feature", "properties": { "full_id": "w1110184344", "osm_id": "1110184344", "stairs": null, "level": null, "ramp:wheelchair": null, "width": null, "bicycle": null, "alt_name": null, "historic": null, "tunnel": null, "access": null, "layer": null, "bridge": null, "foot": null, "surface": null, "step_count": null, "ramp": null, "name": null, "lit": null }, "geometry": { "type": "Point", "coordinates": [ -8.4063534, 40.19329155 ] } },
{ "type": "Feature", "properties": { "full_id": "w1110184358", "osm_id": "1110184358", "stairs": null, "level": null, "ramp:wheelchair": null, "width": null, "bicycle": null, "alt_name": null, "historic": null, "tunnel": null, "access": null, "layer": null, "bridge": null, "foot": null, "surface": null, "step_count": null, "ramp": null, "name": null, "lit": null }, "geometry": { "type": "Point", "coordinates": [ -8.40369665, 40.1930789 ] } },
{ "type": "Feature", "properties": { "full_id": "w1110184374", "osm_id": "1110184374", "stairs": null, "level": null, "ramp:wheelchair": null, "width": null, "bicycle": null, "alt_name": null, "historic": null, "tunnel": null, "access": null, "layer": null, "bridge": null, "foot": null, "surface": null, "step_count": null, "ramp": null, "name": null, "lit": null }, "geometry": { "type": "Point", "coordinates": [ -8.4060987, 40.19367305 ] } },
{ "type": "Feature", "properties": { "full_id": "w1110184377", "osm_id": "1110184377", "stairs": null, "level": null, "ramp:wheelchair": null, "width": null, "bicycle": null, "alt_name": null, "historic": null, "tunnel": null, "access": null, "layer": null, "bridge": null, "foot": null, "surface": null, "step_count": null, "ramp": null, "name": null, "lit": null }, "geometry": { "type": "Point", "coordinates": [ -8.40609195, 40.19349315 ] } },
{ "type": "Feature", "properties": { "full_id": "w1110184378", "osm_id": "1110184378", "stairs": null, "level": null, "ramp:wheelchair": null, "width": null, "bicycle": null, "alt_name": null, "historic": null, "tunnel": null, "access": null, "layer": null, "bridge": null, "foot": null, "surface": null, "step_count": null, "ramp": null, "name": null, "lit": null }, "geometry": { "type": "Point", "coordinates": [ -8.4063765, 40.19366785 ] } },
{ "type": "Feature", "properties": { "full_id": "w1111996388", "osm_id": "1111996388", "stairs": null, "level": null, "ramp:wheelchair": null, "width": null, "bicycle": null, "alt_name": null, "historic": null, "tunnel": null, "access": null, "layer": "1", "bridge": null, "foot": null, "surface": "paving_stones", "step_count": "7", "ramp": "no", "name": null, "lit": null }, "geometry": { "type": "Point", "coordinates": [ -8.4140203, 40.18629105 ] } },
{ "type": "Feature", "properties": { "full_id": "w1115150077", "osm_id": "1115150077", "stairs": null, "level": null, "ramp:wheelchair": null, "width": null, "bicycle": null, "alt_name": null, "historic": null, "tunnel": null, "access": null, "layer": null, "bridge": null, "foot": null, "surface": null, "step_count": null, "ramp": null, "name": null, "lit": null }, "geometry": { "type": "Point", "coordinates": [ -8.413127327453587, 40.199821892986456 ] } },
{ "type": "Feature", "properties": { "full_id": "w1115150084", "osm_id": "1115150084", "stairs": null, "level": null, "ramp:wheelchair": null, "width": null, "bicycle": null, "alt_name": null, "historic": null, "tunnel": null, "access": null, "layer": null, "bridge": null, "foot": null, "surface": null, "step_count": null, "ramp": null, "name": null, "lit": null }, "geometry": { "type": "Point", "coordinates": [ -8.4134219, 40.1989875 ] } },
{ "type": "Feature", "properties": { "full_id": "w1124032995", "osm_id": "1124032995", "stairs": null, "level": null, "ramp:wheelchair": null, "width": null, "bicycle": null, "alt_name": null, "historic": null, "tunnel": null, "access": null, "layer": null, "bridge": null, "foot": null, "surface": "paving_stones", "step_count": null, "ramp": "no", "name": null, "lit": null }, "geometry": { "type": "Point", "coordinates": [ -8.43237115, 40.20920745 ] } },
{ "type": "Feature", "properties": { "full_id": "w1128379641", "osm_id": "1128379641", "stairs": null, "level": null, "ramp:wheelchair": null, "width": null, "bicycle": null, "alt_name": "Escadas do Quebra-Costa", "historic": null, "tunnel": null, "access": null, "layer": null, "bridge": null, "foot": null, "surface": "paving_stones", "step_count": null, "ramp": "no", "name": "Rua de Quebra-Costas", "lit": null }, "geometry": { "type": "Point", "coordinates": [ -8.428100444098991, 40.208861999377113 ] } },
{ "type": "Feature", "properties": { "full_id": "w1128379642", "osm_id": "1128379642", "stairs": null, "level": null, "ramp:wheelchair": null, "width": null, "bicycle": "yes", "alt_name": null, "historic": null, "tunnel": null, "access": null, "layer": null, "bridge": null, "foot": null, "surface": "sett", "step_count": null, "ramp": "no", "name": "Rua de Sobre Ribas", "lit": null }, "geometry": { "type": "Point", "coordinates": [ -8.427977, 40.2089379 ] } },
{ "type": "Feature", "properties": { "full_id": "w1129912160", "osm_id": "1129912160", "stairs": null, "level": null, "ramp:wheelchair": null, "width": null, "bicycle": null, "alt_name": null, "historic": null, "tunnel": null, "access": null, "layer": null, "bridge": null, "foot": null, "surface": null, "step_count": null, "ramp": null, "name": null, "lit": null }, "geometry": { "type": "Point", "coordinates": [ -8.4234059, 40.2070774 ] } },
{ "type": "Feature", "properties": { "full_id": "w1129912164", "osm_id": "1129912164", "stairs": null, "level": null, "ramp:wheelchair": null, "width": null, "bicycle": null, "alt_name": null, "historic": null, "tunnel": null, "access": null, "layer": null, "bridge": null, "foot": null, "surface": null, "step_count": null, "ramp": null, "name": null, "lit": null }, "geometry": { "type": "Point", "coordinates": [ -8.4225773, 40.20758435 ] } },
{ "type": "Feature", "properties": { "full_id": "w1130704763", "osm_id": "1130704763", "stairs": null, "level": null, "ramp:wheelchair": null, "width": null, "bicycle": null, "alt_name": null, "historic": null, "tunnel": null, "access": null, "layer": null, "bridge": null, "foot": null, "surface": "compacted", "step_count": null, "ramp": "no", "name": null, "lit": null }, "geometry": { "type": "Point", "coordinates": [ -8.44547785, 40.2121686 ] } },
{ "type": "Feature", "properties": { "full_id": "w1130751505", "osm_id": "1130751505", "stairs": null, "level": null, "ramp:wheelchair": null, "width": null, "bicycle": null, "alt_name": null, "historic": null, "tunnel": null, "access": null, "layer": null, "bridge": null, "foot": null, "surface": null, "step_count": null, "ramp": null, "name": null, "lit": null }, "geometry": { "type": "Point", "coordinates": [ -8.44735435, 40.21006705 ] } },
{ "type": "Feature", "properties": { "full_id": "w1133462875", "osm_id": "1133462875", "stairs": null, "level": null, "ramp:wheelchair": null, "width": null, "bicycle": null, "alt_name": null, "historic": null, "tunnel": null, "access": null, "layer": null, "bridge": null, "foot": null, "surface": null, "step_count": null, "ramp": null, "name": null, "lit": null }, "geometry": { "type": "Point", "coordinates": [ -8.4396998, 40.20017505 ] } },
{ "type": "Feature", "properties": { "full_id": "w1139087654", "osm_id": "1139087654", "stairs": null, "level": null, "ramp:wheelchair": null, "width": null, "bicycle": null, "alt_name": null, "historic": null, "tunnel": null, "access": null, "layer": null, "bridge": null, "foot": null, "surface": "concrete", "step_count": null, "ramp": "no", "name": null, "lit": "yes" }, "geometry": { "type": "Point", "coordinates": [ -8.3988765, 40.2165905 ] } },
{ "type": "Feature", "properties": { "full_id": "w1139087660", "osm_id": "1139087660", "stairs": null, "level": null, "ramp:wheelchair": null, "width": null, "bicycle": null, "alt_name": null, "historic": null, "tunnel": null, "access": null, "layer": null, "bridge": null, "foot": null, "surface": "concrete", "step_count": null, "ramp": "no", "name": null, "lit": null }, "geometry": { "type": "Point", "coordinates": [ -8.39874895, 40.2165958 ] } },
{ "type": "Feature", "properties": { "full_id": "w1144680352", "osm_id": "1144680352", "stairs": null, "level": null, "ramp:wheelchair": null, "width": null, "bicycle": null, "alt_name": null, "historic": null, "tunnel": null, "access": null, "layer": null, "bridge": null, "foot": null, "surface": "paving_stones", "step_count": null, "ramp": "no", "name": null, "lit": null }, "geometry": { "type": "Point", "coordinates": [ -8.4211615, 40.20660875 ] } },
{ "type": "Feature", "properties": { "full_id": "w1145022859", "osm_id": "1145022859", "stairs": null, "level": null, "ramp:wheelchair": null, "width": null, "bicycle": null, "alt_name": null, "historic": null, "tunnel": null, "access": null, "layer": null, "bridge": null, "foot": null, "surface": null, "step_count": null, "ramp": null, "name": null, "lit": null }, "geometry": { "type": "Point", "coordinates": [ -8.394864365836154, 40.195548341201011 ] } },
{ "type": "Feature", "properties": { "full_id": "w1145022860", "osm_id": "1145022860", "stairs": null, "level": null, "ramp:wheelchair": null, "width": null, "bicycle": null, "alt_name": null, "historic": null, "tunnel": null, "access": null, "layer": null, "bridge": null, "foot": null, "surface": null, "step_count": null, "ramp": null, "name": null, "lit": null }, "geometry": { "type": "Point", "coordinates": [ -8.3952529, 40.1958612 ] } },
{ "type": "Feature", "properties": { "full_id": "w1145022930", "osm_id": "1145022930", "stairs": null, "level": null, "ramp:wheelchair": null, "width": null, "bicycle": null, "alt_name": null, "historic": null, "tunnel": null, "access": null, "layer": null, "bridge": null, "foot": null, "surface": null, "step_count": null, "ramp": null, "name": null, "lit": null }, "geometry": { "type": "Point", "coordinates": [ -8.39359275, 40.1955728 ] } },
{ "type": "Feature", "properties": { "full_id": "w1145022942", "osm_id": "1145022942", "stairs": null, "level": null, "ramp:wheelchair": null, "width": null, "bicycle": null, "alt_name": null, "historic": null, "tunnel": null, "access": null, "layer": null, "bridge": null, "foot": null, "surface": null, "step_count": null, "ramp": null, "name": null, "lit": null }, "geometry": { "type": "Point", "coordinates": [ -8.393790223461453, 40.195084734314776 ] } },
{ "type": "Feature", "properties": { "full_id": "w1145022954", "osm_id": "1145022954", "stairs": null, "level": null, "ramp:wheelchair": null, "width": null, "bicycle": null, "alt_name": null, "historic": null, "tunnel": null, "access": null, "layer": null, "bridge": null, "foot": null, "surface": null, "step_count": null, "ramp": null, "name": null, "lit": null }, "geometry": { "type": "Point", "coordinates": [ -8.39712765, 40.19495875 ] } },
{ "type": "Feature", "properties": { "full_id": "w1145022957", "osm_id": "1145022957", "stairs": null, "level": null, "ramp:wheelchair": null, "width": null, "bicycle": null, "alt_name": null, "historic": null, "tunnel": null, "access": null, "layer": null, "bridge": null, "foot": null, "surface": null, "step_count": null, "ramp": null, "name": null, "lit": null }, "geometry": { "type": "Point", "coordinates": [ -8.396369, 40.1946205 ] } },
{ "type": "Feature", "properties": { "full_id": "w1145022964", "osm_id": "1145022964", "stairs": null, "level": null, "ramp:wheelchair": null, "width": null, "bicycle": null, "alt_name": null, "historic": null, "tunnel": null, "access": null, "layer": null, "bridge": null, "foot": null, "surface": null, "step_count": null, "ramp": null, "name": null, "lit": null }, "geometry": { "type": "Point", "coordinates": [ -8.3972155, 40.1944138 ] } },
{ "type": "Feature", "properties": { "full_id": "w1145022975", "osm_id": "1145022975", "stairs": null, "level": null, "ramp:wheelchair": null, "width": null, "bicycle": null, "alt_name": null, "historic": null, "tunnel": null, "access": null, "layer": null, "bridge": null, "foot": null, "surface": null, "step_count": null, "ramp": null, "name": null, "lit": null }, "geometry": { "type": "Point", "coordinates": [ -8.394160093785588, 40.19321816374778 ] } },
{ "type": "Feature", "properties": { "full_id": "w1145022976", "osm_id": "1145022976", "stairs": null, "level": null, "ramp:wheelchair": null, "width": null, "bicycle": null, "alt_name": null, "historic": null, "tunnel": null, "access": null, "layer": null, "bridge": null, "foot": null, "surface": null, "step_count": null, "ramp": null, "name": null, "lit": null }, "geometry": { "type": "Point", "coordinates": [ -8.3942219, 40.19355695 ] } },
{ "type": "Feature", "properties": { "full_id": "w1145022980", "osm_id": "1145022980", "stairs": null, "level": null, "ramp:wheelchair": null, "width": null, "bicycle": null, "alt_name": null, "historic": null, "tunnel": null, "access": null, "layer": null, "bridge": null, "foot": null, "surface": null, "step_count": null, "ramp": null, "name": null, "lit": null }, "geometry": { "type": "Point", "coordinates": [ -8.3939137, 40.19388795 ] } },
{ "type": "Feature", "properties": { "full_id": "w1145022981", "osm_id": "1145022981", "stairs": null, "level": null, "ramp:wheelchair": null, "width": null, "bicycle": null, "alt_name": null, "historic": null, "tunnel": null, "access": null, "layer": null, "bridge": null, "foot": null, "surface": null, "step_count": null, "ramp": null, "name": null, "lit": null }, "geometry": { "type": "Point", "coordinates": [ -8.3936682, 40.19402595 ] } },
{ "type": "Feature", "properties": { "full_id": "w1145022989", "osm_id": "1145022989", "stairs": null, "level": null, "ramp:wheelchair": null, "width": null, "bicycle": null, "alt_name": null, "historic": null, "tunnel": null, "access": null, "layer": null, "bridge": null, "foot": null, "surface": null, "step_count": null, "ramp": null, "name": null, "lit": null }, "geometry": { "type": "Point", "coordinates": [ -8.3941808, 40.19379965 ] } },
{ "type": "Feature", "properties": { "full_id": "w1145023007", "osm_id": "1145023007", "stairs": null, "level": null, "ramp:wheelchair": null, "width": null, "bicycle": null, "alt_name": null, "historic": null, "tunnel": null, "access": null, "layer": null, "bridge": null, "foot": null, "surface": null, "step_count": null, "ramp": null, "name": null, "lit": null }, "geometry": { "type": "Point", "coordinates": [ -8.3967745, 40.1934296 ] } },
{ "type": "Feature", "properties": { "full_id": "w1145023074", "osm_id": "1145023074", "stairs": null, "level": null, "ramp:wheelchair": null, "width": null, "bicycle": null, "alt_name": null, "historic": null, "tunnel": null, "access": null, "layer": null, "bridge": null, "foot": null, "surface": null, "step_count": null, "ramp": null, "name": null, "lit": null }, "geometry": { "type": "Point", "coordinates": [ -8.3993843, 40.18920035 ] } },
{ "type": "Feature", "properties": { "full_id": "w1145548501", "osm_id": "1145548501", "stairs": null, "level": null, "ramp:wheelchair": null, "width": null, "bicycle": null, "alt_name": null, "historic": null, "tunnel": null, "access": null, "layer": null, "bridge": null, "foot": null, "surface": null, "step_count": null, "ramp": "no", "name": null, "lit": null }, "geometry": { "type": "Point", "coordinates": [ -8.4264057, 40.2105934 ] } },
{ "type": "Feature", "properties": { "full_id": "w1150321915", "osm_id": "1150321915", "stairs": null, "level": null, "ramp:wheelchair": null, "width": null, "bicycle": null, "alt_name": null, "historic": null, "tunnel": null, "access": null, "layer": null, "bridge": null, "foot": null, "surface": null, "step_count": null, "ramp": null, "name": null, "lit": null }, "geometry": { "type": "Point", "coordinates": [ -8.4283736, 40.23128205 ] } },
{ "type": "Feature", "properties": { "full_id": "w1150321921", "osm_id": "1150321921", "stairs": null, "level": null, "ramp:wheelchair": null, "width": null, "bicycle": null, "alt_name": null, "historic": null, "tunnel": null, "access": null, "layer": "1", "bridge": null, "foot": null, "surface": null, "step_count": null, "ramp": null, "name": null, "lit": null }, "geometry": { "type": "Point", "coordinates": [ -8.428498886481478, 40.231106344658322 ] } },
{ "type": "Feature", "properties": { "full_id": "w1150321925", "osm_id": "1150321925", "stairs": null, "level": null, "ramp:wheelchair": null, "width": null, "bicycle": null, "alt_name": null, "historic": null, "tunnel": null, "access": null, "layer": "1", "bridge": null, "foot": null, "surface": null, "step_count": null, "ramp": null, "name": null, "lit": null }, "geometry": { "type": "Point", "coordinates": [ -8.42909428648148, 40.231250644658331 ] } },
{ "type": "Feature", "properties": { "full_id": "w1150595697", "osm_id": "1150595697", "stairs": null, "level": null, "ramp:wheelchair": null, "width": null, "bicycle": null, "alt_name": null, "historic": null, "tunnel": null, "access": null, "layer": null, "bridge": null, "foot": null, "surface": null, "step_count": null, "ramp": null, "name": null, "lit": null }, "geometry": { "type": "Point", "coordinates": [ -8.43766755, 40.231992 ] } },
{ "type": "Feature", "properties": { "full_id": "w1150595749", "osm_id": "1150595749", "stairs": null, "level": null, "ramp:wheelchair": null, "width": null, "bicycle": null, "alt_name": null, "historic": null, "tunnel": null, "access": null, "layer": null, "bridge": null, "foot": null, "surface": null, "step_count": null, "ramp": null, "name": null, "lit": null }, "geometry": { "type": "Point", "coordinates": [ -8.43604095, 40.22869745 ] } },
{ "type": "Feature", "properties": { "full_id": "w1151656184", "osm_id": "1151656184", "stairs": null, "level": null, "ramp:wheelchair": null, "width": null, "bicycle": null, "alt_name": null, "historic": null, "tunnel": null, "access": null, "layer": null, "bridge": null, "foot": null, "surface": null, "step_count": null, "ramp": null, "name": null, "lit": null }, "geometry": { "type": "Point", "coordinates": [ -8.4315118, 40.1936129 ] } },
{ "type": "Feature", "properties": { "full_id": "w1151656284", "osm_id": "1151656284", "stairs": null, "level": null, "ramp:wheelchair": null, "width": null, "bicycle": null, "alt_name": null, "historic": null, "tunnel": null, "access": null, "layer": null, "bridge": null, "foot": null, "surface": null, "step_count": null, "ramp": null, "name": null, "lit": null }, "geometry": { "type": "Point", "coordinates": [ -8.43120105, 40.19443275 ] } },
{ "type": "Feature", "properties": { "full_id": "w1151656291", "osm_id": "1151656291", "stairs": null, "level": null, "ramp:wheelchair": null, "width": null, "bicycle": null, "alt_name": null, "historic": null, "tunnel": null, "access": null, "layer": null, "bridge": null, "foot": null, "surface": null, "step_count": null, "ramp": null, "name": null, "lit": null }, "geometry": { "type": "Point", "coordinates": [ -8.43066225, 40.19458095 ] } },
{ "type": "Feature", "properties": { "full_id": "w1151661658", "osm_id": "1151661658", "stairs": null, "level": null, "ramp:wheelchair": null, "width": null, "bicycle": null, "alt_name": null, "historic": null, "tunnel": null, "access": null, "layer": null, "bridge": null, "foot": null, "surface": null, "step_count": null, "ramp": null, "name": null, "lit": null }, "geometry": { "type": "Point", "coordinates": [ -8.43643495, 40.20331465 ] } },
{ "type": "Feature", "properties": { "full_id": "w1152283522", "osm_id": "1152283522", "stairs": null, "level": null, "ramp:wheelchair": null, "width": null, "bicycle": null, "alt_name": null, "historic": null, "tunnel": null, "access": null, "layer": null, "bridge": null, "foot": null, "surface": null, "step_count": null, "ramp": null, "name": null, "lit": null }, "geometry": { "type": "Point", "coordinates": [ -8.4322096, 40.19560525 ] } },
{ "type": "Feature", "properties": { "full_id": "w1152283523", "osm_id": "1152283523", "stairs": null, "level": null, "ramp:wheelchair": null, "width": null, "bicycle": null, "alt_name": null, "historic": null, "tunnel": null, "access": null, "layer": null, "bridge": null, "foot": null, "surface": null, "step_count": null, "ramp": null, "name": null, "lit": null }, "geometry": { "type": "Point", "coordinates": [ -8.43256155, 40.1958773 ] } },
{ "type": "Feature", "properties": { "full_id": "w1152283531", "osm_id": "1152283531", "stairs": null, "level": null, "ramp:wheelchair": null, "width": null, "bicycle": null, "alt_name": null, "historic": null, "tunnel": null, "access": null, "layer": null, "bridge": null, "foot": null, "surface": null, "step_count": null, "ramp": null, "name": null, "lit": null }, "geometry": { "type": "Point", "coordinates": [ -8.4341572, 40.19599015 ] } },
{ "type": "Feature", "properties": { "full_id": "w1152283532", "osm_id": "1152283532", "stairs": null, "level": null, "ramp:wheelchair": null, "width": null, "bicycle": null, "alt_name": null, "historic": null, "tunnel": null, "access": null, "layer": null, "bridge": null, "foot": null, "surface": null, "step_count": null, "ramp": null, "name": null, "lit": null }, "geometry": { "type": "Point", "coordinates": [ -8.434245, 40.1960273 ] } },
{ "type": "Feature", "properties": { "full_id": "w1152283545", "osm_id": "1152283545", "stairs": null, "level": null, "ramp:wheelchair": null, "width": null, "bicycle": null, "alt_name": null, "historic": null, "tunnel": null, "access": null, "layer": null, "bridge": null, "foot": null, "surface": null, "step_count": null, "ramp": null, "name": null, "lit": null }, "geometry": { "type": "Point", "coordinates": [ -8.4341098, 40.19598415 ] } },
{ "type": "Feature", "properties": { "full_id": "w1152283546", "osm_id": "1152283546", "stairs": null, "level": null, "ramp:wheelchair": null, "width": null, "bicycle": null, "alt_name": null, "historic": null, "tunnel": null, "access": null, "layer": null, "bridge": null, "foot": null, "surface": null, "step_count": null, "ramp": null, "name": null, "lit": null }, "geometry": { "type": "Point", "coordinates": [ -8.43427525, 40.1960592 ] } },
{ "type": "Feature", "properties": { "full_id": "w1153440601", "osm_id": "1153440601", "stairs": null, "level": null, "ramp:wheelchair": null, "width": null, "bicycle": null, "alt_name": null, "historic": null, "tunnel": null, "access": null, "layer": null, "bridge": null, "foot": null, "surface": "paving_stones", "step_count": null, "ramp": "no", "name": null, "lit": null }, "geometry": { "type": "Point", "coordinates": [ -8.4164365, 40.1864518 ] } },
{ "type": "Feature", "properties": { "full_id": "w1153440602", "osm_id": "1153440602", "stairs": null, "level": null, "ramp:wheelchair": null, "width": null, "bicycle": null, "alt_name": null, "historic": null, "tunnel": null, "access": null, "layer": null, "bridge": null, "foot": null, "surface": null, "step_count": null, "ramp": null, "name": null, "lit": null }, "geometry": { "type": "Point", "coordinates": [ -8.416435, 40.186345 ] } },
{ "type": "Feature", "properties": { "full_id": "w1153440604", "osm_id": "1153440604", "stairs": null, "level": null, "ramp:wheelchair": null, "width": null, "bicycle": null, "alt_name": null, "historic": null, "tunnel": null, "access": null, "layer": null, "bridge": null, "foot": null, "surface": null, "step_count": null, "ramp": null, "name": null, "lit": null }, "geometry": { "type": "Point", "coordinates": [ -8.41626535, 40.1868588 ] } },
{ "type": "Feature", "properties": { "full_id": "w1153440605", "osm_id": "1153440605", "stairs": null, "level": null, "ramp:wheelchair": null, "width": null, "bicycle": null, "alt_name": null, "historic": null, "tunnel": null, "access": null, "layer": null, "bridge": null, "foot": null, "surface": null, "step_count": null, "ramp": null, "name": null, "lit": null }, "geometry": { "type": "Point", "coordinates": [ -8.41644245, 40.1868569 ] } },
{ "type": "Feature", "properties": { "full_id": "w1153440607", "osm_id": "1153440607", "stairs": null, "level": null, "ramp:wheelchair": null, "width": null, "bicycle": null, "alt_name": null, "historic": null, "tunnel": null, "access": null, "layer": null, "bridge": null, "foot": null, "surface": null, "step_count": null, "ramp": null, "name": null, "lit": null }, "geometry": { "type": "Point", "coordinates": [ -8.4164416, 40.1867979 ] } },
{ "type": "Feature", "properties": { "full_id": "w1153440609", "osm_id": "1153440609", "stairs": null, "level": null, "ramp:wheelchair": null, "width": null, "bicycle": null, "alt_name": null, "historic": null, "tunnel": null, "access": null, "layer": null, "bridge": null, "foot": null, "surface": null, "step_count": null, "ramp": null, "name": null, "lit": null }, "geometry": { "type": "Point", "coordinates": [ -8.4162657, 40.1867988 ] } },
{ "type": "Feature", "properties": { "full_id": "w1153440610", "osm_id": "1153440610", "stairs": null, "level": null, "ramp:wheelchair": null, "width": null, "bicycle": null, "alt_name": null, "historic": null, "tunnel": null, "access": null, "layer": null, "bridge": null, "foot": null, "surface": null, "step_count": null, "ramp": null, "name": null, "lit": null }, "geometry": { "type": "Point", "coordinates": [ -8.4162663, 40.18670115 ] } },
{ "type": "Feature", "properties": { "full_id": "w1153440611", "osm_id": "1153440611", "stairs": null, "level": null, "ramp:wheelchair": null, "width": null, "bicycle": null, "alt_name": null, "historic": null, "tunnel": null, "access": null, "layer": null, "bridge": null, "foot": null, "surface": null, "step_count": null, "ramp": null, "name": null, "lit": null }, "geometry": { "type": "Point", "coordinates": [ -8.41644015, 40.18669945 ] } },
{ "type": "Feature", "properties": { "full_id": "w1153440613", "osm_id": "1153440613", "stairs": null, "level": null, "ramp:wheelchair": null, "width": null, "bicycle": null, "alt_name": null, "historic": null, "tunnel": null, "access": null, "layer": null, "bridge": null, "foot": null, "surface": null, "step_count": null, "ramp": null, "name": null, "lit": null }, "geometry": { "type": "Point", "coordinates": [ -8.41643835, 40.1865761 ] } },
{ "type": "Feature", "properties": { "full_id": "w1153440615", "osm_id": "1153440615", "stairs": null, "level": null, "ramp:wheelchair": null, "width": null, "bicycle": null, "alt_name": null, "historic": null, "tunnel": null, "access": null, "layer": null, "bridge": null, "foot": null, "surface": null, "step_count": null, "ramp": null, "name": null, "lit": null }, "geometry": { "type": "Point", "coordinates": [ -8.4162671, 40.18657805 ] } },
{ "type": "Feature", "properties": { "full_id": "w1153440617", "osm_id": "1153440617", "stairs": null, "level": null, "ramp:wheelchair": null, "width": null, "bicycle": null, "alt_name": null, "historic": null, "tunnel": null, "access": null, "layer": null, "bridge": null, "foot": null, "surface": null, "step_count": null, "ramp": null, "name": null, "lit": null }, "geometry": { "type": "Point", "coordinates": [ -8.41626785, 40.1864533 ] } },
{ "type": "Feature", "properties": { "full_id": "w1153440620", "osm_id": "1153440620", "stairs": null, "level": null, "ramp:wheelchair": null, "width": null, "bicycle": null, "alt_name": null, "historic": null, "tunnel": null, "access": null, "layer": null, "bridge": null, "foot": null, "surface": null, "step_count": null, "ramp": null, "name": null, "lit": null }, "geometry": { "type": "Point", "coordinates": [ -8.41626855, 40.18634105 ] } },
{ "type": "Feature", "properties": { "full_id": "w1153440622", "osm_id": "1153440622", "stairs": null, "level": null, "ramp:wheelchair": null, "width": null, "bicycle": null, "alt_name": null, "historic": null, "tunnel": null, "access": null, "layer": null, "bridge": null, "foot": null, "surface": "paving_stones", "step_count": "16", "ramp": "no", "name": null, "lit": null }, "geometry": { "type": "Point", "coordinates": [ -8.4164341, 40.18627265 ] } },
{ "type": "Feature", "properties": { "full_id": "w1153511496", "osm_id": "1153511496", "stairs": null, "level": null, "ramp:wheelchair": null, "width": null, "bicycle": null, "alt_name": null, "historic": null, "tunnel": null, "access": null, "layer": null, "bridge": null, "foot": null, "surface": null, "step_count": null, "ramp": null, "name": null, "lit": null }, "geometry": { "type": "Point", "coordinates": [ -8.4359754, 40.20651065 ] } },
{ "type": "Feature", "properties": { "full_id": "w1153930242", "osm_id": "1153930242", "stairs": null, "level": null, "ramp:wheelchair": null, "width": null, "bicycle": null, "alt_name": null, "historic": null, "tunnel": null, "access": null, "layer": null, "bridge": null, "foot": null, "surface": null, "step_count": null, "ramp": null, "name": null, "lit": null }, "geometry": { "type": "Point", "coordinates": [ -8.418844146353575, 40.202615633617945 ] } },
{ "type": "Feature", "properties": { "full_id": "w1154188425", "osm_id": "1154188425", "stairs": null, "level": null, "ramp:wheelchair": null, "width": null, "bicycle": null, "alt_name": null, "historic": null, "tunnel": null, "access": null, "layer": null, "bridge": null, "foot": null, "surface": null, "step_count": null, "ramp": null, "name": null, "lit": null }, "geometry": { "type": "Point", "coordinates": [ -8.41062025, 40.196393 ] } },
{ "type": "Feature", "properties": { "full_id": "w1154631201", "osm_id": "1154631201", "stairs": null, "level": null, "ramp:wheelchair": null, "width": null, "bicycle": null, "alt_name": null, "historic": null, "tunnel": null, "access": null, "layer": null, "bridge": null, "foot": null, "surface": null, "step_count": null, "ramp": null, "name": null, "lit": null }, "geometry": { "type": "Point", "coordinates": [ -8.4060427, 40.20524465 ] } },
{ "type": "Feature", "properties": { "full_id": "w1154631202", "osm_id": "1154631202", "stairs": null, "level": null, "ramp:wheelchair": null, "width": null, "bicycle": null, "alt_name": null, "historic": null, "tunnel": null, "access": null, "layer": null, "bridge": null, "foot": null, "surface": null, "step_count": null, "ramp": null, "name": null, "lit": null }, "geometry": { "type": "Point", "coordinates": [ -8.40616545, 40.20524505 ] } },
{ "type": "Feature", "properties": { "full_id": "w1154631206", "osm_id": "1154631206", "stairs": null, "level": null, "ramp:wheelchair": null, "width": null, "bicycle": null, "alt_name": null, "historic": null, "tunnel": null, "access": null, "layer": null, "bridge": null, "foot": null, "surface": null, "step_count": null, "ramp": null, "name": null, "lit": null }, "geometry": { "type": "Point", "coordinates": [ -8.4061001, 40.20529785 ] } },
{ "type": "Feature", "properties": { "full_id": "w1154631207", "osm_id": "1154631207", "stairs": null, "level": null, "ramp:wheelchair": null, "width": null, "bicycle": null, "alt_name": null, "historic": null, "tunnel": null, "access": null, "layer": null, "bridge": null, "foot": null, "surface": null, "step_count": null, "ramp": null, "name": null, "lit": null }, "geometry": { "type": "Point", "coordinates": [ -8.40545175, 40.2057279 ] } },
{ "type": "Feature", "properties": { "full_id": "w1154823894", "osm_id": "1154823894", "stairs": null, "level": null, "ramp:wheelchair": null, "width": null, "bicycle": null, "alt_name": null, "historic": null, "tunnel": null, "access": null, "layer": null, "bridge": null, "foot": null, "surface": "paving_stones", "step_count": "19", "ramp": "no", "name": null, "lit": null }, "geometry": { "type": "Point", "coordinates": [ -8.40002745, 40.20802535 ] } },
{ "type": "Feature", "properties": { "full_id": "w1154823895", "osm_id": "1154823895", "stairs": null, "level": null, "ramp:wheelchair": null, "width": null, "bicycle": null, "alt_name": null, "historic": null, "tunnel": null, "access": null, "layer": null, "bridge": null, "foot": null, "surface": "paving_stones", "step_count": null, "ramp": "no", "name": null, "lit": null }, "geometry": { "type": "Point", "coordinates": [ -8.400196962890774, 40.208024645020068 ] } },
{ "type": "Feature", "properties": { "full_id": "w1154980779", "osm_id": "1154980779", "stairs": null, "level": null, "ramp:wheelchair": null, "width": null, "bicycle": null, "alt_name": null, "historic": null, "tunnel": null, "access": null, "layer": null, "bridge": null, "foot": null, "surface": null, "step_count": null, "ramp": null, "name": null, "lit": null }, "geometry": { "type": "Point", "coordinates": [ -8.40390415, 40.205172 ] } },
{ "type": "Feature", "properties": { "full_id": "w1155254395", "osm_id": "1155254395", "stairs": null, "level": null, "ramp:wheelchair": null, "width": null, "bicycle": null, "alt_name": null, "historic": null, "tunnel": null, "access": null, "layer": null, "bridge": null, "foot": null, "surface": null, "step_count": null, "ramp": null, "name": "Miradouro Celestino Augusto Gomes", "lit": null }, "geometry": { "type": "Point", "coordinates": [ -8.45166775, 40.181514 ] } },
{ "type": "Feature", "properties": { "full_id": "w1155307412", "osm_id": "1155307412", "stairs": null, "level": null, "ramp:wheelchair": null, "width": null, "bicycle": null, "alt_name": null, "historic": null, "tunnel": null, "access": null, "layer": null, "bridge": null, "foot": null, "surface": null, "step_count": null, "ramp": null, "name": null, "lit": null }, "geometry": { "type": "Point", "coordinates": [ -8.43012035, 40.2025582 ] } },
{ "type": "Feature", "properties": { "full_id": "w1155307414", "osm_id": "1155307414", "stairs": null, "level": null, "ramp:wheelchair": null, "width": null, "bicycle": null, "alt_name": null, "historic": null, "tunnel": null, "access": null, "layer": null, "bridge": null, "foot": null, "surface": null, "step_count": null, "ramp": null, "name": null, "lit": null }, "geometry": { "type": "Point", "coordinates": [ -8.430866, 40.2033271 ] } },
{ "type": "Feature", "properties": { "full_id": "w1158491814", "osm_id": "1158491814", "stairs": null, "level": null, "ramp:wheelchair": null, "width": null, "bicycle": null, "alt_name": null, "historic": null, "tunnel": null, "access": null, "layer": null, "bridge": null, "foot": null, "surface": null, "step_count": null, "ramp": null, "name": null, "lit": null }, "geometry": { "type": "Point", "coordinates": [ -8.426801, 40.2070996 ] } },
{ "type": "Feature", "properties": { "full_id": "w1158491816", "osm_id": "1158491816", "stairs": null, "level": null, "ramp:wheelchair": null, "width": null, "bicycle": null, "alt_name": null, "historic": null, "tunnel": null, "access": null, "layer": null, "bridge": null, "foot": null, "surface": null, "step_count": null, "ramp": null, "name": null, "lit": null }, "geometry": { "type": "Point", "coordinates": [ -8.426765, 40.2070181 ] } },
{ "type": "Feature", "properties": { "full_id": "w1158491817", "osm_id": "1158491817", "stairs": null, "level": null, "ramp:wheelchair": null, "width": null, "bicycle": null, "alt_name": null, "historic": null, "tunnel": null, "access": null, "layer": null, "bridge": null, "foot": null, "surface": null, "step_count": null, "ramp": null, "name": null, "lit": null }, "geometry": { "type": "Point", "coordinates": [ -8.42666765, 40.206976 ] } },
{ "type": "Feature", "properties": { "full_id": "w1158491823", "osm_id": "1158491823", "stairs": null, "level": null, "ramp:wheelchair": null, "width": null, "bicycle": null, "alt_name": null, "historic": null, "tunnel": null, "access": null, "layer": null, "bridge": null, "foot": null, "surface": "sett", "step_count": null, "ramp": "no", "name": null, "lit": null }, "geometry": { "type": "Point", "coordinates": [ -8.426327862973263, 40.206950582622348 ] } },
{ "type": "Feature", "properties": { "full_id": "w1165517463", "osm_id": "1165517463", "stairs": null, "level": null, "ramp:wheelchair": "yes", "width": null, "bicycle": null, "alt_name": null, "historic": null, "tunnel": "building_passage", "access": null, "layer": null, "bridge": null, "foot": null, "surface": "paving_stones", "step_count": null, "ramp": "yes", "name": null, "lit": "yes" }, "geometry": { "type": "Point", "coordinates": [ -8.4288945, 40.20889335 ] } },
{ "type": "Feature", "properties": { "full_id": "w1165517466", "osm_id": "1165517466", "stairs": null, "level": null, "ramp:wheelchair": "yes", "width": null, "bicycle": null, "alt_name": null, "historic": null, "tunnel": null, "access": null, "layer": null, "bridge": null, "foot": null, "surface": "paving_stones", "step_count": null, "ramp": "yes", "name": null, "lit": "yes" }, "geometry": { "type": "Point", "coordinates": [ -8.42895975, 40.20888475 ] } },
{ "type": "Feature", "properties": { "full_id": "w1169289541", "osm_id": "1169289541", "stairs": null, "level": null, "ramp:wheelchair": null, "width": null, "bicycle": null, "alt_name": null, "historic": null, "tunnel": null, "access": null, "layer": null, "bridge": null, "foot": null, "surface": "paving_stones", "step_count": null, "ramp": "no", "name": null, "lit": null }, "geometry": { "type": "Point", "coordinates": [ -8.40582092395449, 40.20725516800114 ] } },
{ "type": "Feature", "properties": { "full_id": "w1172876706", "osm_id": "1172876706", "stairs": null, "level": null, "ramp:wheelchair": null, "width": null, "bicycle": null, "alt_name": null, "historic": null, "tunnel": null, "access": "private", "layer": null, "bridge": null, "foot": null, "surface": null, "step_count": null, "ramp": null, "name": null, "lit": null }, "geometry": { "type": "Point", "coordinates": [ -8.427741803420624, 40.210808211255312 ] } },
{ "type": "Feature", "properties": { "full_id": "w1176897260", "osm_id": "1176897260", "stairs": null, "level": null, "ramp:wheelchair": null, "width": null, "bicycle": null, "alt_name": null, "historic": null, "tunnel": null, "access": null, "layer": null, "bridge": null, "foot": null, "surface": null, "step_count": null, "ramp": null, "name": null, "lit": null }, "geometry": { "type": "Point", "coordinates": [ -8.43588352803963, 40.196147624494635 ] } },
{ "type": "Feature", "properties": { "full_id": "w1176897267", "osm_id": "1176897267", "stairs": null, "level": null, "ramp:wheelchair": null, "width": null, "bicycle": null, "alt_name": null, "historic": null, "tunnel": null, "access": null, "layer": null, "bridge": null, "foot": null, "surface": null, "step_count": null, "ramp": null, "name": null, "lit": null }, "geometry": { "type": "Point", "coordinates": [ -8.436028610053814, 40.197118986929425 ] } },
{ "type": "Feature", "properties": { "full_id": "w1176897269", "osm_id": "1176897269", "stairs": null, "level": null, "ramp:wheelchair": null, "width": null, "bicycle": null, "alt_name": null, "historic": null, "tunnel": null, "access": null, "layer": null, "bridge": null, "foot": null, "surface": null, "step_count": null, "ramp": null, "name": null, "lit": null }, "geometry": { "type": "Point", "coordinates": [ -8.435445694768919, 40.197438661248846 ] } },
{ "type": "Feature", "properties": { "full_id": "w1177992458", "osm_id": "1177992458", "stairs": null, "level": null, "ramp:wheelchair": null, "width": null, "bicycle": null, "alt_name": null, "historic": null, "tunnel": null, "access": null, "layer": null, "bridge": null, "foot": null, "surface": null, "step_count": null, "ramp": null, "name": null, "lit": null }, "geometry": { "type": "Point", "coordinates": [ -8.42388555, 40.2141 ] } },
{ "type": "Feature", "properties": { "full_id": "w1180906702", "osm_id": "1180906702", "stairs": null, "level": null, "ramp:wheelchair": null, "width": null, "bicycle": null, "alt_name": null, "historic": null, "tunnel": null, "access": null, "layer": null, "bridge": null, "foot": null, "surface": null, "step_count": null, "ramp": null, "name": "Travessa Dom Afonso Castelo Branco", "lit": null }, "geometry": { "type": "Point", "coordinates": [ -8.42255485, 40.2126891 ] } },
{ "type": "Feature", "properties": { "full_id": "w1187068225", "osm_id": "1187068225", "stairs": null, "level": null, "ramp:wheelchair": null, "width": null, "bicycle": null, "alt_name": null, "historic": null, "tunnel": null, "access": null, "layer": null, "bridge": null, "foot": null, "surface": null, "step_count": null, "ramp": null, "name": null, "lit": null }, "geometry": { "type": "Point", "coordinates": [ -8.43567495, 40.20065265 ] } },
{ "type": "Feature", "properties": { "full_id": "w1187089410", "osm_id": "1187089410", "stairs": null, "level": null, "ramp:wheelchair": null, "width": null, "bicycle": null, "alt_name": null, "historic": null, "tunnel": null, "access": null, "layer": null, "bridge": null, "foot": null, "surface": null, "step_count": null, "ramp": null, "name": null, "lit": null }, "geometry": { "type": "Point", "coordinates": [ -8.4354693, 40.20166355 ] } },
{ "type": "Feature", "properties": { "full_id": "w1187435670", "osm_id": "1187435670", "stairs": null, "level": null, "ramp:wheelchair": null, "width": null, "bicycle": null, "alt_name": null, "historic": null, "tunnel": null, "access": null, "layer": null, "bridge": null, "foot": null, "surface": null, "step_count": null, "ramp": null, "name": null, "lit": null }, "geometry": { "type": "Point", "coordinates": [ -8.41812285, 40.21231715 ] } },
{ "type": "Feature", "properties": { "full_id": "w1187435760", "osm_id": "1187435760", "stairs": null, "level": null, "ramp:wheelchair": null, "width": null, "bicycle": null, "alt_name": null, "historic": null, "tunnel": null, "access": null, "layer": null, "bridge": null, "foot": null, "surface": null, "step_count": null, "ramp": null, "name": null, "lit": null }, "geometry": { "type": "Point", "coordinates": [ -8.41856645, 40.2124165 ] } },
{ "type": "Feature", "properties": { "full_id": "w1188604632", "osm_id": "1188604632", "stairs": null, "level": null, "ramp:wheelchair": null, "width": null, "bicycle": null, "alt_name": null, "historic": null, "tunnel": null, "access": null, "layer": null, "bridge": null, "foot": null, "surface": null, "step_count": null, "ramp": "no", "name": null, "lit": null }, "geometry": { "type": "Point", "coordinates": [ -8.41073045, 40.19477345 ] } },
{ "type": "Feature", "properties": { "full_id": "w1188604633", "osm_id": "1188604633", "stairs": null, "level": null, "ramp:wheelchair": null, "width": null, "bicycle": null, "alt_name": null, "historic": null, "tunnel": null, "access": null, "layer": null, "bridge": null, "foot": null, "surface": null, "step_count": null, "ramp": "no", "name": null, "lit": null }, "geometry": { "type": "Point", "coordinates": [ -8.41067645, 40.19480005 ] } },
{ "type": "Feature", "properties": { "full_id": "w1188757352", "osm_id": "1188757352", "stairs": null, "level": null, "ramp:wheelchair": null, "width": null, "bicycle": null, "alt_name": null, "historic": null, "tunnel": null, "access": null, "layer": null, "bridge": null, "foot": null, "surface": null, "step_count": null, "ramp": null, "name": null, "lit": null }, "geometry": { "type": "Point", "coordinates": [ -8.42366745, 40.21316695 ] } },
{ "type": "Feature", "properties": { "full_id": "w1189773730", "osm_id": "1189773730", "stairs": null, "level": null, "ramp:wheelchair": null, "width": null, "bicycle": null, "alt_name": null, "historic": null, "tunnel": null, "access": null, "layer": null, "bridge": null, "foot": null, "surface": null, "step_count": null, "ramp": null, "name": null, "lit": null }, "geometry": { "type": "Point", "coordinates": [ -8.4112304, 40.2152069 ] } },
{ "type": "Feature", "properties": { "full_id": "w1189773746", "osm_id": "1189773746", "stairs": null, "level": null, "ramp:wheelchair": null, "width": null, "bicycle": null, "alt_name": null, "historic": null, "tunnel": null, "access": "private", "layer": null, "bridge": null, "foot": null, "surface": null, "step_count": null, "ramp": null, "name": null, "lit": null }, "geometry": { "type": "Point", "coordinates": [ -8.4119364, 40.2154343 ] } },
{ "type": "Feature", "properties": { "full_id": "w1189773748", "osm_id": "1189773748", "stairs": null, "level": null, "ramp:wheelchair": null, "width": null, "bicycle": null, "alt_name": null, "historic": null, "tunnel": null, "access": "private", "layer": null, "bridge": null, "foot": null, "surface": null, "step_count": null, "ramp": null, "name": null, "lit": null }, "geometry": { "type": "Point", "coordinates": [ -8.4119451, 40.21547905 ] } },
{ "type": "Feature", "properties": { "full_id": "w1189773750", "osm_id": "1189773750", "stairs": null, "level": null, "ramp:wheelchair": null, "width": null, "bicycle": null, "alt_name": null, "historic": null, "tunnel": null, "access": "private", "layer": null, "bridge": null, "foot": null, "surface": null, "step_count": null, "ramp": null, "name": null, "lit": null }, "geometry": { "type": "Point", "coordinates": [ -8.41188375, 40.21548565 ] } },
{ "type": "Feature", "properties": { "full_id": "w1189773752", "osm_id": "1189773752", "stairs": null, "level": null, "ramp:wheelchair": null, "width": null, "bicycle": null, "alt_name": null, "historic": null, "tunnel": null, "access": "private", "layer": null, "bridge": null, "foot": null, "surface": null, "step_count": null, "ramp": null, "name": null, "lit": null }, "geometry": { "type": "Point", "coordinates": [ -8.4118747, 40.2154428 ] } },
{ "type": "Feature", "properties": { "full_id": "w1190016800", "osm_id": "1190016800", "stairs": null, "level": null, "ramp:wheelchair": null, "width": null, "bicycle": null, "alt_name": null, "historic": null, "tunnel": null, "access": null, "layer": null, "bridge": null, "foot": null, "surface": null, "step_count": null, "ramp": null, "name": null, "lit": null }, "geometry": { "type": "Point", "coordinates": [ -8.4212126, 40.20876605 ] } },
{ "type": "Feature", "properties": { "full_id": "w1190062245", "osm_id": "1190062245", "stairs": null, "level": null, "ramp:wheelchair": null, "width": null, "bicycle": null, "alt_name": null, "historic": null, "tunnel": null, "access": null, "layer": null, "bridge": null, "foot": null, "surface": null, "step_count": null, "ramp": null, "name": null, "lit": null }, "geometry": { "type": "Point", "coordinates": [ -8.4133138, 40.21244085 ] } },
{ "type": "Feature", "properties": { "full_id": "w1190075770", "osm_id": "1190075770", "stairs": null, "level": null, "ramp:wheelchair": null, "width": null, "bicycle": null, "alt_name": null, "historic": null, "tunnel": null, "access": null, "layer": null, "bridge": null, "foot": null, "surface": null, "step_count": null, "ramp": "no", "name": null, "lit": null }, "geometry": { "type": "Point", "coordinates": [ -8.42624755, 40.20387385 ] } },
{ "type": "Feature", "properties": { "full_id": "w1192498748", "osm_id": "1192498748", "stairs": null, "level": null, "ramp:wheelchair": null, "width": null, "bicycle": null, "alt_name": null, "historic": null, "tunnel": null, "access": null, "layer": null, "bridge": null, "foot": null, "surface": null, "step_count": null, "ramp": null, "name": null, "lit": null }, "geometry": { "type": "Point", "coordinates": [ -8.395065, 40.195592 ] } },
{ "type": "Feature", "properties": { "full_id": "w1192498752", "osm_id": "1192498752", "stairs": null, "level": null, "ramp:wheelchair": null, "width": null, "bicycle": null, "alt_name": null, "historic": null, "tunnel": null, "access": null, "layer": null, "bridge": null, "foot": null, "surface": null, "step_count": null, "ramp": null, "name": null, "lit": null }, "geometry": { "type": "Point", "coordinates": [ -8.39485535, 40.19559215 ] } },
{ "type": "Feature", "properties": { "full_id": "w1193594546", "osm_id": "1193594546", "stairs": null, "level": null, "ramp:wheelchair": null, "width": null, "bicycle": null, "alt_name": null, "historic": null, "tunnel": null, "access": null, "layer": null, "bridge": null, "foot": null, "surface": null, "step_count": null, "ramp": null, "name": null, "lit": null }, "geometry": { "type": "Point", "coordinates": [ -8.428667668269243, 40.213035118492876 ] } },
{ "type": "Feature", "properties": { "full_id": "w1208252020", "osm_id": "1208252020", "stairs": null, "level": null, "ramp:wheelchair": null, "width": null, "bicycle": null, "alt_name": null, "historic": null, "tunnel": null, "access": "permissive", "layer": null, "bridge": null, "foot": null, "surface": "concrete", "step_count": "3", "ramp": null, "name": null, "lit": null }, "geometry": { "type": "Point", "coordinates": [ -8.415862589788841, 40.219913812265041 ] } },
{ "type": "Feature", "properties": { "full_id": "w1208262256", "osm_id": "1208262256", "stairs": null, "level": null, "ramp:wheelchair": null, "width": null, "bicycle": null, "alt_name": null, "historic": null, "tunnel": null, "access": "yes", "layer": null, "bridge": null, "foot": null, "surface": "wood", "step_count": null, "ramp": null, "name": null, "lit": null }, "geometry": { "type": "Point", "coordinates": [ -8.41698125, 40.22035595 ] } },
{ "type": "Feature", "properties": { "full_id": "w1208463844", "osm_id": "1208463844", "stairs": null, "level": null, "ramp:wheelchair": null, "width": null, "bicycle": null, "alt_name": null, "historic": null, "tunnel": null, "access": null, "layer": null, "bridge": null, "foot": null, "surface": null, "step_count": null, "ramp": null, "name": null, "lit": null }, "geometry": { "type": "Point", "coordinates": [ -8.3927915, 40.21313995 ] } },
{ "type": "Feature", "properties": { "full_id": "w1208733768", "osm_id": "1208733768", "stairs": null, "level": null, "ramp:wheelchair": null, "width": null, "bicycle": null, "alt_name": null, "historic": null, "tunnel": "building_passage", "access": null, "layer": null, "bridge": null, "foot": null, "surface": null, "step_count": null, "ramp": null, "name": null, "lit": null }, "geometry": { "type": "Point", "coordinates": [ -8.4160339, 40.21871225 ] } },
{ "type": "Feature", "properties": { "full_id": "w1208766926", "osm_id": "1208766926", "stairs": null, "level": null, "ramp:wheelchair": null, "width": null, "bicycle": null, "alt_name": null, "historic": null, "tunnel": null, "access": null, "layer": null, "bridge": null, "foot": null, "surface": null, "step_count": null, "ramp": null, "name": null, "lit": null }, "geometry": { "type": "Point", "coordinates": [ -8.4170835, 40.21917375 ] } },
{ "type": "Feature", "properties": { "full_id": "w1208766928", "osm_id": "1208766928", "stairs": null, "level": null, "ramp:wheelchair": null, "width": null, "bicycle": null, "alt_name": null, "historic": null, "tunnel": null, "access": null, "layer": null, "bridge": null, "foot": null, "surface": null, "step_count": null, "ramp": null, "name": null, "lit": null }, "geometry": { "type": "Point", "coordinates": [ -8.41734255, 40.2190128 ] } },
{ "type": "Feature", "properties": { "full_id": "w1209256745", "osm_id": "1209256745", "stairs": null, "level": null, "ramp:wheelchair": null, "width": null, "bicycle": null, "alt_name": null, "historic": null, "tunnel": null, "access": null, "layer": null, "bridge": null, "foot": null, "surface": null, "step_count": null, "ramp": null, "name": null, "lit": null }, "geometry": { "type": "Point", "coordinates": [ -8.39883305, 40.20012485 ] } },
{ "type": "Feature", "properties": { "full_id": "w1209256756", "osm_id": "1209256756", "stairs": null, "level": null, "ramp:wheelchair": null, "width": null, "bicycle": null, "alt_name": null, "historic": null, "tunnel": null, "access": null, "layer": null, "bridge": null, "foot": null, "surface": null, "step_count": null, "ramp": null, "name": null, "lit": null }, "geometry": { "type": "Point", "coordinates": [ -8.3981373, 40.1990784 ] } },
{ "type": "Feature", "properties": { "full_id": "w1209340031", "osm_id": "1209340031", "stairs": null, "level": null, "ramp:wheelchair": null, "width": null, "bicycle": null, "alt_name": null, "historic": null, "tunnel": null, "access": null, "layer": null, "bridge": null, "foot": null, "surface": "paved", "step_count": null, "ramp": null, "name": null, "lit": null }, "geometry": { "type": "Point", "coordinates": [ -8.4127113, 40.21524815 ] } },
{ "type": "Feature", "properties": { "full_id": "w1209619441", "osm_id": "1209619441", "stairs": null, "level": null, "ramp:wheelchair": null, "width": null, "bicycle": null, "alt_name": null, "historic": null, "tunnel": null, "access": "private", "layer": null, "bridge": null, "foot": null, "surface": null, "step_count": null, "ramp": null, "name": null, "lit": null }, "geometry": { "type": "Point", "coordinates": [ -8.424612891154736, 40.213116100327561 ] } },
{ "type": "Feature", "properties": { "full_id": "w1212645823", "osm_id": "1212645823", "stairs": null, "level": null, "ramp:wheelchair": null, "width": null, "bicycle": null, "alt_name": null, "historic": null, "tunnel": null, "access": null, "layer": null, "bridge": null, "foot": null, "surface": null, "step_count": null, "ramp": null, "name": null, "lit": null }, "geometry": { "type": "Point", "coordinates": [ -8.40442475, 40.1846235 ] } },
{ "type": "Feature", "properties": { "full_id": "w1213462927", "osm_id": "1213462927", "stairs": null, "level": null, "ramp:wheelchair": null, "width": null, "bicycle": null, "alt_name": null, "historic": null, "tunnel": null, "access": null, "layer": null, "bridge": null, "foot": null, "surface": "concrete", "step_count": "5", "ramp": "no", "name": null, "lit": null }, "geometry": { "type": "Point", "coordinates": [ -8.4100205, 40.2028246 ] } },
{ "type": "Feature", "properties": { "full_id": "w1213462929", "osm_id": "1213462929", "stairs": null, "level": null, "ramp:wheelchair": null, "width": null, "bicycle": null, "alt_name": null, "historic": null, "tunnel": null, "access": null, "layer": null, "bridge": null, "foot": null, "surface": "concrete", "step_count": null, "ramp": "no", "name": null, "lit": null }, "geometry": { "type": "Point", "coordinates": [ -8.40995075, 40.2028837 ] } },
{ "type": "Feature", "properties": { "full_id": "w1214230299", "osm_id": "1214230299", "stairs": null, "level": null, "ramp:wheelchair": null, "width": null, "bicycle": null, "alt_name": null, "historic": null, "tunnel": null, "access": null, "layer": null, "bridge": null, "foot": null, "surface": null, "step_count": null, "ramp": null, "name": null, "lit": null }, "geometry": { "type": "Point", "coordinates": [ -8.4402865, 40.227753 ] } },
{ "type": "Feature", "properties": { "full_id": "w1214240527", "osm_id": "1214240527", "stairs": null, "level": null, "ramp:wheelchair": null, "width": null, "bicycle": null, "alt_name": null, "historic": null, "tunnel": null, "access": "private", "layer": null, "bridge": null, "foot": null, "surface": null, "step_count": null, "ramp": null, "name": null, "lit": null }, "geometry": { "type": "Point", "coordinates": [ -8.44338633618049, 40.231323338933819 ] } },
{ "type": "Feature", "properties": { "full_id": "w1214886658", "osm_id": "1214886658", "stairs": null, "level": null, "ramp:wheelchair": null, "width": null, "bicycle": null, "alt_name": null, "historic": null, "tunnel": null, "access": null, "layer": null, "bridge": null, "foot": null, "surface": "sett", "step_count": "11", "ramp": "no", "name": null, "lit": null }, "geometry": { "type": "Point", "coordinates": [ -8.431458095006542, 40.216132165191546 ] } },
{ "type": "Feature", "properties": { "full_id": "w1214886659", "osm_id": "1214886659", "stairs": null, "level": null, "ramp:wheelchair": null, "width": null, "bicycle": null, "alt_name": null, "historic": null, "tunnel": null, "access": null, "layer": null, "bridge": null, "foot": null, "surface": "sett", "step_count": "16", "ramp": "no", "name": null, "lit": null }, "geometry": { "type": "Point", "coordinates": [ -8.4313174, 40.21624385 ] } },
{ "type": "Feature", "properties": { "full_id": "w1214886804", "osm_id": "1214886804", "stairs": null, "level": null, "ramp:wheelchair": null, "width": null, "bicycle": null, "alt_name": null, "historic": null, "tunnel": "building_passage", "access": null, "layer": null, "bridge": null, "foot": null, "surface": "sett", "step_count": "68", "ramp": "no", "name": null, "lit": null }, "geometry": { "type": "Point", "coordinates": [ -8.4313549, 40.2162494 ] } },
{ "type": "Feature", "properties": { "full_id": "w1214952516", "osm_id": "1214952516", "stairs": null, "level": null, "ramp:wheelchair": null, "width": null, "bicycle": null, "alt_name": null, "historic": null, "tunnel": null, "access": null, "layer": null, "bridge": null, "foot": null, "surface": null, "step_count": null, "ramp": null, "name": null, "lit": null }, "geometry": { "type": "Point", "coordinates": [ -8.4305542, 40.2182262 ] } },
{ "type": "Feature", "properties": { "full_id": "w1214952521", "osm_id": "1214952521", "stairs": null, "level": null, "ramp:wheelchair": null, "width": null, "bicycle": null, "alt_name": null, "historic": null, "tunnel": null, "access": null, "layer": null, "bridge": null, "foot": null, "surface": null, "step_count": null, "ramp": null, "name": null, "lit": null }, "geometry": { "type": "Point", "coordinates": [ -8.4298579, 40.218546 ] } },
{ "type": "Feature", "properties": { "full_id": "w1214952524", "osm_id": "1214952524", "stairs": null, "level": null, "ramp:wheelchair": null, "width": null, "bicycle": null, "alt_name": null, "historic": null, "tunnel": null, "access": null, "layer": null, "bridge": null, "foot": null, "surface": null, "step_count": null, "ramp": null, "name": null, "lit": null }, "geometry": { "type": "Point", "coordinates": [ -8.42965505, 40.21841075 ] } },
{ "type": "Feature", "properties": { "full_id": "w1214952527", "osm_id": "1214952527", "stairs": null, "level": null, "ramp:wheelchair": null, "width": null, "bicycle": null, "alt_name": null, "historic": null, "tunnel": null, "access": null, "layer": null, "bridge": null, "foot": null, "surface": null, "step_count": null, "ramp": null, "name": null, "lit": null }, "geometry": { "type": "Point", "coordinates": [ -8.4293839, 40.2177795 ] } },
{ "type": "Feature", "properties": { "full_id": "w1214952578", "osm_id": "1214952578", "stairs": null, "level": null, "ramp:wheelchair": null, "width": null, "bicycle": null, "alt_name": null, "historic": null, "tunnel": null, "access": null, "layer": null, "bridge": null, "foot": null, "surface": null, "step_count": null, "ramp": null, "name": null, "lit": null }, "geometry": { "type": "Point", "coordinates": [ -8.43006085, 40.2186589 ] } },
{ "type": "Feature", "properties": { "full_id": "w1215186897", "osm_id": "1215186897", "stairs": null, "level": null, "ramp:wheelchair": null, "width": null, "bicycle": null, "alt_name": null, "historic": null, "tunnel": null, "access": null, "layer": null, "bridge": null, "foot": null, "surface": null, "step_count": null, "ramp": null, "name": null, "lit": null }, "geometry": { "type": "Point", "coordinates": [ -8.4411699, 40.23248215 ] } },
{ "type": "Feature", "properties": { "full_id": "w1215199161", "osm_id": "1215199161", "stairs": null, "level": null, "ramp:wheelchair": null, "width": null, "bicycle": null, "alt_name": null, "historic": null, "tunnel": null, "access": "private", "layer": null, "bridge": null, "foot": null, "surface": null, "step_count": null, "ramp": null, "name": null, "lit": null }, "geometry": { "type": "Point", "coordinates": [ -8.44214055, 40.23308225 ] } },
{ "type": "Feature", "properties": { "full_id": "w1215211313", "osm_id": "1215211313", "stairs": null, "level": null, "ramp:wheelchair": null, "width": null, "bicycle": null, "alt_name": null, "historic": null, "tunnel": null, "access": null, "layer": null, "bridge": null, "foot": null, "surface": null, "step_count": null, "ramp": null, "name": null, "lit": null }, "geometry": { "type": "Point", "coordinates": [ -8.4413049, 40.2320641 ] } },
{ "type": "Feature", "properties": { "full_id": "w1215217308", "osm_id": "1215217308", "stairs": null, "level": null, "ramp:wheelchair": null, "width": null, "bicycle": null, "alt_name": null, "historic": null, "tunnel": null, "access": null, "layer": null, "bridge": null, "foot": null, "surface": null, "step_count": null, "ramp": null, "name": null, "lit": null }, "geometry": { "type": "Point", "coordinates": [ -8.439291428791361, 40.227917810601895 ] } },
{ "type": "Feature", "properties": { "full_id": "w1215647928", "osm_id": "1215647928", "stairs": null, "level": null, "ramp:wheelchair": null, "width": null, "bicycle": null, "alt_name": null, "historic": null, "tunnel": null, "access": null, "layer": null, "bridge": null, "foot": null, "surface": null, "step_count": null, "ramp": null, "name": null, "lit": null }, "geometry": { "type": "Point", "coordinates": [ -8.4377474, 40.2325049 ] } },
{ "type": "Feature", "properties": { "full_id": "w1215647941", "osm_id": "1215647941", "stairs": null, "level": null, "ramp:wheelchair": null, "width": null, "bicycle": null, "alt_name": null, "historic": null, "tunnel": null, "access": null, "layer": null, "bridge": null, "foot": null, "surface": null, "step_count": null, "ramp": null, "name": null, "lit": null }, "geometry": { "type": "Point", "coordinates": [ -8.4378547, 40.23274665 ] } },
{ "type": "Feature", "properties": { "full_id": "w1215911782", "osm_id": "1215911782", "stairs": null, "level": null, "ramp:wheelchair": null, "width": null, "bicycle": null, "alt_name": null, "historic": null, "tunnel": null, "access": null, "layer": null, "bridge": null, "foot": null, "surface": null, "step_count": null, "ramp": null, "name": null, "lit": null }, "geometry": { "type": "Point", "coordinates": [ -8.4170122, 40.20323825 ] } },
{ "type": "Feature", "properties": { "full_id": "w1216155978", "osm_id": "1216155978", "stairs": null, "level": null, "ramp:wheelchair": null, "width": null, "bicycle": null, "alt_name": null, "historic": null, "tunnel": null, "access": "private", "layer": null, "bridge": null, "foot": null, "surface": null, "step_count": null, "ramp": null, "name": null, "lit": null }, "geometry": { "type": "Point", "coordinates": [ -8.4175582, 40.21357195 ] } },
{ "type": "Feature", "properties": { "full_id": "w1216155982", "osm_id": "1216155982", "stairs": null, "level": null, "ramp:wheelchair": null, "width": null, "bicycle": null, "alt_name": null, "historic": null, "tunnel": null, "access": "private", "layer": null, "bridge": null, "foot": null, "surface": null, "step_count": null, "ramp": null, "name": null, "lit": null }, "geometry": { "type": "Point", "coordinates": [ -8.4180016, 40.2138629 ] } },
{ "type": "Feature", "properties": { "full_id": "w1216155984", "osm_id": "1216155984", "stairs": null, "level": null, "ramp:wheelchair": null, "width": null, "bicycle": null, "alt_name": null, "historic": null, "tunnel": null, "access": "private", "layer": null, "bridge": null, "foot": null, "surface": null, "step_count": null, "ramp": null, "name": null, "lit": null }, "geometry": { "type": "Point", "coordinates": [ -8.41797915, 40.21380045 ] } },
{ "type": "Feature", "properties": { "full_id": "w1216156083", "osm_id": "1216156083", "stairs": null, "level": null, "ramp:wheelchair": null, "width": null, "bicycle": null, "alt_name": null, "historic": null, "tunnel": null, "access": "private", "layer": null, "bridge": null, "foot": null, "surface": null, "step_count": null, "ramp": null, "name": null, "lit": null }, "geometry": { "type": "Point", "coordinates": [ -8.416132374899522, 40.213104877380864 ] } },
{ "type": "Feature", "properties": { "full_id": "w1216156085", "osm_id": "1216156085", "stairs": null, "level": null, "ramp:wheelchair": null, "width": null, "bicycle": null, "alt_name": null, "historic": null, "tunnel": null, "access": "private", "layer": null, "bridge": null, "foot": null, "surface": null, "step_count": null, "ramp": null, "name": null, "lit": null }, "geometry": { "type": "Point", "coordinates": [ -8.415956073411481, 40.213202129793927 ] } },
{ "type": "Feature", "properties": { "full_id": "w1216166116", "osm_id": "1216166116", "stairs": null, "level": null, "ramp:wheelchair": null, "width": null, "bicycle": null, "alt_name": null, "historic": null, "tunnel": null, "access": null, "layer": null, "bridge": null, "foot": null, "surface": null, "step_count": null, "ramp": null, "name": null, "lit": null }, "geometry": { "type": "Point", "coordinates": [ -8.442627245584742, 40.21226563913438 ] } },
{ "type": "Feature", "properties": { "full_id": "w1216166117", "osm_id": "1216166117", "stairs": null, "level": null, "ramp:wheelchair": null, "width": null, "bicycle": null, "alt_name": null, "historic": null, "tunnel": null, "access": null, "layer": null, "bridge": null, "foot": null, "surface": null, "step_count": null, "ramp": null, "name": null, "lit": null }, "geometry": { "type": "Point", "coordinates": [ -8.44257505, 40.212255 ] } },
{ "type": "Feature", "properties": { "full_id": "w1216166123", "osm_id": "1216166123", "stairs": null, "level": null, "ramp:wheelchair": null, "width": null, "bicycle": null, "alt_name": null, "historic": null, "tunnel": null, "access": null, "layer": "1", "bridge": null, "foot": null, "surface": null, "step_count": null, "ramp": null, "name": null, "lit": null }, "geometry": { "type": "Point", "coordinates": [ -8.44220525, 40.2118629 ] } },
{ "type": "Feature", "properties": { "full_id": "w1216166131", "osm_id": "1216166131", "stairs": null, "level": null, "ramp:wheelchair": null, "width": null, "bicycle": null, "alt_name": null, "historic": null, "tunnel": null, "access": null, "layer": "1", "bridge": null, "foot": null, "surface": null, "step_count": null, "ramp": null, "name": null, "lit": null }, "geometry": { "type": "Point", "coordinates": [ -8.44202774396171, 40.211427244826361 ] } },
{ "type": "Feature", "properties": { "full_id": "w1216166134", "osm_id": "1216166134", "stairs": null, "level": null, "ramp:wheelchair": null, "width": null, "bicycle": null, "alt_name": null, "historic": null, "tunnel": null, "access": null, "layer": "1", "bridge": null, "foot": null, "surface": null, "step_count": null, "ramp": null, "name": null, "lit": null }, "geometry": { "type": "Point", "coordinates": [ -8.44248875, 40.21086275 ] } },
{ "type": "Feature", "properties": { "full_id": "w1216683944", "osm_id": "1216683944", "stairs": null, "level": null, "ramp:wheelchair": null, "width": null, "bicycle": null, "alt_name": null, "historic": null, "tunnel": null, "access": null, "layer": "1", "bridge": null, "foot": null, "surface": null, "step_count": null, "ramp": null, "name": null, "lit": null }, "geometry": { "type": "Point", "coordinates": [ -8.443295933189455, 40.212471396906722 ] } },
{ "type": "Feature", "properties": { "full_id": "w1216769384", "osm_id": "1216769384", "stairs": null, "level": null, "ramp:wheelchair": null, "width": null, "bicycle": null, "alt_name": null, "historic": null, "tunnel": null, "access": null, "layer": null, "bridge": null, "foot": null, "surface": "ground", "step_count": null, "ramp": null, "name": null, "lit": null }, "geometry": { "type": "Point", "coordinates": [ -8.414952110728715, 40.195396387930053 ] } },
{ "type": "Feature", "properties": { "full_id": "w1216978244", "osm_id": "1216978244", "stairs": null, "level": null, "ramp:wheelchair": null, "width": null, "bicycle": null, "alt_name": null, "historic": null, "tunnel": null, "access": null, "layer": null, "bridge": null, "foot": null, "surface": null, "step_count": null, "ramp": "no", "name": null, "lit": null }, "geometry": { "type": "Point", "coordinates": [ -8.4222037, 40.2112045 ] } },
{ "type": "Feature", "properties": { "full_id": "w1216978245", "osm_id": "1216978245", "stairs": null, "level": null, "ramp:wheelchair": null, "width": null, "bicycle": null, "alt_name": null, "historic": null, "tunnel": null, "access": null, "layer": null, "bridge": null, "foot": null, "surface": null, "step_count": null, "ramp": "no", "name": null, "lit": null }, "geometry": { "type": "Point", "coordinates": [ -8.4221687, 40.21124165 ] } },
{ "type": "Feature", "properties": { "full_id": "w1219245962", "osm_id": "1219245962", "stairs": null, "level": null, "ramp:wheelchair": null, "width": null, "bicycle": null, "alt_name": null, "historic": null, "tunnel": null, "access": null, "layer": null, "bridge": null, "foot": null, "surface": "paving_stones", "step_count": "76", "ramp": "no", "name": "Escadas da Saragoça", "lit": null }, "geometry": { "type": "Point", "coordinates": [ -8.42689562706301, 40.213025679159173 ] } },
{ "type": "Feature", "properties": { "full_id": "w1219379970", "osm_id": "1219379970", "stairs": null, "level": null, "ramp:wheelchair": null, "width": null, "bicycle": null, "alt_name": null, "historic": null, "tunnel": null, "access": null, "layer": null, "bridge": null, "foot": null, "surface": null, "step_count": null, "ramp": null, "name": null, "lit": null }, "geometry": { "type": "Point", "coordinates": [ -8.4454672, 40.18567875 ] } },
{ "type": "Feature", "properties": { "full_id": "w1219443935", "osm_id": "1219443935", "stairs": null, "level": null, "ramp:wheelchair": null, "width": null, "bicycle": null, "alt_name": null, "historic": null, "tunnel": null, "access": null, "layer": null, "bridge": null, "foot": null, "surface": null, "step_count": null, "ramp": null, "name": null, "lit": null }, "geometry": { "type": "Point", "coordinates": [ -8.426075, 40.2067436 ] } },
{ "type": "Feature", "properties": { "full_id": "w1219443941", "osm_id": "1219443941", "stairs": null, "level": null, "ramp:wheelchair": null, "width": null, "bicycle": null, "alt_name": null, "historic": null, "tunnel": null, "access": null, "layer": null, "bridge": null, "foot": null, "surface": null, "step_count": null, "ramp": null, "name": "Travessa da Trindade", "lit": null }, "geometry": { "type": "Point", "coordinates": [ -8.42579965, 40.206888 ] } },
{ "type": "Feature", "properties": { "full_id": "w1220414461", "osm_id": "1220414461", "stairs": null, "level": null, "ramp:wheelchair": null, "width": null, "bicycle": null, "alt_name": null, "historic": null, "tunnel": null, "access": null, "layer": null, "bridge": null, "foot": null, "surface": null, "step_count": null, "ramp": null, "name": null, "lit": null }, "geometry": { "type": "Point", "coordinates": [ -8.4086083, 40.20526135 ] } },
{ "type": "Feature", "properties": { "full_id": "w1221651947", "osm_id": "1221651947", "stairs": null, "level": null, "ramp:wheelchair": null, "width": null, "bicycle": null, "alt_name": null, "historic": null, "tunnel": null, "access": null, "layer": null, "bridge": null, "foot": null, "surface": null, "step_count": null, "ramp": null, "name": null, "lit": null }, "geometry": { "type": "Point", "coordinates": [ -8.4312637, 40.2020683 ] } },
{ "type": "Feature", "properties": { "full_id": "w1221922605", "osm_id": "1221922605", "stairs": null, "level": null, "ramp:wheelchair": null, "width": null, "bicycle": null, "alt_name": null, "historic": null, "tunnel": null, "access": null, "layer": null, "bridge": null, "foot": null, "surface": null, "step_count": null, "ramp": null, "name": null, "lit": null }, "geometry": { "type": "Point", "coordinates": [ -8.4307412, 40.2006603 ] } },
{ "type": "Feature", "properties": { "full_id": "w1221928434", "osm_id": "1221928434", "stairs": null, "level": null, "ramp:wheelchair": null, "width": "3", "bicycle": null, "alt_name": null, "historic": null, "tunnel": null, "access": null, "layer": null, "bridge": null, "foot": null, "surface": null, "step_count": "15", "ramp": null, "name": null, "lit": null }, "geometry": { "type": "Point", "coordinates": [ -8.43164855, 40.20043855 ] } },
{ "type": "Feature", "properties": { "full_id": "w1225833524", "osm_id": "1225833524", "stairs": null, "level": null, "ramp:wheelchair": null, "width": null, "bicycle": null, "alt_name": null, "historic": null, "tunnel": null, "access": null, "layer": null, "bridge": null, "foot": null, "surface": null, "step_count": null, "ramp": null, "name": null, "lit": null }, "geometry": { "type": "Point", "coordinates": [ -8.4118945, 40.208099 ] } },
{ "type": "Feature", "properties": { "full_id": "w1225833585", "osm_id": "1225833585", "stairs": null, "level": null, "ramp:wheelchair": null, "width": null, "bicycle": null, "alt_name": null, "historic": null, "tunnel": null, "access": null, "layer": null, "bridge": null, "foot": null, "surface": null, "step_count": null, "ramp": null, "name": null, "lit": null }, "geometry": { "type": "Point", "coordinates": [ -8.409208343597289, 40.208913669892816 ] } },
{ "type": "Feature", "properties": { "full_id": "w1225833600", "osm_id": "1225833600", "stairs": null, "level": null, "ramp:wheelchair": null, "width": null, "bicycle": null, "alt_name": null, "historic": null, "tunnel": null, "access": null, "layer": null, "bridge": null, "foot": null, "surface": null, "step_count": null, "ramp": null, "name": null, "lit": null }, "geometry": { "type": "Point", "coordinates": [ -8.41182955, 40.2080557 ] } },
{ "type": "Feature", "properties": { "full_id": "w1225833606", "osm_id": "1225833606", "stairs": null, "level": null, "ramp:wheelchair": null, "width": null, "bicycle": null, "alt_name": null, "historic": null, "tunnel": null, "access": null, "layer": null, "bridge": null, "foot": null, "surface": null, "step_count": null, "ramp": null, "name": null, "lit": null }, "geometry": { "type": "Point", "coordinates": [ -8.41189875, 40.20794315 ] } },
{ "type": "Feature", "properties": { "full_id": "w1225833610", "osm_id": "1225833610", "stairs": null, "level": null, "ramp:wheelchair": null, "width": null, "bicycle": null, "alt_name": null, "historic": null, "tunnel": null, "access": null, "layer": null, "bridge": null, "foot": null, "surface": null, "step_count": null, "ramp": null, "name": null, "lit": null }, "geometry": { "type": "Point", "coordinates": [ -8.4122275, 40.20781795 ] } },
{ "type": "Feature", "properties": { "full_id": "w1226051845", "osm_id": "1226051845", "stairs": null, "level": null, "ramp:wheelchair": null, "width": null, "bicycle": null, "alt_name": null, "historic": null, "tunnel": null, "access": null, "layer": null, "bridge": null, "foot": null, "surface": null, "step_count": null, "ramp": null, "name": null, "lit": null }, "geometry": { "type": "Point", "coordinates": [ -8.4164473, 40.21498985 ] } },
{ "type": "Feature", "properties": { "full_id": "w1226051850", "osm_id": "1226051850", "stairs": null, "level": null, "ramp:wheelchair": null, "width": null, "bicycle": null, "alt_name": null, "historic": null, "tunnel": null, "access": null, "layer": null, "bridge": null, "foot": null, "surface": null, "step_count": "23", "ramp": null, "name": null, "lit": null }, "geometry": { "type": "Point", "coordinates": [ -8.41624645, 40.215498 ] } },
{ "type": "Feature", "properties": { "full_id": "w1226052066", "osm_id": "1226052066", "stairs": null, "level": null, "ramp:wheelchair": null, "width": null, "bicycle": null, "alt_name": null, "historic": null, "tunnel": null, "access": null, "layer": null, "bridge": null, "foot": null, "surface": "paving_stones", "step_count": "23", "ramp": "no", "name": null, "lit": null }, "geometry": { "type": "Point", "coordinates": [ -8.413806510019509, 40.216175673534217 ] } },
{ "type": "Feature", "properties": { "full_id": "w1226052067", "osm_id": "1226052067", "stairs": null, "level": null, "ramp:wheelchair": null, "width": null, "bicycle": null, "alt_name": null, "historic": null, "tunnel": null, "access": null, "layer": null, "bridge": null, "foot": null, "surface": "paving_stones", "step_count": "23", "ramp": "no", "name": null, "lit": null }, "geometry": { "type": "Point", "coordinates": [ -8.413794497257465, 40.216239305080208 ] } },
{ "type": "Feature", "properties": { "full_id": "w1226052181", "osm_id": "1226052181", "stairs": null, "level": null, "ramp:wheelchair": null, "width": null, "bicycle": null, "alt_name": null, "historic": null, "tunnel": null, "access": null, "layer": null, "bridge": null, "foot": null, "surface": null, "step_count": null, "ramp": null, "name": null, "lit": null }, "geometry": { "type": "Point", "coordinates": [ -8.4145514, 40.2151398 ] } },
{ "type": "Feature", "properties": { "full_id": "w1226052243", "osm_id": "1226052243", "stairs": null, "level": null, "ramp:wheelchair": null, "width": null, "bicycle": null, "alt_name": null, "historic": null, "tunnel": null, "access": "customers", "layer": null, "bridge": null, "foot": null, "surface": null, "step_count": null, "ramp": null, "name": null, "lit": null }, "geometry": { "type": "Point", "coordinates": [ -8.4143635, 40.2176392 ] } },
{ "type": "Feature", "properties": { "full_id": "w1226056319", "osm_id": "1226056319", "stairs": null, "level": null, "ramp:wheelchair": null, "width": null, "bicycle": null, "alt_name": null, "historic": null, "tunnel": null, "access": null, "layer": null, "bridge": null, "foot": null, "surface": null, "step_count": "6", "ramp": null, "name": null, "lit": null }, "geometry": { "type": "Point", "coordinates": [ -8.41632095, 40.21462315 ] } },
{ "type": "Feature", "properties": { "full_id": "w1243947443", "osm_id": "1243947443", "stairs": null, "level": null, "ramp:wheelchair": "no", "width": null, "bicycle": null, "alt_name": null, "historic": null, "tunnel": null, "access": null, "layer": null, "bridge": null, "foot": null, "surface": null, "step_count": null, "ramp": null, "name": null, "lit": null }, "geometry": { "type": "Point", "coordinates": [ -8.4189507, 40.21215305 ] } },
{ "type": "Feature", "properties": { "full_id": "w1245442291", "osm_id": "1245442291", "stairs": null, "level": null, "ramp:wheelchair": null, "width": null, "bicycle": null, "alt_name": null, "historic": null, "tunnel": null, "access": null, "layer": null, "bridge": null, "foot": null, "surface": null, "step_count": null, "ramp": null, "name": null, "lit": null }, "geometry": { "type": "Point", "coordinates": [ -8.44156045, 40.20147105 ] } },
{ "type": "Feature", "properties": { "full_id": "w1246747817", "osm_id": "1246747817", "stairs": null, "level": null, "ramp:wheelchair": null, "width": null, "bicycle": null, "alt_name": null, "historic": null, "tunnel": null, "access": null, "layer": null, "bridge": null, "foot": null, "surface": null, "step_count": null, "ramp": null, "name": null, "lit": null }, "geometry": { "type": "Point", "coordinates": [ -8.41390415, 40.20366645 ] } },
{ "type": "Feature", "properties": { "full_id": "w1246767870", "osm_id": "1246767870", "stairs": null, "level": null, "ramp:wheelchair": null, "width": null, "bicycle": null, "alt_name": null, "historic": null, "tunnel": null, "access": null, "layer": null, "bridge": null, "foot": null, "surface": null, "step_count": null, "ramp": null, "name": null, "lit": null }, "geometry": { "type": "Point", "coordinates": [ -8.4185879, 40.2017809 ] } },
{ "type": "Feature", "properties": { "full_id": "w1246767875", "osm_id": "1246767875", "stairs": null, "level": null, "ramp:wheelchair": null, "width": null, "bicycle": null, "alt_name": null, "historic": null, "tunnel": null, "access": null, "layer": null, "bridge": null, "foot": null, "surface": null, "step_count": null, "ramp": null, "name": null, "lit": null }, "geometry": { "type": "Point", "coordinates": [ -8.4182955474117, 40.201884533241397 ] } },
{ "type": "Feature", "properties": { "full_id": "w1246767878", "osm_id": "1246767878", "stairs": null, "level": null, "ramp:wheelchair": null, "width": null, "bicycle": null, "alt_name": null, "historic": null, "tunnel": null, "access": null, "layer": null, "bridge": null, "foot": null, "surface": null, "step_count": null, "ramp": null, "name": null, "lit": null }, "geometry": { "type": "Point", "coordinates": [ -8.4177595, 40.2015184 ] } },
{ "type": "Feature", "properties": { "full_id": "w1246767882", "osm_id": "1246767882", "stairs": null, "level": null, "ramp:wheelchair": null, "width": null, "bicycle": null, "alt_name": null, "historic": null, "tunnel": null, "access": null, "layer": null, "bridge": null, "foot": null, "surface": null, "step_count": null, "ramp": null, "name": null, "lit": null }, "geometry": { "type": "Point", "coordinates": [ -8.417750270235405, 40.201926474943697 ] } },
{ "type": "Feature", "properties": { "full_id": "w1247023165", "osm_id": "1247023165", "stairs": null, "level": null, "ramp:wheelchair": null, "width": null, "bicycle": null, "alt_name": null, "historic": null, "tunnel": null, "access": null, "layer": null, "bridge": null, "foot": null, "surface": null, "step_count": null, "ramp": null, "name": null, "lit": null }, "geometry": { "type": "Point", "coordinates": [ -8.44042155, 40.2002688 ] } },
{ "type": "Feature", "properties": { "full_id": "w1247076975", "osm_id": "1247076975", "stairs": null, "level": null, "ramp:wheelchair": null, "width": null, "bicycle": null, "alt_name": null, "historic": null, "tunnel": null, "access": null, "layer": null, "bridge": null, "foot": null, "surface": null, "step_count": null, "ramp": null, "name": null, "lit": null }, "geometry": { "type": "Point", "coordinates": [ -8.43865635, 40.19727645 ] } },
{ "type": "Feature", "properties": { "full_id": "w1247759495", "osm_id": "1247759495", "stairs": null, "level": null, "ramp:wheelchair": null, "width": null, "bicycle": null, "alt_name": null, "historic": null, "tunnel": null, "access": null, "layer": null, "bridge": null, "foot": null, "surface": null, "step_count": null, "ramp": null, "name": null, "lit": null }, "geometry": { "type": "Point", "coordinates": [ -8.43963335, 40.1928638 ] } },
{ "type": "Feature", "properties": { "full_id": "w1249382203", "osm_id": "1249382203", "stairs": null, "level": null, "ramp:wheelchair": null, "width": null, "bicycle": null, "alt_name": null, "historic": null, "tunnel": null, "access": "private", "layer": null, "bridge": null, "foot": null, "surface": null, "step_count": null, "ramp": null, "name": null, "lit": null }, "geometry": { "type": "Point", "coordinates": [ -8.44075245, 40.19922955 ] } },
{ "type": "Feature", "properties": { "full_id": "w1249382205", "osm_id": "1249382205", "stairs": null, "level": null, "ramp:wheelchair": null, "width": null, "bicycle": null, "alt_name": null, "historic": null, "tunnel": null, "access": "private", "layer": null, "bridge": null, "foot": null, "surface": null, "step_count": null, "ramp": null, "name": null, "lit": null }, "geometry": { "type": "Point", "coordinates": [ -8.44085165, 40.1992761 ] } },
{ "type": "Feature", "properties": { "full_id": "w1251041789", "osm_id": "1251041789", "stairs": null, "level": null, "ramp:wheelchair": null, "width": null, "bicycle": null, "alt_name": null, "historic": null, "tunnel": null, "access": null, "layer": null, "bridge": null, "foot": null, "surface": null, "step_count": null, "ramp": null, "name": null, "lit": null }, "geometry": { "type": "Point", "coordinates": [ -8.43687795, 40.2018034 ] } },
{ "type": "Feature", "properties": { "full_id": "w1253122864", "osm_id": "1253122864", "stairs": null, "level": null, "ramp:wheelchair": null, "width": null, "bicycle": null, "alt_name": null, "historic": null, "tunnel": null, "access": "private", "layer": null, "bridge": null, "foot": null, "surface": null, "step_count": null, "ramp": null, "name": null, "lit": null }, "geometry": { "type": "Point", "coordinates": [ -8.41074765, 40.2058516 ] } },
{ "type": "Feature", "properties": { "full_id": "w1253122881", "osm_id": "1253122881", "stairs": null, "level": null, "ramp:wheelchair": null, "width": null, "bicycle": null, "alt_name": null, "historic": null, "tunnel": null, "access": "private", "layer": null, "bridge": null, "foot": null, "surface": null, "step_count": null, "ramp": null, "name": null, "lit": null }, "geometry": { "type": "Point", "coordinates": [ -8.40928485, 40.20529195 ] } },
{ "type": "Feature", "properties": { "full_id": "w1253122889", "osm_id": "1253122889", "stairs": null, "level": null, "ramp:wheelchair": null, "width": null, "bicycle": null, "alt_name": null, "historic": null, "tunnel": null, "access": "private", "layer": null, "bridge": null, "foot": null, "surface": null, "step_count": null, "ramp": null, "name": null, "lit": null }, "geometry": { "type": "Point", "coordinates": [ -8.4098268, 40.2054371 ] } },
{ "type": "Feature", "properties": { "full_id": "w1253122890", "osm_id": "1253122890", "stairs": null, "level": null, "ramp:wheelchair": null, "width": null, "bicycle": null, "alt_name": null, "historic": null, "tunnel": null, "access": "private", "layer": null, "bridge": null, "foot": null, "surface": null, "step_count": null, "ramp": null, "name": null, "lit": null }, "geometry": { "type": "Point", "coordinates": [ -8.4098309, 40.20541925 ] } },
{ "type": "Feature", "properties": { "full_id": "w1253122894", "osm_id": "1253122894", "stairs": null, "level": null, "ramp:wheelchair": null, "width": null, "bicycle": null, "alt_name": null, "historic": null, "tunnel": null, "access": "private", "layer": null, "bridge": null, "foot": null, "surface": null, "step_count": null, "ramp": null, "name": null, "lit": null }, "geometry": { "type": "Point", "coordinates": [ -8.4098328, 40.2053775 ] } },
{ "type": "Feature", "properties": { "full_id": "w1253122899", "osm_id": "1253122899", "stairs": null, "level": null, "ramp:wheelchair": null, "width": null, "bicycle": null, "alt_name": null, "historic": null, "tunnel": null, "access": "private", "layer": null, "bridge": null, "foot": null, "surface": null, "step_count": null, "ramp": null, "name": null, "lit": null }, "geometry": { "type": "Point", "coordinates": [ -8.4107707, 40.20540195 ] } },
{ "type": "Feature", "properties": { "full_id": "w1253173042", "osm_id": "1253173042", "stairs": null, "level": null, "ramp:wheelchair": null, "width": null, "bicycle": null, "alt_name": null, "historic": null, "tunnel": null, "access": "private", "layer": null, "bridge": null, "foot": null, "surface": null, "step_count": null, "ramp": null, "name": null, "lit": null }, "geometry": { "type": "Point", "coordinates": [ -8.40737045, 40.2068049 ] } },
{ "type": "Feature", "properties": { "full_id": "w1253173046", "osm_id": "1253173046", "stairs": null, "level": null, "ramp:wheelchair": null, "width": null, "bicycle": null, "alt_name": null, "historic": null, "tunnel": null, "access": "private", "layer": null, "bridge": null, "foot": null, "surface": null, "step_count": null, "ramp": null, "name": null, "lit": null }, "geometry": { "type": "Point", "coordinates": [ -8.407095477892854, 40.206804249812897 ] } },
{ "type": "Feature", "properties": { "full_id": "w1258029423", "osm_id": "1258029423", "stairs": null, "level": null, "ramp:wheelchair": null, "width": null, "bicycle": null, "alt_name": null, "historic": null, "tunnel": null, "access": null, "layer": null, "bridge": null, "foot": null, "surface": null, "step_count": null, "ramp": null, "name": null, "lit": null }, "geometry": { "type": "Point", "coordinates": [ -8.42129845, 40.2020345 ] } },
{ "type": "Feature", "properties": { "full_id": "w1258029424", "osm_id": "1258029424", "stairs": null, "level": null, "ramp:wheelchair": null, "width": null, "bicycle": null, "alt_name": null, "historic": null, "tunnel": null, "access": null, "layer": null, "bridge": null, "foot": null, "surface": null, "step_count": null, "ramp": null, "name": null, "lit": null }, "geometry": { "type": "Point", "coordinates": [ -8.4212739, 40.20223825 ] } },
{ "type": "Feature", "properties": { "full_id": "w1258029445", "osm_id": "1258029445", "stairs": null, "level": null, "ramp:wheelchair": null, "width": null, "bicycle": null, "alt_name": null, "historic": null, "tunnel": null, "access": null, "layer": null, "bridge": null, "foot": null, "surface": null, "step_count": null, "ramp": null, "name": null, "lit": null }, "geometry": { "type": "Point", "coordinates": [ -8.4234514, 40.20236525 ] } },
{ "type": "Feature", "properties": { "full_id": "w1258029464", "osm_id": "1258029464", "stairs": null, "level": null, "ramp:wheelchair": null, "width": null, "bicycle": null, "alt_name": null, "historic": null, "tunnel": null, "access": "customers", "layer": null, "bridge": null, "foot": null, "surface": null, "step_count": null, "ramp": null, "name": null, "lit": null }, "geometry": { "type": "Point", "coordinates": [ -8.422146499559846, 40.203308612675812 ] } },
{ "type": "Feature", "properties": { "full_id": "w1258029530", "osm_id": "1258029530", "stairs": null, "level": null, "ramp:wheelchair": null, "width": null, "bicycle": null, "alt_name": null, "historic": null, "tunnel": null, "access": null, "layer": null, "bridge": null, "foot": null, "surface": null, "step_count": null, "ramp": null, "name": null, "lit": null }, "geometry": { "type": "Point", "coordinates": [ -8.4215315, 40.20007545 ] } },
{ "type": "Feature", "properties": { "full_id": "w1258029546", "osm_id": "1258029546", "stairs": null, "level": null, "ramp:wheelchair": null, "width": null, "bicycle": null, "alt_name": null, "historic": null, "tunnel": null, "access": "customers", "layer": null, "bridge": null, "foot": null, "surface": null, "step_count": null, "ramp": null, "name": null, "lit": null }, "geometry": { "type": "Point", "coordinates": [ -8.421630644480134, 40.200479009431589 ] } },
{ "type": "Feature", "properties": { "full_id": "w1258094312", "osm_id": "1258094312", "stairs": null, "level": null, "ramp:wheelchair": null, "width": null, "bicycle": null, "alt_name": null, "historic": null, "tunnel": null, "access": null, "layer": null, "bridge": null, "foot": null, "surface": null, "step_count": null, "ramp": null, "name": null, "lit": null }, "geometry": { "type": "Point", "coordinates": [ -8.42458945, 40.2020701 ] } },
{ "type": "Feature", "properties": { "full_id": "w1258094314", "osm_id": "1258094314", "stairs": null, "level": null, "ramp:wheelchair": null, "width": null, "bicycle": null, "alt_name": null, "historic": null, "tunnel": null, "access": null, "layer": null, "bridge": null, "foot": null, "surface": null, "step_count": null, "ramp": null, "name": null, "lit": null }, "geometry": { "type": "Point", "coordinates": [ -8.4244542, 40.2017376 ] } },
{ "type": "Feature", "properties": { "full_id": "w1258094316", "osm_id": "1258094316", "stairs": null, "level": null, "ramp:wheelchair": null, "width": null, "bicycle": null, "alt_name": null, "historic": null, "tunnel": null, "access": null, "layer": null, "bridge": null, "foot": null, "surface": null, "step_count": null, "ramp": null, "name": null, "lit": null }, "geometry": { "type": "Point", "coordinates": [ -8.4239544, 40.20078335 ] } },
{ "type": "Feature", "properties": { "full_id": "w1258115446", "osm_id": "1258115446", "stairs": null, "level": null, "ramp:wheelchair": null, "width": null, "bicycle": null, "alt_name": null, "historic": null, "tunnel": null, "access": null, "layer": null, "bridge": null, "foot": null, "surface": null, "step_count": null, "ramp": null, "name": null, "lit": null }, "geometry": { "type": "Point", "coordinates": [ -8.4367602, 40.205226 ] } },
{ "type": "Feature", "properties": { "full_id": "w1258115447", "osm_id": "1258115447", "stairs": null, "level": null, "ramp:wheelchair": null, "width": null, "bicycle": null, "alt_name": null, "historic": null, "tunnel": null, "access": null, "layer": null, "bridge": null, "foot": null, "surface": null, "step_count": null, "ramp": null, "name": null, "lit": null }, "geometry": { "type": "Point", "coordinates": [ -8.43685735, 40.20536 ] } },
{ "type": "Feature", "properties": { "full_id": "w1258115451", "osm_id": "1258115451", "stairs": null, "level": null, "ramp:wheelchair": null, "width": null, "bicycle": null, "alt_name": null, "historic": null, "tunnel": null, "access": null, "layer": null, "bridge": null, "foot": null, "surface": null, "step_count": null, "ramp": null, "name": null, "lit": null }, "geometry": { "type": "Point", "coordinates": [ -8.43673885, 40.20524265 ] } },
{ "type": "Feature", "properties": { "full_id": "w1258115453", "osm_id": "1258115453", "stairs": null, "level": null, "ramp:wheelchair": null, "width": null, "bicycle": null, "alt_name": null, "historic": null, "tunnel": null, "access": null, "layer": null, "bridge": null, "foot": null, "surface": null, "step_count": null, "ramp": null, "name": null, "lit": null }, "geometry": { "type": "Point", "coordinates": [ -8.4367494, 40.2053212 ] } },
{ "type": "Feature", "properties": { "full_id": "w1284947159", "osm_id": "1284947159", "stairs": null, "level": null, "ramp:wheelchair": null, "width": null, "bicycle": null, "alt_name": null, "historic": null, "tunnel": null, "access": "yes", "layer": null, "bridge": null, "foot": null, "surface": null, "step_count": "24", "ramp": null, "name": null, "lit": null }, "geometry": { "type": "Point", "coordinates": [ -8.39820085, 40.1953456 ] } },
{ "type": "Feature", "properties": { "full_id": "w1287276403", "osm_id": "1287276403", "stairs": null, "level": null, "ramp:wheelchair": null, "width": null, "bicycle": null, "alt_name": null, "historic": null, "tunnel": null, "access": null, "layer": null, "bridge": null, "foot": null, "surface": null, "step_count": null, "ramp": null, "name": null, "lit": null }, "geometry": { "type": "Point", "coordinates": [ -8.42929335, 40.2129824 ] } },
{ "type": "Feature", "properties": { "full_id": "w1287276409", "osm_id": "1287276409", "stairs": null, "level": null, "ramp:wheelchair": null, "width": null, "bicycle": null, "alt_name": null, "historic": null, "tunnel": null, "access": null, "layer": null, "bridge": null, "foot": null, "surface": null, "step_count": null, "ramp": null, "name": null, "lit": null }, "geometry": { "type": "Point", "coordinates": [ -8.42909595, 40.2127622 ] } },
{ "type": "Feature", "properties": { "full_id": "w1290550017", "osm_id": "1290550017", "stairs": null, "level": null, "ramp:wheelchair": null, "width": null, "bicycle": null, "alt_name": null, "historic": null, "tunnel": null, "access": null, "layer": null, "bridge": null, "foot": null, "surface": null, "step_count": null, "ramp": null, "name": null, "lit": null }, "geometry": { "type": "Point", "coordinates": [ -8.40519395, 40.20739505 ] } },
{ "type": "Feature", "properties": { "full_id": "w1291624610", "osm_id": "1291624610", "stairs": null, "level": null, "ramp:wheelchair": null, "width": null, "bicycle": null, "alt_name": null, "historic": null, "tunnel": null, "access": null, "layer": null, "bridge": null, "foot": null, "surface": null, "step_count": null, "ramp": null, "name": null, "lit": null }, "geometry": { "type": "Point", "coordinates": [ -8.40529405, 40.2052753 ] } },
{ "type": "Feature", "properties": { "full_id": "w1304621732", "osm_id": "1304621732", "stairs": null, "level": null, "ramp:wheelchair": null, "width": null, "bicycle": null, "alt_name": null, "historic": null, "tunnel": null, "access": "customers", "layer": null, "bridge": null, "foot": null, "surface": null, "step_count": null, "ramp": null, "name": null, "lit": null }, "geometry": { "type": "Point", "coordinates": [ -8.4724828, 40.20134685 ] } },
{ "type": "Feature", "properties": { "full_id": "w1306914394", "osm_id": "1306914394", "stairs": null, "level": null, "ramp:wheelchair": null, "width": null, "bicycle": null, "alt_name": null, "historic": null, "tunnel": null, "access": null, "layer": null, "bridge": null, "foot": null, "surface": "cobblestone", "step_count": null, "ramp": "no", "name": "Beco de São Cristóvão", "lit": null }, "geometry": { "type": "Point", "coordinates": [ -8.4282123, 40.20744435 ] } },
{ "type": "Feature", "properties": { "full_id": "w1315806573", "osm_id": "1315806573", "stairs": null, "level": null, "ramp:wheelchair": null, "width": null, "bicycle": null, "alt_name": null, "historic": null, "tunnel": null, "access": null, "layer": null, "bridge": null, "foot": "yes", "surface": "sett", "step_count": null, "ramp": "no", "name": null, "lit": null }, "geometry": { "type": "Point", "coordinates": [ -8.405129949706035, 40.20717184617645 ] } },
{ "type": "Feature", "properties": { "full_id": "w1316251772", "osm_id": "1316251772", "stairs": null, "level": null, "ramp:wheelchair": null, "width": null, "bicycle": null, "alt_name": null, "historic": null, "tunnel": null, "access": null, "layer": null, "bridge": null, "foot": null, "surface": null, "step_count": null, "ramp": null, "name": null, "lit": null }, "geometry": { "type": "Point", "coordinates": [ -8.39333035, 40.19624655 ] } },
{ "type": "Feature", "properties": { "full_id": "w1316251781", "osm_id": "1316251781", "stairs": null, "level": null, "ramp:wheelchair": null, "width": null, "bicycle": null, "alt_name": null, "historic": null, "tunnel": null, "access": null, "layer": null, "bridge": null, "foot": null, "surface": null, "step_count": null, "ramp": null, "name": null, "lit": null }, "geometry": { "type": "Point", "coordinates": [ -8.39328415, 40.19441215 ] } },
{ "type": "Feature", "properties": { "full_id": "w1316251787", "osm_id": "1316251787", "stairs": null, "level": null, "ramp:wheelchair": null, "width": null, "bicycle": null, "alt_name": null, "historic": null, "tunnel": null, "access": null, "layer": null, "bridge": null, "foot": null, "surface": null, "step_count": null, "ramp": null, "name": null, "lit": null }, "geometry": { "type": "Point", "coordinates": [ -8.393611, 40.1940726 ] } },
{ "type": "Feature", "properties": { "full_id": "w1316251788", "osm_id": "1316251788", "stairs": null, "level": null, "ramp:wheelchair": null, "width": null, "bicycle": null, "alt_name": null, "historic": null, "tunnel": null, "access": null, "layer": null, "bridge": null, "foot": null, "surface": null, "step_count": null, "ramp": null, "name": null, "lit": null }, "geometry": { "type": "Point", "coordinates": [ -8.3936257, 40.19410285 ] } },
{ "type": "Feature", "properties": { "full_id": "w1316251790", "osm_id": "1316251790", "stairs": null, "level": null, "ramp:wheelchair": null, "width": null, "bicycle": null, "alt_name": null, "historic": null, "tunnel": null, "access": null, "layer": null, "bridge": null, "foot": null, "surface": null, "step_count": null, "ramp": null, "name": null, "lit": null }, "geometry": { "type": "Point", "coordinates": [ -8.39373205, 40.19403695 ] } },
{ "type": "Feature", "properties": { "full_id": "w1316251794", "osm_id": "1316251794", "stairs": null, "level": null, "ramp:wheelchair": null, "width": null, "bicycle": null, "alt_name": null, "historic": null, "tunnel": null, "access": null, "layer": null, "bridge": null, "foot": null, "surface": null, "step_count": null, "ramp": null, "name": null, "lit": null }, "geometry": { "type": "Point", "coordinates": [ -8.393501783864128, 40.194518322859132 ] } },
{ "type": "Feature", "properties": { "full_id": "w1316251800", "osm_id": "1316251800", "stairs": null, "level": null, "ramp:wheelchair": null, "width": null, "bicycle": null, "alt_name": null, "historic": null, "tunnel": null, "access": null, "layer": null, "bridge": null, "foot": null, "surface": null, "step_count": null, "ramp": null, "name": null, "lit": null }, "geometry": { "type": "Point", "coordinates": [ -8.39299055, 40.195115799999989 ] } },
{ "type": "Feature", "properties": { "full_id": "w1316251802", "osm_id": "1316251802", "stairs": null, "level": null, "ramp:wheelchair": null, "width": null, "bicycle": null, "alt_name": null, "historic": null, "tunnel": null, "access": null, "layer": null, "bridge": null, "foot": null, "surface": null, "step_count": null, "ramp": null, "name": null, "lit": null }, "geometry": { "type": "Point", "coordinates": [ -8.3930433, 40.19508045 ] } },
{ "type": "Feature", "properties": { "full_id": "w1316251806", "osm_id": "1316251806", "stairs": null, "level": null, "ramp:wheelchair": null, "width": null, "bicycle": null, "alt_name": null, "historic": null, "tunnel": null, "access": null, "layer": null, "bridge": null, "foot": null, "surface": null, "step_count": null, "ramp": null, "name": null, "lit": null }, "geometry": { "type": "Point", "coordinates": [ -8.393228, 40.1944635 ] } },
{ "type": "Feature", "properties": { "full_id": "w1316251833", "osm_id": "1316251833", "stairs": null, "level": null, "ramp:wheelchair": null, "width": null, "bicycle": null, "alt_name": null, "historic": null, "tunnel": null, "access": "private", "layer": null, "bridge": null, "foot": null, "surface": null, "step_count": null, "ramp": null, "name": null, "lit": null }, "geometry": { "type": "Point", "coordinates": [ -8.3947258, 40.19459675 ] } },
{ "type": "Feature", "properties": { "full_id": "w1316251838", "osm_id": "1316251838", "stairs": null, "level": null, "ramp:wheelchair": null, "width": null, "bicycle": null, "alt_name": null, "historic": null, "tunnel": null, "access": "private", "layer": null, "bridge": null, "foot": null, "surface": null, "step_count": null, "ramp": null, "name": null, "lit": null }, "geometry": { "type": "Point", "coordinates": [ -8.39456055, 40.19443255 ] } },
{ "type": "Feature", "properties": { "full_id": "w1319568421", "osm_id": "1319568421", "stairs": null, "level": null, "ramp:wheelchair": null, "width": null, "bicycle": null, "alt_name": null, "historic": null, "tunnel": null, "access": null, "layer": null, "bridge": null, "foot": null, "surface": "wood", "step_count": null, "ramp": "no", "name": null, "lit": null }, "geometry": { "type": "Point", "coordinates": [ -8.3997878, 40.21447025 ] } },
{ "type": "Feature", "properties": { "full_id": "w1325481098", "osm_id": "1325481098", "stairs": null, "level": null, "ramp:wheelchair": null, "width": null, "bicycle": null, "alt_name": null, "historic": null, "tunnel": null, "access": null, "layer": null, "bridge": null, "foot": null, "surface": null, "step_count": null, "ramp": null, "name": null, "lit": null }, "geometry": { "type": "Point", "coordinates": [ -8.4087286, 40.22015935 ] } },
{ "type": "Feature", "properties": { "full_id": "w1325481100", "osm_id": "1325481100", "stairs": null, "level": null, "ramp:wheelchair": null, "width": null, "bicycle": null, "alt_name": null, "historic": null, "tunnel": null, "access": null, "layer": null, "bridge": null, "foot": null, "surface": null, "step_count": null, "ramp": null, "name": null, "lit": null }, "geometry": { "type": "Point", "coordinates": [ -8.4087967, 40.22008775 ] } },
{ "type": "Feature", "properties": { "full_id": "w1325481128", "osm_id": "1325481128", "stairs": null, "level": null, "ramp:wheelchair": null, "width": null, "bicycle": null, "alt_name": null, "historic": null, "tunnel": null, "access": null, "layer": null, "bridge": null, "foot": null, "surface": null, "step_count": null, "ramp": null, "name": null, "lit": null }, "geometry": { "type": "Point", "coordinates": [ -8.4088482, 40.2201886 ] } },
{ "type": "Feature", "properties": { "full_id": "w1325481130", "osm_id": "1325481130", "stairs": null, "level": null, "ramp:wheelchair": null, "width": null, "bicycle": null, "alt_name": null, "historic": null, "tunnel": null, "access": null, "layer": null, "bridge": null, "foot": null, "surface": null, "step_count": null, "ramp": null, "name": null, "lit": null }, "geometry": { "type": "Point", "coordinates": [ -8.40862435, 40.22038795 ] } },
{ "type": "Feature", "properties": { "full_id": "w1327306725", "osm_id": "1327306725", "stairs": null, "level": null, "ramp:wheelchair": null, "width": null, "bicycle": null, "alt_name": null, "historic": null, "tunnel": null, "access": null, "layer": null, "bridge": null, "foot": null, "surface": null, "step_count": "28", "ramp": null, "name": null, "lit": null }, "geometry": { "type": "Point", "coordinates": [ -8.41235195, 40.22016395 ] } },
{ "type": "Feature", "properties": { "full_id": "w1327407149", "osm_id": "1327407149", "stairs": null, "level": null, "ramp:wheelchair": null, "width": null, "bicycle": null, "alt_name": null, "historic": null, "tunnel": null, "access": null, "layer": null, "bridge": null, "foot": null, "surface": null, "step_count": null, "ramp": null, "name": null, "lit": null }, "geometry": { "type": "Point", "coordinates": [ -8.4563299, 40.19646965 ] } },
{ "type": "Feature", "properties": { "full_id": "w1327407151", "osm_id": "1327407151", "stairs": null, "level": null, "ramp:wheelchair": null, "width": null, "bicycle": null, "alt_name": null, "historic": null, "tunnel": null, "access": null, "layer": null, "bridge": null, "foot": null, "surface": null, "step_count": null, "ramp": null, "name": null, "lit": null }, "geometry": { "type": "Point", "coordinates": [ -8.456398640615923, 40.196565433786468 ] } },
{ "type": "Feature", "properties": { "full_id": "w1327411293", "osm_id": "1327411293", "stairs": null, "level": null, "ramp:wheelchair": null, "width": null, "bicycle": null, "alt_name": null, "historic": null, "tunnel": null, "access": null, "layer": null, "bridge": null, "foot": null, "surface": null, "step_count": null, "ramp": null, "name": null, "lit": null }, "geometry": { "type": "Point", "coordinates": [ -8.45745615, 40.19652955 ] } },
{ "type": "Feature", "properties": { "full_id": "w1327411295", "osm_id": "1327411295", "stairs": null, "level": null, "ramp:wheelchair": null, "width": null, "bicycle": null, "alt_name": null, "historic": null, "tunnel": null, "access": null, "layer": null, "bridge": null, "foot": null, "surface": null, "step_count": null, "ramp": null, "name": null, "lit": null }, "geometry": { "type": "Point", "coordinates": [ -8.4578361, 40.19653845 ] } },
{ "type": "Feature", "properties": { "full_id": "w1327411326", "osm_id": "1327411326", "stairs": null, "level": null, "ramp:wheelchair": null, "width": null, "bicycle": null, "alt_name": null, "historic": null, "tunnel": null, "access": null, "layer": null, "bridge": null, "foot": null, "surface": null, "step_count": null, "ramp": null, "name": null, "lit": null }, "geometry": { "type": "Point", "coordinates": [ -8.45847785, 40.1953719 ] } },
{ "type": "Feature", "properties": { "full_id": "w1327411353", "osm_id": "1327411353", "stairs": null, "level": null, "ramp:wheelchair": null, "width": null, "bicycle": null, "alt_name": null, "historic": null, "tunnel": null, "access": null, "layer": null, "bridge": null, "foot": null, "surface": null, "step_count": null, "ramp": null, "name": null, "lit": null }, "geometry": { "type": "Point", "coordinates": [ -8.46160545, 40.19569805 ] } },
{ "type": "Feature", "properties": { "full_id": "w1327411355", "osm_id": "1327411355", "stairs": null, "level": null, "ramp:wheelchair": null, "width": null, "bicycle": null, "alt_name": null, "historic": null, "tunnel": null, "access": null, "layer": null, "bridge": null, "foot": null, "surface": null, "step_count": null, "ramp": null, "name": null, "lit": null }, "geometry": { "type": "Point", "coordinates": [ -8.46165195, 40.19577085 ] } },
{ "type": "Feature", "properties": { "full_id": "w1327411376", "osm_id": "1327411376", "stairs": null, "level": null, "ramp:wheelchair": null, "width": null, "bicycle": null, "alt_name": null, "historic": null, "tunnel": null, "access": null, "layer": null, "bridge": null, "foot": null, "surface": null, "step_count": null, "ramp": null, "name": null, "lit": null }, "geometry": { "type": "Point", "coordinates": [ -8.46025435, 40.1964891 ] } },
{ "type": "Feature", "properties": { "full_id": "w1327411380", "osm_id": "1327411380", "stairs": null, "level": null, "ramp:wheelchair": null, "width": null, "bicycle": null, "alt_name": null, "historic": null, "tunnel": null, "access": null, "layer": null, "bridge": null, "foot": null, "surface": null, "step_count": null, "ramp": null, "name": null, "lit": null }, "geometry": { "type": "Point", "coordinates": [ -8.4594471, 40.19623275 ] } },
{ "type": "Feature", "properties": { "full_id": "w1327411381", "osm_id": "1327411381", "stairs": null, "level": null, "ramp:wheelchair": null, "width": null, "bicycle": null, "alt_name": null, "historic": null, "tunnel": null, "access": null, "layer": null, "bridge": null, "foot": null, "surface": null, "step_count": null, "ramp": null, "name": null, "lit": null }, "geometry": { "type": "Point", "coordinates": [ -8.4594832, 40.1963552 ] } },
{ "type": "Feature", "properties": { "full_id": "w1327431149", "osm_id": "1327431149", "stairs": null, "level": null, "ramp:wheelchair": null, "width": null, "bicycle": null, "alt_name": null, "historic": null, "tunnel": null, "access": null, "layer": null, "bridge": null, "foot": null, "surface": null, "step_count": null, "ramp": null, "name": null, "lit": null }, "geometry": { "type": "Point", "coordinates": [ -8.41191225, 40.22011175 ] } },
{ "type": "Feature", "properties": { "full_id": "w1328045987", "osm_id": "1328045987", "stairs": null, "level": null, "ramp:wheelchair": null, "width": null, "bicycle": null, "alt_name": null, "historic": null, "tunnel": null, "access": null, "layer": null, "bridge": null, "foot": null, "surface": null, "step_count": null, "ramp": null, "name": null, "lit": null }, "geometry": { "type": "Point", "coordinates": [ -8.40694505, 40.2116418 ] } },
{ "type": "Feature", "properties": { "full_id": "w1341201912", "osm_id": "1341201912", "stairs": null, "level": null, "ramp:wheelchair": null, "width": null, "bicycle": null, "alt_name": null, "historic": null, "tunnel": null, "access": null, "layer": null, "bridge": null, "foot": null, "surface": null, "step_count": null, "ramp": null, "name": null, "lit": null }, "geometry": { "type": "Point", "coordinates": [ -8.4021982, 40.20396185 ] } },
{ "type": "Feature", "properties": { "full_id": "w1341201914", "osm_id": "1341201914", "stairs": null, "level": null, "ramp:wheelchair": null, "width": null, "bicycle": null, "alt_name": null, "historic": null, "tunnel": null, "access": null, "layer": null, "bridge": null, "foot": null, "surface": null, "step_count": null, "ramp": null, "name": null, "lit": null }, "geometry": { "type": "Point", "coordinates": [ -8.403403, 40.20397185 ] } },
{ "type": "Feature", "properties": { "full_id": "w1341204450", "osm_id": "1341204450", "stairs": null, "level": null, "ramp:wheelchair": null, "width": null, "bicycle": null, "alt_name": null, "historic": null, "tunnel": null, "access": null, "layer": null, "bridge": null, "foot": null, "surface": null, "step_count": null, "ramp": null, "name": null, "lit": null }, "geometry": { "type": "Point", "coordinates": [ -8.40152825, 40.2039326 ] } },
{ "type": "Feature", "properties": { "full_id": "w1342579907", "osm_id": "1342579907", "stairs": null, "level": null, "ramp:wheelchair": null, "width": null, "bicycle": null, "alt_name": null, "historic": null, "tunnel": null, "access": null, "layer": null, "bridge": null, "foot": null, "surface": "concrete", "step_count": null, "ramp": null, "name": null, "lit": "yes" }, "geometry": { "type": "Point", "coordinates": [ -8.4525339, 40.21247705 ] } },
{ "type": "Feature", "properties": { "full_id": "w1342579909", "osm_id": "1342579909", "stairs": null, "level": null, "ramp:wheelchair": null, "width": null, "bicycle": null, "alt_name": null, "historic": null, "tunnel": null, "access": null, "layer": null, "bridge": null, "foot": null, "surface": "asphalt", "step_count": null, "ramp": null, "name": null, "lit": "yes" }, "geometry": { "type": "Point", "coordinates": [ -8.45248245, 40.2125967 ] } },
{ "type": "Feature", "properties": { "full_id": "w1342579911", "osm_id": "1342579911", "stairs": null, "level": null, "ramp:wheelchair": null, "width": null, "bicycle": null, "alt_name": null, "historic": null, "tunnel": null, "access": null, "layer": null, "bridge": null, "foot": null, "surface": "paving_stones", "step_count": null, "ramp": null, "name": null, "lit": "no" }, "geometry": { "type": "Point", "coordinates": [ -8.452571, 40.212368 ] } },
{ "type": "Feature", "properties": { "full_id": "w1342579923", "osm_id": "1342579923", "stairs": null, "level": null, "ramp:wheelchair": null, "width": null, "bicycle": null, "alt_name": null, "historic": null, "tunnel": null, "access": null, "layer": null, "bridge": null, "foot": null, "surface": null, "step_count": null, "ramp": null, "name": null, "lit": null }, "geometry": { "type": "Point", "coordinates": [ -8.45179685, 40.21089325 ] } },
{ "type": "Feature", "properties": { "full_id": "w1342581711", "osm_id": "1342581711", "stairs": null, "level": null, "ramp:wheelchair": null, "width": null, "bicycle": null, "alt_name": null, "historic": null, "tunnel": null, "access": null, "layer": null, "bridge": null, "foot": null, "surface": null, "step_count": null, "ramp": null, "name": null, "lit": null }, "geometry": { "type": "Point", "coordinates": [ -8.4523147, 40.21121 ] } },
{ "type": "Feature", "properties": { "full_id": "w1342581947", "osm_id": "1342581947", "stairs": null, "level": null, "ramp:wheelchair": null, "width": null, "bicycle": null, "alt_name": null, "historic": null, "tunnel": null, "access": null, "layer": null, "bridge": null, "foot": null, "surface": null, "step_count": null, "ramp": null, "name": null, "lit": null }, "geometry": { "type": "Point", "coordinates": [ -8.45573105, 40.2126629 ] } },
{ "type": "Feature", "properties": { "full_id": "w1342581948", "osm_id": "1342581948", "stairs": null, "level": null, "ramp:wheelchair": null, "width": null, "bicycle": null, "alt_name": null, "historic": null, "tunnel": null, "access": null, "layer": null, "bridge": null, "foot": null, "surface": null, "step_count": null, "ramp": null, "name": null, "lit": null }, "geometry": { "type": "Point", "coordinates": [ -8.45572775, 40.2125805 ] } },
{ "type": "Feature", "properties": { "full_id": "w1350781958", "osm_id": "1350781958", "stairs": null, "level": null, "ramp:wheelchair": null, "width": null, "bicycle": null, "alt_name": null, "historic": null, "tunnel": null, "access": null, "layer": null, "bridge": null, "foot": null, "surface": null, "step_count": null, "ramp": null, "name": null, "lit": null }, "geometry": { "type": "Point", "coordinates": [ -8.45704095, 40.1984429 ] } },
{ "type": "Feature", "properties": { "full_id": "w1350810716", "osm_id": "1350810716", "stairs": null, "level": null, "ramp:wheelchair": null, "width": null, "bicycle": null, "alt_name": null, "historic": null, "tunnel": null, "access": null, "layer": null, "bridge": null, "foot": null, "surface": null, "step_count": null, "ramp": null, "name": null, "lit": null }, "geometry": { "type": "Point", "coordinates": [ -8.454379686581239, 40.208179878438358 ] } },
{ "type": "Feature", "properties": { "full_id": "w1350810719", "osm_id": "1350810719", "stairs": null, "level": null, "ramp:wheelchair": null, "width": null, "bicycle": null, "alt_name": null, "historic": null, "tunnel": null, "access": null, "layer": null, "bridge": null, "foot": null, "surface": null, "step_count": null, "ramp": null, "name": null, "lit": null }, "geometry": { "type": "Point", "coordinates": [ -8.45483325, 40.20867695 ] } },
{ "type": "Feature", "properties": { "full_id": "w1351037123", "osm_id": "1351037123", "stairs": null, "level": null, "ramp:wheelchair": null, "width": null, "bicycle": null, "alt_name": null, "historic": null, "tunnel": null, "access": null, "layer": "1", "bridge": null, "foot": null, "surface": null, "step_count": null, "ramp": null, "name": null, "lit": null }, "geometry": { "type": "Point", "coordinates": [ -8.4286359, 40.20881385 ] } },
{ "type": "Feature", "properties": { "full_id": "w1355286035", "osm_id": "1355286035", "stairs": null, "level": null, "ramp:wheelchair": null, "width": null, "bicycle": null, "alt_name": null, "historic": null, "tunnel": null, "access": null, "layer": null, "bridge": null, "foot": null, "surface": null, "step_count": "4", "ramp": null, "name": null, "lit": null }, "geometry": { "type": "Point", "coordinates": [ -8.4364748, 40.2267656 ] } },
{ "type": "Feature", "properties": { "full_id": "w1356602909", "osm_id": "1356602909", "stairs": null, "level": null, "ramp:wheelchair": null, "width": null, "bicycle": null, "alt_name": null, "historic": null, "tunnel": null, "access": "private", "layer": null, "bridge": null, "foot": null, "surface": null, "step_count": null, "ramp": null, "name": null, "lit": null }, "geometry": { "type": "Point", "coordinates": [ -8.41958335, 40.21110755 ] } },
{ "type": "Feature", "properties": { "full_id": "w1356602910", "osm_id": "1356602910", "stairs": null, "level": null, "ramp:wheelchair": null, "width": null, "bicycle": null, "alt_name": null, "historic": null, "tunnel": null, "access": "private", "layer": null, "bridge": null, "foot": null, "surface": null, "step_count": null, "ramp": null, "name": null, "lit": null }, "geometry": { "type": "Point", "coordinates": [ -8.4197311, 40.21109835 ] } },
{ "type": "Feature", "properties": { "full_id": "w1358876934", "osm_id": "1358876934", "stairs": null, "level": null, "ramp:wheelchair": null, "width": null, "bicycle": null, "alt_name": null, "historic": null, "tunnel": null, "access": null, "layer": null, "bridge": null, "foot": null, "surface": null, "step_count": null, "ramp": null, "name": null, "lit": null }, "geometry": { "type": "Point", "coordinates": [ -8.455032432085547, 40.210663829740831 ] } },
{ "type": "Feature", "properties": { "full_id": "w1358876936", "osm_id": "1358876936", "stairs": null, "level": null, "ramp:wheelchair": null, "width": null, "bicycle": null, "alt_name": null, "historic": null, "tunnel": null, "access": null, "layer": null, "bridge": null, "foot": null, "surface": null, "step_count": null, "ramp": null, "name": null, "lit": null }, "geometry": { "type": "Point", "coordinates": [ -8.4551775, 40.21061865 ] } },
{ "type": "Feature", "properties": { "full_id": "w1358876938", "osm_id": "1358876938", "stairs": null, "level": null, "ramp:wheelchair": null, "width": null, "bicycle": null, "alt_name": null, "historic": null, "tunnel": null, "access": null, "layer": null, "bridge": null, "foot": null, "surface": null, "step_count": null, "ramp": null, "name": null, "lit": null }, "geometry": { "type": "Point", "coordinates": [ -8.4550391, 40.2104265 ] } },
{ "type": "Feature", "properties": { "full_id": "w1358876961", "osm_id": "1358876961", "stairs": null, "level": null, "ramp:wheelchair": null, "width": null, "bicycle": null, "alt_name": null, "historic": null, "tunnel": null, "access": null, "layer": null, "bridge": null, "foot": null, "surface": null, "step_count": null, "ramp": null, "name": null, "lit": null }, "geometry": { "type": "Point", "coordinates": [ -8.45536855, 40.21130995 ] } },
{ "type": "Feature", "properties": { "full_id": "w1358876973", "osm_id": "1358876973", "stairs": null, "level": null, "ramp:wheelchair": null, "width": null, "bicycle": null, "alt_name": null, "historic": null, "tunnel": null, "access": null, "layer": null, "bridge": null, "foot": null, "surface": null, "step_count": null, "ramp": null, "name": null, "lit": null }, "geometry": { "type": "Point", "coordinates": [ -8.45543695, 40.21114595 ] } },
{ "type": "Feature", "properties": { "full_id": "w1358876976", "osm_id": "1358876976", "stairs": null, "level": null, "ramp:wheelchair": null, "width": null, "bicycle": null, "alt_name": null, "historic": null, "tunnel": null, "access": null, "layer": null, "bridge": null, "foot": null, "surface": null, "step_count": null, "ramp": null, "name": null, "lit": null }, "geometry": { "type": "Point", "coordinates": [ -8.45520625, 40.21155375 ] } },
{ "type": "Feature", "properties": { "full_id": "w1358876977", "osm_id": "1358876977", "stairs": null, "level": null, "ramp:wheelchair": null, "width": null, "bicycle": null, "alt_name": null, "historic": null, "tunnel": null, "access": null, "layer": null, "bridge": null, "foot": null, "surface": null, "step_count": null, "ramp": null, "name": null, "lit": null }, "geometry": { "type": "Point", "coordinates": [ -8.455286, 40.2116542 ] } },
{ "type": "Feature", "properties": { "full_id": "w1358876979", "osm_id": "1358876979", "stairs": null, "level": null, "ramp:wheelchair": null, "width": null, "bicycle": null, "alt_name": null, "historic": null, "tunnel": null, "access": null, "layer": null, "bridge": null, "foot": null, "surface": null, "step_count": null, "ramp": null, "name": null, "lit": null }, "geometry": { "type": "Point", "coordinates": [ -8.45518545, 40.2119585 ] } },
{ "type": "Feature", "properties": { "full_id": "w1358889692", "osm_id": "1358889692", "stairs": null, "level": null, "ramp:wheelchair": null, "width": null, "bicycle": null, "alt_name": null, "historic": null, "tunnel": null, "access": null, "layer": null, "bridge": null, "foot": null, "surface": null, "step_count": null, "ramp": null, "name": null, "lit": null }, "geometry": { "type": "Point", "coordinates": [ -8.45502495, 40.20788385 ] } },
{ "type": "Feature", "properties": { "full_id": "w1358897431", "osm_id": "1358897431", "stairs": null, "level": null, "ramp:wheelchair": null, "width": null, "bicycle": null, "alt_name": null, "historic": null, "tunnel": null, "access": null, "layer": null, "bridge": null, "foot": null, "surface": null, "step_count": null, "ramp": null, "name": null, "lit": null }, "geometry": { "type": "Point", "coordinates": [ -8.39803205, 40.1956638 ] } },
{ "type": "Feature", "properties": { "full_id": "w1358897433", "osm_id": "1358897433", "stairs": null, "level": null, "ramp:wheelchair": null, "width": null, "bicycle": null, "alt_name": null, "historic": null, "tunnel": null, "access": null, "layer": null, "bridge": null, "foot": null, "surface": null, "step_count": null, "ramp": null, "name": null, "lit": null }, "geometry": { "type": "Point", "coordinates": [ -8.39829285, 40.19519045 ] } },
{ "type": "Feature", "properties": { "full_id": "w1359423953", "osm_id": "1359423953", "stairs": null, "level": null, "ramp:wheelchair": null, "width": null, "bicycle": null, "alt_name": null, "historic": null, "tunnel": null, "access": null, "layer": null, "bridge": null, "foot": null, "surface": null, "step_count": null, "ramp": null, "name": null, "lit": null }, "geometry": { "type": "Point", "coordinates": [ -8.4125263, 40.19635925 ] } },
{ "type": "Feature", "properties": { "full_id": "w1359693882", "osm_id": "1359693882", "stairs": null, "level": null, "ramp:wheelchair": null, "width": null, "bicycle": null, "alt_name": null, "historic": null, "tunnel": null, "access": null, "layer": null, "bridge": null, "foot": null, "surface": null, "step_count": null, "ramp": null, "name": null, "lit": null }, "geometry": { "type": "Point", "coordinates": [ -8.4570129, 40.2098159 ] } },
{ "type": "Feature", "properties": { "full_id": "w1360402733", "osm_id": "1360402733", "stairs": null, "level": null, "ramp:wheelchair": null, "width": null, "bicycle": null, "alt_name": null, "historic": null, "tunnel": null, "access": null, "layer": null, "bridge": null, "foot": null, "surface": null, "step_count": null, "ramp": null, "name": null, "lit": null }, "geometry": { "type": "Point", "coordinates": [ -8.425152676281558, 40.21113459802374 ] } },
{ "type": "Feature", "properties": { "full_id": "w1362666896", "osm_id": "1362666896", "stairs": null, "level": null, "ramp:wheelchair": null, "width": null, "bicycle": null, "alt_name": null, "historic": null, "tunnel": null, "access": null, "layer": null, "bridge": null, "foot": null, "surface": null, "step_count": null, "ramp": null, "name": null, "lit": null }, "geometry": { "type": "Point", "coordinates": [ -8.4533251, 40.1963192 ] } },
{ "type": "Feature", "properties": { "full_id": "w1378215949", "osm_id": "1378215949", "stairs": null, "level": null, "ramp:wheelchair": null, "width": null, "bicycle": null, "alt_name": null, "historic": null, "tunnel": null, "access": null, "layer": null, "bridge": null, "foot": null, "surface": null, "step_count": null, "ramp": null, "name": null, "lit": null }, "geometry": { "type": "Point", "coordinates": [ -8.4109857, 40.1971568 ] } },
{ "type": "Feature", "properties": { "full_id": "w1378215959", "osm_id": "1378215959", "stairs": null, "level": null, "ramp:wheelchair": null, "width": null, "bicycle": null, "alt_name": null, "historic": null, "tunnel": null, "access": null, "layer": null, "bridge": null, "foot": null, "surface": null, "step_count": null, "ramp": null, "name": null, "lit": null }, "geometry": { "type": "Point", "coordinates": [ -8.41133265, 40.1971566 ] } },
{ "type": "Feature", "properties": { "full_id": "w1384187362", "osm_id": "1384187362", "stairs": null, "level": null, "ramp:wheelchair": null, "width": null, "bicycle": null, "alt_name": null, "historic": null, "tunnel": null, "access": null, "layer": null, "bridge": null, "foot": null, "surface": null, "step_count": null, "ramp": null, "name": null, "lit": null }, "geometry": { "type": "Point", "coordinates": [ -8.409478253095841, 40.211803892195014 ] } },
{ "type": "Feature", "properties": { "full_id": "w1384193043", "osm_id": "1384193043", "stairs": null, "level": null, "ramp:wheelchair": null, "width": null, "bicycle": null, "alt_name": null, "historic": null, "tunnel": null, "access": null, "layer": null, "bridge": null, "foot": null, "surface": null, "step_count": null, "ramp": null, "name": null, "lit": null }, "geometry": { "type": "Point", "coordinates": [ -8.406425615029788, 40.213033294786506 ] } },
{ "type": "Feature", "properties": { "full_id": "w1384456794", "osm_id": "1384456794", "stairs": null, "level": null, "ramp:wheelchair": null, "width": null, "bicycle": null, "alt_name": null, "historic": null, "tunnel": null, "access": null, "layer": null, "bridge": null, "foot": null, "surface": "wood", "step_count": null, "ramp": null, "name": null, "lit": null }, "geometry": { "type": "Point", "coordinates": [ -8.4158725, 40.1939858 ] } },
{ "type": "Feature", "properties": { "full_id": "w1384519699", "osm_id": "1384519699", "stairs": null, "level": null, "ramp:wheelchair": null, "width": null, "bicycle": null, "alt_name": null, "historic": null, "tunnel": null, "access": null, "layer": null, "bridge": null, "foot": null, "surface": null, "step_count": null, "ramp": null, "name": null, "lit": null }, "geometry": { "type": "Point", "coordinates": [ -8.4131744, 40.19692935 ] } },
{ "type": "Feature", "properties": { "full_id": "w1384519703", "osm_id": "1384519703", "stairs": null, "level": null, "ramp:wheelchair": null, "width": null, "bicycle": null, "alt_name": null, "historic": null, "tunnel": null, "access": null, "layer": null, "bridge": null, "foot": null, "surface": null, "step_count": null, "ramp": null, "name": null, "lit": null }, "geometry": { "type": "Point", "coordinates": [ -8.4134049, 40.1967599 ] } },
{ "type": "Feature", "properties": { "full_id": "w1384519706", "osm_id": "1384519706", "stairs": null, "level": null, "ramp:wheelchair": null, "width": null, "bicycle": null, "alt_name": null, "historic": null, "tunnel": null, "access": null, "layer": null, "bridge": null, "foot": null, "surface": null, "step_count": null, "ramp": null, "name": null, "lit": null }, "geometry": { "type": "Point", "coordinates": [ -8.4136786, 40.1966725 ] } },
{ "type": "Feature", "properties": { "full_id": "w1384519718", "osm_id": "1384519718", "stairs": null, "level": null, "ramp:wheelchair": null, "width": null, "bicycle": null, "alt_name": null, "historic": null, "tunnel": null, "access": null, "layer": null, "bridge": null, "foot": null, "surface": null, "step_count": null, "ramp": null, "name": null, "lit": null }, "geometry": { "type": "Point", "coordinates": [ -8.41499655, 40.1960939 ] } },
{ "type": "Feature", "properties": { "full_id": "w1384519730", "osm_id": "1384519730", "stairs": null, "level": null, "ramp:wheelchair": null, "width": null, "bicycle": null, "alt_name": null, "historic": null, "tunnel": null, "access": null, "layer": null, "bridge": null, "foot": null, "surface": "concrete", "step_count": null, "ramp": "no", "name": null, "lit": null }, "geometry": { "type": "Point", "coordinates": [ -8.41569005, 40.1958536 ] } },
{ "type": "Feature", "properties": { "full_id": "w1384519748", "osm_id": "1384519748", "stairs": null, "level": null, "ramp:wheelchair": null, "width": null, "bicycle": null, "alt_name": null, "historic": null, "tunnel": null, "access": null, "layer": null, "bridge": null, "foot": null, "surface": null, "step_count": null, "ramp": null, "name": null, "lit": null }, "geometry": { "type": "Point", "coordinates": [ -8.42020415, 40.1937295 ] } },
{ "type": "Feature", "properties": { "full_id": "w1389681178", "osm_id": "1389681178", "stairs": null, "level": null, "ramp:wheelchair": null, "width": null, "bicycle": null, "alt_name": null, "historic": null, "tunnel": null, "access": null, "layer": "1", "bridge": null, "foot": null, "surface": null, "step_count": null, "ramp": null, "name": null, "lit": null }, "geometry": { "type": "Point", "coordinates": [ -8.414517901051665, 40.218916629898594 ] } },
{ "type": "Feature", "properties": { "full_id": "w1389681186", "osm_id": "1389681186", "stairs": null, "level": null, "ramp:wheelchair": null, "width": null, "bicycle": null, "alt_name": null, "historic": null, "tunnel": null, "access": null, "layer": null, "bridge": null, "foot": null, "surface": null, "step_count": null, "ramp": null, "name": null, "lit": null }, "geometry": { "type": "Point", "coordinates": [ -8.414514736942156, 40.218901410146948 ] } },
{ "type": "Feature", "properties": { "full_id": "w1392012088", "osm_id": "1392012088", "stairs": null, "level": null, "ramp:wheelchair": null, "width": null, "bicycle": null, "alt_name": null, "historic": null, "tunnel": null, "access": null, "layer": null, "bridge": null, "foot": null, "surface": null, "step_count": null, "ramp": null, "name": null, "lit": null }, "geometry": { "type": "Point", "coordinates": [ -8.39773425, 40.2112237 ] } },
{ "type": "Feature", "properties": { "full_id": "w1392012089", "osm_id": "1392012089", "stairs": null, "level": null, "ramp:wheelchair": null, "width": null, "bicycle": null, "alt_name": null, "historic": null, "tunnel": null, "access": null, "layer": "-1", "bridge": null, "foot": null, "surface": null, "step_count": null, "ramp": null, "name": null, "lit": null }, "geometry": { "type": "Point", "coordinates": [ -8.39771684469747, 40.211250741970751 ] } },
{ "type": "Feature", "properties": { "full_id": "w1392012113", "osm_id": "1392012113", "stairs": null, "level": null, "ramp:wheelchair": null, "width": null, "bicycle": null, "alt_name": null, "historic": null, "tunnel": null, "access": null, "layer": null, "bridge": null, "foot": null, "surface": null, "step_count": null, "ramp": null, "name": null, "lit": null }, "geometry": { "type": "Point", "coordinates": [ -8.39684365, 40.21391005 ] } },
{ "type": "Feature", "properties": { "full_id": "w1392012119", "osm_id": "1392012119", "stairs": null, "level": null, "ramp:wheelchair": null, "width": null, "bicycle": null, "alt_name": null, "historic": null, "tunnel": null, "access": null, "layer": null, "bridge": null, "foot": null, "surface": null, "step_count": null, "ramp": null, "name": null, "lit": null }, "geometry": { "type": "Point", "coordinates": [ -8.3961749, 40.21378045 ] } },
{ "type": "Feature", "properties": { "full_id": "w1392012138", "osm_id": "1392012138", "stairs": null, "level": null, "ramp:wheelchair": null, "width": null, "bicycle": null, "alt_name": null, "historic": null, "tunnel": null, "access": null, "layer": null, "bridge": null, "foot": null, "surface": null, "step_count": null, "ramp": null, "name": null, "lit": null }, "geometry": { "type": "Point", "coordinates": [ -8.395775050449013, 40.214468846340495 ] } },
{ "type": "Feature", "properties": { "full_id": "w1392012146", "osm_id": "1392012146", "stairs": null, "level": null, "ramp:wheelchair": null, "width": null, "bicycle": null, "alt_name": null, "historic": null, "tunnel": null, "access": null, "layer": null, "bridge": null, "foot": null, "surface": null, "step_count": null, "ramp": null, "name": null, "lit": null }, "geometry": { "type": "Point", "coordinates": [ -8.39581185, 40.2143526 ] } },
{ "type": "Feature", "properties": { "full_id": "w1392012152", "osm_id": "1392012152", "stairs": null, "level": null, "ramp:wheelchair": null, "width": null, "bicycle": null, "alt_name": null, "historic": null, "tunnel": null, "access": null, "layer": null, "bridge": null, "foot": null, "surface": null, "step_count": null, "ramp": null, "name": null, "lit": null }, "geometry": { "type": "Point", "coordinates": [ -8.396023158009287, 40.214067670237803 ] } },
{ "type": "Feature", "properties": { "full_id": "w1409615576", "osm_id": "1409615576", "stairs": null, "level": null, "ramp:wheelchair": null, "width": null, "bicycle": null, "alt_name": null, "historic": "steps", "tunnel": null, "access": null, "layer": null, "bridge": null, "foot": null, "surface": null, "step_count": null, "ramp": null, "name": "Via Latina", "lit": null }, "geometry": { "type": "Point", "coordinates": [ -8.42607985, 40.20783825 ] } },
{ "type": "Feature", "properties": { "full_id": "w1409615578", "osm_id": "1409615578", "stairs": null, "level": null, "ramp:wheelchair": null, "width": null, "bicycle": null, "alt_name": null, "historic": null, "tunnel": null, "access": null, "layer": null, "bridge": null, "foot": null, "surface": null, "step_count": null, "ramp": null, "name": null, "lit": null }, "geometry": { "type": "Point", "coordinates": [ -8.4264272, 40.20780335 ] } },
{ "type": "Feature", "properties": { "full_id": "w1409615579", "osm_id": "1409615579", "stairs": null, "level": null, "ramp:wheelchair": null, "width": null, "bicycle": null, "alt_name": null, "historic": "steps", "tunnel": null, "access": null, "layer": null, "bridge": null, "foot": null, "surface": null, "step_count": null, "ramp": null, "name": "Via Latina", "lit": null }, "geometry": { "type": "Point", "coordinates": [ -8.426032421590529, 40.207857921973201 ] } },
{ "type": "Feature", "properties": { "full_id": "w1409615610", "osm_id": "1409615610", "stairs": null, "level": null, "ramp:wheelchair": null, "width": null, "bicycle": null, "alt_name": null, "historic": null, "tunnel": null, "access": null, "layer": null, "bridge": null, "foot": null, "surface": null, "step_count": null, "ramp": null, "name": null, "lit": null }, "geometry": { "type": "Point", "coordinates": [ -8.42579125, 40.20786335 ] } },
{ "type": "Feature", "properties": { "full_id": "w1409852737", "osm_id": "1409852737", "stairs": null, "level": null, "ramp:wheelchair": null, "width": null, "bicycle": null, "alt_name": null, "historic": null, "tunnel": null, "access": null, "layer": null, "bridge": null, "foot": null, "surface": null, "step_count": null, "ramp": null, "name": null, "lit": null }, "geometry": { "type": "Point", "coordinates": [ -8.4130203, 40.1851034 ] } },
{ "type": "Feature", "properties": { "full_id": "w1409852753", "osm_id": "1409852753", "stairs": null, "level": null, "ramp:wheelchair": null, "width": null, "bicycle": null, "alt_name": null, "historic": null, "tunnel": null, "access": null, "layer": null, "bridge": null, "foot": null, "surface": null, "step_count": null, "ramp": null, "name": null, "lit": null }, "geometry": { "type": "Point", "coordinates": [ -8.412458012144093, 40.184556162924629 ] } },
{ "type": "Feature", "properties": { "full_id": "w1409852760", "osm_id": "1409852760", "stairs": null, "level": null, "ramp:wheelchair": null, "width": null, "bicycle": null, "alt_name": null, "historic": null, "tunnel": null, "access": null, "layer": null, "bridge": null, "foot": null, "surface": null, "step_count": null, "ramp": null, "name": null, "lit": null }, "geometry": { "type": "Point", "coordinates": [ -8.412349382663164, 40.184556931825959 ] } },
{ "type": "Feature", "properties": { "full_id": "w1412945322", "osm_id": "1412945322", "stairs": null, "level": null, "ramp:wheelchair": null, "width": null, "bicycle": null, "alt_name": null, "historic": null, "tunnel": null, "access": null, "layer": null, "bridge": null, "foot": null, "surface": null, "step_count": null, "ramp": null, "name": null, "lit": null }, "geometry": { "type": "Point", "coordinates": [ -8.39966025, 40.21711425 ] } },
{ "type": "Feature", "properties": { "full_id": "w1415882135", "osm_id": "1415882135", "stairs": null, "level": null, "ramp:wheelchair": null, "width": null, "bicycle": null, "alt_name": null, "historic": null, "tunnel": null, "access": null, "layer": null, "bridge": null, "foot": null, "surface": null, "step_count": null, "ramp": null, "name": null, "lit": null }, "geometry": { "type": "Point", "coordinates": [ -8.4647605, 40.17874725 ] } },
{ "type": "Feature", "properties": { "full_id": "w1436606200", "osm_id": "1436606200", "stairs": null, "level": null, "ramp:wheelchair": null, "width": null, "bicycle": null, "alt_name": null, "historic": null, "tunnel": null, "access": null, "layer": null, "bridge": null, "foot": null, "surface": null, "step_count": null, "ramp": null, "name": null, "lit": null }, "geometry": { "type": "Point", "coordinates": [ -8.4007317, 40.2034347 ] } },
{ "type": "Feature", "properties": { "full_id": "w1436606205", "osm_id": "1436606205", "stairs": null, "level": null, "ramp:wheelchair": null, "width": null, "bicycle": null, "alt_name": null, "historic": null, "tunnel": null, "access": null, "layer": null, "bridge": null, "foot": null, "surface": "concrete", "step_count": "21", "ramp": null, "name": null, "lit": null }, "geometry": { "type": "Point", "coordinates": [ -8.4010971, 40.20424945 ] } },
{ "type": "Feature", "properties": { "full_id": "w1436609979", "osm_id": "1436609979", "stairs": null, "level": null, "ramp:wheelchair": null, "width": null, "bicycle": null, "alt_name": null, "historic": null, "tunnel": null, "access": null, "layer": null, "bridge": null, "foot": null, "surface": null, "step_count": null, "ramp": null, "name": null, "lit": null }, "geometry": { "type": "Point", "coordinates": [ -8.4044047, 40.20428935 ] } },
{ "type": "Feature", "properties": { "full_id": "w1441756300", "osm_id": "1441756300", "stairs": null, "level": null, "ramp:wheelchair": null, "width": null, "bicycle": null, "alt_name": null, "historic": null, "tunnel": null, "access": null, "layer": null, "bridge": null, "foot": null, "surface": null, "step_count": null, "ramp": null, "name": null, "lit": null }, "geometry": { "type": "Point", "coordinates": [ -8.39826325, 40.195241 ] } },
{ "type": "Feature", "properties": { "full_id": "w1441998154", "osm_id": "1441998154", "stairs": null, "level": null, "ramp:wheelchair": null, "width": null, "bicycle": null, "alt_name": null, "historic": null, "tunnel": null, "access": null, "layer": null, "bridge": null, "foot": null, "surface": null, "step_count": null, "ramp": null, "name": null, "lit": null }, "geometry": { "type": "Point", "coordinates": [ -8.4286483, 40.20893505 ] } },
{ "type": "Feature", "properties": { "full_id": "w1442427451", "osm_id": "1442427451", "stairs": null, "level": null, "ramp:wheelchair": null, "width": null, "bicycle": null, "alt_name": null, "historic": null, "tunnel": null, "access": null, "layer": null, "bridge": null, "foot": null, "surface": null, "step_count": null, "ramp": null, "name": null, "lit": null }, "geometry": { "type": "Point", "coordinates": [ -8.4105819, 40.2013106 ] } },
{ "type": "Feature", "properties": { "full_id": "w1442721345", "osm_id": "1442721345", "stairs": null, "level": null, "ramp:wheelchair": null, "width": null, "bicycle": null, "alt_name": null, "historic": null, "tunnel": null, "access": null, "layer": null, "bridge": null, "foot": null, "surface": null, "step_count": null, "ramp": null, "name": null, "lit": null }, "geometry": { "type": "Point", "coordinates": [ -8.41717955, 40.19950295 ] } },
{ "type": "Feature", "properties": { "full_id": "w1442721346", "osm_id": "1442721346", "stairs": null, "level": null, "ramp:wheelchair": null, "width": null, "bicycle": null, "alt_name": null, "historic": null, "tunnel": null, "access": null, "layer": null, "bridge": null, "foot": null, "surface": null, "step_count": null, "ramp": null, "name": null, "lit": null }, "geometry": { "type": "Point", "coordinates": [ -8.41726415, 40.199442 ] } },
{ "type": "Feature", "properties": { "full_id": "w1442721351", "osm_id": "1442721351", "stairs": null, "level": null, "ramp:wheelchair": null, "width": null, "bicycle": null, "alt_name": null, "historic": null, "tunnel": null, "access": null, "layer": null, "bridge": null, "foot": null, "surface": null, "step_count": null, "ramp": null, "name": null, "lit": null }, "geometry": { "type": "Point", "coordinates": [ -8.41644845, 40.2000521 ] } },
{ "type": "Feature", "properties": { "full_id": "w1442725137", "osm_id": "1442725137", "stairs": null, "level": null, "ramp:wheelchair": null, "width": null, "bicycle": null, "alt_name": null, "historic": null, "tunnel": null, "access": null, "layer": null, "bridge": null, "foot": null, "surface": null, "step_count": null, "ramp": null, "name": null, "lit": null }, "geometry": { "type": "Point", "coordinates": [ -8.420503, 40.19848895 ] } },
{ "type": "Feature", "properties": { "full_id": "w1445846552", "osm_id": "1445846552", "stairs": null, "level": null, "ramp:wheelchair": null, "width": null, "bicycle": null, "alt_name": null, "historic": null, "tunnel": null, "access": null, "layer": null, "bridge": null, "foot": null, "surface": null, "step_count": null, "ramp": null, "name": null, "lit": null }, "geometry": { "type": "Point", "coordinates": [ -8.43095935, 40.2014193 ] } },
{ "type": "Feature", "properties": { "full_id": "w1445849231", "osm_id": "1445849231", "stairs": null, "level": null, "ramp:wheelchair": null, "width": null, "bicycle": null, "alt_name": null, "historic": null, "tunnel": null, "access": null, "layer": null, "bridge": null, "foot": null, "surface": null, "step_count": null, "ramp": null, "name": null, "lit": null }, "geometry": { "type": "Point", "coordinates": [ -8.436885245986943, 40.2050527289869 ] } },
{ "type": "Feature", "properties": { "full_id": "w1461284469", "osm_id": "1461284469", "stairs": null, "level": null, "ramp:wheelchair": null, "width": null, "bicycle": null, "alt_name": null, "historic": null, "tunnel": null, "access": null, "layer": "1", "bridge": null, "foot": null, "surface": "paving_stones", "step_count": "5", "ramp": "no", "name": null, "lit": null }, "geometry": { "type": "Point", "coordinates": [ -8.414094, 40.1862911 ] } },
{ "type": "Feature", "properties": { "full_id": "w1461313342", "osm_id": "1461313342", "stairs": null, "level": null, "ramp:wheelchair": null, "width": null, "bicycle": null, "alt_name": null, "historic": null, "tunnel": null, "access": null, "layer": null, "bridge": null, "foot": null, "surface": "paving_stones", "step_count": "5", "ramp": "no", "name": null, "lit": null }, "geometry": { "type": "Point", "coordinates": [ -8.41375365, 40.1863445 ] } },
{ "type": "Feature", "properties": { "full_id": "w1462692466", "osm_id": "1462692466", "stairs": null, "level": null, "ramp:wheelchair": null, "width": null, "bicycle": null, "alt_name": null, "historic": null, "tunnel": null, "access": null, "layer": null, "bridge": null, "foot": null, "surface": null, "step_count": null, "ramp": null, "name": null, "lit": null }, "geometry": { "type": "Point", "coordinates": [ -8.4192875, 40.18987655 ] } },
{ "type": "Feature", "properties": { "full_id": "w1464187020", "osm_id": "1464187020", "stairs": null, "level": "0;1", "ramp:wheelchair": null, "width": null, "bicycle": null, "alt_name": null, "historic": null, "tunnel": null, "access": null, "layer": null, "bridge": null, "foot": null, "surface": null, "step_count": null, "ramp": null, "name": null, "lit": null }, "geometry": { "type": "Point", "coordinates": [ -8.40866425, 40.1942467 ] } },
{ "type": "Feature", "properties": { "full_id": "w1466226395", "osm_id": "1466226395", "stairs": null, "level": null, "ramp:wheelchair": null, "width": null, "bicycle": null, "alt_name": null, "historic": null, "tunnel": null, "access": null, "layer": null, "bridge": null, "foot": null, "surface": null, "step_count": null, "ramp": null, "name": null, "lit": null }, "geometry": { "type": "Point", "coordinates": [ -8.37461095, 40.17508715 ] } },
{ "type": "Feature", "properties": { "full_id": "w1486840867", "osm_id": "1486840867", "stairs": null, "level": null, "ramp:wheelchair": null, "width": null, "bicycle": null, "alt_name": null, "historic": null, "tunnel": null, "access": null, "layer": null, "bridge": null, "foot": null, "surface": "paving_stones", "step_count": "17", "ramp": "no", "name": null, "lit": null }, "geometry": { "type": "Point", "coordinates": [ -8.42597835, 40.20923385 ] } },
{ "type": "Feature", "properties": { "full_id": "w1486898563", "osm_id": "1486898563", "stairs": null, "level": null, "ramp:wheelchair": null, "width": null, "bicycle": null, "alt_name": null, "historic": null, "tunnel": null, "access": null, "layer": null, "bridge": null, "foot": null, "surface": null, "step_count": null, "ramp": null, "name": null, "lit": null }, "geometry": { "type": "Point", "coordinates": [ -8.41958215, 40.1896866 ] } },
{ "type": "Feature", "properties": { "full_id": "w1486898564", "osm_id": "1486898564", "stairs": null, "level": null, "ramp:wheelchair": null, "width": null, "bicycle": null, "alt_name": null, "historic": null, "tunnel": null, "access": null, "layer": null, "bridge": null, "foot": null, "surface": null, "step_count": null, "ramp": null, "name": null, "lit": null }, "geometry": { "type": "Point", "coordinates": [ -8.419483992925485, 40.189705110208394 ] } },
{ "type": "Feature", "properties": { "full_id": "w1486901128", "osm_id": "1486901128", "stairs": null, "level": null, "ramp:wheelchair": null, "width": null, "bicycle": null, "alt_name": null, "historic": null, "tunnel": null, "access": null, "layer": null, "bridge": null, "foot": null, "surface": null, "step_count": null, "ramp": null, "name": null, "lit": null }, "geometry": { "type": "Point", "coordinates": [ -8.41470365, 40.19210195 ] } }
]
}
