{
"type": "FeatureCollection",
"name": "Coimbra_population",
"crs": { "type": "name", "properties": { "name": "urn:ogc:def:crs:OGC:1.3:CRS84" } },
"xy_coordinate_resolution": 1e-15,
"features": [
{ "type": "Feature", "properties": { "fid": 1, "Population": 1 }, "geometry": { "type": "Polygon", "coordinates": [ [ [ -8.547455946131238, 40.301754652340364 ], [ -8.547243089966623, 40.299066258621821 ], [ -8.543700925403853, 40.299066258621821 ], [ -8.543913693356215, 40.301754652340364 ], [ -8.547455946131238, 40.301754652340364 ] ] ] } },
{ "type": "Feature", "properties": { "fid": 2, "Population": 29 }, "geometry": { "type": "Polygon", "coordinates": [ [ [ -8.543913693356215, 40.301754652340364 ], [ -8.543700925403853, 40.299066258621821 ], [ -8.540158760841081, 40.299066258621821 ], [ -8.540371440581191, 40.301754652340364 ], [ -8.543913693356215, 40.301754652340364 ] ] ] } },
{ "type": "Feature", "properties": { "fid": 3, "Population": 1 }, "geometry": { "type": "Polygon", "coordinates": [ [ [ -8.540371440581191, 40.301754652340364 ], [ -8.540158760841081, 40.299066258621821 ], [ -8.536616596278311, 40.299066258621821 ], [ -8.536829187806168, 40.301754652340364 ], [ -8.540371440581191, 40.301754652340364 ] ] ] } },
{ "type": "Feature", "properties": { "fid": 4, "Population": 2 }, "geometry": { "type": "Polygon", "coordinates": [ [ [ -8.533286935031144, 40.301754652340364 ], [ -8.533074431715539, 40.299066258621821 ], [ -8.529532267152767, 40.299066258621821 ], [ -8.529744682256121, 40.301754652340364 ], [ -8.533286935031144, 40.301754652340364 ] ] ] } },
{ "type": "Feature", "properties": { "fid": 5, "Population": 12 }, "geometry": { "type": "Polygon", "coordinates": [ [ [ -8.508491165605982, 40.301754652340364 ], [ -8.508279279776142, 40.299066258621821 ], [ -8.50473711521337, 40.299066258621821 ], [ -8.504948912830958, 40.301754652340364 ], [ -8.508491165605982, 40.301754652340364 ] ] ] } },
{ "type": "Feature", "properties": { "fid": 6, "Population": 16 }, "geometry": { "type": "Polygon", "coordinates": [ [ [ -8.504948912830958, 40.301754652340364 ], [ -8.50473711521337, 40.299066258621821 ], [ -8.501194950650598, 40.299066258621821 ], [ -8.501406660055935, 40.301754652340364 ], [ -8.504948912830958, 40.301754652340364 ] ] ] } },
{ "type": "Feature", "properties": { "fid": 7, "Population": 6 }, "geometry": { "type": "Polygon", "coordinates": [ [ [ -8.501406660055935, 40.301754652340364 ], [ -8.501194950650598, 40.299066258621821 ], [ -8.497652786087826, 40.299066258621821 ], [ -8.497864407280911, 40.301754652340364 ], [ -8.501406660055935, 40.301754652340364 ] ] ] } },
{ "type": "Feature", "properties": { "fid": 8, "Population": 72 }, "geometry": { "type": "Polygon", "coordinates": [ [ [ -8.497864407280911, 40.301754652340364 ], [ -8.497652786087826, 40.299066258621821 ], [ -8.494110621525056, 40.299066258621821 ], [ -8.494322154505889, 40.301754652340364 ], [ -8.497864407280911, 40.301754652340364 ] ] ] } },
{ "type": "Feature", "properties": { "fid": 9, "Population": 3 }, "geometry": { "type": "Polygon", "coordinates": [ [ [ -8.494322154505889, 40.301754652340364 ], [ -8.494110621525056, 40.299066258621821 ], [ -8.490568456962285, 40.299066258621821 ], [ -8.490779901730866, 40.301754652340364 ], [ -8.494322154505889, 40.301754652340364 ] ] ] } },
{ "type": "Feature", "properties": { "fid": 10, "Population": 0 }, "geometry": { "type": "Polygon", "coordinates": [ [ [ -8.490779901730866, 40.301754652340364 ], [ -8.490568456962285, 40.299066258621821 ], [ -8.487026292399515, 40.299066258621821 ], [ -8.487237648955842, 40.301754652340364 ], [ -8.490779901730866, 40.301754652340364 ] ] ] } },
{ "type": "Feature", "properties": { "fid": 11, "Population": 1 }, "geometry": { "type": "Polygon", "coordinates": [ [ [ -8.487237648955842, 40.301754652340364 ], [ -8.487026292399515, 40.299066258621821 ], [ -8.483484127836743, 40.299066258621821 ], [ -8.483695396180819, 40.301754652340364 ], [ -8.487237648955842, 40.301754652340364 ] ] ] } },
{ "type": "Feature", "properties": { "fid": 12, "Population": 33 }, "geometry": { "type": "Polygon", "coordinates": [ [ [ -8.480153143405795, 40.301754652340364 ], [ -8.479941963273973, 40.299066258621821 ], [ -8.476399798711201, 40.299066258621821 ], [ -8.476610890630772, 40.301754652340364 ], [ -8.480153143405795, 40.301754652340364 ] ] ] } },
{ "type": "Feature", "properties": { "fid": 13, "Population": 6 }, "geometry": { "type": "Polygon", "coordinates": [ [ [ -8.476610890630772, 40.301754652340364 ], [ -8.476399798711201, 40.299066258621821 ], [ -8.472857634148429, 40.299066258621821 ], [ -8.473068637855748, 40.301754652340364 ], [ -8.476610890630772, 40.301754652340364 ] ] ] } },
{ "type": "Feature", "properties": { "fid": 14, "Population": 0 }, "geometry": { "type": "Polygon", "coordinates": [ [ [ -8.473068637855748, 40.301754652340364 ], [ -8.472857634148429, 40.299066258621821 ], [ -8.469315469585659, 40.299066258621821 ], [ -8.469526385080725, 40.301754652340364 ], [ -8.473068637855748, 40.301754652340364 ] ] ] } },
{ "type": "Feature", "properties": { "fid": 15, "Population": 3 }, "geometry": { "type": "Polygon", "coordinates": [ [ [ -8.469526385080725, 40.301754652340364 ], [ -8.469315469585659, 40.299066258621821 ], [ -8.465773305022887, 40.299066258621821 ], [ -8.465984132305701, 40.301754652340364 ], [ -8.469526385080725, 40.301754652340364 ] ] ] } },
{ "type": "Feature", "properties": { "fid": 16, "Population": 1 }, "geometry": { "type": "Polygon", "coordinates": [ [ [ -8.465984132305701, 40.301754652340364 ], [ -8.465773305022887, 40.299066258621821 ], [ -8.462231140460117, 40.299066258621821 ], [ -8.46244187953068, 40.301754652340364 ], [ -8.465984132305701, 40.301754652340364 ] ] ] } },
{ "type": "Feature", "properties": { "fid": 17, "Population": 1 }, "geometry": { "type": "Polygon", "coordinates": [ [ [ -8.455357373980632, 40.301754652340364 ], [ -8.455146811334576, 40.299066258621821 ], [ -8.448062482209032, 40.299066258621821 ], [ -8.448272868430585, 40.301754652340364 ], [ -8.455357373980632, 40.301754652340364 ] ] ] } },
{ "type": "Feature", "properties": { "fid": 18, "Population": 5 }, "geometry": { "type": "Polygon", "coordinates": [ [ [ -8.448272868430585, 40.301754652340364 ], [ -8.448062482209032, 40.299066258621821 ], [ -8.444520317646262, 40.299066258621821 ], [ -8.444730615655562, 40.301754652340364 ], [ -8.448272868430585, 40.301754652340364 ] ] ] } },
{ "type": "Feature", "properties": { "fid": 19, "Population": 0 }, "geometry": { "type": "Polygon", "coordinates": [ [ [ -8.444730615655562, 40.301754652340364 ], [ -8.444520317646262, 40.299066258621821 ], [ -8.44097815308349, 40.299066258621821 ], [ -8.441188362880538, 40.301754652340364 ], [ -8.444730615655562, 40.301754652340364 ] ] ] } },
{ "type": "Feature", "properties": { "fid": 20, "Population": 11 }, "geometry": { "type": "Polygon", "coordinates": [ [ [ -8.441188362880538, 40.301754652340364 ], [ -8.44097815308349, 40.299066258621821 ], [ -8.43743598852072, 40.299066258621821 ], [ -8.437646110105515, 40.301754652340364 ], [ -8.441188362880538, 40.301754652340364 ] ] ] } },
{ "type": "Feature", "properties": { "fid": 21, "Population": 0 }, "geometry": { "type": "Polygon", "coordinates": [ [ [ -8.437646110105515, 40.301754652340364 ], [ -8.43743598852072, 40.299066258621821 ], [ -8.426809494832407, 40.299066258621821 ], [ -8.427019351780446, 40.301754652340364 ], [ -8.437646110105515, 40.301754652340364 ] ] ] } },
{ "type": "Feature", "properties": { "fid": 22, "Population": 8 }, "geometry": { "type": "Polygon", "coordinates": [ [ [ -8.427019351780446, 40.301754652340364 ], [ -8.426809494832407, 40.299066258621821 ], [ -8.423267330269635, 40.299066258621821 ], [ -8.423477099005423, 40.301754652340364 ], [ -8.427019351780446, 40.301754652340364 ] ] ] } },
{ "type": "Feature", "properties": { "fid": 23, "Population": 5 }, "geometry": { "type": "Polygon", "coordinates": [ [ [ -8.423477099005423, 40.301754652340364 ], [ -8.423267330269635, 40.299066258621821 ], [ -8.419725165706863, 40.299066258621821 ], [ -8.419934846230399, 40.301754652340364 ], [ -8.423477099005423, 40.301754652340364 ] ] ] } },
{ "type": "Feature", "properties": { "fid": 24, "Population": 5 }, "geometry": { "type": "Polygon", "coordinates": [ [ [ -8.409308087905329, 40.301754652340364 ], [ -8.409098672018549, 40.299066258621821 ], [ -8.405556507455779, 40.299066258621821 ], [ -8.405765835130305, 40.301754652340364 ], [ -8.409308087905329, 40.301754652340364 ] ] ] } },
{ "type": "Feature", "properties": { "fid": 25, "Population": 12 }, "geometry": { "type": "Polygon", "coordinates": [ [ [ -8.405765835130305, 40.301754652340364 ], [ -8.405556507455779, 40.299066258621821 ], [ -8.402014342893008, 40.299066258621821 ], [ -8.402223582355282, 40.301754652340364 ], [ -8.405765835130305, 40.301754652340364 ] ] ] } },
{ "type": "Feature", "properties": { "fid": 26, "Population": 10 }, "geometry": { "type": "Polygon", "coordinates": [ [ [ -8.402223582355282, 40.301754652340364 ], [ -8.402014342893008, 40.299066258621821 ], [ -8.394930013767466, 40.299066258621821 ], [ -8.395139076805236, 40.301754652340364 ], [ -8.402223582355282, 40.301754652340364 ] ] ] } },
{ "type": "Feature", "properties": { "fid": 27, "Population": 2 }, "geometry": { "type": "Polygon", "coordinates": [ [ [ -8.373885560155095, 40.301754652340364 ], [ -8.37367702639084, 40.299066258621821 ], [ -8.370134861828069, 40.299066258621821 ], [ -8.370343307380072, 40.301754652340364 ], [ -8.373885560155095, 40.301754652340364 ] ] ] } },
{ "type": "Feature", "properties": { "fid": 28, "Population": 1 }, "geometry": { "type": "Polygon", "coordinates": [ [ [ -8.345547537954909, 40.301754652340364 ], [ -8.34533970988867, 40.299066258621821 ], [ -8.341797545325898, 40.299066258621821 ], [ -8.342005285179885, 40.301754652340364 ], [ -8.345547537954909, 40.301754652340364 ] ] ] } },
{ "type": "Feature", "properties": { "fid": 29, "Population": 32 }, "geometry": { "type": "Polygon", "coordinates": [ [ [ -8.342005285179885, 40.301754652340364 ], [ -8.341797545325898, 40.299066258621821 ], [ -8.338255380763128, 40.299066258621821 ], [ -8.338463032404862, 40.301754652340364 ], [ -8.342005285179885, 40.301754652340364 ] ] ] } },
{ "type": "Feature", "properties": { "fid": 30, "Population": 19 }, "geometry": { "type": "Polygon", "coordinates": [ [ [ -8.338463032404862, 40.301754652340364 ], [ -8.338255380763128, 40.299066258621821 ], [ -8.334713216200356, 40.299066258621821 ], [ -8.334920779629838, 40.301754652340364 ], [ -8.338463032404862, 40.301754652340364 ] ] ] } },
{ "type": "Feature", "properties": { "fid": 31, "Population": 4 }, "geometry": { "type": "Polygon", "coordinates": [ [ [ -8.334920779629838, 40.301754652340364 ], [ -8.334713216200356, 40.299066258621821 ], [ -8.331171051637586, 40.299066258621821 ], [ -8.331378526854815, 40.301754652340364 ], [ -8.334920779629838, 40.301754652340364 ] ] ] } },
{ "type": "Feature", "properties": { "fid": 32, "Population": 0 }, "geometry": { "type": "Polygon", "coordinates": [ [ [ -8.554540451681286, 40.301754652340364 ], [ -8.554114415667319, 40.296377904929884 ], [ -8.550572339304724, 40.296377904929884 ], [ -8.550785254529394, 40.299066258621821 ], [ -8.547243089966623, 40.299066258621821 ], [ -8.547455946131238, 40.301754652340364 ], [ -8.554540451681286, 40.301754652340364 ] ] ] } },
{ "type": "Feature", "properties": { "fid": 33, "Population": 47 }, "geometry": { "type": "Polygon", "coordinates": [ [ [ -8.550785254529394, 40.299066258621821 ], [ -8.550572339304724, 40.296377904929884 ], [ -8.547030262942128, 40.296377904929884 ], [ -8.547243089966623, 40.299066258621821 ], [ -8.550785254529394, 40.299066258621821 ] ] ] } },
{ "type": "Feature", "properties": { "fid": 34, "Population": 81 }, "geometry": { "type": "Polygon", "coordinates": [ [ [ -8.547243089966623, 40.299066258621821 ], [ -8.547030262942128, 40.296377904929884 ], [ -8.543488186579532, 40.296377904929884 ], [ -8.543700925403853, 40.299066258621821 ], [ -8.547243089966623, 40.299066258621821 ] ] ] } },
{ "type": "Feature", "properties": { "fid": 35, "Population": 78 }, "geometry": { "type": "Polygon", "coordinates": [ [ [ -8.543700925403853, 40.299066258621821 ], [ -8.543488186579532, 40.296377904929884 ], [ -8.539946110216938, 40.296377904929884 ], [ -8.540158760841081, 40.299066258621821 ], [ -8.543700925403853, 40.299066258621821 ] ] ] } },
{ "type": "Feature", "properties": { "fid": 36, "Population": 4 }, "geometry": { "type": "Polygon", "coordinates": [ [ [ -8.540158760841081, 40.299066258621821 ], [ -8.539946110216938, 40.296377904929884 ], [ -8.536404033854343, 40.296377904929884 ], [ -8.536616596278311, 40.299066258621821 ], [ -8.540158760841081, 40.299066258621821 ] ] ] } },
{ "type": "Feature", "properties": { "fid": 37, "Population": 15 }, "geometry": { "type": "Polygon", "coordinates": [ [ [ -8.50473711521337, 40.299066258621821 ], [ -8.504525346590986, 40.296377904929884 ], [ -8.500983270228391, 40.296377904929884 ], [ -8.501194950650598, 40.299066258621821 ], [ -8.50473711521337, 40.299066258621821 ] ] ] } },
{ "type": "Feature", "properties": { "fid": 38, "Population": 26 }, "geometry": { "type": "Polygon", "coordinates": [ [ [ -8.501194950650598, 40.299066258621821 ], [ -8.500983270228391, 40.296377904929884 ], [ -8.497441193865795, 40.296377904929884 ], [ -8.497652786087826, 40.299066258621821 ], [ -8.501194950650598, 40.299066258621821 ] ] ] } },
{ "type": "Feature", "properties": { "fid": 39, "Population": 55 }, "geometry": { "type": "Polygon", "coordinates": [ [ [ -8.497652786087826, 40.299066258621821 ], [ -8.497441193865795, 40.296377904929884 ], [ -8.493899117503199, 40.296377904929884 ], [ -8.494110621525056, 40.299066258621821 ], [ -8.497652786087826, 40.299066258621821 ] ] ] } },
{ "type": "Feature", "properties": { "fid": 40, "Population": 4 }, "geometry": { "type": "Polygon", "coordinates": [ [ [ -8.494110621525056, 40.299066258621821 ], [ -8.493899117503199, 40.296377904929884 ], [ -8.490357041140605, 40.296377904929884 ], [ -8.490568456962285, 40.299066258621821 ], [ -8.494110621525056, 40.299066258621821 ] ] ] } },
{ "type": "Feature", "properties": { "fid": 41, "Population": 1 }, "geometry": { "type": "Polygon", "coordinates": [ [ [ -8.490568456962285, 40.299066258621821 ], [ -8.490357041140605, 40.296377904929884 ], [ -8.486814964778009, 40.296377904929884 ], [ -8.487026292399515, 40.299066258621821 ], [ -8.490568456962285, 40.299066258621821 ] ] ] } },
{ "type": "Feature", "properties": { "fid": 42, "Population": 4 }, "geometry": { "type": "Polygon", "coordinates": [ [ [ -8.487026292399515, 40.299066258621821 ], [ -8.486814964778009, 40.296377904929884 ], [ -8.483272888415414, 40.296377904929884 ], [ -8.483484127836743, 40.299066258621821 ], [ -8.487026292399515, 40.299066258621821 ] ] ] } },
{ "type": "Feature", "properties": { "fid": 43, "Population": 32 }, "geometry": { "type": "Polygon", "coordinates": [ [ [ -8.479941963273973, 40.299066258621821 ], [ -8.47973081205282, 40.296377904929884 ], [ -8.476188735690224, 40.296377904929884 ], [ -8.476399798711201, 40.299066258621821 ], [ -8.479941963273973, 40.299066258621821 ] ] ] } },
{ "type": "Feature", "properties": { "fid": 44, "Population": 36 }, "geometry": { "type": "Polygon", "coordinates": [ [ [ -8.476399798711201, 40.299066258621821 ], [ -8.476188735690224, 40.296377904929884 ], [ -8.472646659327628, 40.296377904929884 ], [ -8.472857634148429, 40.299066258621821 ], [ -8.476399798711201, 40.299066258621821 ] ] ] } },
{ "type": "Feature", "properties": { "fid": 45, "Population": 1 }, "geometry": { "type": "Polygon", "coordinates": [ [ [ -8.472857634148429, 40.299066258621821 ], [ -8.472646659327628, 40.296377904929884 ], [ -8.469104582965032, 40.296377904929884 ], [ -8.469315469585659, 40.299066258621821 ], [ -8.472857634148429, 40.299066258621821 ] ] ] } },
{ "type": "Feature", "properties": { "fid": 46, "Population": 3 }, "geometry": { "type": "Polygon", "coordinates": [ [ [ -8.448062482209032, 40.299066258621821 ], [ -8.447852124789463, 40.296377904929884 ], [ -8.444310048426868, 40.296377904929884 ], [ -8.444520317646262, 40.299066258621821 ], [ -8.448062482209032, 40.299066258621821 ] ] ] } },
{ "type": "Feature", "properties": { "fid": 47, "Population": 18 }, "geometry": { "type": "Polygon", "coordinates": [ [ [ -8.444520317646262, 40.299066258621821 ], [ -8.444310048426868, 40.296377904929884 ], [ -8.440767972064274, 40.296377904929884 ], [ -8.44097815308349, 40.299066258621821 ], [ -8.444520317646262, 40.299066258621821 ] ] ] } },
{ "type": "Feature", "properties": { "fid": 48, "Population": 85 }, "geometry": { "type": "Polygon", "coordinates": [ [ [ -8.44097815308349, 40.299066258621821 ], [ -8.440767972064274, 40.296377904929884 ], [ -8.437225895701678, 40.296377904929884 ], [ -8.43743598852072, 40.299066258621821 ], [ -8.44097815308349, 40.299066258621821 ] ] ] } },
{ "type": "Feature", "properties": { "fid": 49, "Population": 41 }, "geometry": { "type": "Polygon", "coordinates": [ [ [ -8.43743598852072, 40.299066258621821 ], [ -8.437225895701678, 40.296377904929884 ], [ -8.433683819339082, 40.296377904929884 ], [ -8.433893823957948, 40.299066258621821 ], [ -8.43743598852072, 40.299066258621821 ] ] ] } },
{ "type": "Feature", "properties": { "fid": 50, "Population": 5 }, "geometry": { "type": "Polygon", "coordinates": [ [ [ -8.433893823957948, 40.299066258621821 ], [ -8.433683819339082, 40.296377904929884 ], [ -8.430141742976486, 40.296377904929884 ], [ -8.430351659395178, 40.299066258621821 ], [ -8.433893823957948, 40.299066258621821 ] ] ] } },
{ "type": "Feature", "properties": { "fid": 51, "Population": 1 }, "geometry": { "type": "Polygon", "coordinates": [ [ [ -8.430351659395178, 40.299066258621821 ], [ -8.430141742976486, 40.296377904929884 ], [ -8.426599666613892, 40.296377904929884 ], [ -8.426809494832407, 40.299066258621821 ], [ -8.430351659395178, 40.299066258621821 ] ] ] } },
{ "type": "Feature", "properties": { "fid": 52, "Population": 5 }, "geometry": { "type": "Polygon", "coordinates": [ [ [ -8.426809494832407, 40.299066258621821 ], [ -8.426599666613892, 40.296377904929884 ], [ -8.423057590251297, 40.296377904929884 ], [ -8.423267330269635, 40.299066258621821 ], [ -8.426809494832407, 40.299066258621821 ] ] ] } },
{ "type": "Feature", "properties": { "fid": 53, "Population": 0 }, "geometry": { "type": "Polygon", "coordinates": [ [ [ -8.423267330269635, 40.299066258621821 ], [ -8.423057590251297, 40.296377904929884 ], [ -8.419515513888701, 40.296377904929884 ], [ -8.419725165706863, 40.299066258621821 ], [ -8.423267330269635, 40.299066258621821 ] ] ] } },
{ "type": "Feature", "properties": { "fid": 54, "Population": 2 }, "geometry": { "type": "Polygon", "coordinates": [ [ [ -8.34533970988867, 40.299066258621821 ], [ -8.345131910274203, 40.296377904929884 ], [ -8.341589833911607, 40.296377904929884 ], [ -8.341797545325898, 40.299066258621821 ], [ -8.34533970988867, 40.299066258621821 ] ] ] } },
{ "type": "Feature", "properties": { "fid": 55, "Population": 53 }, "geometry": { "type": "Polygon", "coordinates": [ [ [ -8.341797545325898, 40.299066258621821 ], [ -8.341589833911607, 40.296377904929884 ], [ -8.338047757549013, 40.296377904929884 ], [ -8.338255380763128, 40.299066258621821 ], [ -8.341797545325898, 40.299066258621821 ] ] ] } },
{ "type": "Feature", "properties": { "fid": 56, "Population": 64 }, "geometry": { "type": "Polygon", "coordinates": [ [ [ -8.338255380763128, 40.299066258621821 ], [ -8.338047757549013, 40.296377904929884 ], [ -8.334505681186418, 40.296377904929884 ], [ -8.334713216200356, 40.299066258621821 ], [ -8.338255380763128, 40.299066258621821 ] ] ] } },
{ "type": "Feature", "properties": { "fid": 57, "Population": 1 }, "geometry": { "type": "Polygon", "coordinates": [ [ [ -8.334713216200356, 40.299066258621821 ], [ -8.334505681186418, 40.296377904929884 ], [ -8.330963604823822, 40.296377904929884 ], [ -8.331171051637586, 40.299066258621821 ], [ -8.334713216200356, 40.299066258621821 ] ] ] } },
{ "type": "Feature", "properties": { "fid": 58, "Population": 1 }, "geometry": { "type": "Polygon", "coordinates": [ [ [ -8.419725165706863, 40.299066258621821 ], [ -8.419305890771037, 40.2936895912597 ], [ -8.415763902596542, 40.2936895912597 ], [ -8.416183001144091, 40.299066258621821 ], [ -8.419725165706863, 40.299066258621821 ] ] ] } },
{ "type": "Feature", "properties": { "fid": 59, "Population": 67 }, "geometry": { "type": "Polygon", "coordinates": [ [ [ -8.550572339304724, 40.296377904929884 ], [ -8.550359453227294, 40.2936895912597 ], [ -8.546817465052802, 40.2936895912597 ], [ -8.547030262942128, 40.296377904929884 ], [ -8.550572339304724, 40.296377904929884 ] ] ] } },
{ "type": "Feature", "properties": { "fid": 60, "Population": 106 }, "geometry": { "type": "Polygon", "coordinates": [ [ [ -8.547030262942128, 40.296377904929884 ], [ -8.546817465052802, 40.2936895912597 ], [ -8.543275476878309, 40.2936895912597 ], [ -8.543488186579532, 40.296377904929884 ], [ -8.547030262942128, 40.296377904929884 ] ] ] } },
{ "type": "Feature", "properties": { "fid": 61, "Population": 95 }, "geometry": { "type": "Polygon", "coordinates": [ [ [ -8.543488186579532, 40.296377904929884 ], [ -8.543275476878309, 40.2936895912597 ], [ -8.539733488703815, 40.2936895912597 ], [ -8.539946110216938, 40.296377904929884 ], [ -8.543488186579532, 40.296377904929884 ] ] ] } },
{ "type": "Feature", "properties": { "fid": 62, "Population": 2 }, "geometry": { "type": "Polygon", "coordinates": [ [ [ -8.539946110216938, 40.296377904929884 ], [ -8.539733488703815, 40.2936895912597 ], [ -8.536191500529322, 40.2936895912597 ], [ -8.536404033854343, 40.296377904929884 ], [ -8.539946110216938, 40.296377904929884 ] ] ] } },
{ "type": "Feature", "properties": { "fid": 63, "Population": 2 }, "geometry": { "type": "Polygon", "coordinates": [ [ [ -8.504525346590986, 40.296377904929884 ], [ -8.504313606958881, 40.2936895912597 ], [ -8.500771618784388, 40.2936895912597 ], [ -8.500983270228391, 40.296377904929884 ], [ -8.504525346590986, 40.296377904929884 ] ] ] } },
{ "type": "Feature", "properties": { "fid": 64, "Population": 1 }, "geometry": { "type": "Polygon", "coordinates": [ [ [ -8.500983270228391, 40.296377904929884 ], [ -8.500771618784388, 40.2936895912597 ], [ -8.497229630609894, 40.2936895912597 ], [ -8.497441193865795, 40.296377904929884 ], [ -8.500983270228391, 40.296377904929884 ] ] ] } },
{ "type": "Feature", "properties": { "fid": 65, "Population": 4 }, "geometry": { "type": "Polygon", "coordinates": [ [ [ -8.497441193865795, 40.296377904929884 ], [ -8.497229630609894, 40.2936895912597 ], [ -8.493687642435399, 40.2936895912597 ], [ -8.493899117503199, 40.296377904929884 ], [ -8.497441193865795, 40.296377904929884 ] ] ] } },
{ "type": "Feature", "properties": { "fid": 66, "Population": 1 }, "geometry": { "type": "Polygon", "coordinates": [ [ [ -8.47973081205282, 40.296377904929884 ], [ -8.479519689737424, 40.2936895912597 ], [ -8.475977701562931, 40.2936895912597 ], [ -8.476188735690224, 40.296377904929884 ], [ -8.47973081205282, 40.296377904929884 ] ] ] } },
{ "type": "Feature", "properties": { "fid": 67, "Population": 45 }, "geometry": { "type": "Polygon", "coordinates": [ [ [ -8.476188735690224, 40.296377904929884 ], [ -8.475977701562931, 40.2936895912597 ], [ -8.472435713388437, 40.2936895912597 ], [ -8.472646659327628, 40.296377904929884 ], [ -8.476188735690224, 40.296377904929884 ] ] ] } },
{ "type": "Feature", "properties": { "fid": 68, "Population": 6 }, "geometry": { "type": "Polygon", "coordinates": [ [ [ -8.472646659327628, 40.296377904929884 ], [ -8.472435713388437, 40.2936895912597 ], [ -8.468893725213944, 40.2936895912597 ], [ -8.469104582965032, 40.296377904929884 ], [ -8.472646659327628, 40.296377904929884 ] ] ] } },
{ "type": "Feature", "properties": { "fid": 69, "Population": 1 }, "geometry": { "type": "Polygon", "coordinates": [ [ [ -8.454936277514653, 40.296377904929884 ], [ -8.454725772515971, 40.2936895912597 ], [ -8.451183784341477, 40.2936895912597 ], [ -8.451394201152059, 40.296377904929884 ], [ -8.454936277514653, 40.296377904929884 ] ] ] } },
{ "type": "Feature", "properties": { "fid": 70, "Population": 2 }, "geometry": { "type": "Polygon", "coordinates": [ [ [ -8.451394201152059, 40.296377904929884 ], [ -8.451183784341477, 40.2936895912597 ], [ -8.447641796166984, 40.2936895912597 ], [ -8.447852124789463, 40.296377904929884 ], [ -8.451394201152059, 40.296377904929884 ] ] ] } },
{ "type": "Feature", "properties": { "fid": 71, "Population": 29 }, "geometry": { "type": "Polygon", "coordinates": [ [ [ -8.447852124789463, 40.296377904929884 ], [ -8.447641796166984, 40.2936895912597 ], [ -8.44409980799249, 40.2936895912597 ], [ -8.444310048426868, 40.296377904929884 ], [ -8.447852124789463, 40.296377904929884 ] ] ] } },
{ "type": "Feature", "properties": { "fid": 72, "Population": 6 }, "geometry": { "type": "Polygon", "coordinates": [ [ [ -8.444310048426868, 40.296377904929884 ], [ -8.44409980799249, 40.2936895912597 ], [ -8.440557819817997, 40.2936895912597 ], [ -8.440767972064274, 40.296377904929884 ], [ -8.444310048426868, 40.296377904929884 ] ] ] } },
{ "type": "Feature", "properties": { "fid": 73, "Population": 55 }, "geometry": { "type": "Polygon", "coordinates": [ [ [ -8.440767972064274, 40.296377904929884 ], [ -8.440557819817997, 40.2936895912597 ], [ -8.437015831643503, 40.2936895912597 ], [ -8.437225895701678, 40.296377904929884 ], [ -8.440767972064274, 40.296377904929884 ] ] ] } },
{ "type": "Feature", "properties": { "fid": 74, "Population": 31 }, "geometry": { "type": "Polygon", "coordinates": [ [ [ -8.437225895701678, 40.296377904929884 ], [ -8.437015831643503, 40.2936895912597 ], [ -8.43347384346901, 40.2936895912597 ], [ -8.433683819339082, 40.296377904929884 ], [ -8.437225895701678, 40.296377904929884 ] ] ] } },
{ "type": "Feature", "properties": { "fid": 75, "Population": 1 }, "geometry": { "type": "Polygon", "coordinates": [ [ [ -8.433683819339082, 40.296377904929884 ], [ -8.43347384346901, 40.2936895912597 ], [ -8.429931855294516, 40.2936895912597 ], [ -8.430141742976486, 40.296377904929884 ], [ -8.433683819339082, 40.296377904929884 ] ] ] } },
{ "type": "Feature", "properties": { "fid": 76, "Population": 15 }, "geometry": { "type": "Polygon", "coordinates": [ [ [ -8.430141742976486, 40.296377904929884 ], [ -8.429931855294516, 40.2936895912597 ], [ -8.426389867120022, 40.2936895912597 ], [ -8.426599666613892, 40.296377904929884 ], [ -8.430141742976486, 40.296377904929884 ] ] ] } },
{ "type": "Feature", "properties": { "fid": 77, "Population": 20 }, "geometry": { "type": "Polygon", "coordinates": [ [ [ -8.426599666613892, 40.296377904929884 ], [ -8.426389867120022, 40.2936895912597 ], [ -8.422847878945531, 40.2936895912597 ], [ -8.423057590251297, 40.296377904929884 ], [ -8.426599666613892, 40.296377904929884 ] ] ] } },
{ "type": "Feature", "properties": { "fid": 78, "Population": 2 }, "geometry": { "type": "Polygon", "coordinates": [ [ [ -8.423057590251297, 40.296377904929884 ], [ -8.422847878945531, 40.2936895912597 ], [ -8.419305890771037, 40.2936895912597 ], [ -8.419515513888701, 40.296377904929884 ], [ -8.423057590251297, 40.296377904929884 ] ] ] } },
{ "type": "Feature", "properties": { "fid": 79, "Population": 3 }, "geometry": { "type": "Polygon", "coordinates": [ [ [ -8.415973437526107, 40.296377904929884 ], [ -8.415763902596542, 40.2936895912597 ], [ -8.412221914422048, 40.2936895912597 ], [ -8.412431361163511, 40.296377904929884 ], [ -8.415973437526107, 40.296377904929884 ] ] ] } },
{ "type": "Feature", "properties": { "fid": 80, "Population": 16 }, "geometry": { "type": "Polygon", "coordinates": [ [ [ -8.341589833911607, 40.296377904929884 ], [ -8.34138215093218, 40.2936895912597 ], [ -8.337840162757685, 40.2936895912597 ], [ -8.338047757549013, 40.296377904929884 ], [ -8.341589833911607, 40.296377904929884 ] ] ] } },
{ "type": "Feature", "properties": { "fid": 81, "Population": 6 }, "geometry": { "type": "Polygon", "coordinates": [ [ [ -8.338047757549013, 40.296377904929884 ], [ -8.337840162757685, 40.2936895912597 ], [ -8.334298174583191, 40.2936895912597 ], [ -8.334505681186418, 40.296377904929884 ], [ -8.338047757549013, 40.296377904929884 ] ] ] } },
{ "type": "Feature", "properties": { "fid": 82, "Population": 1 }, "geometry": { "type": "Polygon", "coordinates": [ [ [ -8.554114415667319, 40.296377904929884 ], [ -8.553688496290629, 40.291001317606387 ], [ -8.550146596292164, 40.291001317606387 ], [ -8.550572339304724, 40.296377904929884 ], [ -8.554114415667319, 40.296377904929884 ] ] ] } },
{ "type": "Feature", "properties": { "fid": 83, "Population": 1 }, "geometry": { "type": "Polygon", "coordinates": [ [ [ -8.493899117503199, 40.296377904929884 ], [ -8.49347619631674, 40.291001317606387 ], [ -8.489934296318275, 40.291001317606387 ], [ -8.490357041140605, 40.296377904929884 ], [ -8.493899117503199, 40.296377904929884 ] ] ] } },
{ "type": "Feature", "properties": { "fid": 84, "Population": 25 }, "geometry": { "type": "Polygon", "coordinates": [ [ [ -8.550359453227294, 40.2936895912597 ], [ -8.550146596292164, 40.291001317606387 ], [ -8.5466046962937, 40.291001317606387 ], [ -8.546817465052802, 40.2936895912597 ], [ -8.550359453227294, 40.2936895912597 ] ] ] } },
{ "type": "Feature", "properties": { "fid": 85, "Population": 10 }, "geometry": { "type": "Polygon", "coordinates": [ [ [ -8.546817465052802, 40.2936895912597 ], [ -8.5466046962937, 40.291001317606387 ], [ -8.543062796295237, 40.291001317606387 ], [ -8.543275476878309, 40.2936895912597 ], [ -8.546817465052802, 40.2936895912597 ] ] ] } },
{ "type": "Feature", "properties": { "fid": 86, "Population": 30 }, "geometry": { "type": "Polygon", "coordinates": [ [ [ -8.543275476878309, 40.2936895912597 ], [ -8.543062796295237, 40.291001317606387 ], [ -8.539520896296773, 40.291001317606387 ], [ -8.539733488703815, 40.2936895912597 ], [ -8.543275476878309, 40.2936895912597 ] ] ] } },
{ "type": "Feature", "properties": { "fid": 87, "Population": 1 }, "geometry": { "type": "Polygon", "coordinates": [ [ [ -8.475977701562931, 40.2936895912597 ], [ -8.47576669632442, 40.291001317606387 ], [ -8.472224796325957, 40.291001317606387 ], [ -8.472435713388437, 40.2936895912597 ], [ -8.475977701562931, 40.2936895912597 ] ] ] } },
{ "type": "Feature", "properties": { "fid": 88, "Population": 75 }, "geometry": { "type": "Polygon", "coordinates": [ [ [ -8.454725772515971, 40.2936895912597 ], [ -8.454515296333636, 40.291001317606387 ], [ -8.450973396335172, 40.291001317606387 ], [ -8.451183784341477, 40.2936895912597 ], [ -8.454725772515971, 40.2936895912597 ] ] ] } },
{ "type": "Feature", "properties": { "fid": 89, "Population": 43 }, "geometry": { "type": "Polygon", "coordinates": [ [ [ -8.451183784341477, 40.2936895912597 ], [ -8.450973396335172, 40.291001317606387 ], [ -8.447431496336707, 40.291001317606387 ], [ -8.447641796166984, 40.2936895912597 ], [ -8.451183784341477, 40.2936895912597 ] ] ] } },
{ "type": "Feature", "properties": { "fid": 90, "Population": 90 }, "geometry": { "type": "Polygon", "coordinates": [ [ [ -8.447641796166984, 40.2936895912597 ], [ -8.447431496336707, 40.291001317606387 ], [ -8.443889596338243, 40.291001317606387 ], [ -8.44409980799249, 40.2936895912597 ], [ -8.447641796166984, 40.2936895912597 ] ] ] } },
{ "type": "Feature", "properties": { "fid": 91, "Population": 12 }, "geometry": { "type": "Polygon", "coordinates": [ [ [ -8.44409980799249, 40.2936895912597 ], [ -8.443889596338243, 40.291001317606387 ], [ -8.44034769633978, 40.291001317606387 ], [ -8.440557819817997, 40.2936895912597 ], [ -8.44409980799249, 40.2936895912597 ] ] ] } },
{ "type": "Feature", "properties": { "fid": 92, "Population": 2 }, "geometry": { "type": "Polygon", "coordinates": [ [ [ -8.440557819817997, 40.2936895912597 ], [ -8.44034769633978, 40.291001317606387 ], [ -8.436805796341316, 40.291001317606387 ], [ -8.437015831643503, 40.2936895912597 ], [ -8.440557819817997, 40.2936895912597 ] ] ] } },
{ "type": "Feature", "properties": { "fid": 93, "Population": 44 }, "geometry": { "type": "Polygon", "coordinates": [ [ [ -8.437015831643503, 40.2936895912597 ], [ -8.436805796341316, 40.291001317606387 ], [ -8.433263896342853, 40.291001317606387 ], [ -8.43347384346901, 40.2936895912597 ], [ -8.437015831643503, 40.2936895912597 ] ] ] } },
{ "type": "Feature", "properties": { "fid": 94, "Population": 22 }, "geometry": { "type": "Polygon", "coordinates": [ [ [ -8.43347384346901, 40.2936895912597 ], [ -8.433263896342853, 40.291001317606387 ], [ -8.429721996344387, 40.291001317606387 ], [ -8.429931855294516, 40.2936895912597 ], [ -8.43347384346901, 40.2936895912597 ] ] ] } },
{ "type": "Feature", "properties": { "fid": 95, "Population": 72 }, "geometry": { "type": "Polygon", "coordinates": [ [ [ -8.429931855294516, 40.2936895912597 ], [ -8.429721996344387, 40.291001317606387 ], [ -8.426180096345922, 40.291001317606387 ], [ -8.426389867120022, 40.2936895912597 ], [ -8.429931855294516, 40.2936895912597 ] ] ] } },
{ "type": "Feature", "properties": { "fid": 96, "Population": 59 }, "geometry": { "type": "Polygon", "coordinates": [ [ [ -8.426389867120022, 40.2936895912597 ], [ -8.426180096345922, 40.291001317606387 ], [ -8.422638196347458, 40.291001317606387 ], [ -8.422847878945531, 40.2936895912597 ], [ -8.426389867120022, 40.2936895912597 ] ] ] } },
{ "type": "Feature", "properties": { "fid": 97, "Population": 10 }, "geometry": { "type": "Polygon", "coordinates": [ [ [ -8.422847878945531, 40.2936895912597 ], [ -8.422638196347458, 40.291001317606387 ], [ -8.419096296348995, 40.291001317606387 ], [ -8.419305890771037, 40.2936895912597 ], [ -8.422847878945531, 40.2936895912597 ] ] ] } },
{ "type": "Feature", "properties": { "fid": 98, "Population": 4 }, "geometry": { "type": "Polygon", "coordinates": [ [ [ -8.419305890771037, 40.2936895912597 ], [ -8.419096296348995, 40.291001317606387 ], [ -8.415554396350531, 40.291001317606387 ], [ -8.415763902596542, 40.2936895912597 ], [ -8.419305890771037, 40.2936895912597 ] ] ] } },
{ "type": "Feature", "properties": { "fid": 99, "Population": 9 }, "geometry": { "type": "Polygon", "coordinates": [ [ [ -8.415763902596542, 40.2936895912597 ], [ -8.415554396350531, 40.291001317606387 ], [ -8.412012496352068, 40.291001317606387 ], [ -8.412221914422048, 40.2936895912597 ], [ -8.415763902596542, 40.2936895912597 ] ] ] } },
{ "type": "Feature", "properties": { "fid": 100, "Population": 3 }, "geometry": { "type": "Polygon", "coordinates": [ [ [ -8.330756186408697, 40.2936895912597 ], [ -8.330548796387395, 40.291001317606387 ], [ -8.327006896388932, 40.291001317606387 ], [ -8.327214198234206, 40.2936895912597 ], [ -8.330756186408697, 40.2936895912597 ] ] ] } },
{ "type": "Feature", "properties": { "fid": 101, "Population": 2 }, "geometry": { "type": "Polygon", "coordinates": [ [ [ -8.327214198234206, 40.2936895912597 ], [ -8.327006896388932, 40.291001317606387 ], [ -8.323464996390468, 40.291001317606387 ], [ -8.323672210059712, 40.2936895912597 ], [ -8.327214198234206, 40.2936895912597 ] ] ] } },
{ "type": "Feature", "properties": { "fid": 102, "Population": 1 }, "geometry": { "type": "Polygon", "coordinates": [ [ [ -8.323672210059712, 40.2936895912597 ], [ -8.323464996390468, 40.291001317606387 ], [ -8.319923096392003, 40.291001317606387 ], [ -8.320130221885218, 40.2936895912597 ], [ -8.323672210059712, 40.2936895912597 ] ] ] } },
{ "type": "Feature", "properties": { "fid": 103, "Population": 1 }, "geometry": { "type": "Polygon", "coordinates": [ [ [ -8.458267760690465, 40.2936895912597 ], [ -8.457846660797266, 40.288313083965072 ], [ -8.45430484896276, 40.288313083965072 ], [ -8.454725772515971, 40.2936895912597 ], [ -8.458267760690465, 40.2936895912597 ] ] ] } },
{ "type": "Feature", "properties": { "fid": 104, "Population": 1 }, "geometry": { "type": "Polygon", "coordinates": [ [ [ -8.535978996298308, 40.291001317606387 ], [ -8.535766521156368, 40.288313083965072 ], [ -8.532224709321865, 40.288313083965072 ], [ -8.532437096299844, 40.291001317606387 ], [ -8.535978996298308, 40.291001317606387 ] ] ] } },
{ "type": "Feature", "properties": { "fid": 105, "Population": 3 }, "geometry": { "type": "Polygon", "coordinates": [ [ [ -8.49347619631674, 40.291001317606387 ], [ -8.493264779142311, 40.288313083965072 ], [ -8.489722967307808, 40.288313083965072 ], [ -8.489934296318275, 40.291001317606387 ], [ -8.49347619631674, 40.291001317606387 ] ] ] } },
{ "type": "Feature", "properties": { "fid": 106, "Population": 1 }, "geometry": { "type": "Polygon", "coordinates": [ [ [ -8.489934296318275, 40.291001317606387 ], [ -8.489722967307808, 40.288313083965072 ], [ -8.486181155473302, 40.288313083965072 ], [ -8.486392396319811, 40.291001317606387 ], [ -8.489934296318275, 40.291001317606387 ] ] ] } },
{ "type": "Feature", "properties": { "fid": 107, "Population": 16 }, "geometry": { "type": "Polygon", "coordinates": [ [ [ -8.454515296333636, 40.291001317606387 ], [ -8.45430484896276, 40.288313083965072 ], [ -8.450763037128254, 40.288313083965072 ], [ -8.450973396335172, 40.291001317606387 ], [ -8.454515296333636, 40.291001317606387 ] ] ] } },
{ "type": "Feature", "properties": { "fid": 108, "Population": 60 }, "geometry": { "type": "Polygon", "coordinates": [ [ [ -8.450973396335172, 40.291001317606387 ], [ -8.450763037128254, 40.288313083965072 ], [ -8.447221225293751, 40.288313083965072 ], [ -8.447431496336707, 40.291001317606387 ], [ -8.450973396335172, 40.291001317606387 ] ] ] } },
{ "type": "Feature", "properties": { "fid": 109, "Population": 104 }, "geometry": { "type": "Polygon", "coordinates": [ [ [ -8.447431496336707, 40.291001317606387 ], [ -8.447221225293751, 40.288313083965072 ], [ -8.443679413459245, 40.288313083965072 ], [ -8.443889596338243, 40.291001317606387 ], [ -8.447431496336707, 40.291001317606387 ] ] ] } },
{ "type": "Feature", "properties": { "fid": 110, "Population": 49 }, "geometry": { "type": "Polygon", "coordinates": [ [ [ -8.443889596338243, 40.291001317606387 ], [ -8.443679413459245, 40.288313083965072 ], [ -8.440137601624741, 40.288313083965072 ], [ -8.44034769633978, 40.291001317606387 ], [ -8.443889596338243, 40.291001317606387 ] ] ] } },
{ "type": "Feature", "properties": { "fid": 111, "Population": 60 }, "geometry": { "type": "Polygon", "coordinates": [ [ [ -8.44034769633978, 40.291001317606387 ], [ -8.440137601624741, 40.288313083965072 ], [ -8.436595789790237, 40.288313083965072 ], [ -8.436805796341316, 40.291001317606387 ], [ -8.44034769633978, 40.291001317606387 ] ] ] } },
{ "type": "Feature", "properties": { "fid": 112, "Population": 61 }, "geometry": { "type": "Polygon", "coordinates": [ [ [ -8.436805796341316, 40.291001317606387 ], [ -8.436595789790237, 40.288313083965072 ], [ -8.433053977955732, 40.288313083965072 ], [ -8.433263896342853, 40.291001317606387 ], [ -8.436805796341316, 40.291001317606387 ] ] ] } },
{ "type": "Feature", "properties": { "fid": 113, "Population": 35 }, "geometry": { "type": "Polygon", "coordinates": [ [ [ -8.433263896342853, 40.291001317606387 ], [ -8.433053977955732, 40.288313083965072 ], [ -8.429512166121226, 40.288313083965072 ], [ -8.429721996344387, 40.291001317606387 ], [ -8.433263896342853, 40.291001317606387 ] ] ] } },
{ "type": "Feature", "properties": { "fid": 114, "Population": 89 }, "geometry": { "type": "Polygon", "coordinates": [ [ [ -8.429721996344387, 40.291001317606387 ], [ -8.429512166121226, 40.288313083965072 ], [ -8.425970354286722, 40.288313083965072 ], [ -8.426180096345922, 40.291001317606387 ], [ -8.429721996344387, 40.291001317606387 ] ] ] } },
{ "type": "Feature", "properties": { "fid": 115, "Population": 79 }, "geometry": { "type": "Polygon", "coordinates": [ [ [ -8.426180096345922, 40.291001317606387 ], [ -8.425970354286722, 40.288313083965072 ], [ -8.422428542452218, 40.288313083965072 ], [ -8.422638196347458, 40.291001317606387 ], [ -8.426180096345922, 40.291001317606387 ] ] ] } },
{ "type": "Feature", "properties": { "fid": 116, "Population": 16 }, "geometry": { "type": "Polygon", "coordinates": [ [ [ -8.422638196347458, 40.291001317606387 ], [ -8.422428542452218, 40.288313083965072 ], [ -8.418886730617713, 40.288313083965072 ], [ -8.419096296348995, 40.291001317606387 ], [ -8.422638196347458, 40.291001317606387 ] ] ] } },
{ "type": "Feature", "properties": { "fid": 117, "Population": 23 }, "geometry": { "type": "Polygon", "coordinates": [ [ [ -8.419096296348995, 40.291001317606387 ], [ -8.418886730617713, 40.288313083965072 ], [ -8.415344918783207, 40.288313083965072 ], [ -8.415554396350531, 40.291001317606387 ], [ -8.419096296348995, 40.291001317606387 ] ] ] } },
{ "type": "Feature", "properties": { "fid": 118, "Population": 3 }, "geometry": { "type": "Polygon", "coordinates": [ [ [ -8.415554396350531, 40.291001317606387 ], [ -8.415344918783207, 40.288313083965072 ], [ -8.411803106948703, 40.288313083965072 ], [ -8.412012496352068, 40.291001317606387 ], [ -8.415554396350531, 40.291001317606387 ] ] ] } },
{ "type": "Feature", "properties": { "fid": 119, "Population": 1 }, "geometry": { "type": "Polygon", "coordinates": [ [ [ -8.348258296379715, 40.291001317606387 ], [ -8.348050493927619, 40.288313083965072 ], [ -8.344508682093112, 40.288313083965072 ], [ -8.344716396381251, 40.291001317606387 ], [ -8.348258296379715, 40.291001317606387 ] ] ] } },
{ "type": "Feature", "properties": { "fid": 120, "Population": 2 }, "geometry": { "type": "Polygon", "coordinates": [ [ [ -8.341174496382788, 40.291001317606387 ], [ -8.340966870258608, 40.288313083965072 ], [ -8.337425058424104, 40.288313083965072 ], [ -8.337632596384321, 40.291001317606387 ], [ -8.341174496382788, 40.291001317606387 ] ] ] } },
{ "type": "Feature", "properties": { "fid": 121, "Population": 4 }, "geometry": { "type": "Polygon", "coordinates": [ [ [ -8.337632596384321, 40.291001317606387 ], [ -8.337425058424104, 40.288313083965072 ], [ -8.3338832465896, 40.288313083965072 ], [ -8.334090696385857, 40.291001317606387 ], [ -8.337632596384321, 40.291001317606387 ] ] ] } },
{ "type": "Feature", "properties": { "fid": 122, "Population": 6 }, "geometry": { "type": "Polygon", "coordinates": [ [ [ -8.334090696385857, 40.291001317606387 ], [ -8.3338832465896, 40.288313083965072 ], [ -8.330341434755095, 40.288313083965072 ], [ -8.330548796387395, 40.291001317606387 ], [ -8.334090696385857, 40.291001317606387 ] ] ] } },
{ "type": "Feature", "properties": { "fid": 123, "Population": 56 }, "geometry": { "type": "Polygon", "coordinates": [ [ [ -8.330548796387395, 40.291001317606387 ], [ -8.330341434755095, 40.288313083965072 ], [ -8.326799622920591, 40.288313083965072 ], [ -8.327006896388932, 40.291001317606387 ], [ -8.330548796387395, 40.291001317606387 ] ] ] } },
{ "type": "Feature", "properties": { "fid": 124, "Population": 53 }, "geometry": { "type": "Polygon", "coordinates": [ [ [ -8.327006896388932, 40.291001317606387 ], [ -8.326799622920591, 40.288313083965072 ], [ -8.323257811086085, 40.288313083965072 ], [ -8.323464996390468, 40.291001317606387 ], [ -8.327006896388932, 40.291001317606387 ] ] ] } },
{ "type": "Feature", "properties": { "fid": 125, "Population": 19 }, "geometry": { "type": "Polygon", "coordinates": [ [ [ -8.323464996390468, 40.291001317606387 ], [ -8.323257811086085, 40.288313083965072 ], [ -8.319715999251581, 40.288313083965072 ], [ -8.319923096392003, 40.291001317606387 ], [ -8.323464996390468, 40.291001317606387 ] ] ] } },
{ "type": "Feature", "properties": { "fid": 126, "Population": 1 }, "geometry": { "type": "Polygon", "coordinates": [ [ [ -8.51493957148236, 40.2936895912597 ], [ -8.514303733002881, 40.285624890330936 ], [ -8.510762009320269, 40.285624890330936 ], [ -8.511397583307867, 40.2936895912597 ], [ -8.51493957148236, 40.2936895912597 ] ] ] } },
{ "type": "Feature", "properties": { "fid": 127, "Population": 7 }, "geometry": { "type": "Polygon", "coordinates": [ [ [ -8.493264779142311, 40.288313083965072 ], [ -8.4930533909072, 40.285624890330936 ], [ -8.489511667224587, 40.285624890330936 ], [ -8.489722967307808, 40.288313083965072 ], [ -8.493264779142311, 40.288313083965072 ] ] ] } },
{ "type": "Feature", "properties": { "fid": 128, "Population": 15 }, "geometry": { "type": "Polygon", "coordinates": [ [ [ -8.489722967307808, 40.288313083965072 ], [ -8.489511667224587, 40.285624890330936 ], [ -8.485969943541974, 40.285624890330936 ], [ -8.486181155473302, 40.288313083965072 ], [ -8.489722967307808, 40.288313083965072 ] ] ] } },
{ "type": "Feature", "properties": { "fid": 129, "Population": 5 }, "geometry": { "type": "Polygon", "coordinates": [ [ [ -8.45430484896276, 40.288313083965072 ], [ -8.454094430398452, 40.285624890330936 ], [ -8.450552706715838, 40.285624890330936 ], [ -8.450763037128254, 40.288313083965072 ], [ -8.45430484896276, 40.288313083965072 ] ] ] } },
{ "type": "Feature", "properties": { "fid": 130, "Population": 84 }, "geometry": { "type": "Polygon", "coordinates": [ [ [ -8.450763037128254, 40.288313083965072 ], [ -8.450552706715838, 40.285624890330936 ], [ -8.447010983033223, 40.285624890330936 ], [ -8.447221225293751, 40.288313083965072 ], [ -8.450763037128254, 40.288313083965072 ] ] ] } },
{ "type": "Feature", "properties": { "fid": 131, "Population": 66 }, "geometry": { "type": "Polygon", "coordinates": [ [ [ -8.447221225293751, 40.288313083965072 ], [ -8.447010983033223, 40.285624890330936 ], [ -8.443469259350611, 40.285624890330936 ], [ -8.443679413459245, 40.288313083965072 ], [ -8.447221225293751, 40.288313083965072 ] ] ] } },
{ "type": "Feature", "properties": { "fid": 132, "Population": 8 }, "geometry": { "type": "Polygon", "coordinates": [ [ [ -8.443679413459245, 40.288313083965072 ], [ -8.443469259350611, 40.285624890330936 ], [ -8.439927535667998, 40.285624890330936 ], [ -8.440137601624741, 40.288313083965072 ], [ -8.443679413459245, 40.288313083965072 ] ] ] } },
{ "type": "Feature", "properties": { "fid": 133, "Population": 1 }, "geometry": { "type": "Polygon", "coordinates": [ [ [ -8.440137601624741, 40.288313083965072 ], [ -8.439927535667998, 40.285624890330936 ], [ -8.436385811985383, 40.285624890330936 ], [ -8.436595789790237, 40.288313083965072 ], [ -8.440137601624741, 40.288313083965072 ] ] ] } },
{ "type": "Feature", "properties": { "fid": 134, "Population": 5 }, "geometry": { "type": "Polygon", "coordinates": [ [ [ -8.429512166121226, 40.288313083965072 ], [ -8.429302364620158, 40.285624890330936 ], [ -8.425760640937543, 40.285624890330936 ], [ -8.425970354286722, 40.288313083965072 ], [ -8.429512166121226, 40.288313083965072 ] ] ] } },
{ "type": "Feature", "properties": { "fid": 135, "Population": 120 }, "geometry": { "type": "Polygon", "coordinates": [ [ [ -8.425970354286722, 40.288313083965072 ], [ -8.425760640937543, 40.285624890330936 ], [ -8.422218917254929, 40.285624890330936 ], [ -8.422428542452218, 40.288313083965072 ], [ -8.425970354286722, 40.288313083965072 ] ] ] } },
{ "type": "Feature", "properties": { "fid": 136, "Population": 18 }, "geometry": { "type": "Polygon", "coordinates": [ [ [ -8.422428542452218, 40.288313083965072 ], [ -8.422218917254929, 40.285624890330936 ], [ -8.418677193572316, 40.285624890330936 ], [ -8.418886730617713, 40.288313083965072 ], [ -8.422428542452218, 40.288313083965072 ] ] ] } },
{ "type": "Feature", "properties": { "fid": 137, "Population": 14 }, "geometry": { "type": "Polygon", "coordinates": [ [ [ -8.418886730617713, 40.288313083965072 ], [ -8.418677193572316, 40.285624890330936 ], [ -8.415135469889703, 40.285624890330936 ], [ -8.415344918783207, 40.288313083965072 ], [ -8.418886730617713, 40.288313083965072 ] ] ] } },
{ "type": "Feature", "properties": { "fid": 138, "Population": 1 }, "geometry": { "type": "Polygon", "coordinates": [ [ [ -8.415344918783207, 40.288313083965072 ], [ -8.415135469889703, 40.285624890330936 ], [ -8.411593746207089, 40.285624890330936 ], [ -8.411803106948703, 40.288313083965072 ], [ -8.415344918783207, 40.288313083965072 ] ] ] } },
{ "type": "Feature", "properties": { "fid": 139, "Population": 23 }, "geometry": { "type": "Polygon", "coordinates": [ [ [ -8.383468612272667, 40.288313083965072 ], [ -8.383259956746182, 40.285624890330936 ], [ -8.379718233063569, 40.285624890330936 ], [ -8.37992680043816, 40.288313083965072 ], [ -8.383468612272667, 40.288313083965072 ] ] ] } },
{ "type": "Feature", "properties": { "fid": 140, "Population": 1 }, "geometry": { "type": "Polygon", "coordinates": [ [ [ -8.37992680043816, 40.288313083965072 ], [ -8.379718233063569, 40.285624890330936 ], [ -8.376176509380954, 40.285624890330936 ], [ -8.376384988603656, 40.288313083965072 ], [ -8.37992680043816, 40.288313083965072 ] ] ] } },
{ "type": "Feature", "properties": { "fid": 141, "Population": 1 }, "geometry": { "type": "Polygon", "coordinates": [ [ [ -8.358675929431133, 40.288313083965072 ], [ -8.358467890967887, 40.285624890330936 ], [ -8.354926167285273, 40.285624890330936 ], [ -8.355134117596627, 40.288313083965072 ], [ -8.358675929431133, 40.288313083965072 ] ] ] } },
{ "type": "Feature", "properties": { "fid": 142, "Population": 8 }, "geometry": { "type": "Polygon", "coordinates": [ [ [ -8.351592305762123, 40.288313083965072 ], [ -8.35138444360266, 40.285624890330936 ], [ -8.347842719920045, 40.285624890330936 ], [ -8.348050493927619, 40.288313083965072 ], [ -8.351592305762123, 40.288313083965072 ] ] ] } },
{ "type": "Feature", "properties": { "fid": 143, "Population": 30 }, "geometry": { "type": "Polygon", "coordinates": [ [ [ -8.348050493927619, 40.288313083965072 ], [ -8.347842719920045, 40.285624890330936 ], [ -8.344300996237433, 40.285624890330936 ], [ -8.344508682093112, 40.288313083965072 ], [ -8.348050493927619, 40.288313083965072 ] ] ] } },
{ "type": "Feature", "properties": { "fid": 144, "Population": 25 }, "geometry": { "type": "Polygon", "coordinates": [ [ [ -8.344508682093112, 40.288313083965072 ], [ -8.344300996237433, 40.285624890330936 ], [ -8.340759272554818, 40.285624890330936 ], [ -8.340966870258608, 40.288313083965072 ], [ -8.344508682093112, 40.288313083965072 ] ] ] } },
{ "type": "Feature", "properties": { "fid": 145, "Population": 31 }, "geometry": { "type": "Polygon", "coordinates": [ [ [ -8.340966870258608, 40.288313083965072 ], [ -8.340759272554818, 40.285624890330936 ], [ -8.337217548872205, 40.285624890330936 ], [ -8.337425058424104, 40.288313083965072 ], [ -8.340966870258608, 40.288313083965072 ] ] ] } },
{ "type": "Feature", "properties": { "fid": 146, "Population": 55 }, "geometry": { "type": "Polygon", "coordinates": [ [ [ -8.337425058424104, 40.288313083965072 ], [ -8.337217548872205, 40.285624890330936 ], [ -8.333675825189593, 40.285624890330936 ], [ -8.3338832465896, 40.288313083965072 ], [ -8.337425058424104, 40.288313083965072 ] ] ] } },
{ "type": "Feature", "properties": { "fid": 147, "Population": 50 }, "geometry": { "type": "Polygon", "coordinates": [ [ [ -8.3338832465896, 40.288313083965072 ], [ -8.333675825189593, 40.285624890330936 ], [ -8.330134101506978, 40.285624890330936 ], [ -8.330341434755095, 40.288313083965072 ], [ -8.3338832465896, 40.288313083965072 ] ] ] } },
{ "type": "Feature", "properties": { "fid": 148, "Population": 36 }, "geometry": { "type": "Polygon", "coordinates": [ [ [ -8.330341434755095, 40.288313083965072 ], [ -8.330134101506978, 40.285624890330936 ], [ -8.326592377824365, 40.285624890330936 ], [ -8.326799622920591, 40.288313083965072 ], [ -8.330341434755095, 40.288313083965072 ] ] ] } },
{ "type": "Feature", "properties": { "fid": 149, "Population": 81 }, "geometry": { "type": "Polygon", "coordinates": [ [ [ -8.326799622920591, 40.288313083965072 ], [ -8.326592377824365, 40.285624890330936 ], [ -8.323050654141753, 40.285624890330936 ], [ -8.323257811086085, 40.288313083965072 ], [ -8.326799622920591, 40.288313083965072 ] ] ] } },
{ "type": "Feature", "properties": { "fid": 150, "Population": 44 }, "geometry": { "type": "Polygon", "coordinates": [ [ [ -8.323257811086085, 40.288313083965072 ], [ -8.323050654141753, 40.285624890330936 ], [ -8.319508930459138, 40.285624890330936 ], [ -8.319715999251581, 40.288313083965072 ], [ -8.323257811086085, 40.288313083965072 ] ] ] } },
{ "type": "Feature", "properties": { "fid": 151, "Population": 1 }, "geometry": { "type": "Polygon", "coordinates": [ [ [ -8.475555719969789, 40.288313083965072 ], [ -8.475133853892553, 40.282936736699092 ], [ -8.471592218349766, 40.282936736699092 ], [ -8.47180304881152, 40.285624890330936 ], [ -8.468261325128905, 40.285624890330936 ], [ -8.468472096300779, 40.288313083965072 ], [ -8.475555719969789, 40.288313083965072 ] ] ] } },
{ "type": "Feature", "properties": { "fid": 152, "Population": 6 }, "geometry": { "type": "Polygon", "coordinates": [ [ [ -8.4930533909072, 40.285624890330936 ], [ -8.492842031606495, 40.282936736699092 ], [ -8.489300396063708, 40.282936736699092 ], [ -8.489511667224587, 40.285624890330936 ], [ -8.4930533909072, 40.285624890330936 ] ] ] } },
{ "type": "Feature", "properties": { "fid": 153, "Population": 44 }, "geometry": { "type": "Polygon", "coordinates": [ [ [ -8.489511667224587, 40.285624890330936 ], [ -8.489300396063708, 40.282936736699092 ], [ -8.485758760520918, 40.282936736699092 ], [ -8.485969943541974, 40.285624890330936 ], [ -8.489511667224587, 40.285624890330936 ] ] ] } },
{ "type": "Feature", "properties": { "fid": 154, "Population": 31 }, "geometry": { "type": "Polygon", "coordinates": [ [ [ -8.485969943541974, 40.285624890330936 ], [ -8.485758760520918, 40.282936736699092 ], [ -8.48221712497813, 40.282936736699092 ], [ -8.48242821985936, 40.285624890330936 ], [ -8.485969943541974, 40.285624890330936 ] ] ] } },
{ "type": "Feature", "properties": { "fid": 155, "Population": 7 }, "geometry": { "type": "Polygon", "coordinates": [ [ [ -8.457636154081065, 40.285624890330936 ], [ -8.457425676178611, 40.282936736699092 ], [ -8.453884040635824, 40.282936736699092 ], [ -8.454094430398452, 40.285624890330936 ], [ -8.457636154081065, 40.285624890330936 ] ] ] } },
{ "type": "Feature", "properties": { "fid": 156, "Population": 32 }, "geometry": { "type": "Polygon", "coordinates": [ [ [ -8.454094430398452, 40.285624890330936 ], [ -8.453884040635824, 40.282936736699092 ], [ -8.450342405093034, 40.282936736699092 ], [ -8.450552706715838, 40.285624890330936 ], [ -8.454094430398452, 40.285624890330936 ] ] ] } },
{ "type": "Feature", "properties": { "fid": 157, "Population": 12 }, "geometry": { "type": "Polygon", "coordinates": [ [ [ -8.450552706715838, 40.285624890330936 ], [ -8.450342405093034, 40.282936736699092 ], [ -8.446800769550245, 40.282936736699092 ], [ -8.447010983033223, 40.285624890330936 ], [ -8.450552706715838, 40.285624890330936 ] ] ] } },
{ "type": "Feature", "properties": { "fid": 158, "Population": 25 }, "geometry": { "type": "Polygon", "coordinates": [ [ [ -8.447010983033223, 40.285624890330936 ], [ -8.446800769550245, 40.282936736699092 ], [ -8.443259134007459, 40.282936736699092 ], [ -8.443469259350611, 40.285624890330936 ], [ -8.447010983033223, 40.285624890330936 ] ] ] } },
{ "type": "Feature", "properties": { "fid": 159, "Population": 2 }, "geometry": { "type": "Polygon", "coordinates": [ [ [ -8.443469259350611, 40.285624890330936 ], [ -8.443259134007459, 40.282936736699092 ], [ -8.439717498464669, 40.282936736699092 ], [ -8.439927535667998, 40.285624890330936 ], [ -8.443469259350611, 40.285624890330936 ] ] ] } },
{ "type": "Feature", "properties": { "fid": 160, "Population": 2 }, "geometry": { "type": "Polygon", "coordinates": [ [ [ -8.432844088302771, 40.285624890330936 ], [ -8.432634227379094, 40.282936736699092 ], [ -8.429092591836303, 40.282936736699092 ], [ -8.429302364620158, 40.285624890330936 ], [ -8.432844088302771, 40.285624890330936 ] ] ] } },
{ "type": "Feature", "properties": { "fid": 161, "Population": 18 }, "geometry": { "type": "Polygon", "coordinates": [ [ [ -8.429302364620158, 40.285624890330936 ], [ -8.429092591836303, 40.282936736699092 ], [ -8.425550956293517, 40.282936736699092 ], [ -8.425760640937543, 40.285624890330936 ], [ -8.429302364620158, 40.285624890330936 ] ] ] } },
{ "type": "Feature", "properties": { "fid": 162, "Population": 129 }, "geometry": { "type": "Polygon", "coordinates": [ [ [ -8.425760640937543, 40.285624890330936 ], [ -8.425550956293517, 40.282936736699092 ], [ -8.422009320750727, 40.282936736699092 ], [ -8.422218917254929, 40.285624890330936 ], [ -8.425760640937543, 40.285624890330936 ] ] ] } },
{ "type": "Feature", "properties": { "fid": 163, "Population": 138 }, "geometry": { "type": "Polygon", "coordinates": [ [ [ -8.422218917254929, 40.285624890330936 ], [ -8.422009320750727, 40.282936736699092 ], [ -8.41846768520794, 40.282936736699092 ], [ -8.418677193572316, 40.285624890330936 ], [ -8.422218917254929, 40.285624890330936 ] ] ] } },
{ "type": "Feature", "properties": { "fid": 164, "Population": 19 }, "geometry": { "type": "Polygon", "coordinates": [ [ [ -8.418677193572316, 40.285624890330936 ], [ -8.41846768520794, 40.282936736699092 ], [ -8.414926049665151, 40.282936736699092 ], [ -8.415135469889703, 40.285624890330936 ], [ -8.418677193572316, 40.285624890330936 ] ] ] } },
{ "type": "Feature", "properties": { "fid": 165, "Population": 1 }, "geometry": { "type": "Polygon", "coordinates": [ [ [ -8.400968575159249, 40.285624890330936 ], [ -8.400759507493998, 40.282936736699092 ], [ -8.397217871951209, 40.282936736699092 ], [ -8.397426851476634, 40.285624890330936 ], [ -8.400968575159249, 40.285624890330936 ] ] ] } },
{ "type": "Feature", "properties": { "fid": 166, "Population": 5 }, "geometry": { "type": "Polygon", "coordinates": [ [ [ -8.390343404111409, 40.285624890330936 ], [ -8.390134600865633, 40.282936736699092 ], [ -8.386592965322844, 40.282936736699092 ], [ -8.386801680428794, 40.285624890330936 ], [ -8.390343404111409, 40.285624890330936 ] ] ] } },
{ "type": "Feature", "properties": { "fid": 167, "Population": 22 }, "geometry": { "type": "Polygon", "coordinates": [ [ [ -8.386801680428794, 40.285624890330936 ], [ -8.386592965322844, 40.282936736699092 ], [ -8.383051329780056, 40.282936736699092 ], [ -8.383259956746182, 40.285624890330936 ], [ -8.386801680428794, 40.285624890330936 ] ] ] } },
{ "type": "Feature", "properties": { "fid": 168, "Population": 47 }, "geometry": { "type": "Polygon", "coordinates": [ [ [ -8.383259956746182, 40.285624890330936 ], [ -8.383051329780056, 40.282936736699092 ], [ -8.379509694237267, 40.282936736699092 ], [ -8.379718233063569, 40.285624890330936 ], [ -8.383259956746182, 40.285624890330936 ] ] ] } },
{ "type": "Feature", "properties": { "fid": 169, "Population": 44 }, "geometry": { "type": "Polygon", "coordinates": [ [ [ -8.379718233063569, 40.285624890330936 ], [ -8.379509694237267, 40.282936736699092 ], [ -8.375968058694479, 40.282936736699092 ], [ -8.376176509380954, 40.285624890330936 ], [ -8.379718233063569, 40.285624890330936 ] ] ] } },
{ "type": "Feature", "properties": { "fid": 170, "Population": 4 }, "geometry": { "type": "Polygon", "coordinates": [ [ [ -8.376176509380954, 40.285624890330936 ], [ -8.375968058694479, 40.282936736699092 ], [ -8.37242642315169, 40.282936736699092 ], [ -8.37263478569834, 40.285624890330936 ], [ -8.376176509380954, 40.285624890330936 ] ] ] } },
{ "type": "Feature", "properties": { "fid": 171, "Population": 36 }, "geometry": { "type": "Polygon", "coordinates": [ [ [ -8.358467890967887, 40.285624890330936 ], [ -8.358259880980537, 40.282936736699092 ], [ -8.354718245437748, 40.282936736699092 ], [ -8.354926167285273, 40.285624890330936 ], [ -8.358467890967887, 40.285624890330936 ] ] ] } },
{ "type": "Feature", "properties": { "fid": 172, "Population": 7 }, "geometry": { "type": "Polygon", "coordinates": [ [ [ -8.354926167285273, 40.285624890330936 ], [ -8.354718245437748, 40.282936736699092 ], [ -8.35117660989496, 40.282936736699092 ], [ -8.35138444360266, 40.285624890330936 ], [ -8.354926167285273, 40.285624890330936 ] ] ] } },
{ "type": "Feature", "properties": { "fid": 173, "Population": 0 }, "geometry": { "type": "Polygon", "coordinates": [ [ [ -8.35138444360266, 40.285624890330936 ], [ -8.35117660989496, 40.282936736699092 ], [ -8.347634974352172, 40.282936736699092 ], [ -8.347842719920045, 40.285624890330936 ], [ -8.35138444360266, 40.285624890330936 ] ] ] } },
{ "type": "Feature", "properties": { "fid": 174, "Population": 5 }, "geometry": { "type": "Polygon", "coordinates": [ [ [ -8.347842719920045, 40.285624890330936 ], [ -8.347634974352172, 40.282936736699092 ], [ -8.344093338809383, 40.282936736699092 ], [ -8.344300996237433, 40.285624890330936 ], [ -8.347842719920045, 40.285624890330936 ] ] ] } },
{ "type": "Feature", "properties": { "fid": 175, "Population": 49 }, "geometry": { "type": "Polygon", "coordinates": [ [ [ -8.344300996237433, 40.285624890330936 ], [ -8.344093338809383, 40.282936736699092 ], [ -8.340551703266595, 40.282936736699092 ], [ -8.340759272554818, 40.285624890330936 ], [ -8.344300996237433, 40.285624890330936 ] ] ] } },
{ "type": "Feature", "properties": { "fid": 176, "Population": 34 }, "geometry": { "type": "Polygon", "coordinates": [ [ [ -8.340759272554818, 40.285624890330936 ], [ -8.340551703266595, 40.282936736699092 ], [ -8.337010067723806, 40.282936736699092 ], [ -8.337217548872205, 40.285624890330936 ], [ -8.340759272554818, 40.285624890330936 ] ] ] } },
{ "type": "Feature", "properties": { "fid": 177, "Population": 6 }, "geometry": { "type": "Polygon", "coordinates": [ [ [ -8.337217548872205, 40.285624890330936 ], [ -8.337010067723806, 40.282936736699092 ], [ -8.333468432181018, 40.282936736699092 ], [ -8.333675825189593, 40.285624890330936 ], [ -8.337217548872205, 40.285624890330936 ] ] ] } },
{ "type": "Feature", "properties": { "fid": 178, "Population": 30 }, "geometry": { "type": "Polygon", "coordinates": [ [ [ -8.333675825189593, 40.285624890330936 ], [ -8.333468432181018, 40.282936736699092 ], [ -8.329926796638231, 40.282936736699092 ], [ -8.330134101506978, 40.285624890330936 ], [ -8.333675825189593, 40.285624890330936 ] ] ] } },
{ "type": "Feature", "properties": { "fid": 179, "Population": 22 }, "geometry": { "type": "Polygon", "coordinates": [ [ [ -8.330134101506978, 40.285624890330936 ], [ -8.329926796638231, 40.282936736699092 ], [ -8.326385161095443, 40.282936736699092 ], [ -8.326592377824365, 40.285624890330936 ], [ -8.330134101506978, 40.285624890330936 ] ] ] } },
{ "type": "Feature", "properties": { "fid": 180, "Population": 39 }, "geometry": { "type": "Polygon", "coordinates": [ [ [ -8.326592377824365, 40.285624890330936 ], [ -8.326385161095443, 40.282936736699092 ], [ -8.322843525552653, 40.282936736699092 ], [ -8.323050654141753, 40.285624890330936 ], [ -8.326592377824365, 40.285624890330936 ] ] ] } },
{ "type": "Feature", "properties": { "fid": 181, "Population": 50 }, "geometry": { "type": "Polygon", "coordinates": [ [ [ -8.323050654141753, 40.285624890330936 ], [ -8.322843525552653, 40.282936736699092 ], [ -8.319301890009866, 40.282936736699092 ], [ -8.319508930459138, 40.285624890330936 ], [ -8.323050654141753, 40.285624890330936 ] ] ] } },
{ "type": "Feature", "properties": { "fid": 182, "Population": 1 }, "geometry": { "type": "Polygon", "coordinates": [ [ [ -8.408052022524476, 40.285624890330936 ], [ -8.407633563274635, 40.280248623064637 ], [ -8.404092015859606, 40.280248623064637 ], [ -8.404510298841863, 40.285624890330936 ], [ -8.408052022524476, 40.285624890330936 ] ] ] } },
{ "type": "Feature", "properties": { "fid": 183, "Population": 1 }, "geometry": { "type": "Polygon", "coordinates": [ [ [ -8.521175115948802, 40.282936736699092 ], [ -8.520963080555505, 40.280248623064637 ], [ -8.51742153314048, 40.280248623064637 ], [ -8.517633480406014, 40.282936736699092 ], [ -8.521175115948802, 40.282936736699092 ] ] ] } },
{ "type": "Feature", "properties": { "fid": 184, "Population": 10 }, "geometry": { "type": "Polygon", "coordinates": [ [ [ -8.492842031606495, 40.282936736699092 ], [ -8.492630701235287, 40.280248623064637 ], [ -8.489089153820261, 40.280248623064637 ], [ -8.489300396063708, 40.282936736699092 ], [ -8.492842031606495, 40.282936736699092 ] ] ] } },
{ "type": "Feature", "properties": { "fid": 185, "Population": 22 }, "geometry": { "type": "Polygon", "coordinates": [ [ [ -8.489300396063708, 40.282936736699092 ], [ -8.489089153820261, 40.280248623064637 ], [ -8.485547606405234, 40.280248623064637 ], [ -8.485758760520918, 40.282936736699092 ], [ -8.489300396063708, 40.282936736699092 ] ] ] } },
{ "type": "Feature", "properties": { "fid": 186, "Population": 24 }, "geometry": { "type": "Polygon", "coordinates": [ [ [ -8.485758760520918, 40.282936736699092 ], [ -8.485547606405234, 40.280248623064637 ], [ -8.482006058990205, 40.280248623064637 ], [ -8.48221712497813, 40.282936736699092 ], [ -8.485758760520918, 40.282936736699092 ] ] ] } },
{ "type": "Feature", "properties": { "fid": 187, "Population": 8 }, "geometry": { "type": "Polygon", "coordinates": [ [ [ -8.48221712497813, 40.282936736699092 ], [ -8.482006058990205, 40.280248623064637 ], [ -8.478464511575179, 40.280248623064637 ], [ -8.478675489435343, 40.282936736699092 ], [ -8.48221712497813, 40.282936736699092 ] ] ] } },
{ "type": "Feature", "properties": { "fid": 188, "Population": 4 }, "geometry": { "type": "Polygon", "coordinates": [ [ [ -8.478675489435343, 40.282936736699092 ], [ -8.478464511575179, 40.280248623064637 ], [ -8.474922964160152, 40.280248623064637 ], [ -8.475133853892553, 40.282936736699092 ], [ -8.478675489435343, 40.282936736699092 ] ] ] } },
{ "type": "Feature", "properties": { "fid": 189, "Population": 47 }, "geometry": { "type": "Polygon", "coordinates": [ [ [ -8.457425676178611, 40.282936736699092 ], [ -8.457215227085015, 40.280248623064637 ], [ -8.453673679669988, 40.280248623064637 ], [ -8.453884040635824, 40.282936736699092 ], [ -8.457425676178611, 40.282936736699092 ] ] ] } },
{ "type": "Feature", "properties": { "fid": 190, "Population": 69 }, "geometry": { "type": "Polygon", "coordinates": [ [ [ -8.453884040635824, 40.282936736699092 ], [ -8.453673679669988, 40.280248623064637 ], [ -8.450132132254961, 40.280248623064637 ], [ -8.450342405093034, 40.282936736699092 ], [ -8.453884040635824, 40.282936736699092 ] ] ] } },
{ "type": "Feature", "properties": { "fid": 191, "Population": 1 }, "geometry": { "type": "Polygon", "coordinates": [ [ [ -8.450342405093034, 40.282936736699092 ], [ -8.450132132254961, 40.280248623064637 ], [ -8.446590584839933, 40.280248623064637 ], [ -8.446800769550245, 40.282936736699092 ], [ -8.450342405093034, 40.282936736699092 ] ] ] } },
{ "type": "Feature", "properties": { "fid": 192, "Population": 28 }, "geometry": { "type": "Polygon", "coordinates": [ [ [ -8.446800769550245, 40.282936736699092 ], [ -8.446590584839933, 40.280248623064637 ], [ -8.443049037424906, 40.280248623064637 ], [ -8.443259134007459, 40.282936736699092 ], [ -8.446800769550245, 40.282936736699092 ] ] ] } },
{ "type": "Feature", "properties": { "fid": 193, "Population": 1 }, "geometry": { "type": "Polygon", "coordinates": [ [ [ -8.443259134007459, 40.282936736699092 ], [ -8.443049037424906, 40.280248623064637 ], [ -8.439507490009881, 40.280248623064637 ], [ -8.439717498464669, 40.282936736699092 ], [ -8.443259134007459, 40.282936736699092 ] ] ] } },
{ "type": "Feature", "properties": { "fid": 194, "Population": 4 }, "geometry": { "type": "Polygon", "coordinates": [ [ [ -8.432634227379094, 40.282936736699092 ], [ -8.432424395179824, 40.280248623064637 ], [ -8.428882847764797, 40.280248623064637 ], [ -8.429092591836303, 40.282936736699092 ], [ -8.432634227379094, 40.282936736699092 ] ] ] } },
{ "type": "Feature", "properties": { "fid": 195, "Population": 34 }, "geometry": { "type": "Polygon", "coordinates": [ [ [ -8.429092591836303, 40.282936736699092 ], [ -8.428882847764797, 40.280248623064637 ], [ -8.425341300349771, 40.280248623064637 ], [ -8.425550956293517, 40.282936736699092 ], [ -8.429092591836303, 40.282936736699092 ] ] ] } },
{ "type": "Feature", "properties": { "fid": 196, "Population": 4 }, "geometry": { "type": "Polygon", "coordinates": [ [ [ -8.425550956293517, 40.282936736699092 ], [ -8.425341300349771, 40.280248623064637 ], [ -8.421799752934744, 40.280248623064637 ], [ -8.422009320750727, 40.282936736699092 ], [ -8.425550956293517, 40.282936736699092 ] ] ] } },
{ "type": "Feature", "properties": { "fid": 197, "Population": 47 }, "geometry": { "type": "Polygon", "coordinates": [ [ [ -8.422009320750727, 40.282936736699092 ], [ -8.421799752934744, 40.280248623064637 ], [ -8.418258205519715, 40.280248623064637 ], [ -8.41846768520794, 40.282936736699092 ], [ -8.422009320750727, 40.282936736699092 ] ] ] } },
{ "type": "Feature", "properties": { "fid": 198, "Population": 17 }, "geometry": { "type": "Polygon", "coordinates": [ [ [ -8.41846768520794, 40.282936736699092 ], [ -8.418258205519715, 40.280248623064637 ], [ -8.414716658104687, 40.280248623064637 ], [ -8.414926049665151, 40.282936736699092 ], [ -8.41846768520794, 40.282936736699092 ] ] ] } },
{ "type": "Feature", "properties": { "fid": 199, "Population": 13 }, "geometry": { "type": "Polygon", "coordinates": [ [ [ -8.404301143036786, 40.282936736699092 ], [ -8.404092015859606, 40.280248623064637 ], [ -8.40055046844458, 40.280248623064637 ], [ -8.400759507493998, 40.282936736699092 ], [ -8.404301143036786, 40.282936736699092 ] ] ] } },
{ "type": "Feature", "properties": { "fid": 200, "Population": 22 }, "geometry": { "type": "Polygon", "coordinates": [ [ [ -8.400759507493998, 40.282936736699092 ], [ -8.40055046844458, 40.280248623064637 ], [ -8.397008921029553, 40.280248623064637 ], [ -8.397217871951209, 40.282936736699092 ], [ -8.400759507493998, 40.282936736699092 ] ] ] } },
{ "type": "Feature", "properties": { "fid": 201, "Population": 2 }, "geometry": { "type": "Polygon", "coordinates": [ [ [ -8.386592965322844, 40.282936736699092 ], [ -8.386384278784471, 40.280248623064637 ], [ -8.382842731369443, 40.280248623064637 ], [ -8.383051329780056, 40.282936736699092 ], [ -8.386592965322844, 40.282936736699092 ] ] ] } },
{ "type": "Feature", "properties": { "fid": 202, "Population": 11 }, "geometry": { "type": "Polygon", "coordinates": [ [ [ -8.379509694237267, 40.282936736699092 ], [ -8.379301183954416, 40.280248623064637 ], [ -8.375759636539389, 40.280248623064637 ], [ -8.375968058694479, 40.282936736699092 ], [ -8.379509694237267, 40.282936736699092 ] ] ] } },
{ "type": "Feature", "properties": { "fid": 203, "Population": 3 }, "geometry": { "type": "Polygon", "coordinates": [ [ [ -8.375968058694479, 40.282936736699092 ], [ -8.375759636539389, 40.280248623064637 ], [ -8.372218089124361, 40.280248623064637 ], [ -8.37242642315169, 40.282936736699092 ], [ -8.375968058694479, 40.282936736699092 ] ] ] } },
{ "type": "Feature", "properties": { "fid": 204, "Population": 101 }, "geometry": { "type": "Polygon", "coordinates": [ [ [ -8.358259880980537, 40.282936736699092 ], [ -8.358051899464252, 40.280248623064637 ], [ -8.354510352049225, 40.280248623064637 ], [ -8.354718245437748, 40.282936736699092 ], [ -8.358259880980537, 40.282936736699092 ] ] ] } },
{ "type": "Feature", "properties": { "fid": 205, "Population": 16 }, "geometry": { "type": "Polygon", "coordinates": [ [ [ -8.354718245437748, 40.282936736699092 ], [ -8.354510352049225, 40.280248623064637 ], [ -8.350968804634197, 40.280248623064637 ], [ -8.35117660989496, 40.282936736699092 ], [ -8.354718245437748, 40.282936736699092 ] ] ] } },
{ "type": "Feature", "properties": { "fid": 206, "Population": 2 }, "geometry": { "type": "Polygon", "coordinates": [ [ [ -8.35117660989496, 40.282936736699092 ], [ -8.350968804634197, 40.280248623064637 ], [ -8.347427257219172, 40.280248623064637 ], [ -8.347634974352172, 40.282936736699092 ], [ -8.35117660989496, 40.282936736699092 ] ] ] } },
{ "type": "Feature", "properties": { "fid": 207, "Population": 20 }, "geometry": { "type": "Polygon", "coordinates": [ [ [ -8.347634974352172, 40.282936736699092 ], [ -8.347427257219172, 40.280248623064637 ], [ -8.343885709804145, 40.280248623064637 ], [ -8.344093338809383, 40.282936736699092 ], [ -8.347634974352172, 40.282936736699092 ] ] ] } },
{ "type": "Feature", "properties": { "fid": 208, "Population": 0 }, "geometry": { "type": "Polygon", "coordinates": [ [ [ -8.344093338809383, 40.282936736699092 ], [ -8.343885709804145, 40.280248623064637 ], [ -8.340344162389115, 40.280248623064637 ], [ -8.340551703266595, 40.282936736699092 ], [ -8.344093338809383, 40.282936736699092 ] ] ] } },
{ "type": "Feature", "properties": { "fid": 209, "Population": 27 }, "geometry": { "type": "Polygon", "coordinates": [ [ [ -8.340551703266595, 40.282936736699092 ], [ -8.340344162389115, 40.280248623064637 ], [ -8.336802614974088, 40.280248623064637 ], [ -8.337010067723806, 40.282936736699092 ], [ -8.340551703266595, 40.282936736699092 ] ] ] } },
{ "type": "Feature", "properties": { "fid": 210, "Population": 5 }, "geometry": { "type": "Polygon", "coordinates": [ [ [ -8.337010067723806, 40.282936736699092 ], [ -8.336802614974088, 40.280248623064637 ], [ -8.333261067559063, 40.280248623064637 ], [ -8.333468432181018, 40.282936736699092 ], [ -8.337010067723806, 40.282936736699092 ] ] ] } },
{ "type": "Feature", "properties": { "fid": 211, "Population": 1 }, "geometry": { "type": "Polygon", "coordinates": [ [ [ -8.333468432181018, 40.282936736699092 ], [ -8.333261067559063, 40.280248623064637 ], [ -8.329719520144037, 40.280248623064637 ], [ -8.329926796638231, 40.282936736699092 ], [ -8.333468432181018, 40.282936736699092 ] ] ] } },
{ "type": "Feature", "properties": { "fid": 212, "Population": 11 }, "geometry": { "type": "Polygon", "coordinates": [ [ [ -8.329926796638231, 40.282936736699092 ], [ -8.329719520144037, 40.280248623064637 ], [ -8.326177972729008, 40.280248623064637 ], [ -8.326385161095443, 40.282936736699092 ], [ -8.329926796638231, 40.282936736699092 ] ] ] } },
{ "type": "Feature", "properties": { "fid": 213, "Population": 44 }, "geometry": { "type": "Polygon", "coordinates": [ [ [ -8.326385161095443, 40.282936736699092 ], [ -8.326177972729008, 40.280248623064637 ], [ -8.322636425313981, 40.280248623064637 ], [ -8.322843525552653, 40.282936736699092 ], [ -8.326385161095443, 40.282936736699092 ] ] ] } },
{ "type": "Feature", "properties": { "fid": 214, "Population": 39 }, "geometry": { "type": "Polygon", "coordinates": [ [ [ -8.322843525552653, 40.282936736699092 ], [ -8.322636425313981, 40.280248623064637 ], [ -8.319094877898953, 40.280248623064637 ], [ -8.319301890009866, 40.282936736699092 ], [ -8.322843525552653, 40.282936736699092 ] ] ] } },
{ "type": "Feature", "properties": { "fid": 215, "Population": 12 }, "geometry": { "type": "Polygon", "coordinates": [ [ [ -8.361801516523325, 40.282936736699092 ], [ -8.361385405713531, 40.27756054942278 ], [ -8.357843946414203, 40.27756054942278 ], [ -8.358259880980537, 40.282936736699092 ], [ -8.361801516523325, 40.282936736699092 ] ] ] } },
{ "type": "Feature", "properties": { "fid": 216, "Population": 8 }, "geometry": { "type": "Polygon", "coordinates": [ [ [ -8.531587722800587, 40.280248623064637 ], [ -8.531375452081278, 40.27756054942278 ], [ -8.52783399278195, 40.27756054942278 ], [ -8.52804617538556, 40.280248623064637 ], [ -8.531587722800587, 40.280248623064637 ] ] ] } },
{ "type": "Feature", "properties": { "fid": 217, "Population": 11 }, "geometry": { "type": "Polygon", "coordinates": [ [ [ -8.52804617538556, 40.280248623064637 ], [ -8.52783399278195, 40.27756054942278 ], [ -8.524292533482623, 40.27756054942278 ], [ -8.524504627970533, 40.280248623064637 ], [ -8.52804617538556, 40.280248623064637 ] ] ] } },
{ "type": "Feature", "properties": { "fid": 218, "Population": 19 }, "geometry": { "type": "Polygon", "coordinates": [ [ [ -8.524504627970533, 40.280248623064637 ], [ -8.524292533482623, 40.27756054942278 ], [ -8.520751074183295, 40.27756054942278 ], [ -8.520963080555505, 40.280248623064637 ], [ -8.524504627970533, 40.280248623064637 ] ] ] } },
{ "type": "Feature", "properties": { "fid": 219, "Population": 21 }, "geometry": { "type": "Polygon", "coordinates": [ [ [ -8.520963080555505, 40.280248623064637 ], [ -8.520751074183295, 40.27756054942278 ], [ -8.517209614883965, 40.27756054942278 ], [ -8.51742153314048, 40.280248623064637 ], [ -8.520963080555505, 40.280248623064637 ] ] ] } },
{ "type": "Feature", "properties": { "fid": 220, "Population": 3 }, "geometry": { "type": "Polygon", "coordinates": [ [ [ -8.51742153314048, 40.280248623064637 ], [ -8.517209614883965, 40.27756054942278 ], [ -8.513668155584639, 40.27756054942278 ], [ -8.513879985725451, 40.280248623064637 ], [ -8.51742153314048, 40.280248623064637 ] ] ] } },
{ "type": "Feature", "properties": { "fid": 221, "Population": 23 }, "geometry": { "type": "Polygon", "coordinates": [ [ [ -8.492630701235287, 40.280248623064637 ], [ -8.49241939978867, 40.27756054942278 ], [ -8.488877940489342, 40.27756054942278 ], [ -8.489089153820261, 40.280248623064637 ], [ -8.492630701235287, 40.280248623064637 ] ] ] } },
{ "type": "Feature", "properties": { "fid": 222, "Population": 3 }, "geometry": { "type": "Polygon", "coordinates": [ [ [ -8.489089153820261, 40.280248623064637 ], [ -8.488877940489342, 40.27756054942278 ], [ -8.485336481190012, 40.27756054942278 ], [ -8.485547606405234, 40.280248623064637 ], [ -8.489089153820261, 40.280248623064637 ] ] ] } },
{ "type": "Feature", "properties": { "fid": 223, "Population": 20 }, "geometry": { "type": "Polygon", "coordinates": [ [ [ -8.485547606405234, 40.280248623064637 ], [ -8.485336481190012, 40.27756054942278 ], [ -8.481795021890685, 40.27756054942278 ], [ -8.482006058990205, 40.280248623064637 ], [ -8.485547606405234, 40.280248623064637 ] ] ] } },
{ "type": "Feature", "properties": { "fid": 224, "Population": 55 }, "geometry": { "type": "Polygon", "coordinates": [ [ [ -8.482006058990205, 40.280248623064637 ], [ -8.481795021890685, 40.27756054942278 ], [ -8.478253562591359, 40.27756054942278 ], [ -8.478464511575179, 40.280248623064637 ], [ -8.482006058990205, 40.280248623064637 ] ] ] } },
{ "type": "Feature", "properties": { "fid": 225, "Population": 11 }, "geometry": { "type": "Polygon", "coordinates": [ [ [ -8.478464511575179, 40.280248623064637 ], [ -8.478253562591359, 40.27756054942278 ], [ -8.474712103292029, 40.27756054942278 ], [ -8.474922964160152, 40.280248623064637 ], [ -8.478464511575179, 40.280248623064637 ] ] ] } },
{ "type": "Feature", "properties": { "fid": 226, "Population": 4 }, "geometry": { "type": "Polygon", "coordinates": [ [ [ -8.474922964160152, 40.280248623064637 ], [ -8.474712103292029, 40.27756054942278 ], [ -8.471170643992702, 40.27756054942278 ], [ -8.471381416745125, 40.280248623064637 ], [ -8.474922964160152, 40.280248623064637 ] ] ] } },
{ "type": "Feature", "properties": { "fid": 227, "Population": 1 }, "geometry": { "type": "Polygon", "coordinates": [ [ [ -8.460756774500043, 40.280248623064637 ], [ -8.460546266094717, 40.27756054942278 ], [ -8.457004806795389, 40.27756054942278 ], [ -8.457215227085015, 40.280248623064637 ], [ -8.460756774500043, 40.280248623064637 ] ] ] } },
{ "type": "Feature", "properties": { "fid": 228, "Population": 71 }, "geometry": { "type": "Polygon", "coordinates": [ [ [ -8.457215227085015, 40.280248623064637 ], [ -8.457004806795389, 40.27756054942278 ], [ -8.453463347496061, 40.27756054942278 ], [ -8.453673679669988, 40.280248623064637 ], [ -8.457215227085015, 40.280248623064637 ] ] ] } },
{ "type": "Feature", "properties": { "fid": 229, "Population": 24 }, "geometry": { "type": "Polygon", "coordinates": [ [ [ -8.453673679669988, 40.280248623064637 ], [ -8.453463347496061, 40.27756054942278 ], [ -8.449921888196732, 40.27756054942278 ], [ -8.450132132254961, 40.280248623064637 ], [ -8.453673679669988, 40.280248623064637 ] ] ] } },
{ "type": "Feature", "properties": { "fid": 230, "Population": 0 }, "geometry": { "type": "Polygon", "coordinates": [ [ [ -8.450132132254961, 40.280248623064637 ], [ -8.449921888196732, 40.27756054942278 ], [ -8.446380428897406, 40.27756054942278 ], [ -8.446590584839933, 40.280248623064637 ], [ -8.450132132254961, 40.280248623064637 ] ] ] } },
{ "type": "Feature", "properties": { "fid": 231, "Population": 1 }, "geometry": { "type": "Polygon", "coordinates": [ [ [ -8.446590584839933, 40.280248623064637 ], [ -8.446380428897406, 40.27756054942278 ], [ -8.442838969598078, 40.27756054942278 ], [ -8.443049037424906, 40.280248623064637 ], [ -8.446590584839933, 40.280248623064637 ] ] ] } },
{ "type": "Feature", "properties": { "fid": 232, "Population": 32 }, "geometry": { "type": "Polygon", "coordinates": [ [ [ -8.432424395179824, 40.280248623064637 ], [ -8.432214591700093, 40.27756054942278 ], [ -8.428673132400764, 40.27756054942278 ], [ -8.428882847764797, 40.280248623064637 ], [ -8.432424395179824, 40.280248623064637 ] ] ] } },
{ "type": "Feature", "properties": { "fid": 233, "Population": 7 }, "geometry": { "type": "Polygon", "coordinates": [ [ [ -8.428882847764797, 40.280248623064637 ], [ -8.428673132400764, 40.27756054942278 ], [ -8.425131673101436, 40.27756054942278 ], [ -8.425341300349771, 40.280248623064637 ], [ -8.428882847764797, 40.280248623064637 ] ] ] } },
{ "type": "Feature", "properties": { "fid": 234, "Population": 6 }, "geometry": { "type": "Polygon", "coordinates": [ [ [ -8.404092015859606, 40.280248623064637 ], [ -8.403882917305468, 40.27756054942278 ], [ -8.400341458006141, 40.27756054942278 ], [ -8.40055046844458, 40.280248623064637 ], [ -8.404092015859606, 40.280248623064637 ] ] ] } },
{ "type": "Feature", "properties": { "fid": 235, "Population": 19 }, "geometry": { "type": "Polygon", "coordinates": [ [ [ -8.40055046844458, 40.280248623064637 ], [ -8.400341458006141, 40.27756054942278 ], [ -8.396799998706813, 40.27756054942278 ], [ -8.397008921029553, 40.280248623064637 ], [ -8.40055046844458, 40.280248623064637 ] ] ] } },
{ "type": "Feature", "properties": { "fid": 236, "Population": 31 }, "geometry": { "type": "Polygon", "coordinates": [ [ [ -8.358051899464252, 40.280248623064637 ], [ -8.357843946414203, 40.27756054942278 ], [ -8.354302487114875, 40.27756054942278 ], [ -8.354510352049225, 40.280248623064637 ], [ -8.358051899464252, 40.280248623064637 ] ] ] } },
{ "type": "Feature", "properties": { "fid": 237, "Population": 12 }, "geometry": { "type": "Polygon", "coordinates": [ [ [ -8.354510352049225, 40.280248623064637 ], [ -8.354302487114875, 40.27756054942278 ], [ -8.350761027815546, 40.27756054942278 ], [ -8.350968804634197, 40.280248623064637 ], [ -8.354510352049225, 40.280248623064637 ] ] ] } },
{ "type": "Feature", "properties": { "fid": 238, "Population": 18 }, "geometry": { "type": "Polygon", "coordinates": [ [ [ -8.350968804634197, 40.280248623064637 ], [ -8.350761027815546, 40.27756054942278 ], [ -8.34721956851622, 40.27756054942278 ], [ -8.347427257219172, 40.280248623064637 ], [ -8.350968804634197, 40.280248623064637 ] ] ] } },
{ "type": "Feature", "properties": { "fid": 239, "Population": 57 }, "geometry": { "type": "Polygon", "coordinates": [ [ [ -8.347427257219172, 40.280248623064637 ], [ -8.34721956851622, 40.27756054942278 ], [ -8.343678109216892, 40.27756054942278 ], [ -8.343885709804145, 40.280248623064637 ], [ -8.347427257219172, 40.280248623064637 ] ] ] } },
{ "type": "Feature", "properties": { "fid": 240, "Population": 12 }, "geometry": { "type": "Polygon", "coordinates": [ [ [ -8.343885709804145, 40.280248623064637 ], [ -8.343678109216892, 40.27756054942278 ], [ -8.340136649917563, 40.27756054942278 ], [ -8.340344162389115, 40.280248623064637 ], [ -8.343885709804145, 40.280248623064637 ] ] ] } },
{ "type": "Feature", "properties": { "fid": 241, "Population": 51 }, "geometry": { "type": "Polygon", "coordinates": [ [ [ -8.340344162389115, 40.280248623064637 ], [ -8.340136649917563, 40.27756054942278 ], [ -8.336595190618235, 40.27756054942278 ], [ -8.336802614974088, 40.280248623064637 ], [ -8.340344162389115, 40.280248623064637 ] ] ] } },
{ "type": "Feature", "properties": { "fid": 242, "Population": 3 }, "geometry": { "type": "Polygon", "coordinates": [ [ [ -8.336802614974088, 40.280248623064637 ], [ -8.336595190618235, 40.27756054942278 ], [ -8.333053731318907, 40.27756054942278 ], [ -8.333261067559063, 40.280248623064637 ], [ -8.336802614974088, 40.280248623064637 ] ] ] } },
{ "type": "Feature", "properties": { "fid": 243, "Population": 1 }, "geometry": { "type": "Polygon", "coordinates": [ [ [ -8.326177972729008, 40.280248623064637 ], [ -8.325970812720252, 40.27756054942278 ], [ -8.322429353420924, 40.27756054942278 ], [ -8.322636425313981, 40.280248623064637 ], [ -8.326177972729008, 40.280248623064637 ] ] ] } },
{ "type": "Feature", "properties": { "fid": 244, "Population": 27 }, "geometry": { "type": "Polygon", "coordinates": [ [ [ -8.322636425313981, 40.280248623064637 ], [ -8.322429353420924, 40.27756054942278 ], [ -8.318887894121596, 40.27756054942278 ], [ -8.319094877898953, 40.280248623064637 ], [ -8.322636425313981, 40.280248623064637 ] ] ] } },
{ "type": "Feature", "properties": { "fid": 245, "Population": 0 }, "geometry": { "type": "Polygon", "coordinates": [ [ [ -8.436595789790237, 40.288313083965072 ], [ -8.436385811985383, 40.285624890330936 ], [ -8.439927535667998, 40.285624890330936 ], [ -8.439507490009881, 40.280248623064637 ], [ -8.443049037424906, 40.280248623064637 ], [ -8.442628930522091, 40.274872515768621 ], [ -8.435546188130713, 40.274872515768621 ], [ -8.435965942594851, 40.280248623064637 ], [ -8.432424395179824, 40.280248623064637 ], [ -8.432844088302771, 40.285624890330936 ], [ -8.429302364620158, 40.285624890330936 ], [ -8.429512166121226, 40.288313083965072 ], [ -8.436595789790237, 40.288313083965072 ] ] ] } },
{ "type": "Feature", "properties": { "fid": 246, "Population": 10 }, "geometry": { "type": "Polygon", "coordinates": [ [ [ -8.435965942594851, 40.280248623064637 ], [ -8.435546188130713, 40.274872515768621 ], [ -8.432004816935025, 40.274872515768621 ], [ -8.432424395179824, 40.280248623064637 ], [ -8.435965942594851, 40.280248623064637 ] ] ] } },
{ "type": "Feature", "properties": { "fid": 247, "Population": 12 }, "geometry": { "type": "Polygon", "coordinates": [ [ [ -8.531375452081278, 40.27756054942278 ], [ -8.531163210414311, 40.274872515768621 ], [ -8.527621839218622, 40.274872515768621 ], [ -8.52783399278195, 40.27756054942278 ], [ -8.531375452081278, 40.27756054942278 ] ] ] } },
{ "type": "Feature", "properties": { "fid": 248, "Population": 62 }, "geometry": { "type": "Polygon", "coordinates": [ [ [ -8.52783399278195, 40.27756054942278 ], [ -8.527621839218622, 40.274872515768621 ], [ -8.524080468022934, 40.274872515768621 ], [ -8.524292533482623, 40.27756054942278 ], [ -8.52783399278195, 40.27756054942278 ] ] ] } },
{ "type": "Feature", "properties": { "fid": 249, "Population": 22 }, "geometry": { "type": "Polygon", "coordinates": [ [ [ -8.524292533482623, 40.27756054942278 ], [ -8.524080468022934, 40.274872515768621 ], [ -8.520539096827244, 40.274872515768621 ], [ -8.520751074183295, 40.27756054942278 ], [ -8.524292533482623, 40.27756054942278 ] ] ] } },
{ "type": "Feature", "properties": { "fid": 250, "Population": 113 }, "geometry": { "type": "Polygon", "coordinates": [ [ [ -8.520751074183295, 40.27756054942278 ], [ -8.520539096827244, 40.274872515768621 ], [ -8.516997725631557, 40.274872515768621 ], [ -8.517209614883965, 40.27756054942278 ], [ -8.520751074183295, 40.27756054942278 ] ] ] } },
{ "type": "Feature", "properties": { "fid": 251, "Population": 28 }, "geometry": { "type": "Polygon", "coordinates": [ [ [ -8.517209614883965, 40.27756054942278 ], [ -8.516997725631557, 40.274872515768621 ], [ -8.513456354435867, 40.274872515768621 ], [ -8.513668155584639, 40.27756054942278 ], [ -8.517209614883965, 40.27756054942278 ] ] ] } },
{ "type": "Feature", "properties": { "fid": 252, "Population": 3 }, "geometry": { "type": "Polygon", "coordinates": [ [ [ -8.513668155584639, 40.27756054942278 ], [ -8.513456354435867, 40.274872515768621 ], [ -8.509914983240179, 40.274872515768621 ], [ -8.510126696285312, 40.27756054942278 ], [ -8.513668155584639, 40.27756054942278 ] ] ] } },
{ "type": "Feature", "properties": { "fid": 253, "Population": 4 }, "geometry": { "type": "Polygon", "coordinates": [ [ [ -8.510126696285312, 40.27756054942278 ], [ -8.509914983240179, 40.274872515768621 ], [ -8.50637361204449, 40.274872515768621 ], [ -8.506585236985982, 40.27756054942278 ], [ -8.510126696285312, 40.27756054942278 ] ] ] } },
{ "type": "Feature", "properties": { "fid": 254, "Population": 72 }, "geometry": { "type": "Polygon", "coordinates": [ [ [ -8.49241939978867, 40.27756054942278 ], [ -8.492208127261735, 40.274872515768621 ], [ -8.488666756066046, 40.274872515768621 ], [ -8.488877940489342, 40.27756054942278 ], [ -8.49241939978867, 40.27756054942278 ] ] ] } },
{ "type": "Feature", "properties": { "fid": 255, "Population": 24 }, "geometry": { "type": "Polygon", "coordinates": [ [ [ -8.488877940489342, 40.27756054942278 ], [ -8.488666756066046, 40.274872515768621 ], [ -8.485125384870356, 40.274872515768621 ], [ -8.485336481190012, 40.27756054942278 ], [ -8.488877940489342, 40.27756054942278 ] ] ] } },
{ "type": "Feature", "properties": { "fid": 256, "Population": 16 }, "geometry": { "type": "Polygon", "coordinates": [ [ [ -8.485336481190012, 40.27756054942278 ], [ -8.485125384870356, 40.274872515768621 ], [ -8.481584013674668, 40.274872515768621 ], [ -8.481795021890685, 40.27756054942278 ], [ -8.485336481190012, 40.27756054942278 ] ] ] } },
{ "type": "Feature", "properties": { "fid": 257, "Population": 17 }, "geometry": { "type": "Polygon", "coordinates": [ [ [ -8.481795021890685, 40.27756054942278 ], [ -8.481584013674668, 40.274872515768621 ], [ -8.478042642478979, 40.274872515768621 ], [ -8.478253562591359, 40.27756054942278 ], [ -8.481795021890685, 40.27756054942278 ] ] ] } },
{ "type": "Feature", "properties": { "fid": 258, "Population": 91 }, "geometry": { "type": "Polygon", "coordinates": [ [ [ -8.478253562591359, 40.27756054942278 ], [ -8.478042642478979, 40.274872515768621 ], [ -8.474501271283291, 40.274872515768621 ], [ -8.474712103292029, 40.27756054942278 ], [ -8.478253562591359, 40.27756054942278 ] ] ] } },
{ "type": "Feature", "properties": { "fid": 259, "Population": 40 }, "geometry": { "type": "Polygon", "coordinates": [ [ [ -8.474712103292029, 40.27756054942278 ], [ -8.474501271283291, 40.274872515768621 ], [ -8.470959900087601, 40.274872515768621 ], [ -8.471170643992702, 40.27756054942278 ], [ -8.474712103292029, 40.27756054942278 ] ] ] } },
{ "type": "Feature", "properties": { "fid": 260, "Population": 2 }, "geometry": { "type": "Polygon", "coordinates": [ [ [ -8.471170643992702, 40.27756054942278 ], [ -8.470959900087601, 40.274872515768621 ], [ -8.467418528891912, 40.274872515768621 ], [ -8.467629184693374, 40.27756054942278 ], [ -8.471170643992702, 40.27756054942278 ] ] ] } },
{ "type": "Feature", "properties": { "fid": 261, "Population": 30 }, "geometry": { "type": "Polygon", "coordinates": [ [ [ -8.460546266094717, 40.27756054942278 ], [ -8.460335786500535, 40.274872515768621 ], [ -8.456794415304847, 40.274872515768621 ], [ -8.457004806795389, 40.27756054942278 ], [ -8.460546266094717, 40.27756054942278 ] ] ] } },
{ "type": "Feature", "properties": { "fid": 262, "Population": 90 }, "geometry": { "type": "Polygon", "coordinates": [ [ [ -8.457004806795389, 40.27756054942278 ], [ -8.456794415304847, 40.274872515768621 ], [ -8.453253044109157, 40.274872515768621 ], [ -8.453463347496061, 40.27756054942278 ], [ -8.457004806795389, 40.27756054942278 ] ] ] } },
{ "type": "Feature", "properties": { "fid": 263, "Population": 13 }, "geometry": { "type": "Polygon", "coordinates": [ [ [ -8.453463347496061, 40.27756054942278 ], [ -8.453253044109157, 40.274872515768621 ], [ -8.449711672913468, 40.274872515768621 ], [ -8.449921888196732, 40.27756054942278 ], [ -8.453463347496061, 40.27756054942278 ] ] ] } },
{ "type": "Feature", "properties": { "fid": 264, "Population": 1 }, "geometry": { "type": "Polygon", "coordinates": [ [ [ -8.449921888196732, 40.27756054942278 ], [ -8.449711672913468, 40.274872515768621 ], [ -8.44617030171778, 40.274872515768621 ], [ -8.446380428897406, 40.27756054942278 ], [ -8.449921888196732, 40.27756054942278 ] ] ] } },
{ "type": "Feature", "properties": { "fid": 265, "Population": 10 }, "geometry": { "type": "Polygon", "coordinates": [ [ [ -8.446380428897406, 40.27756054942278 ], [ -8.44617030171778, 40.274872515768621 ], [ -8.442628930522091, 40.274872515768621 ], [ -8.442838969598078, 40.27756054942278 ], [ -8.446380428897406, 40.27756054942278 ] ] ] } },
{ "type": "Feature", "properties": { "fid": 266, "Population": 87 }, "geometry": { "type": "Polygon", "coordinates": [ [ [ -8.432214591700093, 40.27756054942278 ], [ -8.432004816935025, 40.274872515768621 ], [ -8.428463445739336, 40.274872515768621 ], [ -8.428673132400764, 40.27756054942278 ], [ -8.432214591700093, 40.27756054942278 ] ] ] } },
{ "type": "Feature", "properties": { "fid": 267, "Population": 3 }, "geometry": { "type": "Polygon", "coordinates": [ [ [ -8.407424376604796, 40.27756054942278 ], [ -8.407215218565202, 40.274872515768621 ], [ -8.403673847369515, 40.274872515768621 ], [ -8.403882917305468, 40.27756054942278 ], [ -8.407424376604796, 40.27756054942278 ] ] ] } },
{ "type": "Feature", "properties": { "fid": 268, "Population": 39 }, "geometry": { "type": "Polygon", "coordinates": [ [ [ -8.403882917305468, 40.27756054942278 ], [ -8.403673847369515, 40.274872515768621 ], [ -8.400132476173825, 40.274872515768621 ], [ -8.400341458006141, 40.27756054942278 ], [ -8.403882917305468, 40.27756054942278 ] ] ] } },
{ "type": "Feature", "properties": { "fid": 269, "Population": 37 }, "geometry": { "type": "Polygon", "coordinates": [ [ [ -8.400341458006141, 40.27756054942278 ], [ -8.400132476173825, 40.274872515768621 ], [ -8.396591104978137, 40.274872515768621 ], [ -8.396799998706813, 40.27756054942278 ], [ -8.400341458006141, 40.27756054942278 ] ] ] } },
{ "type": "Feature", "properties": { "fid": 270, "Population": 2 }, "geometry": { "type": "Polygon", "coordinates": [ [ [ -8.396799998706813, 40.27756054942278 ], [ -8.396591104978137, 40.274872515768621 ], [ -8.393049733782448, 40.274872515768621 ], [ -8.393258539407483, 40.27756054942278 ], [ -8.396799998706813, 40.27756054942278 ] ] ] } },
{ "type": "Feature", "properties": { "fid": 271, "Population": 3 }, "geometry": { "type": "Polygon", "coordinates": [ [ [ -8.350761027815546, 40.27756054942278 ], [ -8.350553279434182, 40.274872515768621 ], [ -8.347011908238493, 40.274872515768621 ], [ -8.34721956851622, 40.27756054942278 ], [ -8.350761027815546, 40.27756054942278 ] ] ] } },
{ "type": "Feature", "properties": { "fid": 272, "Population": 20 }, "geometry": { "type": "Polygon", "coordinates": [ [ [ -8.34721956851622, 40.27756054942278 ], [ -8.347011908238493, 40.274872515768621 ], [ -8.343470537042805, 40.274872515768621 ], [ -8.343678109216892, 40.27756054942278 ], [ -8.34721956851622, 40.27756054942278 ] ] ] } },
{ "type": "Feature", "properties": { "fid": 273, "Population": 35 }, "geometry": { "type": "Polygon", "coordinates": [ [ [ -8.343678109216892, 40.27756054942278 ], [ -8.343470537042805, 40.274872515768621 ], [ -8.339929165847115, 40.274872515768621 ], [ -8.340136649917563, 40.27756054942278 ], [ -8.343678109216892, 40.27756054942278 ] ] ] } },
{ "type": "Feature", "properties": { "fid": 274, "Population": 18 }, "geometry": { "type": "Polygon", "coordinates": [ [ [ -8.340136649917563, 40.27756054942278 ], [ -8.339929165847115, 40.274872515768621 ], [ -8.336387794651428, 40.274872515768621 ], [ -8.336595190618235, 40.27756054942278 ], [ -8.340136649917563, 40.27756054942278 ] ] ] } },
{ "type": "Feature", "properties": { "fid": 275, "Population": 5 }, "geometry": { "type": "Polygon", "coordinates": [ [ [ -8.428673132400764, 40.27756054942278 ], [ -8.428253787775642, 40.272184522097312 ], [ -8.424712504671536, 40.272184522097312 ], [ -8.425131673101436, 40.27756054942278 ], [ -8.428673132400764, 40.27756054942278 ] ] ] } },
{ "type": "Feature", "properties": { "fid": 276, "Population": 2 }, "geometry": { "type": "Polygon", "coordinates": [ [ [ -8.541787324001378, 40.274872515768621 ], [ -8.54157484710708, 40.272184522097312 ], [ -8.538033564002975, 40.272184522097312 ], [ -8.538245952805688, 40.274872515768621 ], [ -8.541787324001378, 40.274872515768621 ] ] ] } },
{ "type": "Feature", "properties": { "fid": 277, "Population": 3 }, "geometry": { "type": "Polygon", "coordinates": [ [ [ -8.538245952805688, 40.274872515768621 ], [ -8.538033564002975, 40.272184522097312 ], [ -8.534492280898865, 40.272184522097312 ], [ -8.534704581610001, 40.274872515768621 ], [ -8.538245952805688, 40.274872515768621 ] ] ] } },
{ "type": "Feature", "properties": { "fid": 278, "Population": 13 }, "geometry": { "type": "Polygon", "coordinates": [ [ [ -8.531163210414311, 40.274872515768621 ], [ -8.53095099779476, 40.272184522097312 ], [ -8.52740971469065, 40.272184522097312 ], [ -8.527621839218622, 40.274872515768621 ], [ -8.531163210414311, 40.274872515768621 ] ] ] } },
{ "type": "Feature", "properties": { "fid": 279, "Population": 104 }, "geometry": { "type": "Polygon", "coordinates": [ [ [ -8.527621839218622, 40.274872515768621 ], [ -8.52740971469065, 40.272184522097312 ], [ -8.523868431586545, 40.272184522097312 ], [ -8.524080468022934, 40.274872515768621 ], [ -8.527621839218622, 40.274872515768621 ] ] ] } },
{ "type": "Feature", "properties": { "fid": 280, "Population": 288 }, "geometry": { "type": "Polygon", "coordinates": [ [ [ -8.524080468022934, 40.274872515768621 ], [ -8.523868431586545, 40.272184522097312 ], [ -8.520327148482437, 40.272184522097312 ], [ -8.520539096827244, 40.274872515768621 ], [ -8.524080468022934, 40.274872515768621 ] ] ] } },
{ "type": "Feature", "properties": { "fid": 281, "Population": 257 }, "geometry": { "type": "Polygon", "coordinates": [ [ [ -8.520539096827244, 40.274872515768621 ], [ -8.520327148482437, 40.272184522097312 ], [ -8.516785865378329, 40.272184522097312 ], [ -8.516997725631557, 40.274872515768621 ], [ -8.520539096827244, 40.274872515768621 ] ] ] } },
{ "type": "Feature", "properties": { "fid": 282, "Population": 48 }, "geometry": { "type": "Polygon", "coordinates": [ [ [ -8.516997725631557, 40.274872515768621 ], [ -8.516785865378329, 40.272184522097312 ], [ -8.513244582274222, 40.272184522097312 ], [ -8.513456354435867, 40.274872515768621 ], [ -8.516997725631557, 40.274872515768621 ] ] ] } },
{ "type": "Feature", "properties": { "fid": 283, "Population": 2 }, "geometry": { "type": "Polygon", "coordinates": [ [ [ -8.513456354435867, 40.274872515768621 ], [ -8.513244582274222, 40.272184522097312 ], [ -8.509703299170113, 40.272184522097312 ], [ -8.509914983240179, 40.274872515768621 ], [ -8.513456354435867, 40.274872515768621 ] ] ] } },
{ "type": "Feature", "properties": { "fid": 284, "Population": 3 }, "geometry": { "type": "Polygon", "coordinates": [ [ [ -8.509914983240179, 40.274872515768621 ], [ -8.509703299170113, 40.272184522097312 ], [ -8.506162016066007, 40.272184522097312 ], [ -8.50637361204449, 40.274872515768621 ], [ -8.509914983240179, 40.274872515768621 ] ] ] } },
{ "type": "Feature", "properties": { "fid": 285, "Population": 2 }, "geometry": { "type": "Polygon", "coordinates": [ [ [ -8.50637361204449, 40.274872515768621 ], [ -8.506162016066007, 40.272184522097312 ], [ -8.499079449857792, 40.272184522097312 ], [ -8.499290869653112, 40.274872515768621 ], [ -8.50637361204449, 40.274872515768621 ] ] ] } },
{ "type": "Feature", "properties": { "fid": 286, "Population": 8 }, "geometry": { "type": "Polygon", "coordinates": [ [ [ -8.492208127261735, 40.274872515768621 ], [ -8.491996883649577, 40.272184522097312 ], [ -8.488455600545469, 40.272184522097312 ], [ -8.488666756066046, 40.274872515768621 ], [ -8.492208127261735, 40.274872515768621 ] ] ] } },
{ "type": "Feature", "properties": { "fid": 287, "Population": 2 }, "geometry": { "type": "Polygon", "coordinates": [ [ [ -8.481584013674668, 40.274872515768621 ], [ -8.481373034337254, 40.272184522097312 ], [ -8.477831751233147, 40.272184522097312 ], [ -8.478042642478979, 40.274872515768621 ], [ -8.481584013674668, 40.274872515768621 ] ] ] } },
{ "type": "Feature", "properties": { "fid": 288, "Population": 15 }, "geometry": { "type": "Polygon", "coordinates": [ [ [ -8.478042642478979, 40.274872515768621 ], [ -8.477831751233147, 40.272184522097312 ], [ -8.474290468129039, 40.272184522097312 ], [ -8.474501271283291, 40.274872515768621 ], [ -8.478042642478979, 40.274872515768621 ] ] ] } },
{ "type": "Feature", "properties": { "fid": 289, "Population": 44 }, "geometry": { "type": "Polygon", "coordinates": [ [ [ -8.474501271283291, 40.274872515768621 ], [ -8.474290468129039, 40.272184522097312 ], [ -8.470749185024934, 40.272184522097312 ], [ -8.470959900087601, 40.274872515768621 ], [ -8.474501271283291, 40.274872515768621 ] ] ] } },
{ "type": "Feature", "properties": { "fid": 290, "Population": 42 }, "geometry": { "type": "Polygon", "coordinates": [ [ [ -8.470959900087601, 40.274872515768621 ], [ -8.470749185024934, 40.272184522097312 ], [ -8.467207901920824, 40.272184522097312 ], [ -8.467418528891912, 40.274872515768621 ], [ -8.470959900087601, 40.274872515768621 ] ] ] } },
{ "type": "Feature", "properties": { "fid": 291, "Population": 5 }, "geometry": { "type": "Polygon", "coordinates": [ [ [ -8.467418528891912, 40.274872515768621 ], [ -8.467207901920824, 40.272184522097312 ], [ -8.463666618816719, 40.272184522097312 ], [ -8.463877157696224, 40.274872515768621 ], [ -8.467418528891912, 40.274872515768621 ] ] ] } },
{ "type": "Feature", "properties": { "fid": 292, "Population": 5 }, "geometry": { "type": "Polygon", "coordinates": [ [ [ -8.460335786500535, 40.274872515768621 ], [ -8.460125335712609, 40.272184522097312 ], [ -8.456584052608502, 40.272184522097312 ], [ -8.456794415304847, 40.274872515768621 ], [ -8.460335786500535, 40.274872515768621 ] ] ] } },
{ "type": "Feature", "properties": { "fid": 293, "Population": 141 }, "geometry": { "type": "Polygon", "coordinates": [ [ [ -8.456794415304847, 40.274872515768621 ], [ -8.456584052608502, 40.272184522097312 ], [ -8.453042769504394, 40.272184522097312 ], [ -8.453253044109157, 40.274872515768621 ], [ -8.456794415304847, 40.274872515768621 ] ] ] } },
{ "type": "Feature", "properties": { "fid": 294, "Population": 49 }, "geometry": { "type": "Polygon", "coordinates": [ [ [ -8.453253044109157, 40.274872515768621 ], [ -8.453042769504394, 40.272184522097312 ], [ -8.449501486400287, 40.272184522097312 ], [ -8.449711672913468, 40.274872515768621 ], [ -8.453253044109157, 40.274872515768621 ] ] ] } },
{ "type": "Feature", "properties": { "fid": 295, "Population": 25 }, "geometry": { "type": "Polygon", "coordinates": [ [ [ -8.449711672913468, 40.274872515768621 ], [ -8.449501486400287, 40.272184522097312 ], [ -8.445960203296181, 40.272184522097312 ], [ -8.44617030171778, 40.274872515768621 ], [ -8.449711672913468, 40.274872515768621 ] ] ] } },
{ "type": "Feature", "properties": { "fid": 296, "Population": 12 }, "geometry": { "type": "Polygon", "coordinates": [ [ [ -8.44617030171778, 40.274872515768621 ], [ -8.445960203296181, 40.272184522097312 ], [ -8.442418920192072, 40.272184522097312 ], [ -8.442628930522091, 40.274872515768621 ], [ -8.44617030171778, 40.274872515768621 ] ] ] } },
{ "type": "Feature", "properties": { "fid": 297, "Population": 1 }, "geometry": { "type": "Polygon", "coordinates": [ [ [ -8.442628930522091, 40.274872515768621 ], [ -8.442418920192072, 40.272184522097312 ], [ -8.438877637087966, 40.272184522097312 ], [ -8.439087559326403, 40.274872515768621 ], [ -8.442628930522091, 40.274872515768621 ] ] ] } },
{ "type": "Feature", "properties": { "fid": 298, "Population": 4 }, "geometry": { "type": "Polygon", "coordinates": [ [ [ -8.439087559326403, 40.274872515768621 ], [ -8.438877637087966, 40.272184522097312 ], [ -8.435336353983857, 40.272184522097312 ], [ -8.435546188130713, 40.274872515768621 ], [ -8.439087559326403, 40.274872515768621 ] ] ] } },
{ "type": "Feature", "properties": { "fid": 299, "Population": 12 }, "geometry": { "type": "Polygon", "coordinates": [ [ [ -8.435546188130713, 40.274872515768621 ], [ -8.435336353983857, 40.272184522097312 ], [ -8.431795070879751, 40.272184522097312 ], [ -8.432004816935025, 40.274872515768621 ], [ -8.435546188130713, 40.274872515768621 ] ] ] } },
{ "type": "Feature", "properties": { "fid": 300, "Population": 7 }, "geometry": { "type": "Polygon", "coordinates": [ [ [ -8.432004816935025, 40.274872515768621 ], [ -8.431795070879751, 40.272184522097312 ], [ -8.428253787775642, 40.272184522097312 ], [ -8.428463445739336, 40.274872515768621 ], [ -8.432004816935025, 40.274872515768621 ] ] ] } },
{ "type": "Feature", "properties": { "fid": 301, "Population": 40 }, "geometry": { "type": "Polygon", "coordinates": [ [ [ -8.424922074543646, 40.274872515768621 ], [ -8.424712504671536, 40.272184522097312 ], [ -8.421171221567429, 40.272184522097312 ], [ -8.421380703347959, 40.274872515768621 ], [ -8.424922074543646, 40.274872515768621 ] ] ] } },
{ "type": "Feature", "properties": { "fid": 302, "Population": 8 }, "geometry": { "type": "Polygon", "coordinates": [ [ [ -8.410756589760892, 40.274872515768621 ], [ -8.410547372255106, 40.272184522097312 ], [ -8.407006089150999, 40.272184522097312 ], [ -8.407215218565202, 40.274872515768621 ], [ -8.410756589760892, 40.274872515768621 ] ] ] } },
{ "type": "Feature", "properties": { "fid": 303, "Population": 7 }, "geometry": { "type": "Polygon", "coordinates": [ [ [ -8.407215218565202, 40.274872515768621 ], [ -8.407006089150999, 40.272184522097312 ], [ -8.403464806046891, 40.272184522097312 ], [ -8.403673847369515, 40.274872515768621 ], [ -8.407215218565202, 40.274872515768621 ] ] ] } },
{ "type": "Feature", "properties": { "fid": 304, "Population": 55 }, "geometry": { "type": "Polygon", "coordinates": [ [ [ -8.403673847369515, 40.274872515768621 ], [ -8.403464806046891, 40.272184522097312 ], [ -8.399923522942784, 40.272184522097312 ], [ -8.400132476173825, 40.274872515768621 ], [ -8.403673847369515, 40.274872515768621 ] ] ] } },
{ "type": "Feature", "properties": { "fid": 305, "Population": 92 }, "geometry": { "type": "Polygon", "coordinates": [ [ [ -8.400132476173825, 40.274872515768621 ], [ -8.399923522942784, 40.272184522097312 ], [ -8.396382239838676, 40.272184522097312 ], [ -8.396591104978137, 40.274872515768621 ], [ -8.400132476173825, 40.274872515768621 ] ] ] } },
{ "type": "Feature", "properties": { "fid": 306, "Population": 5 }, "geometry": { "type": "Polygon", "coordinates": [ [ [ -8.396591104978137, 40.274872515768621 ], [ -8.396382239838676, 40.272184522097312 ], [ -8.392840956734569, 40.272184522097312 ], [ -8.393049733782448, 40.274872515768621 ], [ -8.396591104978137, 40.274872515768621 ] ] ] } },
{ "type": "Feature", "properties": { "fid": 307, "Population": 9 }, "geometry": { "type": "Polygon", "coordinates": [ [ [ -8.38596699139107, 40.274872515768621 ], [ -8.385758390526354, 40.272184522097312 ], [ -8.382217107422246, 40.272184522097312 ], [ -8.382425620195381, 40.274872515768621 ], [ -8.38596699139107, 40.274872515768621 ] ] ] } },
{ "type": "Feature", "properties": { "fid": 308, "Population": 11 }, "geometry": { "type": "Polygon", "coordinates": [ [ [ -8.382425620195381, 40.274872515768621 ], [ -8.382217107422246, 40.272184522097312 ], [ -8.37867582431814, 40.272184522097312 ], [ -8.378884248999693, 40.274872515768621 ], [ -8.382425620195381, 40.274872515768621 ] ] ] } },
{ "type": "Feature", "properties": { "fid": 309, "Population": 6 }, "geometry": { "type": "Polygon", "coordinates": [ [ [ -8.343470537042805, 40.274872515768621 ], [ -8.343262993277063, 40.272184522097312 ], [ -8.339721710172958, 40.272184522097312 ], [ -8.339929165847115, 40.274872515768621 ], [ -8.343470537042805, 40.274872515768621 ] ] ] } },
{ "type": "Feature", "properties": { "fid": 310, "Population": 3 }, "geometry": { "type": "Polygon", "coordinates": [ [ [ -8.339929165847115, 40.274872515768621 ], [ -8.339721710172958, 40.272184522097312 ], [ -8.336180427068848, 40.272184522097312 ], [ -8.336387794651428, 40.274872515768621 ], [ -8.339929165847115, 40.274872515768621 ] ] ] } },
{ "type": "Feature", "properties": { "fid": 311, "Population": 1 }, "geometry": { "type": "Polygon", "coordinates": [ [ [ -8.538033564002975, 40.272184522097312 ], [ -8.537821204266855, 40.269496568403987 ], [ -8.53073881421769, 40.269496568403987 ], [ -8.53095099779476, 40.272184522097312 ], [ -8.538033564002975, 40.272184522097312 ] ] ] } },
{ "type": "Feature", "properties": { "fid": 312, "Population": 14 }, "geometry": { "type": "Polygon", "coordinates": [ [ [ -8.53095099779476, 40.272184522097312 ], [ -8.53073881421769, 40.269496568403987 ], [ -8.52719761919311, 40.269496568403987 ], [ -8.52740971469065, 40.272184522097312 ], [ -8.53095099779476, 40.272184522097312 ] ] ] } },
{ "type": "Feature", "properties": { "fid": 313, "Population": 57 }, "geometry": { "type": "Polygon", "coordinates": [ [ [ -8.52740971469065, 40.272184522097312 ], [ -8.52719761919311, 40.269496568403987 ], [ -8.523656424168527, 40.269496568403987 ], [ -8.523868431586545, 40.272184522097312 ], [ -8.52740971469065, 40.272184522097312 ] ] ] } },
{ "type": "Feature", "properties": { "fid": 314, "Population": 175 }, "geometry": { "type": "Polygon", "coordinates": [ [ [ -8.523868431586545, 40.272184522097312 ], [ -8.523656424168527, 40.269496568403987 ], [ -8.520115229143945, 40.269496568403987 ], [ -8.520327148482437, 40.272184522097312 ], [ -8.523868431586545, 40.272184522097312 ] ] ] } },
{ "type": "Feature", "properties": { "fid": 315, "Population": 214 }, "geometry": { "type": "Polygon", "coordinates": [ [ [ -8.520327148482437, 40.272184522097312 ], [ -8.520115229143945, 40.269496568403987 ], [ -8.516574034119364, 40.269496568403987 ], [ -8.516785865378329, 40.272184522097312 ], [ -8.520327148482437, 40.272184522097312 ] ] ] } },
{ "type": "Feature", "properties": { "fid": 316, "Population": 50 }, "geometry": { "type": "Polygon", "coordinates": [ [ [ -8.516785865378329, 40.272184522097312 ], [ -8.516574034119364, 40.269496568403987 ], [ -8.513032839094782, 40.269496568403987 ], [ -8.513244582274222, 40.272184522097312 ], [ -8.516785865378329, 40.272184522097312 ] ] ] } },
{ "type": "Feature", "properties": { "fid": 317, "Population": 31 }, "geometry": { "type": "Polygon", "coordinates": [ [ [ -8.513244582274222, 40.272184522097312 ], [ -8.513032839094782, 40.269496568403987 ], [ -8.5094916440702, 40.269496568403987 ], [ -8.509703299170113, 40.272184522097312 ], [ -8.513244582274222, 40.272184522097312 ] ] ] } },
{ "type": "Feature", "properties": { "fid": 318, "Population": 18 }, "geometry": { "type": "Polygon", "coordinates": [ [ [ -8.509703299170113, 40.272184522097312 ], [ -8.5094916440702, 40.269496568403987 ], [ -8.505950449045617, 40.269496568403987 ], [ -8.506162016066007, 40.272184522097312 ], [ -8.509703299170113, 40.272184522097312 ] ] ] } },
{ "type": "Feature", "properties": { "fid": 319, "Population": 6 }, "geometry": { "type": "Polygon", "coordinates": [ [ [ -8.506162016066007, 40.272184522097312 ], [ -8.505950449045617, 40.269496568403987 ], [ -8.502409254021037, 40.269496568403987 ], [ -8.502620732961898, 40.272184522097312 ], [ -8.506162016066007, 40.272184522097312 ] ] ] } },
{ "type": "Feature", "properties": { "fid": 320, "Population": 20 }, "geometry": { "type": "Polygon", "coordinates": [ [ [ -8.502620732961898, 40.272184522097312 ], [ -8.502409254021037, 40.269496568403987 ], [ -8.498868058996454, 40.269496568403987 ], [ -8.499079449857792, 40.272184522097312 ], [ -8.502620732961898, 40.272184522097312 ] ] ] } },
{ "type": "Feature", "properties": { "fid": 321, "Population": 1 }, "geometry": { "type": "Polygon", "coordinates": [ [ [ -8.499079449857792, 40.272184522097312 ], [ -8.498868058996454, 40.269496568403987 ], [ -8.495326863971872, 40.269496568403987 ], [ -8.495538166753684, 40.272184522097312 ], [ -8.499079449857792, 40.272184522097312 ] ] ] } },
{ "type": "Feature", "properties": { "fid": 322, "Population": 4 }, "geometry": { "type": "Polygon", "coordinates": [ [ [ -8.474290468129039, 40.272184522097312 ], [ -8.474079693824381, 40.269496568403987 ], [ -8.470538498799799, 40.269496568403987 ], [ -8.470749185024934, 40.272184522097312 ], [ -8.474290468129039, 40.272184522097312 ] ] ] } },
{ "type": "Feature", "properties": { "fid": 323, "Population": 22 }, "geometry": { "type": "Polygon", "coordinates": [ [ [ -8.470749185024934, 40.272184522097312 ], [ -8.470538498799799, 40.269496568403987 ], [ -8.466997303775218, 40.269496568403987 ], [ -8.467207901920824, 40.272184522097312 ], [ -8.470749185024934, 40.272184522097312 ] ] ] } },
{ "type": "Feature", "properties": { "fid": 324, "Population": 12 }, "geometry": { "type": "Polygon", "coordinates": [ [ [ -8.467207901920824, 40.272184522097312 ], [ -8.466997303775218, 40.269496568403987 ], [ -8.463456108750636, 40.269496568403987 ], [ -8.463666618816719, 40.272184522097312 ], [ -8.467207901920824, 40.272184522097312 ] ] ] } },
{ "type": "Feature", "properties": { "fid": 325, "Population": 3 }, "geometry": { "type": "Polygon", "coordinates": [ [ [ -8.460125335712609, 40.272184522097312 ], [ -8.459914913726054, 40.269496568403987 ], [ -8.456373718701471, 40.269496568403987 ], [ -8.456584052608502, 40.272184522097312 ], [ -8.460125335712609, 40.272184522097312 ] ] ] } },
{ "type": "Feature", "properties": { "fid": 326, "Population": 37 }, "geometry": { "type": "Polygon", "coordinates": [ [ [ -8.456584052608502, 40.272184522097312 ], [ -8.456373718701471, 40.269496568403987 ], [ -8.452832523676891, 40.269496568403987 ], [ -8.453042769504394, 40.272184522097312 ], [ -8.456584052608502, 40.272184522097312 ] ] ] } },
{ "type": "Feature", "properties": { "fid": 327, "Population": 15 }, "geometry": { "type": "Polygon", "coordinates": [ [ [ -8.453042769504394, 40.272184522097312 ], [ -8.452832523676891, 40.269496568403987 ], [ -8.449291328652308, 40.269496568403987 ], [ -8.449501486400287, 40.272184522097312 ], [ -8.453042769504394, 40.272184522097312 ] ] ] } },
{ "type": "Feature", "properties": { "fid": 328, "Population": 14 }, "geometry": { "type": "Polygon", "coordinates": [ [ [ -8.449501486400287, 40.272184522097312 ], [ -8.449291328652308, 40.269496568403987 ], [ -8.445750133627726, 40.269496568403987 ], [ -8.445960203296181, 40.272184522097312 ], [ -8.449501486400287, 40.272184522097312 ] ] ] } },
{ "type": "Feature", "properties": { "fid": 329, "Population": 9 }, "geometry": { "type": "Polygon", "coordinates": [ [ [ -8.445960203296181, 40.272184522097312 ], [ -8.445750133627726, 40.269496568403987 ], [ -8.442208938603144, 40.269496568403987 ], [ -8.442418920192072, 40.272184522097312 ], [ -8.445960203296181, 40.272184522097312 ] ] ] } },
{ "type": "Feature", "properties": { "fid": 330, "Population": 16 }, "geometry": { "type": "Polygon", "coordinates": [ [ [ -8.442418920192072, 40.272184522097312 ], [ -8.442208938603144, 40.269496568403987 ], [ -8.438667743578563, 40.269496568403987 ], [ -8.438877637087966, 40.272184522097312 ], [ -8.442418920192072, 40.272184522097312 ] ] ] } },
{ "type": "Feature", "properties": { "fid": 331, "Population": 12 }, "geometry": { "type": "Polygon", "coordinates": [ [ [ -8.438877637087966, 40.272184522097312 ], [ -8.438667743578563, 40.269496568403987 ], [ -8.435126548553981, 40.269496568403987 ], [ -8.435336353983857, 40.272184522097312 ], [ -8.438877637087966, 40.272184522097312 ] ] ] } },
{ "type": "Feature", "properties": { "fid": 332, "Population": 38 }, "geometry": { "type": "Polygon", "coordinates": [ [ [ -8.435336353983857, 40.272184522097312 ], [ -8.435126548553981, 40.269496568403987 ], [ -8.431585353529398, 40.269496568403987 ], [ -8.431795070879751, 40.272184522097312 ], [ -8.435336353983857, 40.272184522097312 ] ] ] } },
{ "type": "Feature", "properties": { "fid": 333, "Population": 96 }, "geometry": { "type": "Polygon", "coordinates": [ [ [ -8.431795070879751, 40.272184522097312 ], [ -8.431585353529398, 40.269496568403987 ], [ -8.428044158504818, 40.269496568403987 ], [ -8.428253787775642, 40.272184522097312 ], [ -8.431795070879751, 40.272184522097312 ] ] ] } },
{ "type": "Feature", "properties": { "fid": 334, "Population": 64 }, "geometry": { "type": "Polygon", "coordinates": [ [ [ -8.428253787775642, 40.272184522097312 ], [ -8.428044158504818, 40.269496568403987 ], [ -8.424502963480235, 40.269496568403987 ], [ -8.424712504671536, 40.272184522097312 ], [ -8.428253787775642, 40.272184522097312 ] ] ] } },
{ "type": "Feature", "properties": { "fid": 335, "Population": 66 }, "geometry": { "type": "Polygon", "coordinates": [ [ [ -8.424712504671536, 40.272184522097312 ], [ -8.424502963480235, 40.269496568403987 ], [ -8.420961768455653, 40.269496568403987 ], [ -8.421171221567429, 40.272184522097312 ], [ -8.424712504671536, 40.272184522097312 ] ] ] } },
{ "type": "Feature", "properties": { "fid": 336, "Population": 2 }, "geometry": { "type": "Polygon", "coordinates": [ [ [ -8.410547372255106, 40.272184522097312 ], [ -8.410338183381908, 40.269496568403987 ], [ -8.406796988357325, 40.269496568403987 ], [ -8.407006089150999, 40.272184522097312 ], [ -8.410547372255106, 40.272184522097312 ] ] ] } },
{ "type": "Feature", "properties": { "fid": 337, "Population": 49 }, "geometry": { "type": "Polygon", "coordinates": [ [ [ -8.407006089150999, 40.272184522097312 ], [ -8.406796988357325, 40.269496568403987 ], [ -8.403255793332745, 40.269496568403987 ], [ -8.403464806046891, 40.272184522097312 ], [ -8.407006089150999, 40.272184522097312 ] ] ] } },
{ "type": "Feature", "properties": { "fid": 338, "Population": 220 }, "geometry": { "type": "Polygon", "coordinates": [ [ [ -8.403464806046891, 40.272184522097312 ], [ -8.403255793332745, 40.269496568403987 ], [ -8.399714598308162, 40.269496568403987 ], [ -8.399923522942784, 40.272184522097312 ], [ -8.403464806046891, 40.272184522097312 ] ] ] } },
{ "type": "Feature", "properties": { "fid": 339, "Population": 78 }, "geometry": { "type": "Polygon", "coordinates": [ [ [ -8.399923522942784, 40.272184522097312 ], [ -8.399714598308162, 40.269496568403987 ], [ -8.39617340328358, 40.269496568403987 ], [ -8.396382239838676, 40.272184522097312 ], [ -8.399923522942784, 40.272184522097312 ] ] ] } },
{ "type": "Feature", "properties": { "fid": 340, "Population": 4 }, "geometry": { "type": "Polygon", "coordinates": [ [ [ -8.396382239838676, 40.272184522097312 ], [ -8.39617340328358, 40.269496568403987 ], [ -8.392632208258998, 40.269496568403987 ], [ -8.392840956734569, 40.272184522097312 ], [ -8.396382239838676, 40.272184522097312 ] ] ] } },
{ "type": "Feature", "properties": { "fid": 341, "Population": 1 }, "geometry": { "type": "Polygon", "coordinates": [ [ [ -8.322015294652422, 40.272184522097312 ], [ -8.321808307767361, 40.269496568403987 ], [ -8.318267112742779, 40.269496568403987 ], [ -8.318474011548313, 40.272184522097312 ], [ -8.322015294652422, 40.272184522097312 ] ] ] } },
{ "type": "Feature", "properties": { "fid": 342, "Population": 0 }, "geometry": { "type": "Polygon", "coordinates": [ [ [ -8.483695396180819, 40.301754652340364 ], [ -8.483272888415414, 40.296377904929884 ], [ -8.490357041140605, 40.296377904929884 ], [ -8.489934296318275, 40.291001317606387 ], [ -8.486392396319811, 40.291001317606387 ], [ -8.485969943541974, 40.285624890330936 ], [ -8.48242821985936, 40.285624890330936 ], [ -8.48221712497813, 40.282936736699092 ], [ -8.475133853892553, 40.282936736699092 ], [ -8.474922964160152, 40.280248623064637 ], [ -8.471381416745125, 40.280248623064637 ], [ -8.471170643992702, 40.27756054942278 ], [ -8.467629184693374, 40.27756054942278 ], [ -8.467418528891912, 40.274872515768621 ], [ -8.463877157696224, 40.274872515768621 ], [ -8.463245627493095, 40.266808654683814 ], [ -8.456163413578874, 40.266808654683814 ], [ -8.456373718701471, 40.269496568403987 ], [ -8.459914913726054, 40.269496568403987 ], [ -8.460756774500043, 40.280248623064637 ], [ -8.457215227085015, 40.280248623064637 ], [ -8.457636154081065, 40.285624890330936 ], [ -8.454094430398452, 40.285624890330936 ], [ -8.45430484896276, 40.288313083965072 ], [ -8.457846660797266, 40.288313083965072 ], [ -8.458267760690465, 40.2936895912597 ], [ -8.454725772515971, 40.2936895912597 ], [ -8.454936277514653, 40.296377904929884 ], [ -8.447852124789463, 40.296377904929884 ], [ -8.448062482209032, 40.299066258621821 ], [ -8.455146811334576, 40.299066258621821 ], [ -8.455357373980632, 40.301754652340364 ], [ -8.46244187953068, 40.301754652340364 ], [ -8.462231140460117, 40.299066258621821 ], [ -8.469315469585659, 40.299066258621821 ], [ -8.468893725213944, 40.2936895912597 ], [ -8.472435713388437, 40.2936895912597 ], [ -8.472224796325957, 40.291001317606387 ], [ -8.47576669632442, 40.291001317606387 ], [ -8.475977701562931, 40.2936895912597 ], [ -8.479519689737424, 40.2936895912597 ], [ -8.480153143405795, 40.301754652340364 ], [ -8.483695396180819, 40.301754652340364 ] ], [ [ -8.475555719969789, 40.288313083965072 ], [ -8.468472096300779, 40.288313083965072 ], [ -8.468261325128905, 40.285624890330936 ], [ -8.47180304881152, 40.285624890330936 ], [ -8.471592218349766, 40.282936736699092 ], [ -8.475133853892553, 40.282936736699092 ], [ -8.475555719969789, 40.288313083965072 ] ] ] } },
{ "type": "Feature", "properties": { "fid": 343, "Population": 3 }, "geometry": { "type": "Polygon", "coordinates": [ [ [ -8.53073881421769, 40.269496568403987 ], [ -8.530526659678188, 40.266808654683814 ], [ -8.526985552721076, 40.266808654683814 ], [ -8.52719761919311, 40.269496568403987 ], [ -8.53073881421769, 40.269496568403987 ] ] ] } },
{ "type": "Feature", "properties": { "fid": 344, "Population": 55 }, "geometry": { "type": "Polygon", "coordinates": [ [ [ -8.52719761919311, 40.269496568403987 ], [ -8.526985552721076, 40.266808654683814 ], [ -8.523444445763966, 40.266808654683814 ], [ -8.523656424168527, 40.269496568403987 ], [ -8.52719761919311, 40.269496568403987 ] ] ] } },
{ "type": "Feature", "properties": { "fid": 345, "Population": 90 }, "geometry": { "type": "Polygon", "coordinates": [ [ [ -8.523656424168527, 40.269496568403987 ], [ -8.523444445763966, 40.266808654683814 ], [ -8.519903338806856, 40.266808654683814 ], [ -8.520115229143945, 40.269496568403987 ], [ -8.523656424168527, 40.269496568403987 ] ] ] } },
{ "type": "Feature", "properties": { "fid": 346, "Population": 51 }, "geometry": { "type": "Polygon", "coordinates": [ [ [ -8.520115229143945, 40.269496568403987 ], [ -8.519903338806856, 40.266808654683814 ], [ -8.516362231849746, 40.266808654683814 ], [ -8.516574034119364, 40.269496568403987 ], [ -8.520115229143945, 40.269496568403987 ] ] ] } },
{ "type": "Feature", "properties": { "fid": 347, "Population": 41 }, "geometry": { "type": "Polygon", "coordinates": [ [ [ -8.516574034119364, 40.269496568403987 ], [ -8.516362231849746, 40.266808654683814 ], [ -8.512821124892636, 40.266808654683814 ], [ -8.513032839094782, 40.269496568403987 ], [ -8.516574034119364, 40.269496568403987 ] ] ] } },
{ "type": "Feature", "properties": { "fid": 348, "Population": 24 }, "geometry": { "type": "Polygon", "coordinates": [ [ [ -8.513032839094782, 40.269496568403987 ], [ -8.512821124892636, 40.266808654683814 ], [ -8.509280017935525, 40.266808654683814 ], [ -8.5094916440702, 40.269496568403987 ], [ -8.513032839094782, 40.269496568403987 ] ] ] } },
{ "type": "Feature", "properties": { "fid": 349, "Population": 19 }, "geometry": { "type": "Polygon", "coordinates": [ [ [ -8.5094916440702, 40.269496568403987 ], [ -8.509280017935525, 40.266808654683814 ], [ -8.505738910978415, 40.266808654683814 ], [ -8.505950449045617, 40.269496568403987 ], [ -8.5094916440702, 40.269496568403987 ] ] ] } },
{ "type": "Feature", "properties": { "fid": 350, "Population": 17 }, "geometry": { "type": "Polygon", "coordinates": [ [ [ -8.505950449045617, 40.269496568403987 ], [ -8.505738910978415, 40.266808654683814 ], [ -8.502197804021305, 40.266808654683814 ], [ -8.502409254021037, 40.269496568403987 ], [ -8.505950449045617, 40.269496568403987 ] ] ] } },
{ "type": "Feature", "properties": { "fid": 351, "Population": 70 }, "geometry": { "type": "Polygon", "coordinates": [ [ [ -8.502409254021037, 40.269496568403987 ], [ -8.502197804021305, 40.266808654683814 ], [ -8.498656697064195, 40.266808654683814 ], [ -8.498868058996454, 40.269496568403987 ], [ -8.502409254021037, 40.269496568403987 ] ] ] } },
{ "type": "Feature", "properties": { "fid": 352, "Population": 13 }, "geometry": { "type": "Polygon", "coordinates": [ [ [ -8.498868058996454, 40.269496568403987 ], [ -8.498656697064195, 40.266808654683814 ], [ -8.495115590107085, 40.266808654683814 ], [ -8.495326863971872, 40.269496568403987 ], [ -8.498868058996454, 40.269496568403987 ] ] ] } },
{ "type": "Feature", "properties": { "fid": 353, "Population": 39 }, "geometry": { "type": "Polygon", "coordinates": [ [ [ -8.456373718701471, 40.269496568403987 ], [ -8.456163413578874, 40.266808654683814 ], [ -8.452622306621764, 40.266808654683814 ], [ -8.452832523676891, 40.269496568403987 ], [ -8.456373718701471, 40.269496568403987 ] ] ] } },
{ "type": "Feature", "properties": { "fid": 354, "Population": 12 }, "geometry": { "type": "Polygon", "coordinates": [ [ [ -8.452832523676891, 40.269496568403987 ], [ -8.452622306621764, 40.266808654683814 ], [ -8.449081199664654, 40.266808654683814 ], [ -8.449291328652308, 40.269496568403987 ], [ -8.452832523676891, 40.269496568403987 ] ] ] } },
{ "type": "Feature", "properties": { "fid": 355, "Population": 42 }, "geometry": { "type": "Polygon", "coordinates": [ [ [ -8.449291328652308, 40.269496568403987 ], [ -8.449081199664654, 40.266808654683814 ], [ -8.445540092707544, 40.266808654683814 ], [ -8.445750133627726, 40.269496568403987 ], [ -8.449291328652308, 40.269496568403987 ] ] ] } },
{ "type": "Feature", "properties": { "fid": 356, "Population": 63 }, "geometry": { "type": "Polygon", "coordinates": [ [ [ -8.445750133627726, 40.269496568403987 ], [ -8.445540092707544, 40.266808654683814 ], [ -8.441998985750434, 40.266808654683814 ], [ -8.442208938603144, 40.269496568403987 ], [ -8.445750133627726, 40.269496568403987 ] ] ] } },
{ "type": "Feature", "properties": { "fid": 357, "Population": 36 }, "geometry": { "type": "Polygon", "coordinates": [ [ [ -8.442208938603144, 40.269496568403987 ], [ -8.441998985750434, 40.266808654683814 ], [ -8.438457878793324, 40.266808654683814 ], [ -8.438667743578563, 40.269496568403987 ], [ -8.442208938603144, 40.269496568403987 ] ] ] } },
{ "type": "Feature", "properties": { "fid": 358, "Population": 22 }, "geometry": { "type": "Polygon", "coordinates": [ [ [ -8.438667743578563, 40.269496568403987 ], [ -8.438457878793324, 40.266808654683814 ], [ -8.434916771836214, 40.266808654683814 ], [ -8.435126548553981, 40.269496568403987 ], [ -8.438667743578563, 40.269496568403987 ] ] ] } },
{ "type": "Feature", "properties": { "fid": 359, "Population": 29 }, "geometry": { "type": "Polygon", "coordinates": [ [ [ -8.435126548553981, 40.269496568403987 ], [ -8.434916771836214, 40.266808654683814 ], [ -8.431375664879104, 40.266808654683814 ], [ -8.431585353529398, 40.269496568403987 ], [ -8.435126548553981, 40.269496568403987 ] ] ] } },
{ "type": "Feature", "properties": { "fid": 360, "Population": 142 }, "geometry": { "type": "Polygon", "coordinates": [ [ [ -8.431585353529398, 40.269496568403987 ], [ -8.431375664879104, 40.266808654683814 ], [ -8.427834557921994, 40.266808654683814 ], [ -8.428044158504818, 40.269496568403987 ], [ -8.431585353529398, 40.269496568403987 ] ] ] } },
{ "type": "Feature", "properties": { "fid": 361, "Population": 29 }, "geometry": { "type": "Polygon", "coordinates": [ [ [ -8.428044158504818, 40.269496568403987 ], [ -8.427834557921994, 40.266808654683814 ], [ -8.424293450964884, 40.266808654683814 ], [ -8.424502963480235, 40.269496568403987 ], [ -8.428044158504818, 40.269496568403987 ] ] ] } },
{ "type": "Feature", "properties": { "fid": 362, "Population": 2 }, "geometry": { "type": "Polygon", "coordinates": [ [ [ -8.424502963480235, 40.269496568403987 ], [ -8.424293450964884, 40.266808654683814 ], [ -8.420752344007774, 40.266808654683814 ], [ -8.420961768455653, 40.269496568403987 ], [ -8.424502963480235, 40.269496568403987 ] ] ] } },
{ "type": "Feature", "properties": { "fid": 363, "Population": 18 }, "geometry": { "type": "Polygon", "coordinates": [ [ [ -8.410338183381908, 40.269496568403987 ], [ -8.410129023136443, 40.266808654683814 ], [ -8.406587916179333, 40.266808654683814 ], [ -8.406796988357325, 40.269496568403987 ], [ -8.410338183381908, 40.269496568403987 ] ] ] } },
{ "type": "Feature", "properties": { "fid": 364, "Population": 53 }, "geometry": { "type": "Polygon", "coordinates": [ [ [ -8.406796988357325, 40.269496568403987 ], [ -8.406587916179333, 40.266808654683814 ], [ -8.403046809222223, 40.266808654683814 ], [ -8.403255793332745, 40.269496568403987 ], [ -8.406796988357325, 40.269496568403987 ] ] ] } },
{ "type": "Feature", "properties": { "fid": 365, "Population": 103 }, "geometry": { "type": "Polygon", "coordinates": [ [ [ -8.403255793332745, 40.269496568403987 ], [ -8.403046809222223, 40.266808654683814 ], [ -8.399505702265113, 40.266808654683814 ], [ -8.399714598308162, 40.269496568403987 ], [ -8.403255793332745, 40.269496568403987 ] ] ] } },
{ "type": "Feature", "properties": { "fid": 366, "Population": 72 }, "geometry": { "type": "Polygon", "coordinates": [ [ [ -8.399714598308162, 40.269496568403987 ], [ -8.399505702265113, 40.266808654683814 ], [ -8.395964595308003, 40.266808654683814 ], [ -8.39617340328358, 40.269496568403987 ], [ -8.399714598308162, 40.269496568403987 ] ] ] } },
{ "type": "Feature", "properties": { "fid": 367, "Population": 10 }, "geometry": { "type": "Polygon", "coordinates": [ [ [ -8.350137867964015, 40.269496568403987 ], [ -8.349930204865572, 40.266808654683814 ], [ -8.346389097908462, 40.266808654683814 ], [ -8.346596672939434, 40.269496568403987 ], [ -8.350137867964015, 40.269496568403987 ] ] ] } },
{ "type": "Feature", "properties": { "fid": 368, "Population": 33 }, "geometry": { "type": "Polygon", "coordinates": [ [ [ -8.346596672939434, 40.269496568403987 ], [ -8.346389097908462, 40.266808654683814 ], [ -8.342847990951352, 40.266808654683814 ], [ -8.343055477914852, 40.269496568403987 ], [ -8.346596672939434, 40.269496568403987 ] ] ] } },
{ "type": "Feature", "properties": { "fid": 369, "Population": 7 }, "geometry": { "type": "Polygon", "coordinates": [ [ [ -8.335973087865689, 40.269496568403987 ], [ -8.335765777037132, 40.266808654683814 ], [ -8.332224670080022, 40.266808654683814 ], [ -8.332431892841106, 40.269496568403987 ], [ -8.335973087865689, 40.269496568403987 ] ] ] } },
{ "type": "Feature", "properties": { "fid": 370, "Population": 5 }, "geometry": { "type": "Polygon", "coordinates": [ [ [ -8.332431892841106, 40.269496568403987 ], [ -8.332224670080022, 40.266808654683814 ], [ -8.328683563122913, 40.266808654683814 ], [ -8.328890697816526, 40.269496568403987 ], [ -8.332431892841106, 40.269496568403987 ] ] ] } },
{ "type": "Feature", "properties": { "fid": 371, "Population": 2 }, "geometry": { "type": "Polygon", "coordinates": [ [ [ -8.321808307767361, 40.269496568403987 ], [ -8.321601349208693, 40.266808654683814 ], [ -8.318060242251583, 40.266808654683814 ], [ -8.318267112742779, 40.269496568403987 ], [ -8.321808307767361, 40.269496568403987 ] ] ] } },
{ "type": "Feature", "properties": { "fid": 372, "Population": 1 }, "geometry": { "type": "Polygon", "coordinates": [ [ [ -8.466997303775218, 40.269496568403987 ], [ -8.466576193940899, 40.264120780931876 ], [ -8.463035175039208, 40.264120780931876 ], [ -8.463456108750636, 40.269496568403987 ], [ -8.466997303775218, 40.269496568403987 ] ] ] } },
{ "type": "Feature", "properties": { "fid": 373, "Population": 1 }, "geometry": { "type": "Polygon", "coordinates": [ [ [ -8.353679062988599, 40.269496568403987 ], [ -8.353263589086817, 40.264120780931876 ], [ -8.349722570185126, 40.264120780931876 ], [ -8.350137867964015, 40.269496568403987 ], [ -8.353679062988599, 40.269496568403987 ] ] ] } },
{ "type": "Feature", "properties": { "fid": 374, "Population": 4 }, "geometry": { "type": "Polygon", "coordinates": [ [ [ -8.530526659678188, 40.266808654683814 ], [ -8.530314534171319, 40.264120780931876 ], [ -8.52677351526963, 40.264120780931876 ], [ -8.526985552721076, 40.266808654683814 ], [ -8.530526659678188, 40.266808654683814 ] ] ] } },
{ "type": "Feature", "properties": { "fid": 375, "Population": 5 }, "geometry": { "type": "Polygon", "coordinates": [ [ [ -8.526985552721076, 40.266808654683814 ], [ -8.52677351526963, 40.264120780931876 ], [ -8.523232496367941, 40.264120780931876 ], [ -8.523444445763966, 40.266808654683814 ], [ -8.526985552721076, 40.266808654683814 ] ] ] } },
{ "type": "Feature", "properties": { "fid": 376, "Population": 16 }, "geometry": { "type": "Polygon", "coordinates": [ [ [ -8.523444445763966, 40.266808654683814 ], [ -8.523232496367941, 40.264120780931876 ], [ -8.51969147746625, 40.264120780931876 ], [ -8.519903338806856, 40.266808654683814 ], [ -8.523444445763966, 40.266808654683814 ] ] ] } },
{ "type": "Feature", "properties": { "fid": 377, "Population": 11 }, "geometry": { "type": "Polygon", "coordinates": [ [ [ -8.519903338806856, 40.266808654683814 ], [ -8.51969147746625, 40.264120780931876 ], [ -8.51615045856456, 40.264120780931876 ], [ -8.516362231849746, 40.266808654683814 ], [ -8.519903338806856, 40.266808654683814 ] ] ] } },
{ "type": "Feature", "properties": { "fid": 378, "Population": 2 }, "geometry": { "type": "Polygon", "coordinates": [ [ [ -8.516362231849746, 40.266808654683814 ], [ -8.51615045856456, 40.264120780931876 ], [ -8.512609439662869, 40.264120780931876 ], [ -8.512821124892636, 40.266808654683814 ], [ -8.516362231849746, 40.266808654683814 ] ] ] } },
{ "type": "Feature", "properties": { "fid": 379, "Population": 5 }, "geometry": { "type": "Polygon", "coordinates": [ [ [ -8.512821124892636, 40.266808654683814 ], [ -8.512609439662869, 40.264120780931876 ], [ -8.50906842076118, 40.264120780931876 ], [ -8.509280017935525, 40.266808654683814 ], [ -8.512821124892636, 40.266808654683814 ] ] ] } },
{ "type": "Feature", "properties": { "fid": 380, "Population": 18 }, "geometry": { "type": "Polygon", "coordinates": [ [ [ -8.509280017935525, 40.266808654683814 ], [ -8.50906842076118, 40.264120780931876 ], [ -8.505527401859489, 40.264120780931876 ], [ -8.505738910978415, 40.266808654683814 ], [ -8.509280017935525, 40.266808654683814 ] ] ] } },
{ "type": "Feature", "properties": { "fid": 381, "Population": 31 }, "geometry": { "type": "Polygon", "coordinates": [ [ [ -8.505738910978415, 40.266808654683814 ], [ -8.505527401859489, 40.264120780931876 ], [ -8.501986382957799, 40.264120780931876 ], [ -8.502197804021305, 40.266808654683814 ], [ -8.505738910978415, 40.266808654683814 ] ] ] } },
{ "type": "Feature", "properties": { "fid": 382, "Population": 99 }, "geometry": { "type": "Polygon", "coordinates": [ [ [ -8.502197804021305, 40.266808654683814 ], [ -8.501986382957799, 40.264120780931876 ], [ -8.49844536405611, 40.264120780931876 ], [ -8.498656697064195, 40.266808654683814 ], [ -8.502197804021305, 40.266808654683814 ] ] ] } },
{ "type": "Feature", "properties": { "fid": 383, "Population": 80 }, "geometry": { "type": "Polygon", "coordinates": [ [ [ -8.498656697064195, 40.266808654683814 ], [ -8.49844536405611, 40.264120780931876 ], [ -8.494904345154419, 40.264120780931876 ], [ -8.495115590107085, 40.266808654683814 ], [ -8.498656697064195, 40.266808654683814 ] ] ] } },
{ "type": "Feature", "properties": { "fid": 384, "Population": 3 }, "geometry": { "type": "Polygon", "coordinates": [ [ [ -8.495115590107085, 40.266808654683814 ], [ -8.494904345154419, 40.264120780931876 ], [ -8.491363326252729, 40.264120780931876 ], [ -8.491574483149975, 40.266808654683814 ], [ -8.495115590107085, 40.266808654683814 ] ] ] } },
{ "type": "Feature", "properties": { "fid": 385, "Population": 52 }, "geometry": { "type": "Polygon", "coordinates": [ [ [ -8.463245627493095, 40.266808654683814 ], [ -8.463035175039208, 40.264120780931876 ], [ -8.459494156137518, 40.264120780931876 ], [ -8.459704520535984, 40.266808654683814 ], [ -8.463245627493095, 40.266808654683814 ] ] ] } },
{ "type": "Feature", "properties": { "fid": 386, "Population": 1 }, "geometry": { "type": "Polygon", "coordinates": [ [ [ -8.459704520535984, 40.266808654683814 ], [ -8.459494156137518, 40.264120780931876 ], [ -8.455953137235827, 40.264120780931876 ], [ -8.456163413578874, 40.266808654683814 ], [ -8.459704520535984, 40.266808654683814 ] ] ] } },
{ "type": "Feature", "properties": { "fid": 387, "Population": 28 }, "geometry": { "type": "Polygon", "coordinates": [ [ [ -8.456163413578874, 40.266808654683814 ], [ -8.455953137235827, 40.264120780931876 ], [ -8.452412118334138, 40.264120780931876 ], [ -8.452622306621764, 40.266808654683814 ], [ -8.456163413578874, 40.266808654683814 ] ] ] } },
{ "type": "Feature", "properties": { "fid": 388, "Population": 115 }, "geometry": { "type": "Polygon", "coordinates": [ [ [ -8.452622306621764, 40.266808654683814 ], [ -8.452412118334138, 40.264120780931876 ], [ -8.448871099432447, 40.264120780931876 ], [ -8.449081199664654, 40.266808654683814 ], [ -8.452622306621764, 40.266808654683814 ] ] ] } },
{ "type": "Feature", "properties": { "fid": 389, "Population": 13 }, "geometry": { "type": "Polygon", "coordinates": [ [ [ -8.449081199664654, 40.266808654683814 ], [ -8.448871099432447, 40.264120780931876 ], [ -8.445330080530757, 40.264120780931876 ], [ -8.445540092707544, 40.266808654683814 ], [ -8.449081199664654, 40.266808654683814 ] ] ] } },
{ "type": "Feature", "properties": { "fid": 390, "Population": 76 }, "geometry": { "type": "Polygon", "coordinates": [ [ [ -8.445540092707544, 40.266808654683814 ], [ -8.445330080530757, 40.264120780931876 ], [ -8.441789061629068, 40.264120780931876 ], [ -8.441998985750434, 40.266808654683814 ], [ -8.445540092707544, 40.266808654683814 ] ] ] } },
{ "type": "Feature", "properties": { "fid": 391, "Population": 23 }, "geometry": { "type": "Polygon", "coordinates": [ [ [ -8.441998985750434, 40.266808654683814 ], [ -8.441789061629068, 40.264120780931876 ], [ -8.438248042727377, 40.264120780931876 ], [ -8.438457878793324, 40.266808654683814 ], [ -8.441998985750434, 40.266808654683814 ] ] ] } },
{ "type": "Feature", "properties": { "fid": 392, "Population": 17 }, "geometry": { "type": "Polygon", "coordinates": [ [ [ -8.438457878793324, 40.266808654683814 ], [ -8.438248042727377, 40.264120780931876 ], [ -8.434707023825688, 40.264120780931876 ], [ -8.434916771836214, 40.266808654683814 ], [ -8.438457878793324, 40.266808654683814 ] ] ] } },
{ "type": "Feature", "properties": { "fid": 393, "Population": 6 }, "geometry": { "type": "Polygon", "coordinates": [ [ [ -8.434916771836214, 40.266808654683814 ], [ -8.434707023825688, 40.264120780931876 ], [ -8.431166004923998, 40.264120780931876 ], [ -8.431375664879104, 40.266808654683814 ], [ -8.434916771836214, 40.266808654683814 ] ] ] } },
{ "type": "Feature", "properties": { "fid": 394, "Population": 110 }, "geometry": { "type": "Polygon", "coordinates": [ [ [ -8.431375664879104, 40.266808654683814 ], [ -8.431166004923998, 40.264120780931876 ], [ -8.427624986022309, 40.264120780931876 ], [ -8.427834557921994, 40.266808654683814 ], [ -8.431375664879104, 40.266808654683814 ] ] ] } },
{ "type": "Feature", "properties": { "fid": 395, "Population": 89 }, "geometry": { "type": "Polygon", "coordinates": [ [ [ -8.427834557921994, 40.266808654683814 ], [ -8.427624986022309, 40.264120780931876 ], [ -8.424083967120618, 40.264120780931876 ], [ -8.424293450964884, 40.266808654683814 ], [ -8.427834557921994, 40.266808654683814 ] ] ] } },
{ "type": "Feature", "properties": { "fid": 396, "Population": 53 }, "geometry": { "type": "Polygon", "coordinates": [ [ [ -8.424293450964884, 40.266808654683814 ], [ -8.424083967120618, 40.264120780931876 ], [ -8.420542948218928, 40.264120780931876 ], [ -8.420752344007774, 40.266808654683814 ], [ -8.424293450964884, 40.266808654683814 ] ] ] } },
{ "type": "Feature", "properties": { "fid": 397, "Population": 45 }, "geometry": { "type": "Polygon", "coordinates": [ [ [ -8.420752344007774, 40.266808654683814 ], [ -8.420542948218928, 40.264120780931876 ], [ -8.417001929317237, 40.264120780931876 ], [ -8.417211237050664, 40.266808654683814 ], [ -8.420752344007774, 40.266808654683814 ] ] ] } },
{ "type": "Feature", "properties": { "fid": 398, "Population": 43 }, "geometry": { "type": "Polygon", "coordinates": [ [ [ -8.406587916179333, 40.266808654683814 ], [ -8.406378872612168, 40.264120780931876 ], [ -8.402837853710478, 40.264120780931876 ], [ -8.403046809222223, 40.266808654683814 ], [ -8.406587916179333, 40.266808654683814 ] ] ] } },
{ "type": "Feature", "properties": { "fid": 399, "Population": 47 }, "geometry": { "type": "Polygon", "coordinates": [ [ [ -8.403046809222223, 40.266808654683814 ], [ -8.402837853710478, 40.264120780931876 ], [ -8.399296834808787, 40.264120780931876 ], [ -8.399505702265113, 40.266808654683814 ], [ -8.403046809222223, 40.266808654683814 ] ] ] } },
{ "type": "Feature", "properties": { "fid": 400, "Population": 39 }, "geometry": { "type": "Polygon", "coordinates": [ [ [ -8.399505702265113, 40.266808654683814 ], [ -8.399296834808787, 40.264120780931876 ], [ -8.395755815907098, 40.264120780931876 ], [ -8.395964595308003, 40.266808654683814 ], [ -8.399505702265113, 40.266808654683814 ] ] ] } },
{ "type": "Feature", "properties": { "fid": 401, "Population": 71 }, "geometry": { "type": "Polygon", "coordinates": [ [ [ -8.349930204865572, 40.266808654683814 ], [ -8.349722570185126, 40.264120780931876 ], [ -8.346181551283436, 40.264120780931876 ], [ -8.346389097908462, 40.266808654683814 ], [ -8.349930204865572, 40.266808654683814 ] ] ] } },
{ "type": "Feature", "properties": { "fid": 402, "Population": 39 }, "geometry": { "type": "Polygon", "coordinates": [ [ [ -8.346389097908462, 40.266808654683814 ], [ -8.346181551283436, 40.264120780931876 ], [ -8.342640532381745, 40.264120780931876 ], [ -8.342847990951352, 40.266808654683814 ], [ -8.346389097908462, 40.266808654683814 ] ] ] } },
{ "type": "Feature", "properties": { "fid": 403, "Population": 29 }, "geometry": { "type": "Polygon", "coordinates": [ [ [ -8.342847990951352, 40.266808654683814 ], [ -8.342640532381745, 40.264120780931876 ], [ -8.339099513480056, 40.264120780931876 ], [ -8.339306883994242, 40.266808654683814 ], [ -8.342847990951352, 40.266808654683814 ] ] ] } },
{ "type": "Feature", "properties": { "fid": 404, "Population": 30 }, "geometry": { "type": "Polygon", "coordinates": [ [ [ -8.335765777037132, 40.266808654683814 ], [ -8.335558494578365, 40.264120780931876 ], [ -8.332017475676675, 40.264120780931876 ], [ -8.332224670080022, 40.266808654683814 ], [ -8.335765777037132, 40.266808654683814 ] ] ] } },
{ "type": "Feature", "properties": { "fid": 405, "Population": 58 }, "geometry": { "type": "Polygon", "coordinates": [ [ [ -8.332224670080022, 40.266808654683814 ], [ -8.332017475676675, 40.264120780931876 ], [ -8.328476456774986, 40.264120780931876 ], [ -8.328683563122913, 40.266808654683814 ], [ -8.332224670080022, 40.266808654683814 ] ] ] } },
{ "type": "Feature", "properties": { "fid": 406, "Population": 13 }, "geometry": { "type": "Polygon", "coordinates": [ [ [ -8.321601349208693, 40.266808654683814 ], [ -8.321394418971607, 40.264120780931876 ], [ -8.317853400069916, 40.264120780931876 ], [ -8.318060242251583, 40.266808654683814 ], [ -8.321601349208693, 40.266808654683814 ] ] ] } },
{ "type": "Feature", "properties": { "fid": 407, "Population": 6 }, "geometry": { "type": "Polygon", "coordinates": [ [ [ -8.328683563122913, 40.266808654683814 ], [ -8.328269378767944, 40.261432947143383 ], [ -8.324728447909624, 40.261432947143383 ], [ -8.325142456165803, 40.266808654683814 ], [ -8.328683563122913, 40.266808654683814 ] ] ] } },
{ "type": "Feature", "properties": { "fid": 408, "Population": 1 }, "geometry": { "type": "Polygon", "coordinates": [ [ [ -8.530314534171319, 40.264120780931876 ], [ -8.530102437692168, 40.261432947143383 ], [ -8.523020575975528, 40.261432947143383 ], [ -8.523232496367941, 40.264120780931876 ], [ -8.530314534171319, 40.264120780931876 ] ] ] } },
{ "type": "Feature", "properties": { "fid": 409, "Population": 6 }, "geometry": { "type": "Polygon", "coordinates": [ [ [ -8.51969147746625, 40.264120780931876 ], [ -8.519479645117208, 40.261432947143383 ], [ -8.515938714258889, 40.261432947143383 ], [ -8.51615045856456, 40.264120780931876 ], [ -8.51969147746625, 40.264120780931876 ] ] ] } },
{ "type": "Feature", "properties": { "fid": 410, "Population": 3 }, "geometry": { "type": "Polygon", "coordinates": [ [ [ -8.51615045856456, 40.264120780931876 ], [ -8.515938714258889, 40.261432947143383 ], [ -8.512397783400569, 40.261432947143383 ], [ -8.512609439662869, 40.264120780931876 ], [ -8.51615045856456, 40.264120780931876 ] ] ] } },
{ "type": "Feature", "properties": { "fid": 411, "Population": 1 }, "geometry": { "type": "Polygon", "coordinates": [ [ [ -8.512609439662869, 40.264120780931876 ], [ -8.512397783400569, 40.261432947143383 ], [ -8.50885685254225, 40.261432947143383 ], [ -8.50906842076118, 40.264120780931876 ], [ -8.512609439662869, 40.264120780931876 ] ] ] } },
{ "type": "Feature", "properties": { "fid": 412, "Population": 5 }, "geometry": { "type": "Polygon", "coordinates": [ [ [ -8.50906842076118, 40.264120780931876 ], [ -8.50885685254225, 40.261432947143383 ], [ -8.50531592168393, 40.261432947143383 ], [ -8.505527401859489, 40.264120780931876 ], [ -8.50906842076118, 40.264120780931876 ] ] ] } },
{ "type": "Feature", "properties": { "fid": 413, "Population": 3 }, "geometry": { "type": "Polygon", "coordinates": [ [ [ -8.505527401859489, 40.264120780931876 ], [ -8.50531592168393, 40.261432947143383 ], [ -8.501774990825611, 40.261432947143383 ], [ -8.501986382957799, 40.264120780931876 ], [ -8.505527401859489, 40.264120780931876 ] ] ] } },
{ "type": "Feature", "properties": { "fid": 414, "Population": 32 }, "geometry": { "type": "Polygon", "coordinates": [ [ [ -8.501986382957799, 40.264120780931876 ], [ -8.501774990825611, 40.261432947143383 ], [ -8.49823405996729, 40.261432947143383 ], [ -8.49844536405611, 40.264120780931876 ], [ -8.501986382957799, 40.264120780931876 ] ] ] } },
{ "type": "Feature", "properties": { "fid": 415, "Population": 89 }, "geometry": { "type": "Polygon", "coordinates": [ [ [ -8.49844536405611, 40.264120780931876 ], [ -8.49823405996729, 40.261432947143383 ], [ -8.49469312910897, 40.261432947143383 ], [ -8.494904345154419, 40.264120780931876 ], [ -8.49844536405611, 40.264120780931876 ] ] ] } },
{ "type": "Feature", "properties": { "fid": 416, "Population": 2 }, "geometry": { "type": "Polygon", "coordinates": [ [ [ -8.494904345154419, 40.264120780931876 ], [ -8.49469312910897, 40.261432947143383 ], [ -8.491152198250651, 40.261432947143383 ], [ -8.491363326252729, 40.264120780931876 ], [ -8.494904345154419, 40.264120780931876 ] ] ] } },
{ "type": "Feature", "properties": { "fid": 417, "Population": 2 }, "geometry": { "type": "Polygon", "coordinates": [ [ [ -8.484281288449349, 40.264120780931876 ], [ -8.484070336534012, 40.261432947143383 ], [ -8.480529405675693, 40.261432947143383 ], [ -8.480740269547658, 40.264120780931876 ], [ -8.484281288449349, 40.264120780931876 ] ] ] } },
{ "type": "Feature", "properties": { "fid": 418, "Population": 3 }, "geometry": { "type": "Polygon", "coordinates": [ [ [ -8.480740269547658, 40.264120780931876 ], [ -8.480529405675693, 40.261432947143383 ], [ -8.476988474817373, 40.261432947143383 ], [ -8.477199250645969, 40.264120780931876 ], [ -8.480740269547658, 40.264120780931876 ] ] ] } },
{ "type": "Feature", "properties": { "fid": 419, "Population": 7 }, "geometry": { "type": "Polygon", "coordinates": [ [ [ -8.466576193940899, 40.264120780931876 ], [ -8.466365682242412, 40.261432947143383 ], [ -8.462824751384092, 40.261432947143383 ], [ -8.463035175039208, 40.264120780931876 ], [ -8.466576193940899, 40.264120780931876 ] ] ] } },
{ "type": "Feature", "properties": { "fid": 420, "Population": 107 }, "geometry": { "type": "Polygon", "coordinates": [ [ [ -8.463035175039208, 40.264120780931876 ], [ -8.462824751384092, 40.261432947143383 ], [ -8.459283820525773, 40.261432947143383 ], [ -8.459494156137518, 40.264120780931876 ], [ -8.463035175039208, 40.264120780931876 ] ] ] } },
{ "type": "Feature", "properties": { "fid": 421, "Population": 18 }, "geometry": { "type": "Polygon", "coordinates": [ [ [ -8.459494156137518, 40.264120780931876 ], [ -8.459283820525773, 40.261432947143383 ], [ -8.455742889667453, 40.261432947143383 ], [ -8.455953137235827, 40.264120780931876 ], [ -8.459494156137518, 40.264120780931876 ] ] ] } },
{ "type": "Feature", "properties": { "fid": 422, "Population": 0 }, "geometry": { "type": "Polygon", "coordinates": [ [ [ -8.455953137235827, 40.264120780931876 ], [ -8.455742889667453, 40.261432947143383 ], [ -8.452201958809134, 40.261432947143383 ], [ -8.452412118334138, 40.264120780931876 ], [ -8.455953137235827, 40.264120780931876 ] ] ] } },
{ "type": "Feature", "properties": { "fid": 423, "Population": 26 }, "geometry": { "type": "Polygon", "coordinates": [ [ [ -8.452412118334138, 40.264120780931876 ], [ -8.452201958809134, 40.261432947143383 ], [ -8.448661027950813, 40.261432947143383 ], [ -8.448871099432447, 40.264120780931876 ], [ -8.452412118334138, 40.264120780931876 ] ] ] } },
{ "type": "Feature", "properties": { "fid": 424, "Population": 44 }, "geometry": { "type": "Polygon", "coordinates": [ [ [ -8.448871099432447, 40.264120780931876 ], [ -8.448661027950813, 40.261432947143383 ], [ -8.445120097092493, 40.261432947143383 ], [ -8.445330080530757, 40.264120780931876 ], [ -8.448871099432447, 40.264120780931876 ] ] ] } },
{ "type": "Feature", "properties": { "fid": 425, "Population": 9 }, "geometry": { "type": "Polygon", "coordinates": [ [ [ -8.445330080530757, 40.264120780931876 ], [ -8.445120097092493, 40.261432947143383 ], [ -8.441579166234174, 40.261432947143383 ], [ -8.441789061629068, 40.264120780931876 ], [ -8.445330080530757, 40.264120780931876 ] ] ] } },
{ "type": "Feature", "properties": { "fid": 426, "Population": 26 }, "geometry": { "type": "Polygon", "coordinates": [ [ [ -8.441789061629068, 40.264120780931876 ], [ -8.441579166234174, 40.261432947143383 ], [ -8.438038235375855, 40.261432947143383 ], [ -8.438248042727377, 40.264120780931876 ], [ -8.441789061629068, 40.264120780931876 ] ] ] } },
{ "type": "Feature", "properties": { "fid": 427, "Population": 1 }, "geometry": { "type": "Polygon", "coordinates": [ [ [ -8.438248042727377, 40.264120780931876 ], [ -8.438038235375855, 40.261432947143383 ], [ -8.434497304517535, 40.261432947143383 ], [ -8.434707023825688, 40.264120780931876 ], [ -8.438248042727377, 40.264120780931876 ] ] ] } },
{ "type": "Feature", "properties": { "fid": 428, "Population": 57 }, "geometry": { "type": "Polygon", "coordinates": [ [ [ -8.434707023825688, 40.264120780931876 ], [ -8.434497304517535, 40.261432947143383 ], [ -8.430956373659216, 40.261432947143383 ], [ -8.431166004923998, 40.264120780931876 ], [ -8.434707023825688, 40.264120780931876 ] ] ] } },
{ "type": "Feature", "properties": { "fid": 429, "Population": 81 }, "geometry": { "type": "Polygon", "coordinates": [ [ [ -8.431166004923998, 40.264120780931876 ], [ -8.430956373659216, 40.261432947143383 ], [ -8.427415442800896, 40.261432947143383 ], [ -8.427624986022309, 40.264120780931876 ], [ -8.431166004923998, 40.264120780931876 ] ] ] } },
{ "type": "Feature", "properties": { "fid": 430, "Population": 8 }, "geometry": { "type": "Polygon", "coordinates": [ [ [ -8.427624986022309, 40.264120780931876 ], [ -8.427415442800896, 40.261432947143383 ], [ -8.423874511942575, 40.261432947143383 ], [ -8.424083967120618, 40.264120780931876 ], [ -8.427624986022309, 40.264120780931876 ] ] ] } },
{ "type": "Feature", "properties": { "fid": 431, "Population": 14 }, "geometry": { "type": "Polygon", "coordinates": [ [ [ -8.424083967120618, 40.264120780931876 ], [ -8.423874511942575, 40.261432947143383 ], [ -8.420333581084256, 40.261432947143383 ], [ -8.420542948218928, 40.264120780931876 ], [ -8.424083967120618, 40.264120780931876 ] ] ] } },
{ "type": "Feature", "properties": { "fid": 432, "Population": 9 }, "geometry": { "type": "Polygon", "coordinates": [ [ [ -8.420542948218928, 40.264120780931876 ], [ -8.420333581084256, 40.261432947143383 ], [ -8.416792650225936, 40.261432947143383 ], [ -8.417001929317237, 40.264120780931876 ], [ -8.420542948218928, 40.264120780931876 ] ] ] } },
{ "type": "Feature", "properties": { "fid": 433, "Population": 4 }, "geometry": { "type": "Polygon", "coordinates": [ [ [ -8.409919891513859, 40.264120780931876 ], [ -8.409710788509297, 40.261432947143383 ], [ -8.406169857650978, 40.261432947143383 ], [ -8.406378872612168, 40.264120780931876 ], [ -8.409919891513859, 40.264120780931876 ] ] ] } },
{ "type": "Feature", "properties": { "fid": 434, "Population": 36 }, "geometry": { "type": "Polygon", "coordinates": [ [ [ -8.406378872612168, 40.264120780931876 ], [ -8.406169857650978, 40.261432947143383 ], [ -8.402628926792659, 40.261432947143383 ], [ -8.402837853710478, 40.264120780931876 ], [ -8.406378872612168, 40.264120780931876 ] ] ] } },
{ "type": "Feature", "properties": { "fid": 435, "Population": 55 }, "geometry": { "type": "Polygon", "coordinates": [ [ [ -8.402837853710478, 40.264120780931876 ], [ -8.402628926792659, 40.261432947143383 ], [ -8.399087995934337, 40.261432947143383 ], [ -8.399296834808787, 40.264120780931876 ], [ -8.402837853710478, 40.264120780931876 ] ] ] } },
{ "type": "Feature", "properties": { "fid": 436, "Population": 42 }, "geometry": { "type": "Polygon", "coordinates": [ [ [ -8.399296834808787, 40.264120780931876 ], [ -8.399087995934337, 40.261432947143383 ], [ -8.395547065076018, 40.261432947143383 ], [ -8.395755815907098, 40.264120780931876 ], [ -8.399296834808787, 40.264120780931876 ] ] ] } },
{ "type": "Feature", "properties": { "fid": 437, "Population": 2 }, "geometry": { "type": "Polygon", "coordinates": [ [ [ -8.395755815907098, 40.264120780931876 ], [ -8.395547065076018, 40.261432947143383 ], [ -8.392006134217699, 40.261432947143383 ], [ -8.392214797005407, 40.264120780931876 ], [ -8.395755815907098, 40.264120780931876 ] ] ] } },
{ "type": "Feature", "properties": { "fid": 438, "Population": 7 }, "geometry": { "type": "Polygon", "coordinates": [ [ [ -8.353263589086817, 40.264120780931876 ], [ -8.353055894776181, 40.261432947143383 ], [ -8.34951496391786, 40.261432947143383 ], [ -8.349722570185126, 40.264120780931876 ], [ -8.353263589086817, 40.264120780931876 ] ] ] } },
{ "type": "Feature", "properties": { "fid": 439, "Population": 41 }, "geometry": { "type": "Polygon", "coordinates": [ [ [ -8.349722570185126, 40.264120780931876 ], [ -8.34951496391786, 40.261432947143383 ], [ -8.345974033059541, 40.261432947143383 ], [ -8.346181551283436, 40.264120780931876 ], [ -8.349722570185126, 40.264120780931876 ] ] ] } },
{ "type": "Feature", "properties": { "fid": 440, "Population": 132 }, "geometry": { "type": "Polygon", "coordinates": [ [ [ -8.346181551283436, 40.264120780931876 ], [ -8.345974033059541, 40.261432947143383 ], [ -8.342433102201221, 40.261432947143383 ], [ -8.342640532381745, 40.264120780931876 ], [ -8.346181551283436, 40.264120780931876 ] ] ] } },
{ "type": "Feature", "properties": { "fid": 441, "Population": 62 }, "geometry": { "type": "Polygon", "coordinates": [ [ [ -8.342640532381745, 40.264120780931876 ], [ -8.342433102201221, 40.261432947143383 ], [ -8.338892171342902, 40.261432947143383 ], [ -8.339099513480056, 40.264120780931876 ], [ -8.342640532381745, 40.264120780931876 ] ] ] } },
{ "type": "Feature", "properties": { "fid": 442, "Population": 17 }, "geometry": { "type": "Polygon", "coordinates": [ [ [ -8.339099513480056, 40.264120780931876 ], [ -8.338892171342902, 40.261432947143383 ], [ -8.335351240484583, 40.261432947143383 ], [ -8.335558494578365, 40.264120780931876 ], [ -8.339099513480056, 40.264120780931876 ] ] ] } },
{ "type": "Feature", "properties": { "fid": 443, "Population": 3 }, "geometry": { "type": "Polygon", "coordinates": [ [ [ -8.335558494578365, 40.264120780931876 ], [ -8.335351240484583, 40.261432947143383 ], [ -8.331810309626263, 40.261432947143383 ], [ -8.332017475676675, 40.264120780931876 ], [ -8.335558494578365, 40.264120780931876 ] ] ] } },
{ "type": "Feature", "properties": { "fid": 444, "Population": 13 }, "geometry": { "type": "Polygon", "coordinates": [ [ [ -8.332017475676675, 40.264120780931876 ], [ -8.331810309626263, 40.261432947143383 ], [ -8.328269378767944, 40.261432947143383 ], [ -8.328476456774986, 40.264120780931876 ], [ -8.332017475676675, 40.264120780931876 ] ] ] } },
{ "type": "Feature", "properties": { "fid": 445, "Population": 49 }, "geometry": { "type": "Polygon", "coordinates": [ [ [ -8.321394418971607, 40.264120780931876 ], [ -8.321187517051305, 40.261432947143383 ], [ -8.317646586192986, 40.261432947143383 ], [ -8.317853400069916, 40.264120780931876 ], [ -8.321394418971607, 40.264120780931876 ] ] ] } },
{ "type": "Feature", "properties": { "fid": 446, "Population": 1 }, "geometry": { "type": "Polygon", "coordinates": [ [ [ -8.519479645117208, 40.261432947143383 ], [ -8.519267841754816, 40.258745153313434 ], [ -8.512186156100821, 40.258745153313434 ], [ -8.512397783400569, 40.261432947143383 ], [ -8.519479645117208, 40.261432947143383 ] ] ] } },
{ "type": "Feature", "properties": { "fid": 447, "Population": 7 }, "geometry": { "type": "Polygon", "coordinates": [ [ [ -8.501774990825611, 40.261432947143383 ], [ -8.501563627619829, 40.258745153313434 ], [ -8.498022784792832, 40.258745153313434 ], [ -8.49823405996729, 40.261432947143383 ], [ -8.501774990825611, 40.261432947143383 ] ] ] } },
{ "type": "Feature", "properties": { "fid": 448, "Population": 29 }, "geometry": { "type": "Polygon", "coordinates": [ [ [ -8.49823405996729, 40.261432947143383 ], [ -8.498022784792832, 40.258745153313434 ], [ -8.494481941965836, 40.258745153313434 ], [ -8.49469312910897, 40.261432947143383 ], [ -8.49823405996729, 40.261432947143383 ] ] ] } },
{ "type": "Feature", "properties": { "fid": 449, "Population": 3 }, "geometry": { "type": "Polygon", "coordinates": [ [ [ -8.487611267392332, 40.261432947143383 ], [ -8.48740025631184, 40.258745153313434 ], [ -8.483859413484844, 40.258745153313434 ], [ -8.484070336534012, 40.261432947143383 ], [ -8.487611267392332, 40.261432947143383 ] ] ] } },
{ "type": "Feature", "properties": { "fid": 450, "Population": 97 }, "geometry": { "type": "Polygon", "coordinates": [ [ [ -8.484070336534012, 40.261432947143383 ], [ -8.483859413484844, 40.258745153313434 ], [ -8.480318570657849, 40.258745153313434 ], [ -8.480529405675693, 40.261432947143383 ], [ -8.484070336534012, 40.261432947143383 ] ] ] } },
{ "type": "Feature", "properties": { "fid": 451, "Population": 11 }, "geometry": { "type": "Polygon", "coordinates": [ [ [ -8.480529405675693, 40.261432947143383 ], [ -8.480318570657849, 40.258745153313434 ], [ -8.476777727830852, 40.258745153313434 ], [ -8.476988474817373, 40.261432947143383 ], [ -8.480529405675693, 40.261432947143383 ] ] ] } },
{ "type": "Feature", "properties": { "fid": 452, "Population": 61 }, "geometry": { "type": "Polygon", "coordinates": [ [ [ -8.462824751384092, 40.261432947143383 ], [ -8.462614356522863, 40.258745153313434 ], [ -8.459073513695865, 40.258745153313434 ], [ -8.459283820525773, 40.261432947143383 ], [ -8.462824751384092, 40.261432947143383 ] ] ] } },
{ "type": "Feature", "properties": { "fid": 453, "Population": 55 }, "geometry": { "type": "Polygon", "coordinates": [ [ [ -8.459283820525773, 40.261432947143383 ], [ -8.459073513695865, 40.258745153313434 ], [ -8.455532670868868, 40.258745153313434 ], [ -8.455742889667453, 40.261432947143383 ], [ -8.459283820525773, 40.261432947143383 ] ] ] } },
{ "type": "Feature", "properties": { "fid": 454, "Population": 5 }, "geometry": { "type": "Polygon", "coordinates": [ [ [ -8.455742889667453, 40.261432947143383 ], [ -8.455532670868868, 40.258745153313434 ], [ -8.448450985214874, 40.258745153313434 ], [ -8.448661027950813, 40.261432947143383 ], [ -8.455742889667453, 40.261432947143383 ] ] ] } },
{ "type": "Feature", "properties": { "fid": 455, "Population": 4 }, "geometry": { "type": "Polygon", "coordinates": [ [ [ -8.441579166234174, 40.261432947143383 ], [ -8.441369299560881, 40.258745153313434 ], [ -8.437828456733884, 40.258745153313434 ], [ -8.438038235375855, 40.261432947143383 ], [ -8.441579166234174, 40.261432947143383 ] ] ] } },
{ "type": "Feature", "properties": { "fid": 456, "Population": 56 }, "geometry": { "type": "Polygon", "coordinates": [ [ [ -8.438038235375855, 40.261432947143383 ], [ -8.437828456733884, 40.258745153313434 ], [ -8.434287613906887, 40.258745153313434 ], [ -8.434497304517535, 40.261432947143383 ], [ -8.438038235375855, 40.261432947143383 ] ] ] } },
{ "type": "Feature", "properties": { "fid": 457, "Population": 164 }, "geometry": { "type": "Polygon", "coordinates": [ [ [ -8.434497304517535, 40.261432947143383 ], [ -8.434287613906887, 40.258745153313434 ], [ -8.430746771079889, 40.258745153313434 ], [ -8.430956373659216, 40.261432947143383 ], [ -8.434497304517535, 40.261432947143383 ] ] ] } },
{ "type": "Feature", "properties": { "fid": 458, "Population": 30 }, "geometry": { "type": "Polygon", "coordinates": [ [ [ -8.430956373659216, 40.261432947143383 ], [ -8.430746771079889, 40.258745153313434 ], [ -8.427205928252892, 40.258745153313434 ], [ -8.427415442800896, 40.261432947143383 ], [ -8.430956373659216, 40.261432947143383 ] ] ] } },
{ "type": "Feature", "properties": { "fid": 459, "Population": 2 }, "geometry": { "type": "Polygon", "coordinates": [ [ [ -8.427415442800896, 40.261432947143383 ], [ -8.427205928252892, 40.258745153313434 ], [ -8.423665085425895, 40.258745153313434 ], [ -8.423874511942575, 40.261432947143383 ], [ -8.427415442800896, 40.261432947143383 ] ] ] } },
{ "type": "Feature", "properties": { "fid": 460, "Population": 4 }, "geometry": { "type": "Polygon", "coordinates": [ [ [ -8.423874511942575, 40.261432947143383 ], [ -8.423665085425895, 40.258745153313434 ], [ -8.420124242598899, 40.258745153313434 ], [ -8.420333581084256, 40.261432947143383 ], [ -8.423874511942575, 40.261432947143383 ] ] ] } },
{ "type": "Feature", "properties": { "fid": 461, "Population": 0 }, "geometry": { "type": "Polygon", "coordinates": [ [ [ -8.420333581084256, 40.261432947143383 ], [ -8.420124242598899, 40.258745153313434 ], [ -8.4165833997719, 40.258745153313434 ], [ -8.416792650225936, 40.261432947143383 ], [ -8.420333581084256, 40.261432947143383 ] ] ] } },
{ "type": "Feature", "properties": { "fid": 462, "Population": 2 }, "geometry": { "type": "Polygon", "coordinates": [ [ [ -8.416792650225936, 40.261432947143383 ], [ -8.4165833997719, 40.258745153313434 ], [ -8.413042556944903, 40.258745153313434 ], [ -8.413251719367617, 40.261432947143383 ], [ -8.416792650225936, 40.261432947143383 ] ] ] } },
{ "type": "Feature", "properties": { "fid": 463, "Population": 35 }, "geometry": { "type": "Polygon", "coordinates": [ [ [ -8.409710788509297, 40.261432947143383 ], [ -8.409501714117907, 40.258745153313434 ], [ -8.40596087129091, 40.258745153313434 ], [ -8.406169857650978, 40.261432947143383 ], [ -8.409710788509297, 40.261432947143383 ] ] ] } },
{ "type": "Feature", "properties": { "fid": 464, "Population": 83 }, "geometry": { "type": "Polygon", "coordinates": [ [ [ -8.406169857650978, 40.261432947143383 ], [ -8.40596087129091, 40.258745153313434 ], [ -8.402420028463913, 40.258745153313434 ], [ -8.402628926792659, 40.261432947143383 ], [ -8.406169857650978, 40.261432947143383 ] ] ] } },
{ "type": "Feature", "properties": { "fid": 465, "Population": 39 }, "geometry": { "type": "Polygon", "coordinates": [ [ [ -8.402628926792659, 40.261432947143383 ], [ -8.402420028463913, 40.258745153313434 ], [ -8.398879185636916, 40.258745153313434 ], [ -8.399087995934337, 40.261432947143383 ], [ -8.402628926792659, 40.261432947143383 ] ] ] } },
{ "type": "Feature", "properties": { "fid": 466, "Population": 2 }, "geometry": { "type": "Polygon", "coordinates": [ [ [ -8.399087995934337, 40.261432947143383 ], [ -8.398879185636916, 40.258745153313434 ], [ -8.39533834280992, 40.258745153313434 ], [ -8.395547065076018, 40.261432947143383 ], [ -8.399087995934337, 40.261432947143383 ] ] ] } },
{ "type": "Feature", "properties": { "fid": 467, "Population": 1 }, "geometry": { "type": "Polygon", "coordinates": [ [ [ -8.38138334164274, 40.261432947143383 ], [ -8.381174971501931, 40.258745153313434 ], [ -8.374093285847936, 40.258745153313434 ], [ -8.3743014799261, 40.261432947143383 ], [ -8.38138334164274, 40.261432947143383 ] ] ] } },
{ "type": "Feature", "properties": { "fid": 468, "Population": 35 }, "geometry": { "type": "Polygon", "coordinates": [ [ [ -8.353055894776181, 40.261432947143383 ], [ -8.352848228885955, 40.258745153313434 ], [ -8.349307386058957, 40.258745153313434 ], [ -8.34951496391786, 40.261432947143383 ], [ -8.353055894776181, 40.261432947143383 ] ] ] } },
{ "type": "Feature", "properties": { "fid": 469, "Population": 12 }, "geometry": { "type": "Polygon", "coordinates": [ [ [ -8.34951496391786, 40.261432947143383 ], [ -8.349307386058957, 40.258745153313434 ], [ -8.34576654323196, 40.258745153313434 ], [ -8.345974033059541, 40.261432947143383 ], [ -8.34951496391786, 40.261432947143383 ] ] ] } },
{ "type": "Feature", "properties": { "fid": 470, "Population": 23 }, "geometry": { "type": "Polygon", "coordinates": [ [ [ -8.345974033059541, 40.261432947143383 ], [ -8.34576654323196, 40.258745153313434 ], [ -8.342225700404963, 40.258745153313434 ], [ -8.342433102201221, 40.261432947143383 ], [ -8.345974033059541, 40.261432947143383 ] ] ] } },
{ "type": "Feature", "properties": { "fid": 471, "Population": 12 }, "geometry": { "type": "Polygon", "coordinates": [ [ [ -8.342433102201221, 40.261432947143383 ], [ -8.342225700404963, 40.258745153313434 ], [ -8.338684857577967, 40.258745153313434 ], [ -8.338892171342902, 40.261432947143383 ], [ -8.342433102201221, 40.261432947143383 ] ] ] } },
{ "type": "Feature", "properties": { "fid": 472, "Population": 39 }, "geometry": { "type": "Polygon", "coordinates": [ [ [ -8.338892171342902, 40.261432947143383 ], [ -8.338684857577967, 40.258745153313434 ], [ -8.335144014750968, 40.258745153313434 ], [ -8.335351240484583, 40.261432947143383 ], [ -8.338892171342902, 40.261432947143383 ] ] ] } },
{ "type": "Feature", "properties": { "fid": 473, "Population": 82 }, "geometry": { "type": "Polygon", "coordinates": [ [ [ -8.321187517051305, 40.261432947143383 ], [ -8.320980643442981, 40.258745153313434 ], [ -8.317439800615984, 40.258745153313434 ], [ -8.317646586192986, 40.261432947143383 ], [ -8.321187517051305, 40.261432947143383 ] ] ] } },
{ "type": "Feature", "properties": { "fid": 474, "Population": 17 }, "geometry": { "type": "Polygon", "coordinates": [ [ [ -8.445120097092493, 40.261432947143383 ], [ -8.444700216412039, 40.256057399437211 ], [ -8.441159461604318, 40.256057399437211 ], [ -8.441579166234174, 40.261432947143383 ], [ -8.445120097092493, 40.261432947143383 ] ] ] } },
{ "type": "Feature", "properties": { "fid": 475, "Population": 1 }, "geometry": { "type": "Polygon", "coordinates": [ [ [ -8.498022784792832, 40.258745153313434 ], [ -8.497811538527838, 40.256057399437211 ], [ -8.494270783720118, 40.256057399437211 ], [ -8.494481941965836, 40.258745153313434 ], [ -8.498022784792832, 40.258745153313434 ] ] ] } },
{ "type": "Feature", "properties": { "fid": 476, "Population": 36 }, "geometry": { "type": "Polygon", "coordinates": [ [ [ -8.48740025631184, 40.258745153313434 ], [ -8.487189274104679, 40.256057399437211 ], [ -8.483648519296958, 40.256057399437211 ], [ -8.483859413484844, 40.258745153313434 ], [ -8.48740025631184, 40.258745153313434 ] ] ] } },
{ "type": "Feature", "properties": { "fid": 477, "Population": 155 }, "geometry": { "type": "Polygon", "coordinates": [ [ [ -8.483859413484844, 40.258745153313434 ], [ -8.483648519296958, 40.256057399437211 ], [ -8.480107764489238, 40.256057399437211 ], [ -8.480318570657849, 40.258745153313434 ], [ -8.483859413484844, 40.258745153313434 ] ] ] } },
{ "type": "Feature", "properties": { "fid": 478, "Population": 20 }, "geometry": { "type": "Polygon", "coordinates": [ [ [ -8.480318570657849, 40.258745153313434 ], [ -8.480107764489238, 40.256057399437211 ], [ -8.476567009681519, 40.256057399437211 ], [ -8.476777727830852, 40.258745153313434 ], [ -8.480318570657849, 40.258745153313434 ] ] ] } },
{ "type": "Feature", "properties": { "fid": 479, "Population": 4 }, "geometry": { "type": "Polygon", "coordinates": [ [ [ -8.476777727830852, 40.258745153313434 ], [ -8.476567009681519, 40.256057399437211 ], [ -8.473026254873798, 40.256057399437211 ], [ -8.473236885003853, 40.258745153313434 ], [ -8.476777727830852, 40.258745153313434 ] ] ] } },
{ "type": "Feature", "properties": { "fid": 480, "Population": 41 }, "geometry": { "type": "Polygon", "coordinates": [ [ [ -8.462614356522863, 40.258745153313434 ], [ -8.462403990450637, 40.256057399437211 ], [ -8.458863235642918, 40.256057399437211 ], [ -8.459073513695865, 40.258745153313434 ], [ -8.462614356522863, 40.258745153313434 ] ] ] } },
{ "type": "Feature", "properties": { "fid": 481, "Population": 32 }, "geometry": { "type": "Polygon", "coordinates": [ [ [ -8.459073513695865, 40.258745153313434 ], [ -8.458863235642918, 40.256057399437211 ], [ -8.4553224808352, 40.256057399437211 ], [ -8.455532670868868, 40.258745153313434 ], [ -8.459073513695865, 40.258745153313434 ] ] ] } },
{ "type": "Feature", "properties": { "fid": 482, "Population": 4 }, "geometry": { "type": "Polygon", "coordinates": [ [ [ -8.455532670868868, 40.258745153313434 ], [ -8.4553224808352, 40.256057399437211 ], [ -8.451781726027479, 40.256057399437211 ], [ -8.451991828041871, 40.258745153313434 ], [ -8.455532670868868, 40.258745153313434 ] ] ] } },
{ "type": "Feature", "properties": { "fid": 483, "Population": 0 }, "geometry": { "type": "Polygon", "coordinates": [ [ [ -8.448661027950813, 40.261432947143383 ], [ -8.448450985214874, 40.258745153313434 ], [ -8.451991828041871, 40.258745153313434 ], [ -8.451781726027479, 40.256057399437211 ], [ -8.444700216412039, 40.256057399437211 ], [ -8.445120097092493, 40.261432947143383 ], [ -8.448661027950813, 40.261432947143383 ] ] ] } },
{ "type": "Feature", "properties": { "fid": 484, "Population": 50 }, "geometry": { "type": "Polygon", "coordinates": [ [ [ -8.441369299560881, 40.258745153313434 ], [ -8.441159461604318, 40.256057399437211 ], [ -8.437618706796599, 40.256057399437211 ], [ -8.437828456733884, 40.258745153313434 ], [ -8.441369299560881, 40.258745153313434 ] ] ] } },
{ "type": "Feature", "properties": { "fid": 485, "Population": 265 }, "geometry": { "type": "Polygon", "coordinates": [ [ [ -8.437828456733884, 40.258745153313434 ], [ -8.437618706796599, 40.256057399437211 ], [ -8.434077951988879, 40.256057399437211 ], [ -8.434287613906887, 40.258745153313434 ], [ -8.437828456733884, 40.258745153313434 ] ] ] } },
{ "type": "Feature", "properties": { "fid": 486, "Population": 68 }, "geometry": { "type": "Polygon", "coordinates": [ [ [ -8.434287613906887, 40.258745153313434 ], [ -8.434077951988879, 40.256057399437211 ], [ -8.430537197181158, 40.256057399437211 ], [ -8.430746771079889, 40.258745153313434 ], [ -8.434287613906887, 40.258745153313434 ] ] ] } },
{ "type": "Feature", "properties": { "fid": 487, "Population": 51 }, "geometry": { "type": "Polygon", "coordinates": [ [ [ -8.430746771079889, 40.258745153313434 ], [ -8.430537197181158, 40.256057399437211 ], [ -8.426996442373438, 40.256057399437211 ], [ -8.427205928252892, 40.258745153313434 ], [ -8.430746771079889, 40.258745153313434 ] ] ] } },
{ "type": "Feature", "properties": { "fid": 488, "Population": 56 }, "geometry": { "type": "Polygon", "coordinates": [ [ [ -8.427205928252892, 40.258745153313434 ], [ -8.426996442373438, 40.256057399437211 ], [ -8.423455687565719, 40.256057399437211 ], [ -8.423665085425895, 40.258745153313434 ], [ -8.427205928252892, 40.258745153313434 ] ] ] } },
{ "type": "Feature", "properties": { "fid": 489, "Population": 12 }, "geometry": { "type": "Polygon", "coordinates": [ [ [ -8.423665085425895, 40.258745153313434 ], [ -8.423455687565719, 40.256057399437211 ], [ -8.419914932757999, 40.256057399437211 ], [ -8.420124242598899, 40.258745153313434 ], [ -8.423665085425895, 40.258745153313434 ] ] ] } },
{ "type": "Feature", "properties": { "fid": 490, "Population": 2 }, "geometry": { "type": "Polygon", "coordinates": [ [ [ -8.420124242598899, 40.258745153313434 ], [ -8.419914932757999, 40.256057399437211 ], [ -8.41637417795028, 40.256057399437211 ], [ -8.4165833997719, 40.258745153313434 ], [ -8.420124242598899, 40.258745153313434 ] ] ] } },
{ "type": "Feature", "properties": { "fid": 491, "Population": 45 }, "geometry": { "type": "Polygon", "coordinates": [ [ [ -8.4165833997719, 40.258745153313434 ], [ -8.41637417795028, 40.256057399437211 ], [ -8.41283342314256, 40.256057399437211 ], [ -8.413042556944903, 40.258745153313434 ], [ -8.4165833997719, 40.258745153313434 ] ] ] } },
{ "type": "Feature", "properties": { "fid": 492, "Population": 6 }, "geometry": { "type": "Polygon", "coordinates": [ [ [ -8.413042556944903, 40.258745153313434 ], [ -8.41283342314256, 40.256057399437211 ], [ -8.409292668334839, 40.256057399437211 ], [ -8.409501714117907, 40.258745153313434 ], [ -8.413042556944903, 40.258745153313434 ] ] ] } },
{ "type": "Feature", "properties": { "fid": 493, "Population": 37 }, "geometry": { "type": "Polygon", "coordinates": [ [ [ -8.409501714117907, 40.258745153313434 ], [ -8.409292668334839, 40.256057399437211 ], [ -8.405751913527119, 40.256057399437211 ], [ -8.40596087129091, 40.258745153313434 ], [ -8.409501714117907, 40.258745153313434 ] ] ] } },
{ "type": "Feature", "properties": { "fid": 494, "Population": 74 }, "geometry": { "type": "Polygon", "coordinates": [ [ [ -8.40596087129091, 40.258745153313434 ], [ -8.405751913527119, 40.256057399437211 ], [ -8.4022111587194, 40.256057399437211 ], [ -8.402420028463913, 40.258745153313434 ], [ -8.40596087129091, 40.258745153313434 ] ] ] } },
{ "type": "Feature", "properties": { "fid": 495, "Population": 56 }, "geometry": { "type": "Polygon", "coordinates": [ [ [ -8.398879185636916, 40.258745153313434 ], [ -8.398670403911678, 40.256057399437211 ], [ -8.395129649103959, 40.256057399437211 ], [ -8.39533834280992, 40.258745153313434 ], [ -8.398879185636916, 40.258745153313434 ] ] ] } },
{ "type": "Feature", "properties": { "fid": 496, "Population": 8 }, "geometry": { "type": "Polygon", "coordinates": [ [ [ -8.39533834280992, 40.258745153313434 ], [ -8.395129649103959, 40.256057399437211 ], [ -8.391588894296239, 40.256057399437211 ], [ -8.391797499982921, 40.258745153313434 ], [ -8.39533834280992, 40.258745153313434 ] ] ] } },
{ "type": "Feature", "properties": { "fid": 497, "Population": 9 }, "geometry": { "type": "Polygon", "coordinates": [ [ [ -8.352848228885955, 40.258745153313434 ], [ -8.352640591411319, 40.256057399437211 ], [ -8.3490998366036, 40.256057399437211 ], [ -8.349307386058957, 40.258745153313434 ], [ -8.352848228885955, 40.258745153313434 ] ] ] } },
{ "type": "Feature", "properties": { "fid": 498, "Population": 2 }, "geometry": { "type": "Polygon", "coordinates": [ [ [ -8.349307386058957, 40.258745153313434 ], [ -8.3490998366036, 40.256057399437211 ], [ -8.34555908179588, 40.256057399437211 ], [ -8.34576654323196, 40.258745153313434 ], [ -8.349307386058957, 40.258745153313434 ] ] ] } },
{ "type": "Feature", "properties": { "fid": 499, "Population": 21 }, "geometry": { "type": "Polygon", "coordinates": [ [ [ -8.320980643442981, 40.258745153313434 ], [ -8.320773798141841, 40.256057399437211 ], [ -8.317233043334122, 40.256057399437211 ], [ -8.317439800615984, 40.258745153313434 ], [ -8.320980643442981, 40.258745153313434 ] ] ] } },
{ "type": "Feature", "properties": { "fid": 500, "Population": 15 }, "geometry": { "type": "Polygon", "coordinates": [ [ [ -8.402420028463913, 40.258745153313434 ], [ -8.40200231755427, 40.253369685509824 ], [ -8.398461650753784, 40.253369685509824 ], [ -8.398879185636916, 40.258745153313434 ], [ -8.402420028463913, 40.258745153313434 ] ] ] } },
{ "type": "Feature", "properties": { "fid": 501, "Population": 1 }, "geometry": { "type": "Polygon", "coordinates": [ [ [ -8.515515312566437, 40.256057399437211 ], [ -8.515303655169834, 40.253369685509824 ], [ -8.511762988369348, 40.253369685509824 ], [ -8.511974557758718, 40.256057399437211 ], [ -8.515515312566437, 40.256057399437211 ] ] ] } },
{ "type": "Feature", "properties": { "fid": 502, "Population": 4 }, "geometry": { "type": "Polygon", "coordinates": [ [ [ -8.497811538527838, 40.256057399437211 ], [ -8.497600321167404, 40.253369685509824 ], [ -8.494059654366918, 40.253369685509824 ], [ -8.494270783720118, 40.256057399437211 ], [ -8.497811538527838, 40.256057399437211 ] ] ] } },
{ "type": "Feature", "properties": { "fid": 503, "Population": 2 }, "geometry": { "type": "Polygon", "coordinates": [ [ [ -8.494270783720118, 40.256057399437211 ], [ -8.494059654366918, 40.253369685509824 ], [ -8.490518987566432, 40.253369685509824 ], [ -8.490730028912399, 40.256057399437211 ], [ -8.494270783720118, 40.256057399437211 ] ] ] } },
{ "type": "Feature", "properties": { "fid": 504, "Population": 11 }, "geometry": { "type": "Polygon", "coordinates": [ [ [ -8.490730028912399, 40.256057399437211 ], [ -8.490518987566432, 40.253369685509824 ], [ -8.486978320765944, 40.253369685509824 ], [ -8.487189274104679, 40.256057399437211 ], [ -8.490730028912399, 40.256057399437211 ] ] ] } },
{ "type": "Feature", "properties": { "fid": 505, "Population": 92 }, "geometry": { "type": "Polygon", "coordinates": [ [ [ -8.487189274104679, 40.256057399437211 ], [ -8.486978320765944, 40.253369685509824 ], [ -8.483437653965458, 40.253369685509824 ], [ -8.483648519296958, 40.256057399437211 ], [ -8.487189274104679, 40.256057399437211 ] ] ] } },
{ "type": "Feature", "properties": { "fid": 506, "Population": 47 }, "geometry": { "type": "Polygon", "coordinates": [ [ [ -8.483648519296958, 40.256057399437211 ], [ -8.483437653965458, 40.253369685509824 ], [ -8.479896987164972, 40.253369685509824 ], [ -8.480107764489238, 40.256057399437211 ], [ -8.483648519296958, 40.256057399437211 ] ] ] } },
{ "type": "Feature", "properties": { "fid": 507, "Population": 32 }, "geometry": { "type": "Polygon", "coordinates": [ [ [ -8.480107764489238, 40.256057399437211 ], [ -8.479896987164972, 40.253369685509824 ], [ -8.476356320364486, 40.253369685509824 ], [ -8.476567009681519, 40.256057399437211 ], [ -8.480107764489238, 40.256057399437211 ] ] ] } },
{ "type": "Feature", "properties": { "fid": 508, "Population": 99 }, "geometry": { "type": "Polygon", "coordinates": [ [ [ -8.476567009681519, 40.256057399437211 ], [ -8.476356320364486, 40.253369685509824 ], [ -8.472815653564, 40.253369685509824 ], [ -8.473026254873798, 40.256057399437211 ], [ -8.476567009681519, 40.256057399437211 ] ] ] } },
{ "type": "Feature", "properties": { "fid": 509, "Population": 4 }, "geometry": { "type": "Polygon", "coordinates": [ [ [ -8.465944745258358, 40.256057399437211 ], [ -8.465734319963026, 40.253369685509824 ], [ -8.46219365316254, 40.253369685509824 ], [ -8.462403990450637, 40.256057399437211 ], [ -8.465944745258358, 40.256057399437211 ] ] ] } },
{ "type": "Feature", "properties": { "fid": 510, "Population": 43 }, "geometry": { "type": "Polygon", "coordinates": [ [ [ -8.462403990450637, 40.256057399437211 ], [ -8.46219365316254, 40.253369685509824 ], [ -8.458652986362054, 40.253369685509824 ], [ -8.458863235642918, 40.256057399437211 ], [ -8.462403990450637, 40.256057399437211 ] ] ] } },
{ "type": "Feature", "properties": { "fid": 511, "Population": 2 }, "geometry": { "type": "Polygon", "coordinates": [ [ [ -8.458863235642918, 40.256057399437211 ], [ -8.458652986362054, 40.253369685509824 ], [ -8.45157165276108, 40.253369685509824 ], [ -8.451781726027479, 40.256057399437211 ], [ -8.458863235642918, 40.256057399437211 ] ] ] } },
{ "type": "Feature", "properties": { "fid": 512, "Population": 16 }, "geometry": { "type": "Polygon", "coordinates": [ [ [ -8.451781726027479, 40.256057399437211 ], [ -8.45157165276108, 40.253369685509824 ], [ -8.448030985960594, 40.253369685509824 ], [ -8.448240971219759, 40.256057399437211 ], [ -8.451781726027479, 40.256057399437211 ] ] ] } },
{ "type": "Feature", "properties": { "fid": 513, "Population": 23 }, "geometry": { "type": "Polygon", "coordinates": [ [ [ -8.448240971219759, 40.256057399437211 ], [ -8.448030985960594, 40.253369685509824 ], [ -8.444490319160108, 40.253369685509824 ], [ -8.444700216412039, 40.256057399437211 ], [ -8.448240971219759, 40.256057399437211 ] ] ] } },
{ "type": "Feature", "properties": { "fid": 514, "Population": 86 }, "geometry": { "type": "Polygon", "coordinates": [ [ [ -8.444700216412039, 40.256057399437211 ], [ -8.444490319160108, 40.253369685509824 ], [ -8.44094965235962, 40.253369685509824 ], [ -8.441159461604318, 40.256057399437211 ], [ -8.444700216412039, 40.256057399437211 ] ] ] } },
{ "type": "Feature", "properties": { "fid": 515, "Population": 266 }, "geometry": { "type": "Polygon", "coordinates": [ [ [ -8.441159461604318, 40.256057399437211 ], [ -8.44094965235962, 40.253369685509824 ], [ -8.437408985559134, 40.253369685509824 ], [ -8.437618706796599, 40.256057399437211 ], [ -8.441159461604318, 40.256057399437211 ] ] ] } },
{ "type": "Feature", "properties": { "fid": 516, "Population": 661 }, "geometry": { "type": "Polygon", "coordinates": [ [ [ -8.437618706796599, 40.256057399437211 ], [ -8.437408985559134, 40.253369685509824 ], [ -8.433868318758648, 40.253369685509824 ], [ -8.434077951988879, 40.256057399437211 ], [ -8.437618706796599, 40.256057399437211 ] ] ] } },
{ "type": "Feature", "properties": { "fid": 517, "Population": 457 }, "geometry": { "type": "Polygon", "coordinates": [ [ [ -8.434077951988879, 40.256057399437211 ], [ -8.433868318758648, 40.253369685509824 ], [ -8.430327651958162, 40.253369685509824 ], [ -8.430537197181158, 40.256057399437211 ], [ -8.434077951988879, 40.256057399437211 ] ] ] } },
{ "type": "Feature", "properties": { "fid": 518, "Population": 34 }, "geometry": { "type": "Polygon", "coordinates": [ [ [ -8.430537197181158, 40.256057399437211 ], [ -8.430327651958162, 40.253369685509824 ], [ -8.426786985157676, 40.253369685509824 ], [ -8.426996442373438, 40.256057399437211 ], [ -8.430537197181158, 40.256057399437211 ] ] ] } },
{ "type": "Feature", "properties": { "fid": 519, "Population": 32 }, "geometry": { "type": "Polygon", "coordinates": [ [ [ -8.426996442373438, 40.256057399437211 ], [ -8.426786985157676, 40.253369685509824 ], [ -8.423246318357188, 40.253369685509824 ], [ -8.423455687565719, 40.256057399437211 ], [ -8.426996442373438, 40.256057399437211 ] ] ] } },
{ "type": "Feature", "properties": { "fid": 520, "Population": 28 }, "geometry": { "type": "Polygon", "coordinates": [ [ [ -8.423455687565719, 40.256057399437211 ], [ -8.423246318357188, 40.253369685509824 ], [ -8.419705651556702, 40.253369685509824 ], [ -8.419914932757999, 40.256057399437211 ], [ -8.423455687565719, 40.256057399437211 ] ] ] } },
{ "type": "Feature", "properties": { "fid": 521, "Population": 7 }, "geometry": { "type": "Polygon", "coordinates": [ [ [ -8.419914932757999, 40.256057399437211 ], [ -8.419705651556702, 40.253369685509824 ], [ -8.416164984756216, 40.253369685509824 ], [ -8.41637417795028, 40.256057399437211 ], [ -8.419914932757999, 40.256057399437211 ] ] ] } },
{ "type": "Feature", "properties": { "fid": 522, "Population": 11 }, "geometry": { "type": "Polygon", "coordinates": [ [ [ -8.41637417795028, 40.256057399437211 ], [ -8.416164984756216, 40.253369685509824 ], [ -8.41262431795573, 40.253369685509824 ], [ -8.41283342314256, 40.256057399437211 ], [ -8.41637417795028, 40.256057399437211 ] ] ] } },
{ "type": "Feature", "properties": { "fid": 523, "Population": 0 }, "geometry": { "type": "Polygon", "coordinates": [ [ [ -8.41283342314256, 40.256057399437211 ], [ -8.41262431795573, 40.253369685509824 ], [ -8.409083651155242, 40.253369685509824 ], [ -8.409292668334839, 40.256057399437211 ], [ -8.41283342314256, 40.256057399437211 ] ] ] } },
{ "type": "Feature", "properties": { "fid": 524, "Population": 69 }, "geometry": { "type": "Polygon", "coordinates": [ [ [ -8.409292668334839, 40.256057399437211 ], [ -8.409083651155242, 40.253369685509824 ], [ -8.405542984354756, 40.253369685509824 ], [ -8.405751913527119, 40.256057399437211 ], [ -8.409292668334839, 40.256057399437211 ] ] ] } },
{ "type": "Feature", "properties": { "fid": 525, "Population": 115 }, "geometry": { "type": "Polygon", "coordinates": [ [ [ -8.405751913527119, 40.256057399437211 ], [ -8.405542984354756, 40.253369685509824 ], [ -8.40200231755427, 40.253369685509824 ], [ -8.4022111587194, 40.256057399437211 ], [ -8.405751913527119, 40.256057399437211 ] ] ] } },
{ "type": "Feature", "properties": { "fid": 526, "Population": 17 }, "geometry": { "type": "Polygon", "coordinates": [ [ [ -8.398670403911678, 40.256057399437211 ], [ -8.398461650753784, 40.253369685509824 ], [ -8.394920983953297, 40.253369685509824 ], [ -8.395129649103959, 40.256057399437211 ], [ -8.398670403911678, 40.256057399437211 ] ] ] } },
{ "type": "Feature", "properties": { "fid": 527, "Population": 41 }, "geometry": { "type": "Polygon", "coordinates": [ [ [ -8.395129649103959, 40.256057399437211 ], [ -8.394920983953297, 40.253369685509824 ], [ -8.391380317152811, 40.253369685509824 ], [ -8.391588894296239, 40.256057399437211 ], [ -8.395129649103959, 40.256057399437211 ] ] ] } },
{ "type": "Feature", "properties": { "fid": 528, "Population": 1 }, "geometry": { "type": "Polygon", "coordinates": [ [ [ -8.352640591411319, 40.256057399437211 ], [ -8.352432982347461, 40.253369685509824 ], [ -8.348892315546973, 40.253369685509824 ], [ -8.3490998366036, 40.256057399437211 ], [ -8.352640591411319, 40.256057399437211 ] ] ] } },
{ "type": "Feature", "properties": { "fid": 529, "Population": 1 }, "geometry": { "type": "Polygon", "coordinates": [ [ [ -8.334936817372721, 40.256057399437211 ], [ -8.334729648345027, 40.253369685509824 ], [ -8.331188981544541, 40.253369685509824 ], [ -8.331396062565, 40.256057399437211 ], [ -8.334936817372721, 40.256057399437211 ] ] ] } },
{ "type": "Feature", "properties": { "fid": 530, "Population": 10 }, "geometry": { "type": "Polygon", "coordinates": [ [ [ -8.331396062565, 40.256057399437211 ], [ -8.331188981544541, 40.253369685509824 ], [ -8.327648314744057, 40.253369685509824 ], [ -8.327855307757282, 40.256057399437211 ], [ -8.331396062565, 40.256057399437211 ] ] ] } },
{ "type": "Feature", "properties": { "fid": 531, "Population": 4 }, "geometry": { "type": "Polygon", "coordinates": [ [ [ -8.327855307757282, 40.256057399437211 ], [ -8.327648314744057, 40.253369685509824 ], [ -8.32410764794357, 40.253369685509824 ], [ -8.324314552949561, 40.256057399437211 ], [ -8.327855307757282, 40.256057399437211 ] ] ] } },
{ "type": "Feature", "properties": { "fid": 532, "Population": 4 }, "geometry": { "type": "Polygon", "coordinates": [ [ [ -8.519056067374157, 40.256057399437211 ], [ -8.518632605538398, 40.25068201152645 ], [ -8.515092026733104, 40.25068201152645 ], [ -8.515515312566437, 40.256057399437211 ], [ -8.519056067374157, 40.256057399437211 ] ] ] } },
{ "type": "Feature", "properties": { "fid": 533, "Population": 2 }, "geometry": { "type": "Polygon", "coordinates": [ [ [ -8.515303655169834, 40.253369685509824 ], [ -8.515092026733104, 40.25068201152645 ], [ -8.511551447927811, 40.25068201152645 ], [ -8.511762988369348, 40.253369685509824 ], [ -8.515303655169834, 40.253369685509824 ] ] ] } },
{ "type": "Feature", "properties": { "fid": 534, "Population": 1 }, "geometry": { "type": "Polygon", "coordinates": [ [ [ -8.497600321167404, 40.253369685509824 ], [ -8.497389132706632, 40.25068201152645 ], [ -8.493848553901337, 40.25068201152645 ], [ -8.494059654366918, 40.253369685509824 ], [ -8.497600321167404, 40.253369685509824 ] ] ] } },
{ "type": "Feature", "properties": { "fid": 535, "Population": 17 }, "geometry": { "type": "Polygon", "coordinates": [ [ [ -8.490518987566432, 40.253369685509824 ], [ -8.490307975096043, 40.25068201152645 ], [ -8.486767396290748, 40.25068201152645 ], [ -8.486978320765944, 40.253369685509824 ], [ -8.490518987566432, 40.253369685509824 ] ] ] } },
{ "type": "Feature", "properties": { "fid": 536, "Population": 61 }, "geometry": { "type": "Polygon", "coordinates": [ [ [ -8.486978320765944, 40.253369685509824 ], [ -8.486767396290748, 40.25068201152645 ], [ -8.483226817485455, 40.25068201152645 ], [ -8.483437653965458, 40.253369685509824 ], [ -8.486978320765944, 40.253369685509824 ] ] ] } },
{ "type": "Feature", "properties": { "fid": 537, "Population": 63 }, "geometry": { "type": "Polygon", "coordinates": [ [ [ -8.483437653965458, 40.253369685509824 ], [ -8.483226817485455, 40.25068201152645 ], [ -8.479686238680159, 40.25068201152645 ], [ -8.479896987164972, 40.253369685509824 ], [ -8.483437653965458, 40.253369685509824 ] ] ] } },
{ "type": "Feature", "properties": { "fid": 538, "Population": 48 }, "geometry": { "type": "Polygon", "coordinates": [ [ [ -8.479896987164972, 40.253369685509824 ], [ -8.479686238680159, 40.25068201152645 ], [ -8.476145659874865, 40.25068201152645 ], [ -8.476356320364486, 40.253369685509824 ], [ -8.479896987164972, 40.253369685509824 ] ] ] } },
{ "type": "Feature", "properties": { "fid": 539, "Population": 152 }, "geometry": { "type": "Polygon", "coordinates": [ [ [ -8.476356320364486, 40.253369685509824 ], [ -8.476145659874865, 40.25068201152645 ], [ -8.472605081069572, 40.25068201152645 ], [ -8.472815653564, 40.253369685509824 ], [ -8.476356320364486, 40.253369685509824 ] ] ] } },
{ "type": "Feature", "properties": { "fid": 540, "Population": 3 }, "geometry": { "type": "Polygon", "coordinates": [ [ [ -8.472815653564, 40.253369685509824 ], [ -8.472605081069572, 40.25068201152645 ], [ -8.469064502264276, 40.25068201152645 ], [ -8.469274986763512, 40.253369685509824 ], [ -8.472815653564, 40.253369685509824 ] ] ] } },
{ "type": "Feature", "properties": { "fid": 541, "Population": 5 }, "geometry": { "type": "Polygon", "coordinates": [ [ [ -8.465734319963026, 40.253369685509824 ], [ -8.465523923458981, 40.25068201152645 ], [ -8.461983344653687, 40.25068201152645 ], [ -8.46219365316254, 40.253369685509824 ], [ -8.465734319963026, 40.253369685509824 ] ] ] } },
{ "type": "Feature", "properties": { "fid": 542, "Population": 7 }, "geometry": { "type": "Polygon", "coordinates": [ [ [ -8.458652986362054, 40.253369685509824 ], [ -8.458442765848392, 40.25068201152645 ], [ -8.4549021870431, 40.25068201152645 ], [ -8.455112319561566, 40.253369685509824 ], [ -8.458652986362054, 40.253369685509824 ] ] ] } },
{ "type": "Feature", "properties": { "fid": 543, "Population": 55 }, "geometry": { "type": "Polygon", "coordinates": [ [ [ -8.455112319561566, 40.253369685509824 ], [ -8.4549021870431, 40.25068201152645 ], [ -8.451361608237804, 40.25068201152645 ], [ -8.45157165276108, 40.253369685509824 ], [ -8.455112319561566, 40.253369685509824 ] ] ] } },
{ "type": "Feature", "properties": { "fid": 544, "Population": 117 }, "geometry": { "type": "Polygon", "coordinates": [ [ [ -8.45157165276108, 40.253369685509824 ], [ -8.451361608237804, 40.25068201152645 ], [ -8.447821029432509, 40.25068201152645 ], [ -8.448030985960594, 40.253369685509824 ], [ -8.45157165276108, 40.253369685509824 ] ] ] } },
{ "type": "Feature", "properties": { "fid": 545, "Population": 224 }, "geometry": { "type": "Polygon", "coordinates": [ [ [ -8.448030985960594, 40.253369685509824 ], [ -8.447821029432509, 40.25068201152645 ], [ -8.444280450627216, 40.25068201152645 ], [ -8.444490319160108, 40.253369685509824 ], [ -8.448030985960594, 40.253369685509824 ] ] ] } },
{ "type": "Feature", "properties": { "fid": 546, "Population": 151 }, "geometry": { "type": "Polygon", "coordinates": [ [ [ -8.444490319160108, 40.253369685509824 ], [ -8.444280450627216, 40.25068201152645 ], [ -8.44073987182192, 40.25068201152645 ], [ -8.44094965235962, 40.253369685509824 ], [ -8.444490319160108, 40.253369685509824 ] ] ] } },
{ "type": "Feature", "properties": { "fid": 547, "Population": 35 }, "geometry": { "type": "Polygon", "coordinates": [ [ [ -8.44094965235962, 40.253369685509824 ], [ -8.44073987182192, 40.25068201152645 ], [ -8.437199293016628, 40.25068201152645 ], [ -8.437408985559134, 40.253369685509824 ], [ -8.44094965235962, 40.253369685509824 ] ] ] } },
{ "type": "Feature", "properties": { "fid": 548, "Population": 348 }, "geometry": { "type": "Polygon", "coordinates": [ [ [ -8.437408985559134, 40.253369685509824 ], [ -8.437199293016628, 40.25068201152645 ], [ -8.433658714211331, 40.25068201152645 ], [ -8.433868318758648, 40.253369685509824 ], [ -8.437408985559134, 40.253369685509824 ] ] ] } },
{ "type": "Feature", "properties": { "fid": 549, "Population": 107 }, "geometry": { "type": "Polygon", "coordinates": [ [ [ -8.433868318758648, 40.253369685509824 ], [ -8.433658714211331, 40.25068201152645 ], [ -8.430118135406037, 40.25068201152645 ], [ -8.430327651958162, 40.253369685509824 ], [ -8.433868318758648, 40.253369685509824 ] ] ] } },
{ "type": "Feature", "properties": { "fid": 550, "Population": 7 }, "geometry": { "type": "Polygon", "coordinates": [ [ [ -8.430327651958162, 40.253369685509824 ], [ -8.430118135406037, 40.25068201152645 ], [ -8.426577556600744, 40.25068201152645 ], [ -8.426786985157676, 40.253369685509824 ], [ -8.430327651958162, 40.253369685509824 ] ] ] } },
{ "type": "Feature", "properties": { "fid": 551, "Population": 81 }, "geometry": { "type": "Polygon", "coordinates": [ [ [ -8.426786985157676, 40.253369685509824 ], [ -8.426577556600744, 40.25068201152645 ], [ -8.423036977795448, 40.25068201152645 ], [ -8.423246318357188, 40.253369685509824 ], [ -8.426786985157676, 40.253369685509824 ] ] ] } },
{ "type": "Feature", "properties": { "fid": 552, "Population": 14 }, "geometry": { "type": "Polygon", "coordinates": [ [ [ -8.423246318357188, 40.253369685509824 ], [ -8.423036977795448, 40.25068201152645 ], [ -8.419496398990153, 40.25068201152645 ], [ -8.419705651556702, 40.253369685509824 ], [ -8.423246318357188, 40.253369685509824 ] ] ] } },
{ "type": "Feature", "properties": { "fid": 553, "Population": 18 }, "geometry": { "type": "Polygon", "coordinates": [ [ [ -8.419705651556702, 40.253369685509824 ], [ -8.419496398990153, 40.25068201152645 ], [ -8.415955820184861, 40.25068201152645 ], [ -8.416164984756216, 40.253369685509824 ], [ -8.419705651556702, 40.253369685509824 ] ] ] } },
{ "type": "Feature", "properties": { "fid": 554, "Population": 21 }, "geometry": { "type": "Polygon", "coordinates": [ [ [ -8.416164984756216, 40.253369685509824 ], [ -8.415955820184861, 40.25068201152645 ], [ -8.412415241379565, 40.25068201152645 ], [ -8.41262431795573, 40.253369685509824 ], [ -8.416164984756216, 40.253369685509824 ] ] ] } },
{ "type": "Feature", "properties": { "fid": 555, "Population": 14 }, "geometry": { "type": "Polygon", "coordinates": [ [ [ -8.41262431795573, 40.253369685509824 ], [ -8.412415241379565, 40.25068201152645 ], [ -8.408874662574272, 40.25068201152645 ], [ -8.409083651155242, 40.253369685509824 ], [ -8.41262431795573, 40.253369685509824 ] ] ] } },
{ "type": "Feature", "properties": { "fid": 556, "Population": 22 }, "geometry": { "type": "Polygon", "coordinates": [ [ [ -8.409083651155242, 40.253369685509824 ], [ -8.408874662574272, 40.25068201152645 ], [ -8.405334083768976, 40.25068201152645 ], [ -8.405542984354756, 40.253369685509824 ], [ -8.409083651155242, 40.253369685509824 ] ] ] } },
{ "type": "Feature", "properties": { "fid": 557, "Population": 42 }, "geometry": { "type": "Polygon", "coordinates": [ [ [ -8.405542984354756, 40.253369685509824 ], [ -8.405334083768976, 40.25068201152645 ], [ -8.401793504963681, 40.25068201152645 ], [ -8.40200231755427, 40.253369685509824 ], [ -8.405542984354756, 40.253369685509824 ] ] ] } },
{ "type": "Feature", "properties": { "fid": 558, "Population": 23 }, "geometry": { "type": "Polygon", "coordinates": [ [ [ -8.40200231755427, 40.253369685509824 ], [ -8.401793504963681, 40.25068201152645 ], [ -8.398252926158388, 40.25068201152645 ], [ -8.398461650753784, 40.253369685509824 ], [ -8.40200231755427, 40.253369685509824 ] ] ] } },
{ "type": "Feature", "properties": { "fid": 559, "Population": 82 }, "geometry": { "type": "Polygon", "coordinates": [ [ [ -8.398461650753784, 40.253369685509824 ], [ -8.398252926158388, 40.25068201152645 ], [ -8.394712347353092, 40.25068201152645 ], [ -8.394920983953297, 40.253369685509824 ], [ -8.398461650753784, 40.253369685509824 ] ] ] } },
{ "type": "Feature", "properties": { "fid": 560, "Population": 14 }, "geometry": { "type": "Polygon", "coordinates": [ [ [ -8.394920983953297, 40.253369685509824 ], [ -8.394712347353092, 40.25068201152645 ], [ -8.391171768547798, 40.25068201152645 ], [ -8.391380317152811, 40.253369685509824 ], [ -8.394920983953297, 40.253369685509824 ] ] ] } },
{ "type": "Feature", "properties": { "fid": 561, "Population": 7 }, "geometry": { "type": "Polygon", "coordinates": [ [ [ -8.377217649950865, 40.253369685509824 ], [ -8.37700945332662, 40.25068201152645 ], [ -8.373468874521325, 40.25068201152645 ], [ -8.373676983150379, 40.253369685509824 ], [ -8.377217649950865, 40.253369685509824 ] ] ] } },
{ "type": "Feature", "properties": { "fid": 562, "Population": 17 }, "geometry": { "type": "Polygon", "coordinates": [ [ [ -8.352432982347461, 40.253369685509824 ], [ -8.352225401689561, 40.25068201152645 ], [ -8.348684822884264, 40.25068201152645 ], [ -8.348892315546973, 40.253369685509824 ], [ -8.352432982347461, 40.253369685509824 ] ] ] } },
{ "type": "Feature", "properties": { "fid": 563, "Population": 7 }, "geometry": { "type": "Polygon", "coordinates": [ [ [ -8.331188981544541, 40.253369685509824 ], [ -8.330981928857794, 40.25068201152645 ], [ -8.327441350052499, 40.25068201152645 ], [ -8.327648314744057, 40.253369685509824 ], [ -8.331188981544541, 40.253369685509824 ] ] ] } },
{ "type": "Feature", "properties": { "fid": 564, "Population": 49 }, "geometry": { "type": "Polygon", "coordinates": [ [ [ -8.327648314744057, 40.253369685509824 ], [ -8.327441350052499, 40.25068201152645 ], [ -8.323900771247205, 40.25068201152645 ], [ -8.32410764794357, 40.253369685509824 ], [ -8.327648314744057, 40.253369685509824 ] ] ] } },
{ "type": "Feature", "properties": { "fid": 565, "Population": 102 }, "geometry": { "type": "Polygon", "coordinates": [ [ [ -8.32410764794357, 40.253369685509824 ], [ -8.323900771247205, 40.25068201152645 ], [ -8.32036019244191, 40.25068201152645 ], [ -8.320566981143083, 40.253369685509824 ], [ -8.32410764794357, 40.253369685509824 ] ] ] } },
{ "type": "Feature", "properties": { "fid": 566, "Population": 55 }, "geometry": { "type": "Polygon", "coordinates": [ [ [ -8.320566981143083, 40.253369685509824 ], [ -8.32036019244191, 40.25068201152645 ], [ -8.316819613636616, 40.25068201152645 ], [ -8.317026314342597, 40.253369685509824 ], [ -8.320566981143083, 40.253369685509824 ] ] ] } },
{ "type": "Feature", "properties": { "fid": 567, "Population": 3 }, "geometry": { "type": "Polygon", "coordinates": [ [ [ -8.494059654366918, 40.253369685509824 ], [ -8.49363748231848, 40.2479943774822 ], [ -8.490096991496339, 40.2479943774822 ], [ -8.490518987566432, 40.253369685509824 ], [ -8.494059654366918, 40.253369685509824 ] ] ] } },
{ "type": "Feature", "properties": { "fid": 568, "Population": 2 }, "geometry": { "type": "Polygon", "coordinates": [ [ [ -8.522173184343693, 40.25068201152645 ], [ -8.521961408895617, 40.2479943774822 ], [ -8.518420918073476, 40.2479943774822 ], [ -8.518632605538398, 40.25068201152645 ], [ -8.522173184343693, 40.25068201152645 ] ] ] } },
{ "type": "Feature", "properties": { "fid": 569, "Population": 12 }, "geometry": { "type": "Polygon", "coordinates": [ [ [ -8.518632605538398, 40.25068201152645 ], [ -8.518420918073476, 40.2479943774822 ], [ -8.514880427251333, 40.2479943774822 ], [ -8.515092026733104, 40.25068201152645 ], [ -8.518632605538398, 40.25068201152645 ] ] ] } },
{ "type": "Feature", "properties": { "fid": 570, "Population": 9 }, "geometry": { "type": "Polygon", "coordinates": [ [ [ -8.515092026733104, 40.25068201152645 ], [ -8.514880427251333, 40.2479943774822 ], [ -8.511339936429192, 40.2479943774822 ], [ -8.511551447927811, 40.25068201152645 ], [ -8.515092026733104, 40.25068201152645 ] ] ] } },
{ "type": "Feature", "properties": { "fid": 571, "Population": 2 }, "geometry": { "type": "Polygon", "coordinates": [ [ [ -8.511551447927811, 40.25068201152645 ], [ -8.511339936429192, 40.2479943774822 ], [ -8.507799445607048, 40.2479943774822 ], [ -8.508010869122515, 40.25068201152645 ], [ -8.511551447927811, 40.25068201152645 ] ] ] } },
{ "type": "Feature", "properties": { "fid": 572, "Population": 4 }, "geometry": { "type": "Polygon", "coordinates": [ [ [ -8.497389132706632, 40.25068201152645 ], [ -8.497177973140623, 40.2479943774822 ], [ -8.49363748231848, 40.2479943774822 ], [ -8.493848553901337, 40.25068201152645 ], [ -8.497389132706632, 40.25068201152645 ] ] ] } },
{ "type": "Feature", "properties": { "fid": 573, "Population": 1 }, "geometry": { "type": "Polygon", "coordinates": [ [ [ -8.490307975096043, 40.25068201152645 ], [ -8.490096991496339, 40.2479943774822 ], [ -8.486556500674197, 40.2479943774822 ], [ -8.486767396290748, 40.25068201152645 ], [ -8.490307975096043, 40.25068201152645 ] ] ] } },
{ "type": "Feature", "properties": { "fid": 574, "Population": 3 }, "geometry": { "type": "Polygon", "coordinates": [ [ [ -8.486767396290748, 40.25068201152645 ], [ -8.486556500674197, 40.2479943774822 ], [ -8.483016009852054, 40.2479943774822 ], [ -8.483226817485455, 40.25068201152645 ], [ -8.486767396290748, 40.25068201152645 ] ] ] } },
{ "type": "Feature", "properties": { "fid": 575, "Population": 8 }, "geometry": { "type": "Polygon", "coordinates": [ [ [ -8.483226817485455, 40.25068201152645 ], [ -8.483016009852054, 40.2479943774822 ], [ -8.479475519029913, 40.2479943774822 ], [ -8.479686238680159, 40.25068201152645 ], [ -8.483226817485455, 40.25068201152645 ] ] ] } },
{ "type": "Feature", "properties": { "fid": 576, "Population": 2 }, "geometry": { "type": "Polygon", "coordinates": [ [ [ -8.476145659874865, 40.25068201152645 ], [ -8.47593502820777, 40.2479943774822 ], [ -8.472394537385629, 40.2479943774822 ], [ -8.472605081069572, 40.25068201152645 ], [ -8.476145659874865, 40.25068201152645 ] ] ] } },
{ "type": "Feature", "properties": { "fid": 577, "Population": 9 }, "geometry": { "type": "Polygon", "coordinates": [ [ [ -8.472605081069572, 40.25068201152645 ], [ -8.472394537385629, 40.2479943774822 ], [ -8.468854046563488, 40.2479943774822 ], [ -8.469064502264276, 40.25068201152645 ], [ -8.472605081069572, 40.25068201152645 ] ] ] } },
{ "type": "Feature", "properties": { "fid": 578, "Population": 2 }, "geometry": { "type": "Polygon", "coordinates": [ [ [ -8.469064502264276, 40.25068201152645 ], [ -8.468854046563488, 40.2479943774822 ], [ -8.465313555741346, 40.2479943774822 ], [ -8.465523923458981, 40.25068201152645 ], [ -8.469064502264276, 40.25068201152645 ] ] ] } },
{ "type": "Feature", "properties": { "fid": 579, "Population": 1 }, "geometry": { "type": "Polygon", "coordinates": [ [ [ -8.465523923458981, 40.25068201152645 ], [ -8.465313555741346, 40.2479943774822 ], [ -8.461773064919203, 40.2479943774822 ], [ -8.461983344653687, 40.25068201152645 ], [ -8.465523923458981, 40.25068201152645 ] ] ] } },
{ "type": "Feature", "properties": { "fid": 580, "Population": 4 }, "geometry": { "type": "Polygon", "coordinates": [ [ [ -8.458442765848392, 40.25068201152645 ], [ -8.458232574097062, 40.2479943774822 ], [ -8.454692083274919, 40.2479943774822 ], [ -8.4549021870431, 40.25068201152645 ], [ -8.458442765848392, 40.25068201152645 ] ] ] } },
{ "type": "Feature", "properties": { "fid": 581, "Population": 84 }, "geometry": { "type": "Polygon", "coordinates": [ [ [ -8.4549021870431, 40.25068201152645 ], [ -8.454692083274919, 40.2479943774822 ], [ -8.451151592452778, 40.2479943774822 ], [ -8.451361608237804, 40.25068201152645 ], [ -8.4549021870431, 40.25068201152645 ] ] ] } },
{ "type": "Feature", "properties": { "fid": 582, "Population": 112 }, "geometry": { "type": "Polygon", "coordinates": [ [ [ -8.451361608237804, 40.25068201152645 ], [ -8.451151592452778, 40.2479943774822 ], [ -8.447611101630637, 40.2479943774822 ], [ -8.447821029432509, 40.25068201152645 ], [ -8.451361608237804, 40.25068201152645 ] ] ] } },
{ "type": "Feature", "properties": { "fid": 583, "Population": 170 }, "geometry": { "type": "Polygon", "coordinates": [ [ [ -8.447821029432509, 40.25068201152645 ], [ -8.447611101630637, 40.2479943774822 ], [ -8.444070610808494, 40.2479943774822 ], [ -8.444280450627216, 40.25068201152645 ], [ -8.447821029432509, 40.25068201152645 ] ] ] } },
{ "type": "Feature", "properties": { "fid": 584, "Population": 26 }, "geometry": { "type": "Polygon", "coordinates": [ [ [ -8.444280450627216, 40.25068201152645 ], [ -8.444070610808494, 40.2479943774822 ], [ -8.440530119986352, 40.2479943774822 ], [ -8.44073987182192, 40.25068201152645 ], [ -8.444280450627216, 40.25068201152645 ] ] ] } },
{ "type": "Feature", "properties": { "fid": 585, "Population": 15 }, "geometry": { "type": "Polygon", "coordinates": [ [ [ -8.44073987182192, 40.25068201152645 ], [ -8.440530119986352, 40.2479943774822 ], [ -8.436989629164209, 40.2479943774822 ], [ -8.437199293016628, 40.25068201152645 ], [ -8.44073987182192, 40.25068201152645 ] ] ] } },
{ "type": "Feature", "properties": { "fid": 586, "Population": 1 }, "geometry": { "type": "Polygon", "coordinates": [ [ [ -8.437199293016628, 40.25068201152645 ], [ -8.436989629164209, 40.2479943774822 ], [ -8.433449138342068, 40.2479943774822 ], [ -8.433658714211331, 40.25068201152645 ], [ -8.437199293016628, 40.25068201152645 ] ] ] } },
{ "type": "Feature", "properties": { "fid": 587, "Population": 13 }, "geometry": { "type": "Polygon", "coordinates": [ [ [ -8.433658714211331, 40.25068201152645 ], [ -8.433449138342068, 40.2479943774822 ], [ -8.429908647519925, 40.2479943774822 ], [ -8.430118135406037, 40.25068201152645 ], [ -8.433658714211331, 40.25068201152645 ] ] ] } },
{ "type": "Feature", "properties": { "fid": 588, "Population": 4 }, "geometry": { "type": "Polygon", "coordinates": [ [ [ -8.430118135406037, 40.25068201152645 ], [ -8.429908647519925, 40.2479943774822 ], [ -8.426368156697784, 40.2479943774822 ], [ -8.426577556600744, 40.25068201152645 ], [ -8.430118135406037, 40.25068201152645 ] ] ] } },
{ "type": "Feature", "properties": { "fid": 589, "Population": 51 }, "geometry": { "type": "Polygon", "coordinates": [ [ [ -8.426577556600744, 40.25068201152645 ], [ -8.426368156697784, 40.2479943774822 ], [ -8.422827665875641, 40.2479943774822 ], [ -8.423036977795448, 40.25068201152645 ], [ -8.426577556600744, 40.25068201152645 ] ] ] } },
{ "type": "Feature", "properties": { "fid": 590, "Population": 207 }, "geometry": { "type": "Polygon", "coordinates": [ [ [ -8.423036977795448, 40.25068201152645 ], [ -8.422827665875641, 40.2479943774822 ], [ -8.419287175053499, 40.2479943774822 ], [ -8.419496398990153, 40.25068201152645 ], [ -8.423036977795448, 40.25068201152645 ] ] ] } },
{ "type": "Feature", "properties": { "fid": 591, "Population": 221 }, "geometry": { "type": "Polygon", "coordinates": [ [ [ -8.419496398990153, 40.25068201152645 ], [ -8.419287175053499, 40.2479943774822 ], [ -8.415746684231358, 40.2479943774822 ], [ -8.415955820184861, 40.25068201152645 ], [ -8.419496398990153, 40.25068201152645 ] ] ] } },
{ "type": "Feature", "properties": { "fid": 592, "Population": 161 }, "geometry": { "type": "Polygon", "coordinates": [ [ [ -8.415955820184861, 40.25068201152645 ], [ -8.415746684231358, 40.2479943774822 ], [ -8.412206193409217, 40.2479943774822 ], [ -8.412415241379565, 40.25068201152645 ], [ -8.415955820184861, 40.25068201152645 ] ] ] } },
{ "type": "Feature", "properties": { "fid": 593, "Population": 184 }, "geometry": { "type": "Polygon", "coordinates": [ [ [ -8.412415241379565, 40.25068201152645 ], [ -8.412206193409217, 40.2479943774822 ], [ -8.408665702587074, 40.2479943774822 ], [ -8.408874662574272, 40.25068201152645 ], [ -8.412415241379565, 40.25068201152645 ] ] ] } },
{ "type": "Feature", "properties": { "fid": 594, "Population": 27 }, "geometry": { "type": "Polygon", "coordinates": [ [ [ -8.408874662574272, 40.25068201152645 ], [ -8.408665702587074, 40.2479943774822 ], [ -8.405125211764933, 40.2479943774822 ], [ -8.405334083768976, 40.25068201152645 ], [ -8.408874662574272, 40.25068201152645 ] ] ] } },
{ "type": "Feature", "properties": { "fid": 595, "Population": 72 }, "geometry": { "type": "Polygon", "coordinates": [ [ [ -8.405334083768976, 40.25068201152645 ], [ -8.405125211764933, 40.2479943774822 ], [ -8.401584720942791, 40.2479943774822 ], [ -8.401793504963681, 40.25068201152645 ], [ -8.405334083768976, 40.25068201152645 ] ] ] } },
{ "type": "Feature", "properties": { "fid": 596, "Population": 28 }, "geometry": { "type": "Polygon", "coordinates": [ [ [ -8.401793504963681, 40.25068201152645 ], [ -8.401584720942791, 40.2479943774822 ], [ -8.398044230120648, 40.2479943774822 ], [ -8.398252926158388, 40.25068201152645 ], [ -8.401793504963681, 40.25068201152645 ] ] ] } },
{ "type": "Feature", "properties": { "fid": 597, "Population": 66 }, "geometry": { "type": "Polygon", "coordinates": [ [ [ -8.398252926158388, 40.25068201152645 ], [ -8.398044230120648, 40.2479943774822 ], [ -8.394503739298507, 40.2479943774822 ], [ -8.394712347353092, 40.25068201152645 ], [ -8.398252926158388, 40.25068201152645 ] ] ] } },
{ "type": "Feature", "properties": { "fid": 598, "Population": 26 }, "geometry": { "type": "Polygon", "coordinates": [ [ [ -8.394712347353092, 40.25068201152645 ], [ -8.394503739298507, 40.2479943774822 ], [ -8.390963248476364, 40.2479943774822 ], [ -8.391171768547798, 40.25068201152645 ], [ -8.394712347353092, 40.25068201152645 ] ] ] } },
{ "type": "Feature", "properties": { "fid": 599, "Population": 1 }, "geometry": { "type": "Polygon", "coordinates": [ [ [ -8.391171768547798, 40.25068201152645 ], [ -8.390963248476364, 40.2479943774822 ], [ -8.387422757654223, 40.2479943774822 ], [ -8.387631189742505, 40.25068201152645 ], [ -8.391171768547798, 40.25068201152645 ] ] ] } },
{ "type": "Feature", "properties": { "fid": 600, "Population": 5 }, "geometry": { "type": "Polygon", "coordinates": [ [ [ -8.37700945332662, 40.25068201152645 ], [ -8.376801285187796, 40.2479943774822 ], [ -8.373260794365654, 40.2479943774822 ], [ -8.373468874521325, 40.25068201152645 ], [ -8.37700945332662, 40.25068201152645 ] ] ] } },
{ "type": "Feature", "properties": { "fid": 601, "Population": 30 }, "geometry": { "type": "Polygon", "coordinates": [ [ [ -8.373468874521325, 40.25068201152645 ], [ -8.373260794365654, 40.2479943774822 ], [ -8.369720303543513, 40.2479943774822 ], [ -8.369928295716033, 40.25068201152645 ], [ -8.373468874521325, 40.25068201152645 ] ] ] } },
{ "type": "Feature", "properties": { "fid": 602, "Population": 2 }, "geometry": { "type": "Polygon", "coordinates": [ [ [ -8.369928295716033, 40.25068201152645 ], [ -8.369720303543513, 40.2479943774822 ], [ -8.366179812721372, 40.2479943774822 ], [ -8.366387716910737, 40.25068201152645 ], [ -8.369928295716033, 40.25068201152645 ] ] ] } },
{ "type": "Feature", "properties": { "fid": 603, "Population": 62 }, "geometry": { "type": "Polygon", "coordinates": [ [ [ -8.352225401689561, 40.25068201152645 ], [ -8.352017849432803, 40.2479943774822 ], [ -8.348477358610662, 40.2479943774822 ], [ -8.348684822884264, 40.25068201152645 ], [ -8.352225401689561, 40.25068201152645 ] ] ] } },
{ "type": "Feature", "properties": { "fid": 604, "Population": 17 }, "geometry": { "type": "Polygon", "coordinates": [ [ [ -8.348684822884264, 40.25068201152645 ], [ -8.348477358610662, 40.2479943774822 ], [ -8.344936867788519, 40.2479943774822 ], [ -8.34514424407897, 40.25068201152645 ], [ -8.348684822884264, 40.25068201152645 ] ] ] } },
{ "type": "Feature", "properties": { "fid": 605, "Population": 32 }, "geometry": { "type": "Polygon", "coordinates": [ [ [ -8.327441350052499, 40.25068201152645 ], [ -8.327234413677811, 40.2479943774822 ], [ -8.323693922855668, 40.2479943774822 ], [ -8.323900771247205, 40.25068201152645 ], [ -8.327441350052499, 40.25068201152645 ] ] ] } },
{ "type": "Feature", "properties": { "fid": 606, "Population": 101 }, "geometry": { "type": "Polygon", "coordinates": [ [ [ -8.323900771247205, 40.25068201152645 ], [ -8.323693922855668, 40.2479943774822 ], [ -8.320153432033527, 40.2479943774822 ], [ -8.32036019244191, 40.25068201152645 ], [ -8.323900771247205, 40.25068201152645 ] ] ] } },
{ "type": "Feature", "properties": { "fid": 607, "Population": 84 }, "geometry": { "type": "Polygon", "coordinates": [ [ [ -8.32036019244191, 40.25068201152645 ], [ -8.320153432033527, 40.2479943774822 ], [ -8.316612941211385, 40.2479943774822 ], [ -8.316819613636616, 40.25068201152645 ], [ -8.32036019244191, 40.25068201152645 ] ] ] } },
{ "type": "Feature", "properties": { "fid": 608, "Population": 1 }, "geometry": { "type": "Polygon", "coordinates": [ [ [ -8.525713763148987, 40.25068201152645 ], [ -8.525290065272694, 40.24530678337225 ], [ -8.521749662421668, 40.24530678337225 ], [ -8.522173184343693, 40.25068201152645 ], [ -8.525713763148987, 40.25068201152645 ] ] ] } },
{ "type": "Feature", "properties": { "fid": 609, "Population": 1 }, "geometry": { "type": "Polygon", "coordinates": [ [ [ -8.479686238680159, 40.25068201152645 ], [ -8.479264828209345, 40.24530678337225 ], [ -8.475724425358319, 40.24530678337225 ], [ -8.476145659874865, 40.25068201152645 ], [ -8.479686238680159, 40.25068201152645 ] ] ] } },
{ "type": "Feature", "properties": { "fid": 610, "Population": 3 }, "geometry": { "type": "Polygon", "coordinates": [ [ [ -8.521961408895617, 40.2479943774822 ], [ -8.521749662421668, 40.24530678337225 ], [ -8.518209259570641, 40.24530678337225 ], [ -8.518420918073476, 40.2479943774822 ], [ -8.521961408895617, 40.2479943774822 ] ] ] } },
{ "type": "Feature", "properties": { "fid": 611, "Population": 4 }, "geometry": { "type": "Polygon", "coordinates": [ [ [ -8.518420918073476, 40.2479943774822 ], [ -8.518209259570641, 40.24530678337225 ], [ -8.514668856719613, 40.24530678337225 ], [ -8.514880427251333, 40.2479943774822 ], [ -8.518420918073476, 40.2479943774822 ] ] ] } },
{ "type": "Feature", "properties": { "fid": 612, "Population": 14 }, "geometry": { "type": "Polygon", "coordinates": [ [ [ -8.514880427251333, 40.2479943774822 ], [ -8.514668856719613, 40.24530678337225 ], [ -8.511128453868587, 40.24530678337225 ], [ -8.511339936429192, 40.2479943774822 ], [ -8.514880427251333, 40.2479943774822 ] ] ] } },
{ "type": "Feature", "properties": { "fid": 613, "Population": 4 }, "geometry": { "type": "Polygon", "coordinates": [ [ [ -8.511339936429192, 40.2479943774822 ], [ -8.511128453868587, 40.24530678337225 ], [ -8.50758805101756, 40.24530678337225 ], [ -8.507799445607048, 40.2479943774822 ], [ -8.511339936429192, 40.2479943774822 ] ] ] } },
{ "type": "Feature", "properties": { "fid": 614, "Population": 2 }, "geometry": { "type": "Polygon", "coordinates": [ [ [ -8.507799445607048, 40.2479943774822 ], [ -8.50758805101756, 40.24530678337225 ], [ -8.504047648166532, 40.24530678337225 ], [ -8.504258954784907, 40.2479943774822 ], [ -8.507799445607048, 40.2479943774822 ] ] ] } },
{ "type": "Feature", "properties": { "fid": 615, "Population": 31 }, "geometry": { "type": "Polygon", "coordinates": [ [ [ -8.497177973140623, 40.2479943774822 ], [ -8.496966842464479, 40.24530678337225 ], [ -8.493426439613453, 40.24530678337225 ], [ -8.49363748231848, 40.2479943774822 ], [ -8.497177973140623, 40.2479943774822 ] ] ] } },
{ "type": "Feature", "properties": { "fid": 616, "Population": 118 }, "geometry": { "type": "Polygon", "coordinates": [ [ [ -8.49363748231848, 40.2479943774822 ], [ -8.493426439613453, 40.24530678337225 ], [ -8.489886036762424, 40.24530678337225 ], [ -8.490096991496339, 40.2479943774822 ], [ -8.49363748231848, 40.2479943774822 ] ] ] } },
{ "type": "Feature", "properties": { "fid": 617, "Population": 3 }, "geometry": { "type": "Polygon", "coordinates": [ [ [ -8.490096991496339, 40.2479943774822 ], [ -8.489886036762424, 40.24530678337225 ], [ -8.486345633911398, 40.24530678337225 ], [ -8.486556500674197, 40.2479943774822 ], [ -8.490096991496339, 40.2479943774822 ] ] ] } },
{ "type": "Feature", "properties": { "fid": 618, "Population": 11 }, "geometry": { "type": "Polygon", "coordinates": [ [ [ -8.486556500674197, 40.2479943774822 ], [ -8.486345633911398, 40.24530678337225 ], [ -8.482805231060372, 40.24530678337225 ], [ -8.483016009852054, 40.2479943774822 ], [ -8.486556500674197, 40.2479943774822 ] ] ] } },
{ "type": "Feature", "properties": { "fid": 619, "Population": 5 }, "geometry": { "type": "Polygon", "coordinates": [ [ [ -8.483016009852054, 40.2479943774822 ], [ -8.482805231060372, 40.24530678337225 ], [ -8.479264828209345, 40.24530678337225 ], [ -8.479475519029913, 40.2479943774822 ], [ -8.483016009852054, 40.2479943774822 ] ] ] } },
{ "type": "Feature", "properties": { "fid": 620, "Population": 6 }, "geometry": { "type": "Polygon", "coordinates": [ [ [ -8.451151592452778, 40.2479943774822 ], [ -8.450941605401129, 40.24530678337225 ], [ -8.447401202550104, 40.24530678337225 ], [ -8.447611101630637, 40.2479943774822 ], [ -8.451151592452778, 40.2479943774822 ] ] ] } },
{ "type": "Feature", "properties": { "fid": 621, "Population": 44 }, "geometry": { "type": "Polygon", "coordinates": [ [ [ -8.447611101630637, 40.2479943774822 ], [ -8.447401202550104, 40.24530678337225 ], [ -8.443860799699076, 40.24530678337225 ], [ -8.444070610808494, 40.2479943774822 ], [ -8.447611101630637, 40.2479943774822 ] ] ] } },
{ "type": "Feature", "properties": { "fid": 622, "Population": 46 }, "geometry": { "type": "Polygon", "coordinates": [ [ [ -8.444070610808494, 40.2479943774822 ], [ -8.443860799699076, 40.24530678337225 ], [ -8.440320396848048, 40.24530678337225 ], [ -8.440530119986352, 40.2479943774822 ], [ -8.444070610808494, 40.2479943774822 ] ] ] } },
{ "type": "Feature", "properties": { "fid": 623, "Population": 14 }, "geometry": { "type": "Polygon", "coordinates": [ [ [ -8.440530119986352, 40.2479943774822 ], [ -8.440320396848048, 40.24530678337225 ], [ -8.436779993997023, 40.24530678337225 ], [ -8.436989629164209, 40.2479943774822 ], [ -8.440530119986352, 40.2479943774822 ] ] ] } },
{ "type": "Feature", "properties": { "fid": 624, "Population": 2 }, "geometry": { "type": "Polygon", "coordinates": [ [ [ -8.436989629164209, 40.2479943774822 ], [ -8.436779993997023, 40.24530678337225 ], [ -8.433239591145995, 40.24530678337225 ], [ -8.433449138342068, 40.2479943774822 ], [ -8.436989629164209, 40.2479943774822 ] ] ] } },
{ "type": "Feature", "properties": { "fid": 625, "Population": 3 }, "geometry": { "type": "Polygon", "coordinates": [ [ [ -8.433449138342068, 40.2479943774822 ], [ -8.433239591145995, 40.24530678337225 ], [ -8.429699188294968, 40.24530678337225 ], [ -8.429908647519925, 40.2479943774822 ], [ -8.433449138342068, 40.2479943774822 ] ] ] } },
{ "type": "Feature", "properties": { "fid": 626, "Population": 12 }, "geometry": { "type": "Polygon", "coordinates": [ [ [ -8.429908647519925, 40.2479943774822 ], [ -8.429699188294968, 40.24530678337225 ], [ -8.426158785443942, 40.24530678337225 ], [ -8.426368156697784, 40.2479943774822 ], [ -8.429908647519925, 40.2479943774822 ] ] ] } },
{ "type": "Feature", "properties": { "fid": 627, "Population": 9 }, "geometry": { "type": "Polygon", "coordinates": [ [ [ -8.426368156697784, 40.2479943774822 ], [ -8.426158785443942, 40.24530678337225 ], [ -8.422618382592914, 40.24530678337225 ], [ -8.422827665875641, 40.2479943774822 ], [ -8.426368156697784, 40.2479943774822 ] ] ] } },
{ "type": "Feature", "properties": { "fid": 628, "Population": 5 }, "geometry": { "type": "Polygon", "coordinates": [ [ [ -8.422827665875641, 40.2479943774822 ], [ -8.422618382592914, 40.24530678337225 ], [ -8.419077979741889, 40.24530678337225 ], [ -8.419287175053499, 40.2479943774822 ], [ -8.422827665875641, 40.2479943774822 ] ] ] } },
{ "type": "Feature", "properties": { "fid": 629, "Population": 120 }, "geometry": { "type": "Polygon", "coordinates": [ [ [ -8.419287175053499, 40.2479943774822 ], [ -8.419077979741889, 40.24530678337225 ], [ -8.415537576890861, 40.24530678337225 ], [ -8.415746684231358, 40.2479943774822 ], [ -8.419287175053499, 40.2479943774822 ] ] ] } },
{ "type": "Feature", "properties": { "fid": 630, "Population": 78 }, "geometry": { "type": "Polygon", "coordinates": [ [ [ -8.415746684231358, 40.2479943774822 ], [ -8.415537576890861, 40.24530678337225 ], [ -8.411997174039833, 40.24530678337225 ], [ -8.412206193409217, 40.2479943774822 ], [ -8.415746684231358, 40.2479943774822 ] ] ] } },
{ "type": "Feature", "properties": { "fid": 631, "Population": 58 }, "geometry": { "type": "Polygon", "coordinates": [ [ [ -8.412206193409217, 40.2479943774822 ], [ -8.411997174039833, 40.24530678337225 ], [ -8.408456771188808, 40.24530678337225 ], [ -8.408665702587074, 40.2479943774822 ], [ -8.412206193409217, 40.2479943774822 ] ] ] } },
{ "type": "Feature", "properties": { "fid": 632, "Population": 8 }, "geometry": { "type": "Polygon", "coordinates": [ [ [ -8.408665702587074, 40.2479943774822 ], [ -8.408456771188808, 40.24530678337225 ], [ -8.40491636833778, 40.24530678337225 ], [ -8.405125211764933, 40.2479943774822 ], [ -8.408665702587074, 40.2479943774822 ] ] ] } },
{ "type": "Feature", "properties": { "fid": 633, "Population": 0 }, "geometry": { "type": "Polygon", "coordinates": [ [ [ -8.405125211764933, 40.2479943774822 ], [ -8.40491636833778, 40.24530678337225 ], [ -8.401375965486753, 40.24530678337225 ], [ -8.401584720942791, 40.2479943774822 ], [ -8.405125211764933, 40.2479943774822 ] ] ] } },
{ "type": "Feature", "properties": { "fid": 634, "Population": 2 }, "geometry": { "type": "Polygon", "coordinates": [ [ [ -8.401584720942791, 40.2479943774822 ], [ -8.401375965486753, 40.24530678337225 ], [ -8.397835562635727, 40.24530678337225 ], [ -8.398044230120648, 40.2479943774822 ], [ -8.401584720942791, 40.2479943774822 ] ] ] } },
{ "type": "Feature", "properties": { "fid": 635, "Population": 26 }, "geometry": { "type": "Polygon", "coordinates": [ [ [ -8.398044230120648, 40.2479943774822 ], [ -8.397835562635727, 40.24530678337225 ], [ -8.394295159784699, 40.24530678337225 ], [ -8.394503739298507, 40.2479943774822 ], [ -8.398044230120648, 40.2479943774822 ] ] ] } },
{ "type": "Feature", "properties": { "fid": 636, "Population": 75 }, "geometry": { "type": "Polygon", "coordinates": [ [ [ -8.394503739298507, 40.2479943774822 ], [ -8.394295159784699, 40.24530678337225 ], [ -8.390754756933672, 40.24530678337225 ], [ -8.390963248476364, 40.2479943774822 ], [ -8.394503739298507, 40.2479943774822 ] ] ] } },
{ "type": "Feature", "properties": { "fid": 637, "Population": 52 }, "geometry": { "type": "Polygon", "coordinates": [ [ [ -8.373260794365654, 40.2479943774822 ], [ -8.373052742678539, 40.24530678337225 ], [ -8.369512339827512, 40.24530678337225 ], [ -8.369720303543513, 40.2479943774822 ], [ -8.373260794365654, 40.2479943774822 ] ] ] } },
{ "type": "Feature", "properties": { "fid": 638, "Population": 25 }, "geometry": { "type": "Polygon", "coordinates": [ [ [ -8.369720303543513, 40.2479943774822 ], [ -8.369512339827512, 40.24530678337225 ], [ -8.365971936976484, 40.24530678337225 ], [ -8.366179812721372, 40.2479943774822 ], [ -8.369720303543513, 40.2479943774822 ] ] ] } },
{ "type": "Feature", "properties": { "fid": 639, "Population": 2 }, "geometry": { "type": "Polygon", "coordinates": [ [ [ -8.366179812721372, 40.2479943774822 ], [ -8.365971936976484, 40.24530678337225 ], [ -8.362431534125458, 40.24530678337225 ], [ -8.362639321899231, 40.2479943774822 ], [ -8.366179812721372, 40.2479943774822 ] ] ] } },
{ "type": "Feature", "properties": { "fid": 640, "Population": 1 }, "geometry": { "type": "Polygon", "coordinates": [ [ [ -8.355558340254946, 40.2479943774822 ], [ -8.355350728423403, 40.24530678337225 ], [ -8.351810325572377, 40.24530678337225 ], [ -8.352017849432803, 40.2479943774822 ], [ -8.355558340254946, 40.2479943774822 ] ] ] } },
{ "type": "Feature", "properties": { "fid": 641, "Population": 42 }, "geometry": { "type": "Polygon", "coordinates": [ [ [ -8.352017849432803, 40.2479943774822 ], [ -8.351810325572377, 40.24530678337225 ], [ -8.34826992272135, 40.24530678337225 ], [ -8.348477358610662, 40.2479943774822 ], [ -8.352017849432803, 40.2479943774822 ] ] ] } },
{ "type": "Feature", "properties": { "fid": 642, "Population": 144 }, "geometry": { "type": "Polygon", "coordinates": [ [ [ -8.348477358610662, 40.2479943774822 ], [ -8.34826992272135, 40.24530678337225 ], [ -8.344729519870324, 40.24530678337225 ], [ -8.344936867788519, 40.2479943774822 ], [ -8.348477358610662, 40.2479943774822 ] ] ] } },
{ "type": "Feature", "properties": { "fid": 643, "Population": 33 }, "geometry": { "type": "Polygon", "coordinates": [ [ [ -8.344936867788519, 40.2479943774822 ], [ -8.344729519870324, 40.24530678337225 ], [ -8.341189117019296, 40.24530678337225 ], [ -8.341396376966378, 40.2479943774822 ], [ -8.344936867788519, 40.2479943774822 ] ] ] } },
{ "type": "Feature", "properties": { "fid": 644, "Population": 2 }, "geometry": { "type": "Polygon", "coordinates": [ [ [ -8.341396376966378, 40.2479943774822 ], [ -8.341189117019296, 40.24530678337225 ], [ -8.337648714168269, 40.24530678337225 ], [ -8.337855886144235, 40.2479943774822 ], [ -8.341396376966378, 40.2479943774822 ] ] ] } },
{ "type": "Feature", "properties": { "fid": 645, "Population": 1 }, "geometry": { "type": "Polygon", "coordinates": [ [ [ -8.33077490449995, 40.2479943774822 ], [ -8.330567908466215, 40.24530678337225 ], [ -8.32702750561519, 40.24530678337225 ], [ -8.327234413677811, 40.2479943774822 ], [ -8.33077490449995, 40.2479943774822 ] ] ] } },
{ "type": "Feature", "properties": { "fid": 646, "Population": 9 }, "geometry": { "type": "Polygon", "coordinates": [ [ [ -8.327234413677811, 40.2479943774822 ], [ -8.32702750561519, 40.24530678337225 ], [ -8.323487102764163, 40.24530678337225 ], [ -8.323693922855668, 40.2479943774822 ], [ -8.327234413677811, 40.2479943774822 ] ] ] } },
{ "type": "Feature", "properties": { "fid": 647, "Population": 23 }, "geometry": { "type": "Polygon", "coordinates": [ [ [ -8.323693922855668, 40.2479943774822 ], [ -8.323487102764163, 40.24530678337225 ], [ -8.319946699913135, 40.24530678337225 ], [ -8.320153432033527, 40.2479943774822 ], [ -8.323693922855668, 40.2479943774822 ] ] ] } },
{ "type": "Feature", "properties": { "fid": 648, "Population": 2 }, "geometry": { "type": "Polygon", "coordinates": [ [ [ -8.454692083274919, 40.2479943774822 ], [ -8.454271961969939, 40.242619229191746 ], [ -8.450731647077991, 40.242619229191746 ], [ -8.451151592452778, 40.2479943774822 ], [ -8.454692083274919, 40.2479943774822 ] ] ] } },
{ "type": "Feature", "properties": { "fid": 649, "Population": 3 }, "geometry": { "type": "Polygon", "coordinates": [ [ [ -8.525290065272694, 40.24530678337225 ], [ -8.525078259808883, 40.242619229191746 ], [ -8.521537944916934, 40.242619229191746 ], [ -8.521749662421668, 40.24530678337225 ], [ -8.525290065272694, 40.24530678337225 ] ] ] } },
{ "type": "Feature", "properties": { "fid": 650, "Population": 1 }, "geometry": { "type": "Polygon", "coordinates": [ [ [ -8.521749662421668, 40.24530678337225 ], [ -8.521537944916934, 40.242619229191746 ], [ -8.517997630024988, 40.242619229191746 ], [ -8.518209259570641, 40.24530678337225 ], [ -8.521749662421668, 40.24530678337225 ] ] ] } },
{ "type": "Feature", "properties": { "fid": 651, "Population": 7 }, "geometry": { "type": "Polygon", "coordinates": [ [ [ -8.518209259570641, 40.24530678337225 ], [ -8.517997630024988, 40.242619229191746 ], [ -8.51445731513304, 40.242619229191746 ], [ -8.514668856719613, 40.24530678337225 ], [ -8.518209259570641, 40.24530678337225 ] ] ] } },
{ "type": "Feature", "properties": { "fid": 652, "Population": 29 }, "geometry": { "type": "Polygon", "coordinates": [ [ [ -8.514668856719613, 40.24530678337225 ], [ -8.51445731513304, 40.242619229191746 ], [ -8.510917000241093, 40.242619229191746 ], [ -8.511128453868587, 40.24530678337225 ], [ -8.514668856719613, 40.24530678337225 ] ] ] } },
{ "type": "Feature", "properties": { "fid": 653, "Population": 8 }, "geometry": { "type": "Polygon", "coordinates": [ [ [ -8.511128453868587, 40.24530678337225 ], [ -8.510917000241093, 40.242619229191746 ], [ -8.507376685349145, 40.242619229191746 ], [ -8.50758805101756, 40.24530678337225 ], [ -8.511128453868587, 40.24530678337225 ] ] ] } },
{ "type": "Feature", "properties": { "fid": 654, "Population": 7 }, "geometry": { "type": "Polygon", "coordinates": [ [ [ -8.50758805101756, 40.24530678337225 ], [ -8.507376685349145, 40.242619229191746 ], [ -8.500296055565252, 40.242619229191746 ], [ -8.500507245315506, 40.24530678337225 ], [ -8.50758805101756, 40.24530678337225 ] ] ] } },
{ "type": "Feature", "properties": { "fid": 655, "Population": 7 }, "geometry": { "type": "Polygon", "coordinates": [ [ [ -8.496966842464479, 40.24530678337225 ], [ -8.496755740673304, 40.242619229191746 ], [ -8.493215425781358, 40.242619229191746 ], [ -8.493426439613453, 40.24530678337225 ], [ -8.496966842464479, 40.24530678337225 ] ] ] } },
{ "type": "Feature", "properties": { "fid": 656, "Population": 62 }, "geometry": { "type": "Polygon", "coordinates": [ [ [ -8.493426439613453, 40.24530678337225 ], [ -8.493215425781358, 40.242619229191746 ], [ -8.48967511088941, 40.242619229191746 ], [ -8.489886036762424, 40.24530678337225 ], [ -8.493426439613453, 40.24530678337225 ] ] ] } },
{ "type": "Feature", "properties": { "fid": 657, "Population": 16 }, "geometry": { "type": "Polygon", "coordinates": [ [ [ -8.489886036762424, 40.24530678337225 ], [ -8.48967511088941, 40.242619229191746 ], [ -8.486134795997463, 40.242619229191746 ], [ -8.486345633911398, 40.24530678337225 ], [ -8.489886036762424, 40.24530678337225 ] ] ] } },
{ "type": "Feature", "properties": { "fid": 658, "Population": 56 }, "geometry": { "type": "Polygon", "coordinates": [ [ [ -8.486345633911398, 40.24530678337225 ], [ -8.486134795997463, 40.242619229191746 ], [ -8.482594481105515, 40.242619229191746 ], [ -8.482805231060372, 40.24530678337225 ], [ -8.486345633911398, 40.24530678337225 ] ] ] } },
{ "type": "Feature", "properties": { "fid": 659, "Population": 71 }, "geometry": { "type": "Polygon", "coordinates": [ [ [ -8.482805231060372, 40.24530678337225 ], [ -8.482594481105515, 40.242619229191746 ], [ -8.479054166213569, 40.242619229191746 ], [ -8.479264828209345, 40.24530678337225 ], [ -8.482805231060372, 40.24530678337225 ] ] ] } },
{ "type": "Feature", "properties": { "fid": 660, "Population": 1 }, "geometry": { "type": "Polygon", "coordinates": [ [ [ -8.468643619656264, 40.24530678337225 ], [ -8.468433221537728, 40.242619229191746 ], [ -8.46489290664578, 40.242619229191746 ], [ -8.465103216805238, 40.24530678337225 ], [ -8.468643619656264, 40.24530678337225 ] ] ] } },
{ "type": "Feature", "properties": { "fid": 661, "Population": 143 }, "geometry": { "type": "Polygon", "coordinates": [ [ [ -8.450941605401129, 40.24530678337225 ], [ -8.450731647077991, 40.242619229191746 ], [ -8.447191332186044, 40.242619229191746 ], [ -8.447401202550104, 40.24530678337225 ], [ -8.450941605401129, 40.24530678337225 ] ] ] } },
{ "type": "Feature", "properties": { "fid": 662, "Population": 438 }, "geometry": { "type": "Polygon", "coordinates": [ [ [ -8.447401202550104, 40.24530678337225 ], [ -8.447191332186044, 40.242619229191746 ], [ -8.443651017294098, 40.242619229191746 ], [ -8.443860799699076, 40.24530678337225 ], [ -8.447401202550104, 40.24530678337225 ] ] ] } },
{ "type": "Feature", "properties": { "fid": 663, "Population": 84 }, "geometry": { "type": "Polygon", "coordinates": [ [ [ -8.443860799699076, 40.24530678337225 ], [ -8.443651017294098, 40.242619229191746 ], [ -8.44011070240215, 40.242619229191746 ], [ -8.440320396848048, 40.24530678337225 ], [ -8.443860799699076, 40.24530678337225 ] ] ] } },
{ "type": "Feature", "properties": { "fid": 664, "Population": 1 }, "geometry": { "type": "Polygon", "coordinates": [ [ [ -8.440320396848048, 40.24530678337225 ], [ -8.44011070240215, 40.242619229191746 ], [ -8.436570387510203, 40.242619229191746 ], [ -8.436779993997023, 40.24530678337225 ], [ -8.440320396848048, 40.24530678337225 ] ] ] } },
{ "type": "Feature", "properties": { "fid": 665, "Population": 5 }, "geometry": { "type": "Polygon", "coordinates": [ [ [ -8.436779993997023, 40.24530678337225 ], [ -8.436570387510203, 40.242619229191746 ], [ -8.433030072618255, 40.242619229191746 ], [ -8.433239591145995, 40.24530678337225 ], [ -8.436779993997023, 40.24530678337225 ] ] ] } },
{ "type": "Feature", "properties": { "fid": 666, "Population": 7 }, "geometry": { "type": "Polygon", "coordinates": [ [ [ -8.433239591145995, 40.24530678337225 ], [ -8.433030072618255, 40.242619229191746 ], [ -8.429489757726309, 40.242619229191746 ], [ -8.429699188294968, 40.24530678337225 ], [ -8.433239591145995, 40.24530678337225 ] ] ] } },
{ "type": "Feature", "properties": { "fid": 667, "Population": 8 }, "geometry": { "type": "Polygon", "coordinates": [ [ [ -8.429699188294968, 40.24530678337225 ], [ -8.429489757726309, 40.242619229191746 ], [ -8.42594944283436, 40.242619229191746 ], [ -8.426158785443942, 40.24530678337225 ], [ -8.429699188294968, 40.24530678337225 ] ] ] } },
{ "type": "Feature", "properties": { "fid": 668, "Population": 5 }, "geometry": { "type": "Polygon", "coordinates": [ [ [ -8.426158785443942, 40.24530678337225 ], [ -8.42594944283436, 40.242619229191746 ], [ -8.422409127942414, 40.242619229191746 ], [ -8.422618382592914, 40.24530678337225 ], [ -8.426158785443942, 40.24530678337225 ] ] ] } },
{ "type": "Feature", "properties": { "fid": 669, "Population": 25 }, "geometry": { "type": "Polygon", "coordinates": [ [ [ -8.422618382592914, 40.24530678337225 ], [ -8.422409127942414, 40.242619229191746 ], [ -8.418868813050466, 40.242619229191746 ], [ -8.419077979741889, 40.24530678337225 ], [ -8.422618382592914, 40.24530678337225 ] ] ] } },
{ "type": "Feature", "properties": { "fid": 670, "Population": 12 }, "geometry": { "type": "Polygon", "coordinates": [ [ [ -8.419077979741889, 40.24530678337225 ], [ -8.418868813050466, 40.242619229191746 ], [ -8.415328498158519, 40.242619229191746 ], [ -8.415537576890861, 40.24530678337225 ], [ -8.419077979741889, 40.24530678337225 ] ] ] } },
{ "type": "Feature", "properties": { "fid": 671, "Population": 7 }, "geometry": { "type": "Polygon", "coordinates": [ [ [ -8.415537576890861, 40.24530678337225 ], [ -8.415328498158519, 40.242619229191746 ], [ -8.411788183266573, 40.242619229191746 ], [ -8.411997174039833, 40.24530678337225 ], [ -8.415537576890861, 40.24530678337225 ] ] ] } },
{ "type": "Feature", "properties": { "fid": 672, "Population": 59 }, "geometry": { "type": "Polygon", "coordinates": [ [ [ -8.411997174039833, 40.24530678337225 ], [ -8.411788183266573, 40.242619229191746 ], [ -8.408247868374625, 40.242619229191746 ], [ -8.408456771188808, 40.24530678337225 ], [ -8.411997174039833, 40.24530678337225 ] ] ] } },
{ "type": "Feature", "properties": { "fid": 673, "Population": 50 }, "geometry": { "type": "Polygon", "coordinates": [ [ [ -8.408456771188808, 40.24530678337225 ], [ -8.408247868374625, 40.242619229191746 ], [ -8.404707553482679, 40.242619229191746 ], [ -8.40491636833778, 40.24530678337225 ], [ -8.408456771188808, 40.24530678337225 ] ] ] } },
{ "type": "Feature", "properties": { "fid": 674, "Population": 31 }, "geometry": { "type": "Polygon", "coordinates": [ [ [ -8.40491636833778, 40.24530678337225 ], [ -8.404707553482679, 40.242619229191746 ], [ -8.40116723859073, 40.242619229191746 ], [ -8.401375965486753, 40.24530678337225 ], [ -8.40491636833778, 40.24530678337225 ] ] ] } },
{ "type": "Feature", "properties": { "fid": 675, "Population": 7 }, "geometry": { "type": "Polygon", "coordinates": [ [ [ -8.401375965486753, 40.24530678337225 ], [ -8.40116723859073, 40.242619229191746 ], [ -8.397626923698784, 40.242619229191746 ], [ -8.397835562635727, 40.24530678337225 ], [ -8.401375965486753, 40.24530678337225 ] ] ] } },
{ "type": "Feature", "properties": { "fid": 676, "Population": 38 }, "geometry": { "type": "Polygon", "coordinates": [ [ [ -8.397835562635727, 40.24530678337225 ], [ -8.397626923698784, 40.242619229191746 ], [ -8.394086608806836, 40.242619229191746 ], [ -8.394295159784699, 40.24530678337225 ], [ -8.397835562635727, 40.24530678337225 ] ] ] } },
{ "type": "Feature", "properties": { "fid": 677, "Population": 6 }, "geometry": { "type": "Polygon", "coordinates": [ [ [ -8.394295159784699, 40.24530678337225 ], [ -8.394086608806836, 40.242619229191746 ], [ -8.390546293914889, 40.242619229191746 ], [ -8.390754756933672, 40.24530678337225 ], [ -8.394295159784699, 40.24530678337225 ] ] ] } },
{ "type": "Feature", "properties": { "fid": 678, "Population": 5 }, "geometry": { "type": "Polygon", "coordinates": [ [ [ -8.373052742678539, 40.24530678337225 ], [ -8.372844719455154, 40.242619229191746 ], [ -8.369304404563206, 40.242619229191746 ], [ -8.369512339827512, 40.24530678337225 ], [ -8.373052742678539, 40.24530678337225 ] ] ] } },
{ "type": "Feature", "properties": { "fid": 679, "Population": 1 }, "geometry": { "type": "Polygon", "coordinates": [ [ [ -8.369512339827512, 40.24530678337225 ], [ -8.369304404563206, 40.242619229191746 ], [ -8.365764089671259, 40.242619229191746 ], [ -8.365971936976484, 40.24530678337225 ], [ -8.369512339827512, 40.24530678337225 ] ] ] } },
{ "type": "Feature", "properties": { "fid": 680, "Population": 8 }, "geometry": { "type": "Polygon", "coordinates": [ [ [ -8.365971936976484, 40.24530678337225 ], [ -8.365764089671259, 40.242619229191746 ], [ -8.362223774779311, 40.242619229191746 ], [ -8.362431534125458, 40.24530678337225 ], [ -8.365971936976484, 40.24530678337225 ] ] ] } },
{ "type": "Feature", "properties": { "fid": 681, "Population": 14 }, "geometry": { "type": "Polygon", "coordinates": [ [ [ -8.362431534125458, 40.24530678337225 ], [ -8.362223774779311, 40.242619229191746 ], [ -8.358683459887365, 40.242619229191746 ], [ -8.358891131274431, 40.24530678337225 ], [ -8.362431534125458, 40.24530678337225 ] ] ] } },
{ "type": "Feature", "properties": { "fid": 682, "Population": 31 }, "geometry": { "type": "Polygon", "coordinates": [ [ [ -8.355350728423403, 40.24530678337225 ], [ -8.355143144995417, 40.242619229191746 ], [ -8.35160283010347, 40.242619229191746 ], [ -8.351810325572377, 40.24530678337225 ], [ -8.355350728423403, 40.24530678337225 ] ] ] } },
{ "type": "Feature", "properties": { "fid": 683, "Population": 26 }, "geometry": { "type": "Polygon", "coordinates": [ [ [ -8.351810325572377, 40.24530678337225 ], [ -8.35160283010347, 40.242619229191746 ], [ -8.348062515211522, 40.242619229191746 ], [ -8.34826992272135, 40.24530678337225 ], [ -8.351810325572377, 40.24530678337225 ] ] ] } },
{ "type": "Feature", "properties": { "fid": 684, "Population": 97 }, "geometry": { "type": "Polygon", "coordinates": [ [ [ -8.34826992272135, 40.24530678337225 ], [ -8.348062515211522, 40.242619229191746 ], [ -8.344522200319576, 40.242619229191746 ], [ -8.344729519870324, 40.24530678337225 ], [ -8.34826992272135, 40.24530678337225 ] ] ] } },
{ "type": "Feature", "properties": { "fid": 685, "Population": 53 }, "geometry": { "type": "Polygon", "coordinates": [ [ [ -8.344729519870324, 40.24530678337225 ], [ -8.344522200319576, 40.242619229191746 ], [ -8.340981885427627, 40.242619229191746 ], [ -8.341189117019296, 40.24530678337225 ], [ -8.344729519870324, 40.24530678337225 ] ] ] } },
{ "type": "Feature", "properties": { "fid": 686, "Population": 25 }, "geometry": { "type": "Polygon", "coordinates": [ [ [ -8.341189117019296, 40.24530678337225 ], [ -8.340981885427627, 40.242619229191746 ], [ -8.337441570535681, 40.242619229191746 ], [ -8.337648714168269, 40.24530678337225 ], [ -8.341189117019296, 40.24530678337225 ] ] ] } },
{ "type": "Feature", "properties": { "fid": 687, "Population": 1 }, "geometry": { "type": "Polygon", "coordinates": [ [ [ -8.323487102764163, 40.24530678337225 ], [ -8.323280310967894, 40.242619229191746 ], [ -8.319739996075945, 40.242619229191746 ], [ -8.319946699913135, 40.24530678337225 ], [ -8.323487102764163, 40.24530678337225 ] ] ] } },
{ "type": "Feature", "properties": { "fid": 688, "Population": 1 }, "geometry": { "type": "Polygon", "coordinates": [ [ [ -8.532158889592777, 40.242619229191746 ], [ -8.531946937211217, 40.239931714935835 ], [ -8.528406710266315, 40.239931714935835 ], [ -8.528618574700829, 40.242619229191746 ], [ -8.532158889592777, 40.242619229191746 ] ] ] } },
{ "type": "Feature", "properties": { "fid": 689, "Population": 13 }, "geometry": { "type": "Polygon", "coordinates": [ [ [ -8.528618574700829, 40.242619229191746 ], [ -8.528406710266315, 40.239931714935835 ], [ -8.524866483321416, 40.239931714935835 ], [ -8.525078259808883, 40.242619229191746 ], [ -8.528618574700829, 40.242619229191746 ] ] ] } },
{ "type": "Feature", "properties": { "fid": 690, "Population": 39 }, "geometry": { "type": "Polygon", "coordinates": [ [ [ -8.525078259808883, 40.242619229191746 ], [ -8.524866483321416, 40.239931714935835 ], [ -8.521326256376515, 40.239931714935835 ], [ -8.521537944916934, 40.242619229191746 ], [ -8.525078259808883, 40.242619229191746 ] ] ] } },
{ "type": "Feature", "properties": { "fid": 691, "Population": 9 }, "geometry": { "type": "Polygon", "coordinates": [ [ [ -8.521537944916934, 40.242619229191746 ], [ -8.521326256376515, 40.239931714935835 ], [ -8.517786029431614, 40.239931714935835 ], [ -8.517997630024988, 40.242619229191746 ], [ -8.521537944916934, 40.242619229191746 ] ] ] } },
{ "type": "Feature", "properties": { "fid": 692, "Population": 45 }, "geometry": { "type": "Polygon", "coordinates": [ [ [ -8.517997630024988, 40.242619229191746 ], [ -8.517786029431614, 40.239931714935835 ], [ -8.514245802486714, 40.239931714935835 ], [ -8.51445731513304, 40.242619229191746 ], [ -8.517997630024988, 40.242619229191746 ] ] ] } },
{ "type": "Feature", "properties": { "fid": 693, "Population": 69 }, "geometry": { "type": "Polygon", "coordinates": [ [ [ -8.51445731513304, 40.242619229191746 ], [ -8.514245802486714, 40.239931714935835 ], [ -8.510705575541813, 40.239931714935835 ], [ -8.510917000241093, 40.242619229191746 ], [ -8.51445731513304, 40.242619229191746 ] ] ] } },
{ "type": "Feature", "properties": { "fid": 694, "Population": 76 }, "geometry": { "type": "Polygon", "coordinates": [ [ [ -8.510917000241093, 40.242619229191746 ], [ -8.510705575541813, 40.239931714935835 ], [ -8.50716534859691, 40.239931714935835 ], [ -8.507376685349145, 40.242619229191746 ], [ -8.510917000241093, 40.242619229191746 ] ] ] } },
{ "type": "Feature", "properties": { "fid": 695, "Population": 28 }, "geometry": { "type": "Polygon", "coordinates": [ [ [ -8.507376685349145, 40.242619229191746 ], [ -8.50716534859691, 40.239931714935835 ], [ -8.503625121652009, 40.239931714935835 ], [ -8.503836370457199, 40.242619229191746 ], [ -8.507376685349145, 40.242619229191746 ] ] ] } },
{ "type": "Feature", "properties": { "fid": 696, "Population": 2 }, "geometry": { "type": "Polygon", "coordinates": [ [ [ -8.503836370457199, 40.242619229191746 ], [ -8.503625121652009, 40.239931714935835 ], [ -8.500084894707109, 40.239931714935835 ], [ -8.500296055565252, 40.242619229191746 ], [ -8.503836370457199, 40.242619229191746 ] ] ] } },
{ "type": "Feature", "properties": { "fid": 697, "Population": 4 }, "geometry": { "type": "Polygon", "coordinates": [ [ [ -8.496755740673304, 40.242619229191746 ], [ -8.496544667762208, 40.239931714935835 ], [ -8.493004440817307, 40.239931714935835 ], [ -8.493215425781358, 40.242619229191746 ], [ -8.496755740673304, 40.242619229191746 ] ] ] } },
{ "type": "Feature", "properties": { "fid": 698, "Population": 52 }, "geometry": { "type": "Polygon", "coordinates": [ [ [ -8.493215425781358, 40.242619229191746 ], [ -8.493004440817307, 40.239931714935835 ], [ -8.489464213872406, 40.239931714935835 ], [ -8.48967511088941, 40.242619229191746 ], [ -8.493215425781358, 40.242619229191746 ] ] ] } },
{ "type": "Feature", "properties": { "fid": 699, "Population": 55 }, "geometry": { "type": "Polygon", "coordinates": [ [ [ -8.48967511088941, 40.242619229191746 ], [ -8.489464213872406, 40.239931714935835 ], [ -8.485923986927506, 40.239931714935835 ], [ -8.486134795997463, 40.242619229191746 ], [ -8.48967511088941, 40.242619229191746 ] ] ] } },
{ "type": "Feature", "properties": { "fid": 700, "Population": 123 }, "geometry": { "type": "Polygon", "coordinates": [ [ [ -8.486134795997463, 40.242619229191746 ], [ -8.485923986927506, 40.239931714935835 ], [ -8.482383759982604, 40.239931714935835 ], [ -8.482594481105515, 40.242619229191746 ], [ -8.486134795997463, 40.242619229191746 ] ] ] } },
{ "type": "Feature", "properties": { "fid": 701, "Population": 17 }, "geometry": { "type": "Polygon", "coordinates": [ [ [ -8.482594481105515, 40.242619229191746 ], [ -8.482383759982604, 40.239931714935835 ], [ -8.478843533037702, 40.239931714935835 ], [ -8.479054166213569, 40.242619229191746 ], [ -8.482594481105515, 40.242619229191746 ] ] ] } },
{ "type": "Feature", "properties": { "fid": 702, "Population": 1 }, "geometry": { "type": "Polygon", "coordinates": [ [ [ -8.454271961969939, 40.242619229191746 ], [ -8.454061944423396, 40.239931714935835 ], [ -8.450521717478496, 40.239931714935835 ], [ -8.450731647077991, 40.242619229191746 ], [ -8.454271961969939, 40.242619229191746 ] ] ] } },
{ "type": "Feature", "properties": { "fid": 703, "Population": 66 }, "geometry": { "type": "Polygon", "coordinates": [ [ [ -8.450731647077991, 40.242619229191746 ], [ -8.450521717478496, 40.239931714935835 ], [ -8.446981490533595, 40.239931714935835 ], [ -8.447191332186044, 40.242619229191746 ], [ -8.450731647077991, 40.242619229191746 ] ] ] } },
{ "type": "Feature", "properties": { "fid": 704, "Population": 346 }, "geometry": { "type": "Polygon", "coordinates": [ [ [ -8.447191332186044, 40.242619229191746 ], [ -8.446981490533595, 40.239931714935835 ], [ -8.443441263588694, 40.239931714935835 ], [ -8.443651017294098, 40.242619229191746 ], [ -8.447191332186044, 40.242619229191746 ] ] ] } },
{ "type": "Feature", "properties": { "fid": 705, "Population": 19 }, "geometry": { "type": "Polygon", "coordinates": [ [ [ -8.443651017294098, 40.242619229191746 ], [ -8.443441263588694, 40.239931714935835 ], [ -8.439901036643793, 40.239931714935835 ], [ -8.44011070240215, 40.242619229191746 ], [ -8.443651017294098, 40.242619229191746 ] ] ] } },
{ "type": "Feature", "properties": { "fid": 706, "Population": 4 }, "geometry": { "type": "Polygon", "coordinates": [ [ [ -8.44011070240215, 40.242619229191746 ], [ -8.439901036643793, 40.239931714935835 ], [ -8.436360809698893, 40.239931714935835 ], [ -8.436570387510203, 40.242619229191746 ], [ -8.44011070240215, 40.242619229191746 ] ] ] } },
{ "type": "Feature", "properties": { "fid": 707, "Population": 12 }, "geometry": { "type": "Polygon", "coordinates": [ [ [ -8.436570387510203, 40.242619229191746 ], [ -8.436360809698893, 40.239931714935835 ], [ -8.432820582753992, 40.239931714935835 ], [ -8.433030072618255, 40.242619229191746 ], [ -8.436570387510203, 40.242619229191746 ] ] ] } },
{ "type": "Feature", "properties": { "fid": 708, "Population": 0 }, "geometry": { "type": "Polygon", "coordinates": [ [ [ -8.429489757726309, 40.242619229191746 ], [ -8.429280355809089, 40.239931714935835 ], [ -8.42574012886419, 40.239931714935835 ], [ -8.42594944283436, 40.242619229191746 ], [ -8.429489757726309, 40.242619229191746 ] ] ] } },
{ "type": "Feature", "properties": { "fid": 709, "Population": 19 }, "geometry": { "type": "Polygon", "coordinates": [ [ [ -8.42594944283436, 40.242619229191746 ], [ -8.42574012886419, 40.239931714935835 ], [ -8.422199901919289, 40.239931714935835 ], [ -8.422409127942414, 40.242619229191746 ], [ -8.42594944283436, 40.242619229191746 ] ] ] } },
{ "type": "Feature", "properties": { "fid": 710, "Population": 70 }, "geometry": { "type": "Polygon", "coordinates": [ [ [ -8.422409127942414, 40.242619229191746 ], [ -8.422199901919289, 40.239931714935835 ], [ -8.418659674974387, 40.239931714935835 ], [ -8.418868813050466, 40.242619229191746 ], [ -8.422409127942414, 40.242619229191746 ] ] ] } },
{ "type": "Feature", "properties": { "fid": 711, "Population": 1 }, "geometry": { "type": "Polygon", "coordinates": [ [ [ -8.418868813050466, 40.242619229191746 ], [ -8.418659674974387, 40.239931714935835 ], [ -8.415119448029486, 40.239931714935835 ], [ -8.415328498158519, 40.242619229191746 ], [ -8.418868813050466, 40.242619229191746 ] ] ] } },
{ "type": "Feature", "properties": { "fid": 712, "Population": 5 }, "geometry": { "type": "Polygon", "coordinates": [ [ [ -8.415328498158519, 40.242619229191746 ], [ -8.415119448029486, 40.239931714935835 ], [ -8.411579221084587, 40.239931714935835 ], [ -8.411788183266573, 40.242619229191746 ], [ -8.415328498158519, 40.242619229191746 ] ] ] } },
{ "type": "Feature", "properties": { "fid": 713, "Population": 43 }, "geometry": { "type": "Polygon", "coordinates": [ [ [ -8.411788183266573, 40.242619229191746 ], [ -8.411579221084587, 40.239931714935835 ], [ -8.408038994139686, 40.239931714935835 ], [ -8.408247868374625, 40.242619229191746 ], [ -8.411788183266573, 40.242619229191746 ] ] ] } },
{ "type": "Feature", "properties": { "fid": 714, "Population": 81 }, "geometry": { "type": "Polygon", "coordinates": [ [ [ -8.408247868374625, 40.242619229191746 ], [ -8.408038994139686, 40.239931714935835 ], [ -8.404498767194784, 40.239931714935835 ], [ -8.404707553482679, 40.242619229191746 ], [ -8.408247868374625, 40.242619229191746 ] ] ] } },
{ "type": "Feature", "properties": { "fid": 715, "Population": 54 }, "geometry": { "type": "Polygon", "coordinates": [ [ [ -8.404707553482679, 40.242619229191746 ], [ -8.404498767194784, 40.239931714935835 ], [ -8.400958540249883, 40.239931714935835 ], [ -8.40116723859073, 40.242619229191746 ], [ -8.404707553482679, 40.242619229191746 ] ] ] } },
{ "type": "Feature", "properties": { "fid": 716, "Population": 3 }, "geometry": { "type": "Polygon", "coordinates": [ [ [ -8.40116723859073, 40.242619229191746 ], [ -8.400958540249883, 40.239931714935835 ], [ -8.393878086360081, 40.239931714935835 ], [ -8.394086608806836, 40.242619229191746 ], [ -8.40116723859073, 40.242619229191746 ] ] ] } },
{ "type": "Feature", "properties": { "fid": 717, "Population": 1 }, "geometry": { "type": "Polygon", "coordinates": [ [ [ -8.394086608806836, 40.242619229191746 ], [ -8.393878086360081, 40.239931714935835 ], [ -8.39033785941518, 40.239931714935835 ], [ -8.390546293914889, 40.242619229191746 ], [ -8.394086608806836, 40.242619229191746 ] ] ] } },
{ "type": "Feature", "properties": { "fid": 718, "Population": 7 }, "geometry": { "type": "Polygon", "coordinates": [ [ [ -8.369304404563206, 40.242619229191746 ], [ -8.369096497745774, 40.239931714935835 ], [ -8.365556270800873, 40.239931714935835 ], [ -8.365764089671259, 40.242619229191746 ], [ -8.369304404563206, 40.242619229191746 ] ] ] } },
{ "type": "Feature", "properties": { "fid": 719, "Population": 74 }, "geometry": { "type": "Polygon", "coordinates": [ [ [ -8.365764089671259, 40.242619229191746 ], [ -8.365556270800873, 40.239931714935835 ], [ -8.362016043855974, 40.239931714935835 ], [ -8.362223774779311, 40.242619229191746 ], [ -8.365764089671259, 40.242619229191746 ] ] ] } },
{ "type": "Feature", "properties": { "fid": 720, "Population": 1 }, "geometry": { "type": "Polygon", "coordinates": [ [ [ -8.362223774779311, 40.242619229191746 ], [ -8.362016043855974, 40.239931714935835 ], [ -8.358475816911072, 40.239931714935835 ], [ -8.358683459887365, 40.242619229191746 ], [ -8.362223774779311, 40.242619229191746 ] ] ] } },
{ "type": "Feature", "properties": { "fid": 721, "Population": 5 }, "geometry": { "type": "Polygon", "coordinates": [ [ [ -8.35160283010347, 40.242619229191746 ], [ -8.35139536302127, 40.239931714935835 ], [ -8.344314909131468, 40.239931714935835 ], [ -8.344522200319576, 40.242619229191746 ], [ -8.35160283010347, 40.242619229191746 ] ] ] } },
{ "type": "Feature", "properties": { "fid": 722, "Population": 17 }, "geometry": { "type": "Polygon", "coordinates": [ [ [ -8.344522200319576, 40.242619229191746 ], [ -8.344314909131468, 40.239931714935835 ], [ -8.340774682186566, 40.239931714935835 ], [ -8.340981885427627, 40.242619229191746 ], [ -8.344522200319576, 40.242619229191746 ] ] ] } },
{ "type": "Feature", "properties": { "fid": 723, "Population": 8 }, "geometry": { "type": "Polygon", "coordinates": [ [ [ -8.340981885427627, 40.242619229191746 ], [ -8.340774682186566, 40.239931714935835 ], [ -8.337234455241665, 40.239931714935835 ], [ -8.337441570535681, 40.242619229191746 ], [ -8.340981885427627, 40.242619229191746 ] ] ] } },
{ "type": "Feature", "properties": { "fid": 724, "Population": 2 }, "geometry": { "type": "Polygon", "coordinates": [ [ [ -8.475513851321622, 40.242619229191746 ], [ -8.475092789666977, 40.237244240599637 ], [ -8.471552650657092, 40.237244240599637 ], [ -8.471973536429674, 40.242619229191746 ], [ -8.475513851321622, 40.242619229191746 ] ] ] } },
{ "type": "Feature", "properties": { "fid": 725, "Population": 2 }, "geometry": { "type": "Polygon", "coordinates": [ [ [ -8.468433221537728, 40.242619229191746 ], [ -8.468012511647204, 40.237244240599637 ], [ -8.464472372637319, 40.237244240599637 ], [ -8.46489290664578, 40.242619229191746 ], [ -8.468433221537728, 40.242619229191746 ] ] ] } },
{ "type": "Feature", "properties": { "fid": 726, "Population": 1 }, "geometry": { "type": "Polygon", "coordinates": [ [ [ -8.46489290664578, 40.242619229191746 ], [ -8.464472372637319, 40.237244240599637 ], [ -8.460932233627434, 40.237244240599637 ], [ -8.461352591753833, 40.242619229191746 ], [ -8.46489290664578, 40.242619229191746 ] ] ] } },
{ "type": "Feature", "properties": { "fid": 727, "Population": 3 }, "geometry": { "type": "Polygon", "coordinates": [ [ [ -8.433030072618255, 40.242619229191746 ], [ -8.432611121548344, 40.237244240599637 ], [ -8.429070982538459, 40.237244240599637 ], [ -8.429489757726309, 40.242619229191746 ], [ -8.433030072618255, 40.242619229191746 ] ] ] } },
{ "type": "Feature", "properties": { "fid": 728, "Population": 1 }, "geometry": { "type": "Polygon", "coordinates": [ [ [ -8.546107844990821, 40.239931714935835 ], [ -8.545895569864696, 40.237244240599637 ], [ -8.54235543085481, 40.237244240599637 ], [ -8.54256761804592, 40.239931714935835 ], [ -8.546107844990821, 40.239931714935835 ] ] ] } },
{ "type": "Feature", "properties": { "fid": 729, "Population": 1 }, "geometry": { "type": "Polygon", "coordinates": [ [ [ -8.539027391101021, 40.239931714935835 ], [ -8.538815291844923, 40.237244240599637 ], [ -8.535275152835037, 40.237244240599637 ], [ -8.535487164156118, 40.239931714935835 ], [ -8.539027391101021, 40.239931714935835 ] ] ] } },
{ "type": "Feature", "properties": { "fid": 730, "Population": 36 }, "geometry": { "type": "Polygon", "coordinates": [ [ [ -8.528406710266315, 40.239931714935835 ], [ -8.528194874815267, 40.237244240599637 ], [ -8.524654735805381, 40.237244240599637 ], [ -8.524866483321416, 40.239931714935835 ], [ -8.528406710266315, 40.239931714935835 ] ] ] } },
{ "type": "Feature", "properties": { "fid": 731, "Population": 62 }, "geometry": { "type": "Polygon", "coordinates": [ [ [ -8.524866483321416, 40.239931714935835 ], [ -8.524654735805381, 40.237244240599637 ], [ -8.521114596795496, 40.237244240599637 ], [ -8.521326256376515, 40.239931714935835 ], [ -8.524866483321416, 40.239931714935835 ] ] ] } },
{ "type": "Feature", "properties": { "fid": 732, "Population": 33 }, "geometry": { "type": "Polygon", "coordinates": [ [ [ -8.521326256376515, 40.239931714935835 ], [ -8.521114596795496, 40.237244240599637 ], [ -8.517574457785608, 40.237244240599637 ], [ -8.517786029431614, 40.239931714935835 ], [ -8.521326256376515, 40.239931714935835 ] ] ] } },
{ "type": "Feature", "properties": { "fid": 733, "Population": 61 }, "geometry": { "type": "Polygon", "coordinates": [ [ [ -8.517786029431614, 40.239931714935835 ], [ -8.517574457785608, 40.237244240599637 ], [ -8.514034318775723, 40.237244240599637 ], [ -8.514245802486714, 40.239931714935835 ], [ -8.517786029431614, 40.239931714935835 ] ] ] } },
{ "type": "Feature", "properties": { "fid": 734, "Population": 127 }, "geometry": { "type": "Polygon", "coordinates": [ [ [ -8.514245802486714, 40.239931714935835 ], [ -8.514034318775723, 40.237244240599637 ], [ -8.510494179765837, 40.237244240599637 ], [ -8.510705575541813, 40.239931714935835 ], [ -8.514245802486714, 40.239931714935835 ] ] ] } },
{ "type": "Feature", "properties": { "fid": 735, "Population": 299 }, "geometry": { "type": "Polygon", "coordinates": [ [ [ -8.510705575541813, 40.239931714935835 ], [ -8.510494179765837, 40.237244240599637 ], [ -8.50695404075595, 40.237244240599637 ], [ -8.50716534859691, 40.239931714935835 ], [ -8.510705575541813, 40.239931714935835 ] ] ] } },
{ "type": "Feature", "properties": { "fid": 736, "Population": 68 }, "geometry": { "type": "Polygon", "coordinates": [ [ [ -8.50716534859691, 40.239931714935835 ], [ -8.50695404075595, 40.237244240599637 ], [ -8.503413901746065, 40.237244240599637 ], [ -8.503625121652009, 40.239931714935835 ], [ -8.50716534859691, 40.239931714935835 ] ] ] } },
{ "type": "Feature", "properties": { "fid": 737, "Population": 63 }, "geometry": { "type": "Polygon", "coordinates": [ [ [ -8.493004440817307, 40.239931714935835 ], [ -8.492793484716406, 40.237244240599637 ], [ -8.489253345706519, 40.237244240599637 ], [ -8.489464213872406, 40.239931714935835 ], [ -8.493004440817307, 40.239931714935835 ] ] ] } },
{ "type": "Feature", "properties": { "fid": 738, "Population": 18 }, "geometry": { "type": "Polygon", "coordinates": [ [ [ -8.489464213872406, 40.239931714935835 ], [ -8.489253345706519, 40.237244240599637 ], [ -8.485713206696634, 40.237244240599637 ], [ -8.485923986927506, 40.239931714935835 ], [ -8.489464213872406, 40.239931714935835 ] ] ] } },
{ "type": "Feature", "properties": { "fid": 739, "Population": 16 }, "geometry": { "type": "Polygon", "coordinates": [ [ [ -8.485923986927506, 40.239931714935835 ], [ -8.485713206696634, 40.237244240599637 ], [ -8.482173067686748, 40.237244240599637 ], [ -8.482383759982604, 40.239931714935835 ], [ -8.485923986927506, 40.239931714935835 ] ] ] } },
{ "type": "Feature", "properties": { "fid": 740, "Population": 2 }, "geometry": { "type": "Polygon", "coordinates": [ [ [ -8.4611423983132, 40.239931714935835 ], [ -8.460932233627434, 40.237244240599637 ], [ -8.457392094617546, 40.237244240599637 ], [ -8.457602171368299, 40.239931714935835 ], [ -8.4611423983132, 40.239931714935835 ] ] ] } },
{ "type": "Feature", "properties": { "fid": 741, "Population": 1 }, "geometry": { "type": "Polygon", "coordinates": [ [ [ -8.457602171368299, 40.239931714935835 ], [ -8.457392094617546, 40.237244240599637 ], [ -8.453851955607661, 40.237244240599637 ], [ -8.454061944423396, 40.239931714935835 ], [ -8.457602171368299, 40.239931714935835 ] ] ] } },
{ "type": "Feature", "properties": { "fid": 742, "Population": 2 }, "geometry": { "type": "Polygon", "coordinates": [ [ [ -8.450521717478496, 40.239931714935835 ], [ -8.450311816597775, 40.237244240599637 ], [ -8.446771677587888, 40.237244240599637 ], [ -8.446981490533595, 40.239931714935835 ], [ -8.450521717478496, 40.239931714935835 ] ] ] } },
{ "type": "Feature", "properties": { "fid": 743, "Population": 159 }, "geometry": { "type": "Polygon", "coordinates": [ [ [ -8.446981490533595, 40.239931714935835 ], [ -8.446771677587888, 40.237244240599637 ], [ -8.443231538578003, 40.237244240599637 ], [ -8.443441263588694, 40.239931714935835 ], [ -8.446981490533595, 40.239931714935835 ] ] ] } },
{ "type": "Feature", "properties": { "fid": 744, "Population": 23 }, "geometry": { "type": "Polygon", "coordinates": [ [ [ -8.443441263588694, 40.239931714935835 ], [ -8.443231538578003, 40.237244240599637 ], [ -8.439691399568117, 40.237244240599637 ], [ -8.439901036643793, 40.239931714935835 ], [ -8.443441263588694, 40.239931714935835 ] ] ] } },
{ "type": "Feature", "properties": { "fid": 745, "Population": 51 }, "geometry": { "type": "Polygon", "coordinates": [ [ [ -8.439901036643793, 40.239931714935835 ], [ -8.439691399568117, 40.237244240599637 ], [ -8.43615126055823, 40.237244240599637 ], [ -8.436360809698893, 40.239931714935835 ], [ -8.439901036643793, 40.239931714935835 ] ] ] } },
{ "type": "Feature", "properties": { "fid": 746, "Population": 16 }, "geometry": { "type": "Polygon", "coordinates": [ [ [ -8.436360809698893, 40.239931714935835 ], [ -8.43615126055823, 40.237244240599637 ], [ -8.432611121548344, 40.237244240599637 ], [ -8.432820582753992, 40.239931714935835 ], [ -8.436360809698893, 40.239931714935835 ] ] ] } },
{ "type": "Feature", "properties": { "fid": 747, "Population": 93 }, "geometry": { "type": "Polygon", "coordinates": [ [ [ -8.429280355809089, 40.239931714935835 ], [ -8.429070982538459, 40.237244240599637 ], [ -8.425530843528573, 40.237244240599637 ], [ -8.42574012886419, 40.239931714935835 ], [ -8.429280355809089, 40.239931714935835 ] ] ] } },
{ "type": "Feature", "properties": { "fid": 748, "Population": 66 }, "geometry": { "type": "Polygon", "coordinates": [ [ [ -8.42574012886419, 40.239931714935835 ], [ -8.425530843528573, 40.237244240599637 ], [ -8.421990704518688, 40.237244240599637 ], [ -8.422199901919289, 40.239931714935835 ], [ -8.42574012886419, 40.239931714935835 ] ] ] } },
{ "type": "Feature", "properties": { "fid": 749, "Population": 20 }, "geometry": { "type": "Polygon", "coordinates": [ [ [ -8.422199901919289, 40.239931714935835 ], [ -8.421990704518688, 40.237244240599637 ], [ -8.418450565508801, 40.237244240599637 ], [ -8.418659674974387, 40.239931714935835 ], [ -8.422199901919289, 40.239931714935835 ] ] ] } },
{ "type": "Feature", "properties": { "fid": 750, "Population": 2 }, "geometry": { "type": "Polygon", "coordinates": [ [ [ -8.418659674974387, 40.239931714935835 ], [ -8.418450565508801, 40.237244240599637 ], [ -8.414910426498915, 40.237244240599637 ], [ -8.415119448029486, 40.239931714935835 ], [ -8.418659674974387, 40.239931714935835 ] ] ] } },
{ "type": "Feature", "properties": { "fid": 751, "Population": 13 }, "geometry": { "type": "Polygon", "coordinates": [ [ [ -8.415119448029486, 40.239931714935835 ], [ -8.414910426498915, 40.237244240599637 ], [ -8.41137028748903, 40.237244240599637 ], [ -8.411579221084587, 40.239931714935835 ], [ -8.415119448029486, 40.239931714935835 ] ] ] } },
{ "type": "Feature", "properties": { "fid": 752, "Population": 133 }, "geometry": { "type": "Polygon", "coordinates": [ [ [ -8.411579221084587, 40.239931714935835 ], [ -8.41137028748903, 40.237244240599637 ], [ -8.407830148479142, 40.237244240599637 ], [ -8.408038994139686, 40.239931714935835 ], [ -8.411579221084587, 40.239931714935835 ] ] ] } },
{ "type": "Feature", "properties": { "fid": 753, "Population": 120 }, "geometry": { "type": "Polygon", "coordinates": [ [ [ -8.408038994139686, 40.239931714935835 ], [ -8.407830148479142, 40.237244240599637 ], [ -8.404290009469257, 40.237244240599637 ], [ -8.404498767194784, 40.239931714935835 ], [ -8.408038994139686, 40.239931714935835 ] ] ] } },
{ "type": "Feature", "properties": { "fid": 754, "Population": 42 }, "geometry": { "type": "Polygon", "coordinates": [ [ [ -8.404498767194784, 40.239931714935835 ], [ -8.404290009469257, 40.237244240599637 ], [ -8.400749870459371, 40.237244240599637 ], [ -8.400958540249883, 40.239931714935835 ], [ -8.404498767194784, 40.239931714935835 ] ] ] } },
{ "type": "Feature", "properties": { "fid": 755, "Population": 6 }, "geometry": { "type": "Polygon", "coordinates": [ [ [ -8.400958540249883, 40.239931714935835 ], [ -8.400749870459371, 40.237244240599637 ], [ -8.397209731449484, 40.237244240599637 ], [ -8.397418313304982, 40.239931714935835 ], [ -8.400958540249883, 40.239931714935835 ] ] ] } },
{ "type": "Feature", "properties": { "fid": 756, "Population": 41 }, "geometry": { "type": "Polygon", "coordinates": [ [ [ -8.397418313304982, 40.239931714935835 ], [ -8.397209731449484, 40.237244240599637 ], [ -8.393669592439599, 40.237244240599637 ], [ -8.393878086360081, 40.239931714935835 ], [ -8.397418313304982, 40.239931714935835 ] ] ] } },
{ "type": "Feature", "properties": { "fid": 757, "Population": 44 }, "geometry": { "type": "Polygon", "coordinates": [ [ [ -8.393878086360081, 40.239931714935835 ], [ -8.393669592439599, 40.237244240599637 ], [ -8.390129453429713, 40.237244240599637 ], [ -8.39033785941518, 40.239931714935835 ], [ -8.393878086360081, 40.239931714935835 ] ] ] } },
{ "type": "Feature", "properties": { "fid": 758, "Population": 14 }, "geometry": { "type": "Polygon", "coordinates": [ [ [ -8.39033785941518, 40.239931714935835 ], [ -8.390129453429713, 40.237244240599637 ], [ -8.386589314419826, 40.237244240599637 ], [ -8.38679763247028, 40.239931714935835 ], [ -8.39033785941518, 40.239931714935835 ] ] ] } },
{ "type": "Feature", "properties": { "fid": 759, "Population": 42 }, "geometry": { "type": "Polygon", "coordinates": [ [ [ -8.369096497745774, 40.239931714935835 ], [ -8.368888619370399, 40.237244240599637 ], [ -8.365348480360511, 40.237244240599637 ], [ -8.365556270800873, 40.239931714935835 ], [ -8.369096497745774, 40.239931714935835 ] ] ] } },
{ "type": "Feature", "properties": { "fid": 760, "Population": 61 }, "geometry": { "type": "Polygon", "coordinates": [ [ [ -8.365556270800873, 40.239931714935835 ], [ -8.365348480360511, 40.237244240599637 ], [ -8.361808341350626, 40.237244240599637 ], [ -8.362016043855974, 40.239931714935835 ], [ -8.365556270800873, 40.239931714935835 ] ] ] } },
{ "type": "Feature", "properties": { "fid": 761, "Population": 18 }, "geometry": { "type": "Polygon", "coordinates": [ [ [ -8.362016043855974, 40.239931714935835 ], [ -8.361808341350626, 40.237244240599637 ], [ -8.35826820234074, 40.237244240599637 ], [ -8.358475816911072, 40.239931714935835 ], [ -8.362016043855974, 40.239931714935835 ] ] ] } },
{ "type": "Feature", "properties": { "fid": 762, "Population": 1 }, "geometry": { "type": "Polygon", "coordinates": [ [ [ -8.344314909131468, 40.239931714935835 ], [ -8.344107646301195, 40.237244240599637 ], [ -8.340567507291309, 40.237244240599637 ], [ -8.340774682186566, 40.239931714935835 ], [ -8.344314909131468, 40.239931714935835 ] ] ] } },
{ "type": "Feature", "properties": { "fid": 763, "Population": 4 }, "geometry": { "type": "Polygon", "coordinates": [ [ [ -8.538815291844923, 40.237244240599637 ], [ -8.53860322160347, 40.234556806178354 ], [ -8.535063170516571, 40.234556806178354 ], [ -8.535275152835037, 40.237244240599637 ], [ -8.538815291844923, 40.237244240599637 ] ] ] } },
{ "type": "Feature", "properties": { "fid": 764, "Population": 1 }, "geometry": { "type": "Polygon", "coordinates": [ [ [ -8.535275152835037, 40.237244240599637 ], [ -8.535063170516571, 40.234556806178354 ], [ -8.53152311942967, 40.234556806178354 ], [ -8.531735013825152, 40.237244240599637 ], [ -8.535275152835037, 40.237244240599637 ] ] ] } },
{ "type": "Feature", "properties": { "fid": 765, "Population": 35 }, "geometry": { "type": "Polygon", "coordinates": [ [ [ -8.531735013825152, 40.237244240599637 ], [ -8.53152311942967, 40.234556806178354 ], [ -8.527983068342769, 40.234556806178354 ], [ -8.528194874815267, 40.237244240599637 ], [ -8.531735013825152, 40.237244240599637 ] ] ] } },
{ "type": "Feature", "properties": { "fid": 766, "Population": 68 }, "geometry": { "type": "Polygon", "coordinates": [ [ [ -8.528194874815267, 40.237244240599637 ], [ -8.527983068342769, 40.234556806178354 ], [ -8.524443017255868, 40.234556806178354 ], [ -8.524654735805381, 40.237244240599637 ], [ -8.528194874815267, 40.237244240599637 ] ] ] } },
{ "type": "Feature", "properties": { "fid": 767, "Population": 20 }, "geometry": { "type": "Polygon", "coordinates": [ [ [ -8.524654735805381, 40.237244240599637 ], [ -8.524443017255868, 40.234556806178354 ], [ -8.52090296616897, 40.234556806178354 ], [ -8.521114596795496, 40.237244240599637 ], [ -8.524654735805381, 40.237244240599637 ] ] ] } },
{ "type": "Feature", "properties": { "fid": 768, "Population": 30 }, "geometry": { "type": "Polygon", "coordinates": [ [ [ -8.521114596795496, 40.237244240599637 ], [ -8.52090296616897, 40.234556806178354 ], [ -8.517362915082069, 40.234556806178354 ], [ -8.517574457785608, 40.237244240599637 ], [ -8.521114596795496, 40.237244240599637 ] ] ] } },
{ "type": "Feature", "properties": { "fid": 769, "Population": 70 }, "geometry": { "type": "Polygon", "coordinates": [ [ [ -8.517574457785608, 40.237244240599637 ], [ -8.517362915082069, 40.234556806178354 ], [ -8.513822863995168, 40.234556806178354 ], [ -8.514034318775723, 40.237244240599637 ], [ -8.517574457785608, 40.237244240599637 ] ] ] } },
{ "type": "Feature", "properties": { "fid": 770, "Population": 152 }, "geometry": { "type": "Polygon", "coordinates": [ [ [ -8.514034318775723, 40.237244240599637 ], [ -8.513822863995168, 40.234556806178354 ], [ -8.510282812908267, 40.234556806178354 ], [ -8.510494179765837, 40.237244240599637 ], [ -8.514034318775723, 40.237244240599637 ] ] ] } },
{ "type": "Feature", "properties": { "fid": 771, "Population": 244 }, "geometry": { "type": "Polygon", "coordinates": [ [ [ -8.510494179765837, 40.237244240599637 ], [ -8.510282812908267, 40.234556806178354 ], [ -8.506742761821368, 40.234556806178354 ], [ -8.50695404075595, 40.237244240599637 ], [ -8.510494179765837, 40.237244240599637 ] ] ] } },
{ "type": "Feature", "properties": { "fid": 772, "Population": 36 }, "geometry": { "type": "Polygon", "coordinates": [ [ [ -8.50695404075595, 40.237244240599637 ], [ -8.506742761821368, 40.234556806178354 ], [ -8.503202710734467, 40.234556806178354 ], [ -8.503413901746065, 40.237244240599637 ], [ -8.50695404075595, 40.237244240599637 ] ] ] } },
{ "type": "Feature", "properties": { "fid": 773, "Population": 24 }, "geometry": { "type": "Polygon", "coordinates": [ [ [ -8.492793484716406, 40.237244240599637 ], [ -8.492582557473767, 40.234556806178354 ], [ -8.489042506386866, 40.234556806178354 ], [ -8.489253345706519, 40.237244240599637 ], [ -8.492793484716406, 40.237244240599637 ] ] ] } },
{ "type": "Feature", "properties": { "fid": 774, "Population": 6 }, "geometry": { "type": "Polygon", "coordinates": [ [ [ -8.489253345706519, 40.237244240599637 ], [ -8.489042506386866, 40.234556806178354 ], [ -8.485502455299965, 40.234556806178354 ], [ -8.485713206696634, 40.237244240599637 ], [ -8.489253345706519, 40.237244240599637 ] ] ] } },
{ "type": "Feature", "properties": { "fid": 775, "Population": 8 }, "geometry": { "type": "Polygon", "coordinates": [ [ [ -8.450311816597775, 40.237244240599637 ], [ -8.450101944430964, 40.234556806178354 ], [ -8.446561893344063, 40.234556806178354 ], [ -8.446771677587888, 40.237244240599637 ], [ -8.450311816597775, 40.237244240599637 ] ] ] } },
{ "type": "Feature", "properties": { "fid": 776, "Population": 69 }, "geometry": { "type": "Polygon", "coordinates": [ [ [ -8.446771677587888, 40.237244240599637 ], [ -8.446561893344063, 40.234556806178354 ], [ -8.443021842257162, 40.234556806178354 ], [ -8.443231538578003, 40.237244240599637 ], [ -8.446771677587888, 40.237244240599637 ] ] ] } },
{ "type": "Feature", "properties": { "fid": 777, "Population": 61 }, "geometry": { "type": "Polygon", "coordinates": [ [ [ -8.443231538578003, 40.237244240599637 ], [ -8.443021842257162, 40.234556806178354 ], [ -8.439481791170261, 40.234556806178354 ], [ -8.439691399568117, 40.237244240599637 ], [ -8.443231538578003, 40.237244240599637 ] ] ] } },
{ "type": "Feature", "properties": { "fid": 778, "Population": 214 }, "geometry": { "type": "Polygon", "coordinates": [ [ [ -8.439691399568117, 40.237244240599637 ], [ -8.439481791170261, 40.234556806178354 ], [ -8.435941740083361, 40.234556806178354 ], [ -8.43615126055823, 40.237244240599637 ], [ -8.439691399568117, 40.237244240599637 ] ] ] } },
{ "type": "Feature", "properties": { "fid": 779, "Population": 179 }, "geometry": { "type": "Polygon", "coordinates": [ [ [ -8.43615126055823, 40.237244240599637 ], [ -8.435941740083361, 40.234556806178354 ], [ -8.432401688996462, 40.234556806178354 ], [ -8.432611121548344, 40.237244240599637 ], [ -8.43615126055823, 40.237244240599637 ] ] ] } },
{ "type": "Feature", "properties": { "fid": 780, "Population": 445 }, "geometry": { "type": "Polygon", "coordinates": [ [ [ -8.432611121548344, 40.237244240599637 ], [ -8.432401688996462, 40.234556806178354 ], [ -8.428861637909561, 40.234556806178354 ], [ -8.429070982538459, 40.237244240599637 ], [ -8.432611121548344, 40.237244240599637 ] ] ] } },
{ "type": "Feature", "properties": { "fid": 781, "Population": 145 }, "geometry": { "type": "Polygon", "coordinates": [ [ [ -8.429070982538459, 40.237244240599637 ], [ -8.428861637909561, 40.234556806178354 ], [ -8.42532158682266, 40.234556806178354 ], [ -8.425530843528573, 40.237244240599637 ], [ -8.429070982538459, 40.237244240599637 ] ] ] } },
{ "type": "Feature", "properties": { "fid": 782, "Population": 113 }, "geometry": { "type": "Polygon", "coordinates": [ [ [ -8.425530843528573, 40.237244240599637 ], [ -8.42532158682266, 40.234556806178354 ], [ -8.421781535735761, 40.234556806178354 ], [ -8.421990704518688, 40.237244240599637 ], [ -8.425530843528573, 40.237244240599637 ] ] ] } },
{ "type": "Feature", "properties": { "fid": 783, "Population": 11 }, "geometry": { "type": "Polygon", "coordinates": [ [ [ -8.421990704518688, 40.237244240599637 ], [ -8.421781535735761, 40.234556806178354 ], [ -8.41824148464886, 40.234556806178354 ], [ -8.418450565508801, 40.237244240599637 ], [ -8.421990704518688, 40.237244240599637 ] ] ] } },
{ "type": "Feature", "properties": { "fid": 784, "Population": 37 }, "geometry": { "type": "Polygon", "coordinates": [ [ [ -8.418450565508801, 40.237244240599637 ], [ -8.41824148464886, 40.234556806178354 ], [ -8.414701433561961, 40.234556806178354 ], [ -8.414910426498915, 40.237244240599637 ], [ -8.418450565508801, 40.237244240599637 ] ] ] } },
{ "type": "Feature", "properties": { "fid": 785, "Population": 51 }, "geometry": { "type": "Polygon", "coordinates": [ [ [ -8.414910426498915, 40.237244240599637 ], [ -8.414701433561961, 40.234556806178354 ], [ -8.41116138247506, 40.234556806178354 ], [ -8.41137028748903, 40.237244240599637 ], [ -8.414910426498915, 40.237244240599637 ] ] ] } },
{ "type": "Feature", "properties": { "fid": 786, "Population": 97 }, "geometry": { "type": "Polygon", "coordinates": [ [ [ -8.41137028748903, 40.237244240599637 ], [ -8.41116138247506, 40.234556806178354 ], [ -8.407621331388158, 40.234556806178354 ], [ -8.407830148479142, 40.237244240599637 ], [ -8.41137028748903, 40.237244240599637 ] ] ] } },
{ "type": "Feature", "properties": { "fid": 787, "Population": 85 }, "geometry": { "type": "Polygon", "coordinates": [ [ [ -8.407830148479142, 40.237244240599637 ], [ -8.407621331388158, 40.234556806178354 ], [ -8.404081280301259, 40.234556806178354 ], [ -8.404290009469257, 40.237244240599637 ], [ -8.407830148479142, 40.237244240599637 ] ] ] } },
{ "type": "Feature", "properties": { "fid": 788, "Population": 24 }, "geometry": { "type": "Polygon", "coordinates": [ [ [ -8.404290009469257, 40.237244240599637 ], [ -8.404081280301259, 40.234556806178354 ], [ -8.400541229214358, 40.234556806178354 ], [ -8.400749870459371, 40.237244240599637 ], [ -8.404290009469257, 40.237244240599637 ] ] ] } },
{ "type": "Feature", "properties": { "fid": 789, "Population": 9 }, "geometry": { "type": "Polygon", "coordinates": [ [ [ -8.400749870459371, 40.237244240599637 ], [ -8.400541229214358, 40.234556806178354 ], [ -8.397001178127457, 40.234556806178354 ], [ -8.397209731449484, 40.237244240599637 ], [ -8.400749870459371, 40.237244240599637 ] ] ] } },
{ "type": "Feature", "properties": { "fid": 790, "Population": 119 }, "geometry": { "type": "Polygon", "coordinates": [ [ [ -8.397209731449484, 40.237244240599637 ], [ -8.397001178127457, 40.234556806178354 ], [ -8.393461127040558, 40.234556806178354 ], [ -8.393669592439599, 40.237244240599637 ], [ -8.397209731449484, 40.237244240599637 ] ] ] } },
{ "type": "Feature", "properties": { "fid": 791, "Population": 99 }, "geometry": { "type": "Polygon", "coordinates": [ [ [ -8.393669592439599, 40.237244240599637 ], [ -8.393461127040558, 40.234556806178354 ], [ -8.389921075953659, 40.234556806178354 ], [ -8.390129453429713, 40.237244240599637 ], [ -8.393669592439599, 40.237244240599637 ] ] ] } },
{ "type": "Feature", "properties": { "fid": 792, "Population": 8 }, "geometry": { "type": "Polygon", "coordinates": [ [ [ -8.390129453429713, 40.237244240599637 ], [ -8.389921075953659, 40.234556806178354 ], [ -8.386381024866758, 40.234556806178354 ], [ -8.386589314419826, 40.237244240599637 ], [ -8.390129453429713, 40.237244240599637 ] ] ] } },
{ "type": "Feature", "properties": { "fid": 793, "Population": 15 }, "geometry": { "type": "Polygon", "coordinates": [ [ [ -8.383049175409941, 40.237244240599637 ], [ -8.382840973779857, 40.234556806178354 ], [ -8.375760871606058, 40.234556806178354 ], [ -8.37596889739017, 40.237244240599637 ], [ -8.383049175409941, 40.237244240599637 ] ] ] } },
{ "type": "Feature", "properties": { "fid": 794, "Population": 1 }, "geometry": { "type": "Polygon", "coordinates": [ [ [ -8.372428758380284, 40.237244240599637 ], [ -8.372220820519157, 40.234556806178354 ], [ -8.368680769432256, 40.234556806178354 ], [ -8.368888619370399, 40.237244240599637 ], [ -8.372428758380284, 40.237244240599637 ] ] ] } },
{ "type": "Feature", "properties": { "fid": 795, "Population": 55 }, "geometry": { "type": "Polygon", "coordinates": [ [ [ -8.368888619370399, 40.237244240599637 ], [ -8.368680769432256, 40.234556806178354 ], [ -8.365140718345355, 40.234556806178354 ], [ -8.365348480360511, 40.237244240599637 ], [ -8.368888619370399, 40.237244240599637 ] ] ] } },
{ "type": "Feature", "properties": { "fid": 796, "Population": 165 }, "geometry": { "type": "Polygon", "coordinates": [ [ [ -8.365348480360511, 40.237244240599637 ], [ -8.365140718345355, 40.234556806178354 ], [ -8.361600667258456, 40.234556806178354 ], [ -8.361808341350626, 40.237244240599637 ], [ -8.365348480360511, 40.237244240599637 ] ] ] } },
{ "type": "Feature", "properties": { "fid": 797, "Population": 58 }, "geometry": { "type": "Polygon", "coordinates": [ [ [ -8.361808341350626, 40.237244240599637 ], [ -8.361600667258456, 40.234556806178354 ], [ -8.358060616171555, 40.234556806178354 ], [ -8.35826820234074, 40.237244240599637 ], [ -8.361808341350626, 40.237244240599637 ] ] ] } },
{ "type": "Feature", "properties": { "fid": 798, "Population": 42 }, "geometry": { "type": "Polygon", "coordinates": [ [ [ -8.326406951251768, 40.237244240599637 ], [ -8.326200156389454, 40.234556806178354 ], [ -8.322660105302553, 40.234556806178354 ], [ -8.322866812241882, 40.237244240599637 ], [ -8.326406951251768, 40.237244240599637 ] ] ] } },
{ "type": "Feature", "properties": { "fid": 799, "Population": 21 }, "geometry": { "type": "Polygon", "coordinates": [ [ [ -8.322866812241882, 40.237244240599637 ], [ -8.322660105302553, 40.234556806178354 ], [ -8.319120054215654, 40.234556806178354 ], [ -8.319326673231995, 40.237244240599637 ], [ -8.322866812241882, 40.237244240599637 ] ] ] } },
{ "type": "Feature", "properties": { "fid": 800, "Population": 6 }, "geometry": { "type": "Polygon", "coordinates": [ [ [ -8.549223374864171, 40.234556806178354 ], [ -8.549011069899569, 40.231869411667105 ], [ -8.545471106723626, 40.231869411667105 ], [ -8.54568332377727, 40.234556806178354 ], [ -8.549223374864171, 40.234556806178354 ] ] ] } },
{ "type": "Feature", "properties": { "fid": 801, "Population": 1 }, "geometry": { "type": "Polygon", "coordinates": [ [ [ -8.54568332377727, 40.234556806178354 ], [ -8.545471106723626, 40.231869411667105 ], [ -8.541931143547686, 40.231869411667105 ], [ -8.542143272690371, 40.234556806178354 ], [ -8.54568332377727, 40.234556806178354 ] ] ] } },
{ "type": "Feature", "properties": { "fid": 802, "Population": 8 }, "geometry": { "type": "Polygon", "coordinates": [ [ [ -8.53860322160347, 40.234556806178354 ], [ -8.538391180371743, 40.231869411667105 ], [ -8.534851217195801, 40.231869411667105 ], [ -8.535063170516571, 40.234556806178354 ], [ -8.53860322160347, 40.234556806178354 ] ] ] } },
{ "type": "Feature", "properties": { "fid": 803, "Population": 28 }, "geometry": { "type": "Polygon", "coordinates": [ [ [ -8.535063170516571, 40.234556806178354 ], [ -8.534851217195801, 40.231869411667105 ], [ -8.53131125401986, 40.231869411667105 ], [ -8.53152311942967, 40.234556806178354 ], [ -8.535063170516571, 40.234556806178354 ] ] ] } },
{ "type": "Feature", "properties": { "fid": 804, "Population": 23 }, "geometry": { "type": "Polygon", "coordinates": [ [ [ -8.53152311942967, 40.234556806178354 ], [ -8.53131125401986, 40.231869411667105 ], [ -8.527771290843917, 40.231869411667105 ], [ -8.527983068342769, 40.234556806178354 ], [ -8.53152311942967, 40.234556806178354 ] ] ] } },
{ "type": "Feature", "properties": { "fid": 805, "Population": 103 }, "geometry": { "type": "Polygon", "coordinates": [ [ [ -8.527983068342769, 40.234556806178354 ], [ -8.527771290843917, 40.231869411667105 ], [ -8.524231327667977, 40.231869411667105 ], [ -8.524443017255868, 40.234556806178354 ], [ -8.527983068342769, 40.234556806178354 ] ] ] } },
{ "type": "Feature", "properties": { "fid": 806, "Population": 77 }, "geometry": { "type": "Polygon", "coordinates": [ [ [ -8.524443017255868, 40.234556806178354 ], [ -8.524231327667977, 40.231869411667105 ], [ -8.520691364492034, 40.231869411667105 ], [ -8.52090296616897, 40.234556806178354 ], [ -8.524443017255868, 40.234556806178354 ] ] ] } },
{ "type": "Feature", "properties": { "fid": 807, "Population": 0 }, "geometry": { "type": "Polygon", "coordinates": [ [ [ -8.52090296616897, 40.234556806178354 ], [ -8.520691364492034, 40.231869411667105 ], [ -8.517151401316092, 40.231869411667105 ], [ -8.517362915082069, 40.234556806178354 ], [ -8.52090296616897, 40.234556806178354 ] ] ] } },
{ "type": "Feature", "properties": { "fid": 808, "Population": 32 }, "geometry": { "type": "Polygon", "coordinates": [ [ [ -8.517362915082069, 40.234556806178354 ], [ -8.517151401316092, 40.231869411667105 ], [ -8.513611438140151, 40.231869411667105 ], [ -8.513822863995168, 40.234556806178354 ], [ -8.517362915082069, 40.234556806178354 ] ] ] } },
{ "type": "Feature", "properties": { "fid": 809, "Population": 39 }, "geometry": { "type": "Polygon", "coordinates": [ [ [ -8.513822863995168, 40.234556806178354 ], [ -8.513611438140151, 40.231869411667105 ], [ -8.510071474964208, 40.231869411667105 ], [ -8.510282812908267, 40.234556806178354 ], [ -8.513822863995168, 40.234556806178354 ] ] ] } },
{ "type": "Feature", "properties": { "fid": 810, "Population": 70 }, "geometry": { "type": "Polygon", "coordinates": [ [ [ -8.510282812908267, 40.234556806178354 ], [ -8.510071474964208, 40.231869411667105 ], [ -8.506531511788266, 40.231869411667105 ], [ -8.506742761821368, 40.234556806178354 ], [ -8.510282812908267, 40.234556806178354 ] ] ] } },
{ "type": "Feature", "properties": { "fid": 811, "Population": 5 }, "geometry": { "type": "Polygon", "coordinates": [ [ [ -8.506742761821368, 40.234556806178354 ], [ -8.506531511788266, 40.231869411667105 ], [ -8.502991548612325, 40.231869411667105 ], [ -8.503202710734467, 40.234556806178354 ], [ -8.506742761821368, 40.234556806178354 ] ] ] } },
{ "type": "Feature", "properties": { "fid": 812, "Population": 1 }, "geometry": { "type": "Polygon", "coordinates": [ [ [ -8.453641995517863, 40.234556806178354 ], [ -8.453432064149139, 40.231869411667105 ], [ -8.446352137797255, 40.231869411667105 ], [ -8.446561893344063, 40.234556806178354 ], [ -8.453641995517863, 40.234556806178354 ] ] ] } },
{ "type": "Feature", "properties": { "fid": 813, "Population": 65 }, "geometry": { "type": "Polygon", "coordinates": [ [ [ -8.446561893344063, 40.234556806178354 ], [ -8.446352137797255, 40.231869411667105 ], [ -8.442812174621315, 40.231869411667105 ], [ -8.443021842257162, 40.234556806178354 ], [ -8.446561893344063, 40.234556806178354 ] ] ] } },
{ "type": "Feature", "properties": { "fid": 814, "Population": 80 }, "geometry": { "type": "Polygon", "coordinates": [ [ [ -8.443021842257162, 40.234556806178354 ], [ -8.442812174621315, 40.231869411667105 ], [ -8.43927221144537, 40.231869411667105 ], [ -8.439481791170261, 40.234556806178354 ], [ -8.443021842257162, 40.234556806178354 ] ] ] } },
{ "type": "Feature", "properties": { "fid": 815, "Population": 574 }, "geometry": { "type": "Polygon", "coordinates": [ [ [ -8.439481791170261, 40.234556806178354 ], [ -8.43927221144537, 40.231869411667105 ], [ -8.43573224826943, 40.231869411667105 ], [ -8.435941740083361, 40.234556806178354 ], [ -8.439481791170261, 40.234556806178354 ] ] ] } },
{ "type": "Feature", "properties": { "fid": 816, "Population": 157 }, "geometry": { "type": "Polygon", "coordinates": [ [ [ -8.435941740083361, 40.234556806178354 ], [ -8.43573224826943, 40.231869411667105 ], [ -8.432192285093489, 40.231869411667105 ], [ -8.432401688996462, 40.234556806178354 ], [ -8.435941740083361, 40.234556806178354 ] ] ] } },
{ "type": "Feature", "properties": { "fid": 817, "Population": 290 }, "geometry": { "type": "Polygon", "coordinates": [ [ [ -8.432401688996462, 40.234556806178354 ], [ -8.432192285093489, 40.231869411667105 ], [ -8.428652321917545, 40.231869411667105 ], [ -8.428861637909561, 40.234556806178354 ], [ -8.432401688996462, 40.234556806178354 ] ] ] } },
{ "type": "Feature", "properties": { "fid": 818, "Population": 221 }, "geometry": { "type": "Polygon", "coordinates": [ [ [ -8.428861637909561, 40.234556806178354 ], [ -8.428652321917545, 40.231869411667105 ], [ -8.425112358741604, 40.231869411667105 ], [ -8.42532158682266, 40.234556806178354 ], [ -8.428861637909561, 40.234556806178354 ] ] ] } },
{ "type": "Feature", "properties": { "fid": 819, "Population": 7 }, "geometry": { "type": "Polygon", "coordinates": [ [ [ -8.42532158682266, 40.234556806178354 ], [ -8.425112358741604, 40.231869411667105 ], [ -8.421572395565663, 40.231869411667105 ], [ -8.421781535735761, 40.234556806178354 ], [ -8.42532158682266, 40.234556806178354 ] ] ] } },
{ "type": "Feature", "properties": { "fid": 820, "Population": 2 }, "geometry": { "type": "Polygon", "coordinates": [ [ [ -8.421781535735761, 40.234556806178354 ], [ -8.421572395565663, 40.231869411667105 ], [ -8.418032432389719, 40.231869411667105 ], [ -8.41824148464886, 40.234556806178354 ], [ -8.421781535735761, 40.234556806178354 ] ] ] } },
{ "type": "Feature", "properties": { "fid": 821, "Population": 31 }, "geometry": { "type": "Polygon", "coordinates": [ [ [ -8.41824148464886, 40.234556806178354 ], [ -8.418032432389719, 40.231869411667105 ], [ -8.414492469213778, 40.231869411667105 ], [ -8.414701433561961, 40.234556806178354 ], [ -8.41824148464886, 40.234556806178354 ] ] ] } },
{ "type": "Feature", "properties": { "fid": 822, "Population": 65 }, "geometry": { "type": "Polygon", "coordinates": [ [ [ -8.414701433561961, 40.234556806178354 ], [ -8.414492469213778, 40.231869411667105 ], [ -8.410952506037837, 40.231869411667105 ], [ -8.41116138247506, 40.234556806178354 ], [ -8.414701433561961, 40.234556806178354 ] ] ] } },
{ "type": "Feature", "properties": { "fid": 823, "Population": 52 }, "geometry": { "type": "Polygon", "coordinates": [ [ [ -8.41116138247506, 40.234556806178354 ], [ -8.410952506037837, 40.231869411667105 ], [ -8.407412542861893, 40.231869411667105 ], [ -8.407621331388158, 40.234556806178354 ], [ -8.41116138247506, 40.234556806178354 ] ] ] } },
{ "type": "Feature", "properties": { "fid": 824, "Population": 120 }, "geometry": { "type": "Polygon", "coordinates": [ [ [ -8.407621331388158, 40.234556806178354 ], [ -8.407412542861893, 40.231869411667105 ], [ -8.403872579685952, 40.231869411667105 ], [ -8.404081280301259, 40.234556806178354 ], [ -8.407621331388158, 40.234556806178354 ] ] ] } },
{ "type": "Feature", "properties": { "fid": 825, "Population": 4 }, "geometry": { "type": "Polygon", "coordinates": [ [ [ -8.404081280301259, 40.234556806178354 ], [ -8.403872579685952, 40.231869411667105 ], [ -8.400332616510012, 40.231869411667105 ], [ -8.400541229214358, 40.234556806178354 ], [ -8.404081280301259, 40.234556806178354 ] ] ] } },
{ "type": "Feature", "properties": { "fid": 826, "Population": 20 }, "geometry": { "type": "Polygon", "coordinates": [ [ [ -8.400541229214358, 40.234556806178354 ], [ -8.400332616510012, 40.231869411667105 ], [ -8.396792653334069, 40.231869411667105 ], [ -8.397001178127457, 40.234556806178354 ], [ -8.400541229214358, 40.234556806178354 ] ] ] } },
{ "type": "Feature", "properties": { "fid": 827, "Population": 79 }, "geometry": { "type": "Polygon", "coordinates": [ [ [ -8.397001178127457, 40.234556806178354 ], [ -8.396792653334069, 40.231869411667105 ], [ -8.393252690158127, 40.231869411667105 ], [ -8.393461127040558, 40.234556806178354 ], [ -8.397001178127457, 40.234556806178354 ] ] ] } },
{ "type": "Feature", "properties": { "fid": 828, "Population": 20 }, "geometry": { "type": "Polygon", "coordinates": [ [ [ -8.393461127040558, 40.234556806178354 ], [ -8.393252690158127, 40.231869411667105 ], [ -8.389712726982186, 40.231869411667105 ], [ -8.389921075953659, 40.234556806178354 ], [ -8.393461127040558, 40.234556806178354 ] ] ] } },
{ "type": "Feature", "properties": { "fid": 829, "Population": 2 }, "geometry": { "type": "Polygon", "coordinates": [ [ [ -8.382840973779857, 40.234556806178354 ], [ -8.382632800630301, 40.231869411667105 ], [ -8.37909283745436, 40.231869411667105 ], [ -8.379300922692957, 40.234556806178354 ], [ -8.382840973779857, 40.234556806178354 ] ] ] } },
{ "type": "Feature", "properties": { "fid": 830, "Population": 21 }, "geometry": { "type": "Polygon", "coordinates": [ [ [ -8.379300922692957, 40.234556806178354 ], [ -8.37909283745436, 40.231869411667105 ], [ -8.375552874278418, 40.231869411667105 ], [ -8.375760871606058, 40.234556806178354 ], [ -8.379300922692957, 40.234556806178354 ] ] ] } },
{ "type": "Feature", "properties": { "fid": 831, "Population": 1 }, "geometry": { "type": "Polygon", "coordinates": [ [ [ -8.375760871606058, 40.234556806178354 ], [ -8.375552874278418, 40.231869411667105 ], [ -8.372012911102475, 40.231869411667105 ], [ -8.372220820519157, 40.234556806178354 ], [ -8.375760871606058, 40.234556806178354 ] ] ] } },
{ "type": "Feature", "properties": { "fid": 832, "Population": 39 }, "geometry": { "type": "Polygon", "coordinates": [ [ [ -8.372220820519157, 40.234556806178354 ], [ -8.372012911102475, 40.231869411667105 ], [ -8.368472947926534, 40.231869411667105 ], [ -8.368680769432256, 40.234556806178354 ], [ -8.372220820519157, 40.234556806178354 ] ] ] } },
{ "type": "Feature", "properties": { "fid": 833, "Population": 44 }, "geometry": { "type": "Polygon", "coordinates": [ [ [ -8.368680769432256, 40.234556806178354 ], [ -8.368472947926534, 40.231869411667105 ], [ -8.364932984750592, 40.231869411667105 ], [ -8.365140718345355, 40.234556806178354 ], [ -8.368680769432256, 40.234556806178354 ] ] ] } },
{ "type": "Feature", "properties": { "fid": 834, "Population": 16 }, "geometry": { "type": "Polygon", "coordinates": [ [ [ -8.365140718345355, 40.234556806178354 ], [ -8.364932984750592, 40.231869411667105 ], [ -8.361393021574649, 40.231869411667105 ], [ -8.361600667258456, 40.234556806178354 ], [ -8.365140718345355, 40.234556806178354 ] ] ] } },
{ "type": "Feature", "properties": { "fid": 835, "Population": 75 }, "geometry": { "type": "Polygon", "coordinates": [ [ [ -8.326200156389454, 40.234556806178354 ], [ -8.325993389815233, 40.231869411667105 ], [ -8.32245342663929, 40.231869411667105 ], [ -8.322660105302553, 40.234556806178354 ], [ -8.326200156389454, 40.234556806178354 ] ] ] } },
{ "type": "Feature", "properties": { "fid": 836, "Population": 6 }, "geometry": { "type": "Polygon", "coordinates": [ [ [ -8.322660105302553, 40.234556806178354 ], [ -8.32245342663929, 40.231869411667105 ], [ -8.318913463463348, 40.231869411667105 ], [ -8.319120054215654, 40.234556806178354 ], [ -8.322660105302553, 40.234556806178354 ] ] ] } },
{ "type": "Feature", "properties": { "fid": 837, "Population": 35 }, "geometry": { "type": "Polygon", "coordinates": [ [ [ -8.549011069899569, 40.231869411667105 ], [ -8.548798793975855, 40.229182057061045 ], [ -8.545258918698847, 40.229182057061045 ], [ -8.545471106723626, 40.231869411667105 ], [ -8.549011069899569, 40.231869411667105 ] ] ] } },
{ "type": "Feature", "properties": { "fid": 838, "Population": 15 }, "geometry": { "type": "Polygon", "coordinates": [ [ [ -8.541931143547686, 40.231869411667105 ], [ -8.541719043421837, 40.229182057061045 ], [ -8.538179168144829, 40.229182057061045 ], [ -8.538391180371743, 40.231869411667105 ], [ -8.541931143547686, 40.231869411667105 ] ] ] } },
{ "type": "Feature", "properties": { "fid": 839, "Population": 2 }, "geometry": { "type": "Polygon", "coordinates": [ [ [ -8.538391180371743, 40.231869411667105 ], [ -8.538179168144829, 40.229182057061045 ], [ -8.534639292867819, 40.229182057061045 ], [ -8.534851217195801, 40.231869411667105 ], [ -8.538391180371743, 40.231869411667105 ] ] ] } },
{ "type": "Feature", "properties": { "fid": 840, "Population": 79 }, "geometry": { "type": "Polygon", "coordinates": [ [ [ -8.534851217195801, 40.231869411667105 ], [ -8.534639292867819, 40.229182057061045 ], [ -8.531099417590813, 40.229182057061045 ], [ -8.53131125401986, 40.231869411667105 ], [ -8.534851217195801, 40.231869411667105 ] ] ] } },
{ "type": "Feature", "properties": { "fid": 841, "Population": 236 }, "geometry": { "type": "Polygon", "coordinates": [ [ [ -8.53131125401986, 40.231869411667105 ], [ -8.531099417590813, 40.229182057061045 ], [ -8.527559542313803, 40.229182057061045 ], [ -8.527771290843917, 40.231869411667105 ], [ -8.53131125401986, 40.231869411667105 ] ] ] } },
{ "type": "Feature", "properties": { "fid": 842, "Population": 222 }, "geometry": { "type": "Polygon", "coordinates": [ [ [ -8.527771290843917, 40.231869411667105 ], [ -8.527559542313803, 40.229182057061045 ], [ -8.524019667036795, 40.229182057061045 ], [ -8.524231327667977, 40.231869411667105 ], [ -8.527771290843917, 40.231869411667105 ] ] ] } },
{ "type": "Feature", "properties": { "fid": 843, "Population": 359 }, "geometry": { "type": "Polygon", "coordinates": [ [ [ -8.524231327667977, 40.231869411667105 ], [ -8.524019667036795, 40.229182057061045 ], [ -8.520479791759785, 40.229182057061045 ], [ -8.520691364492034, 40.231869411667105 ], [ -8.524231327667977, 40.231869411667105 ] ] ] } },
{ "type": "Feature", "properties": { "fid": 844, "Population": 26 }, "geometry": { "type": "Polygon", "coordinates": [ [ [ -8.520691364492034, 40.231869411667105 ], [ -8.520479791759785, 40.229182057061045 ], [ -8.516939916482778, 40.229182057061045 ], [ -8.517151401316092, 40.231869411667105 ], [ -8.520691364492034, 40.231869411667105 ] ] ] } },
{ "type": "Feature", "properties": { "fid": 845, "Population": 1 }, "geometry": { "type": "Polygon", "coordinates": [ [ [ -8.517151401316092, 40.231869411667105 ], [ -8.516939916482778, 40.229182057061045 ], [ -8.513400041205768, 40.229182057061045 ], [ -8.513611438140151, 40.231869411667105 ], [ -8.517151401316092, 40.231869411667105 ] ] ] } },
{ "type": "Feature", "properties": { "fid": 846, "Population": 5 }, "geometry": { "type": "Polygon", "coordinates": [ [ [ -8.453432064149139, 40.231869411667105 ], [ -8.453222161496621, 40.229182057061045 ], [ -8.449682286219614, 40.229182057061045 ], [ -8.449892100973196, 40.231869411667105 ], [ -8.453432064149139, 40.231869411667105 ] ] ] } },
{ "type": "Feature", "properties": { "fid": 847, "Population": 12 }, "geometry": { "type": "Polygon", "coordinates": [ [ [ -8.449892100973196, 40.231869411667105 ], [ -8.449682286219614, 40.229182057061045 ], [ -8.446142410942604, 40.229182057061045 ], [ -8.446352137797255, 40.231869411667105 ], [ -8.449892100973196, 40.231869411667105 ] ] ] } },
{ "type": "Feature", "properties": { "fid": 848, "Population": 27 }, "geometry": { "type": "Polygon", "coordinates": [ [ [ -8.446352137797255, 40.231869411667105 ], [ -8.446142410942604, 40.229182057061045 ], [ -8.442602535665596, 40.229182057061045 ], [ -8.442812174621315, 40.231869411667105 ], [ -8.446352137797255, 40.231869411667105 ] ] ] } },
{ "type": "Feature", "properties": { "fid": 849, "Population": 297 }, "geometry": { "type": "Polygon", "coordinates": [ [ [ -8.442812174621315, 40.231869411667105 ], [ -8.442602535665596, 40.229182057061045 ], [ -8.439062660388586, 40.229182057061045 ], [ -8.43927221144537, 40.231869411667105 ], [ -8.442812174621315, 40.231869411667105 ] ] ] } },
{ "type": "Feature", "properties": { "fid": 850, "Population": 676 }, "geometry": { "type": "Polygon", "coordinates": [ [ [ -8.43927221144537, 40.231869411667105 ], [ -8.439062660388586, 40.229182057061045 ], [ -8.435522785111578, 40.229182057061045 ], [ -8.43573224826943, 40.231869411667105 ], [ -8.43927221144537, 40.231869411667105 ] ] ] } },
{ "type": "Feature", "properties": { "fid": 851, "Population": 44 }, "geometry": { "type": "Polygon", "coordinates": [ [ [ -8.43573224826943, 40.231869411667105 ], [ -8.435522785111578, 40.229182057061045 ], [ -8.43198290983457, 40.229182057061045 ], [ -8.432192285093489, 40.231869411667105 ], [ -8.43573224826943, 40.231869411667105 ] ] ] } },
{ "type": "Feature", "properties": { "fid": 852, "Population": 564 }, "geometry": { "type": "Polygon", "coordinates": [ [ [ -8.432192285093489, 40.231869411667105 ], [ -8.43198290983457, 40.229182057061045 ], [ -8.428443034557562, 40.229182057061045 ], [ -8.428652321917545, 40.231869411667105 ], [ -8.432192285093489, 40.231869411667105 ] ] ] } },
{ "type": "Feature", "properties": { "fid": 853, "Population": 471 }, "geometry": { "type": "Polygon", "coordinates": [ [ [ -8.428652321917545, 40.231869411667105 ], [ -8.428443034557562, 40.229182057061045 ], [ -8.424903159280552, 40.229182057061045 ], [ -8.425112358741604, 40.231869411667105 ], [ -8.428652321917545, 40.231869411667105 ] ] ] } },
{ "type": "Feature", "properties": { "fid": 854, "Population": 21 }, "geometry": { "type": "Polygon", "coordinates": [ [ [ -8.421572395565663, 40.231869411667105 ], [ -8.421363284003544, 40.229182057061045 ], [ -8.417823408726536, 40.229182057061045 ], [ -8.418032432389719, 40.231869411667105 ], [ -8.421572395565663, 40.231869411667105 ] ] ] } },
{ "type": "Feature", "properties": { "fid": 855, "Population": 44 }, "geometry": { "type": "Polygon", "coordinates": [ [ [ -8.418032432389719, 40.231869411667105 ], [ -8.417823408726536, 40.229182057061045 ], [ -8.414283533449527, 40.229182057061045 ], [ -8.414492469213778, 40.231869411667105 ], [ -8.418032432389719, 40.231869411667105 ] ] ] } },
{ "type": "Feature", "properties": { "fid": 856, "Population": 57 }, "geometry": { "type": "Polygon", "coordinates": [ [ [ -8.414492469213778, 40.231869411667105 ], [ -8.414283533449527, 40.229182057061045 ], [ -8.410743658172517, 40.229182057061045 ], [ -8.410952506037837, 40.231869411667105 ], [ -8.414492469213778, 40.231869411667105 ] ] ] } },
{ "type": "Feature", "properties": { "fid": 857, "Population": 53 }, "geometry": { "type": "Polygon", "coordinates": [ [ [ -8.410952506037837, 40.231869411667105 ], [ -8.410743658172517, 40.229182057061045 ], [ -8.407203782895509, 40.229182057061045 ], [ -8.407412542861893, 40.231869411667105 ], [ -8.410952506037837, 40.231869411667105 ] ] ] } },
{ "type": "Feature", "properties": { "fid": 858, "Population": 37 }, "geometry": { "type": "Polygon", "coordinates": [ [ [ -8.407412542861893, 40.231869411667105 ], [ -8.407203782895509, 40.229182057061045 ], [ -8.403663907618499, 40.229182057061045 ], [ -8.403872579685952, 40.231869411667105 ], [ -8.407412542861893, 40.231869411667105 ] ] ] } },
{ "type": "Feature", "properties": { "fid": 859, "Population": 10 }, "geometry": { "type": "Polygon", "coordinates": [ [ [ -8.403872579685952, 40.231869411667105 ], [ -8.403663907618499, 40.229182057061045 ], [ -8.400124032341493, 40.229182057061045 ], [ -8.400332616510012, 40.231869411667105 ], [ -8.403872579685952, 40.231869411667105 ] ] ] } },
{ "type": "Feature", "properties": { "fid": 860, "Population": 27 }, "geometry": { "type": "Polygon", "coordinates": [ [ [ -8.400332616510012, 40.231869411667105 ], [ -8.400124032341493, 40.229182057061045 ], [ -8.396584157064483, 40.229182057061045 ], [ -8.396792653334069, 40.231869411667105 ], [ -8.400332616510012, 40.231869411667105 ] ] ] } },
{ "type": "Feature", "properties": { "fid": 861, "Population": 30 }, "geometry": { "type": "Polygon", "coordinates": [ [ [ -8.396792653334069, 40.231869411667105 ], [ -8.396584157064483, 40.229182057061045 ], [ -8.393044281787475, 40.229182057061045 ], [ -8.393252690158127, 40.231869411667105 ], [ -8.396792653334069, 40.231869411667105 ] ] ] } },
{ "type": "Feature", "properties": { "fid": 862, "Population": 3 }, "geometry": { "type": "Polygon", "coordinates": [ [ [ -8.382632800630301, 40.231869411667105 ], [ -8.382424655956449, 40.229182057061045 ], [ -8.37888478067944, 40.229182057061045 ], [ -8.37909283745436, 40.231869411667105 ], [ -8.382632800630301, 40.231869411667105 ] ] ] } },
{ "type": "Feature", "properties": { "fid": 863, "Population": 67 }, "geometry": { "type": "Polygon", "coordinates": [ [ [ -8.37909283745436, 40.231869411667105 ], [ -8.37888478067944, 40.229182057061045 ], [ -8.37534490540243, 40.229182057061045 ], [ -8.375552874278418, 40.231869411667105 ], [ -8.37909283745436, 40.231869411667105 ] ] ] } },
{ "type": "Feature", "properties": { "fid": 864, "Population": 12 }, "geometry": { "type": "Polygon", "coordinates": [ [ [ -8.375552874278418, 40.231869411667105 ], [ -8.37534490540243, 40.229182057061045 ], [ -8.371805030125422, 40.229182057061045 ], [ -8.372012911102475, 40.231869411667105 ], [ -8.375552874278418, 40.231869411667105 ] ] ] } },
{ "type": "Feature", "properties": { "fid": 865, "Population": 10 }, "geometry": { "type": "Polygon", "coordinates": [ [ [ -8.372012911102475, 40.231869411667105 ], [ -8.371805030125422, 40.229182057061045 ], [ -8.368265154848414, 40.229182057061045 ], [ -8.368472947926534, 40.231869411667105 ], [ -8.372012911102475, 40.231869411667105 ] ] ] } },
{ "type": "Feature", "properties": { "fid": 866, "Population": 1 }, "geometry": { "type": "Polygon", "coordinates": [ [ [ -8.368472947926534, 40.231869411667105 ], [ -8.368265154848414, 40.229182057061045 ], [ -8.364725279571406, 40.229182057061045 ], [ -8.364932984750592, 40.231869411667105 ], [ -8.368472947926534, 40.231869411667105 ] ] ] } },
{ "type": "Feature", "properties": { "fid": 867, "Population": 2 }, "geometry": { "type": "Polygon", "coordinates": [ [ [ -8.325993389815233, 40.231869411667105 ], [ -8.325786651524311, 40.229182057061045 ], [ -8.322246776247303, 40.229182057061045 ], [ -8.32245342663929, 40.231869411667105 ], [ -8.325993389815233, 40.231869411667105 ] ] ] } },
{ "type": "Feature", "properties": { "fid": 868, "Population": 89 }, "geometry": { "type": "Polygon", "coordinates": [ [ [ -8.545471106723626, 40.231869411667105 ], [ -8.54504675969801, 40.226494742355321 ], [ -8.541506972307912, 40.226494742355321 ], [ -8.541931143547686, 40.231869411667105 ], [ -8.545471106723626, 40.231869411667105 ] ] ] } },
{ "type": "Feature", "properties": { "fid": 869, "Population": 1 }, "geometry": { "type": "Polygon", "coordinates": [ [ [ -8.425112358741604, 40.231869411667105 ], [ -8.424693988434658, 40.226494742355321 ], [ -8.42115420104456, 40.226494742355321 ], [ -8.421572395565663, 40.231869411667105 ], [ -8.425112358741604, 40.231869411667105 ] ] ] } },
{ "type": "Feature", "properties": { "fid": 870, "Population": 3 }, "geometry": { "type": "Polygon", "coordinates": [ [ [ -8.393252690158127, 40.231869411667105 ], [ -8.392835901923771, 40.226494742355321 ], [ -8.389296114533671, 40.226494742355321 ], [ -8.389712726982186, 40.231869411667105 ], [ -8.393252690158127, 40.231869411667105 ] ] ] } },
{ "type": "Feature", "properties": { "fid": 871, "Population": 25 }, "geometry": { "type": "Polygon", "coordinates": [ [ [ -8.548798793975855, 40.229182057061045 ], [ -8.548586547088108, 40.226494742355321 ], [ -8.54504675969801, 40.226494742355321 ], [ -8.545258918698847, 40.229182057061045 ], [ -8.548798793975855, 40.229182057061045 ] ] ] } },
{ "type": "Feature", "properties": { "fid": 872, "Population": 48 }, "geometry": { "type": "Polygon", "coordinates": [ [ [ -8.541719043421837, 40.229182057061045 ], [ -8.541506972307912, 40.226494742355321 ], [ -8.537967184917814, 40.226494742355321 ], [ -8.538179168144829, 40.229182057061045 ], [ -8.541719043421837, 40.229182057061045 ] ] ] } },
{ "type": "Feature", "properties": { "fid": 873, "Population": 28 }, "geometry": { "type": "Polygon", "coordinates": [ [ [ -8.538179168144829, 40.229182057061045 ], [ -8.537967184917814, 40.226494742355321 ], [ -8.534427397527715, 40.226494742355321 ], [ -8.534639292867819, 40.229182057061045 ], [ -8.538179168144829, 40.229182057061045 ] ] ] } },
{ "type": "Feature", "properties": { "fid": 874, "Population": 115 }, "geometry": { "type": "Polygon", "coordinates": [ [ [ -8.534639292867819, 40.229182057061045 ], [ -8.534427397527715, 40.226494742355321 ], [ -8.530887610137617, 40.226494742355321 ], [ -8.531099417590813, 40.229182057061045 ], [ -8.534639292867819, 40.229182057061045 ] ] ] } },
{ "type": "Feature", "properties": { "fid": 875, "Population": 79 }, "geometry": { "type": "Polygon", "coordinates": [ [ [ -8.531099417590813, 40.229182057061045 ], [ -8.530887610137617, 40.226494742355321 ], [ -8.527347822747519, 40.226494742355321 ], [ -8.527559542313803, 40.229182057061045 ], [ -8.531099417590813, 40.229182057061045 ] ] ] } },
{ "type": "Feature", "properties": { "fid": 876, "Population": 136 }, "geometry": { "type": "Polygon", "coordinates": [ [ [ -8.527559542313803, 40.229182057061045 ], [ -8.527347822747519, 40.226494742355321 ], [ -8.523808035357419, 40.226494742355321 ], [ -8.524019667036795, 40.229182057061045 ], [ -8.527559542313803, 40.229182057061045 ] ] ] } },
{ "type": "Feature", "properties": { "fid": 877, "Population": 208 }, "geometry": { "type": "Polygon", "coordinates": [ [ [ -8.524019667036795, 40.229182057061045 ], [ -8.523808035357419, 40.226494742355321 ], [ -8.520268247967319, 40.226494742355321 ], [ -8.520479791759785, 40.229182057061045 ], [ -8.524019667036795, 40.229182057061045 ] ] ] } },
{ "type": "Feature", "properties": { "fid": 878, "Population": 8 }, "geometry": { "type": "Polygon", "coordinates": [ [ [ -8.520479791759785, 40.229182057061045 ], [ -8.520268247967319, 40.226494742355321 ], [ -8.516728460577221, 40.226494742355321 ], [ -8.516939916482778, 40.229182057061045 ], [ -8.520479791759785, 40.229182057061045 ] ] ] } },
{ "type": "Feature", "properties": { "fid": 879, "Population": 17 }, "geometry": { "type": "Polygon", "coordinates": [ [ [ -8.449682286219614, 40.229182057061045 ], [ -8.449472500165347, 40.226494742355321 ], [ -8.445932712775249, 40.226494742355321 ], [ -8.446142410942604, 40.229182057061045 ], [ -8.449682286219614, 40.229182057061045 ] ] ] } },
{ "type": "Feature", "properties": { "fid": 880, "Population": 8 }, "geometry": { "type": "Polygon", "coordinates": [ [ [ -8.446142410942604, 40.229182057061045 ], [ -8.445932712775249, 40.226494742355321 ], [ -8.44239292538515, 40.226494742355321 ], [ -8.442602535665596, 40.229182057061045 ], [ -8.446142410942604, 40.229182057061045 ] ] ] } },
{ "type": "Feature", "properties": { "fid": 881, "Population": 285 }, "geometry": { "type": "Polygon", "coordinates": [ [ [ -8.442602535665596, 40.229182057061045 ], [ -8.44239292538515, 40.226494742355321 ], [ -8.438853137995052, 40.226494742355321 ], [ -8.439062660388586, 40.229182057061045 ], [ -8.442602535665596, 40.229182057061045 ] ] ] } },
{ "type": "Feature", "properties": { "fid": 882, "Population": 406 }, "geometry": { "type": "Polygon", "coordinates": [ [ [ -8.439062660388586, 40.229182057061045 ], [ -8.438853137995052, 40.226494742355321 ], [ -8.435313350604954, 40.226494742355321 ], [ -8.435522785111578, 40.229182057061045 ], [ -8.439062660388586, 40.229182057061045 ] ] ] } },
{ "type": "Feature", "properties": { "fid": 883, "Population": 82 }, "geometry": { "type": "Polygon", "coordinates": [ [ [ -8.435522785111578, 40.229182057061045 ], [ -8.435313350604954, 40.226494742355321 ], [ -8.431773563214856, 40.226494742355321 ], [ -8.43198290983457, 40.229182057061045 ], [ -8.435522785111578, 40.229182057061045 ] ] ] } },
{ "type": "Feature", "properties": { "fid": 884, "Population": 563 }, "geometry": { "type": "Polygon", "coordinates": [ [ [ -8.43198290983457, 40.229182057061045 ], [ -8.431773563214856, 40.226494742355321 ], [ -8.428233775824756, 40.226494742355321 ], [ -8.428443034557562, 40.229182057061045 ], [ -8.43198290983457, 40.229182057061045 ] ] ] } },
{ "type": "Feature", "properties": { "fid": 885, "Population": 69 }, "geometry": { "type": "Polygon", "coordinates": [ [ [ -8.428443034557562, 40.229182057061045 ], [ -8.428233775824756, 40.226494742355321 ], [ -8.424693988434658, 40.226494742355321 ], [ -8.424903159280552, 40.229182057061045 ], [ -8.428443034557562, 40.229182057061045 ] ] ] } },
{ "type": "Feature", "properties": { "fid": 886, "Population": 22 }, "geometry": { "type": "Polygon", "coordinates": [ [ [ -8.421363284003544, 40.229182057061045 ], [ -8.42115420104456, 40.226494742355321 ], [ -8.41761441365446, 40.226494742355321 ], [ -8.417823408726536, 40.229182057061045 ], [ -8.421363284003544, 40.229182057061045 ] ] ] } },
{ "type": "Feature", "properties": { "fid": 887, "Population": 123 }, "geometry": { "type": "Polygon", "coordinates": [ [ [ -8.417823408726536, 40.229182057061045 ], [ -8.41761441365446, 40.226494742355321 ], [ -8.414074626264361, 40.226494742355321 ], [ -8.414283533449527, 40.229182057061045 ], [ -8.417823408726536, 40.229182057061045 ] ] ] } },
{ "type": "Feature", "properties": { "fid": 888, "Population": 17 }, "geometry": { "type": "Polygon", "coordinates": [ [ [ -8.414283533449527, 40.229182057061045 ], [ -8.414074626264361, 40.226494742355321 ], [ -8.410534838874263, 40.226494742355321 ], [ -8.410743658172517, 40.229182057061045 ], [ -8.414283533449527, 40.229182057061045 ] ] ] } },
{ "type": "Feature", "properties": { "fid": 889, "Population": 74 }, "geometry": { "type": "Polygon", "coordinates": [ [ [ -8.410743658172517, 40.229182057061045 ], [ -8.410534838874263, 40.226494742355321 ], [ -8.406995051484165, 40.226494742355321 ], [ -8.407203782895509, 40.229182057061045 ], [ -8.410743658172517, 40.229182057061045 ] ] ] } },
{ "type": "Feature", "properties": { "fid": 890, "Population": 82 }, "geometry": { "type": "Polygon", "coordinates": [ [ [ -8.407203782895509, 40.229182057061045 ], [ -8.406995051484165, 40.226494742355321 ], [ -8.403455264094065, 40.226494742355321 ], [ -8.403663907618499, 40.229182057061045 ], [ -8.407203782895509, 40.229182057061045 ] ] ] } },
{ "type": "Feature", "properties": { "fid": 891, "Population": 29 }, "geometry": { "type": "Polygon", "coordinates": [ [ [ -8.403663907618499, 40.229182057061045 ], [ -8.403455264094065, 40.226494742355321 ], [ -8.399915476703967, 40.226494742355321 ], [ -8.400124032341493, 40.229182057061045 ], [ -8.403663907618499, 40.229182057061045 ] ] ] } },
{ "type": "Feature", "properties": { "fid": 892, "Population": 3 }, "geometry": { "type": "Polygon", "coordinates": [ [ [ -8.400124032341493, 40.229182057061045 ], [ -8.399915476703967, 40.226494742355321 ], [ -8.396375689313869, 40.226494742355321 ], [ -8.396584157064483, 40.229182057061045 ], [ -8.400124032341493, 40.229182057061045 ] ] ] } },
{ "type": "Feature", "properties": { "fid": 893, "Population": 21 }, "geometry": { "type": "Polygon", "coordinates": [ [ [ -8.396584157064483, 40.229182057061045 ], [ -8.396375689313869, 40.226494742355321 ], [ -8.392835901923771, 40.226494742355321 ], [ -8.393044281787475, 40.229182057061045 ], [ -8.396584157064483, 40.229182057061045 ] ] ] } },
{ "type": "Feature", "properties": { "fid": 894, "Population": 4 }, "geometry": { "type": "Polygon", "coordinates": [ [ [ -8.389504406510465, 40.229182057061045 ], [ -8.389296114533671, 40.226494742355321 ], [ -8.385756327143573, 40.226494742355321 ], [ -8.385964531233457, 40.229182057061045 ], [ -8.389504406510465, 40.229182057061045 ] ] ] } },
{ "type": "Feature", "properties": { "fid": 895, "Population": 43 }, "geometry": { "type": "Polygon", "coordinates": [ [ [ -8.37888478067944, 40.229182057061045 ], [ -8.378676752363377, 40.226494742355321 ], [ -8.375136964973276, 40.226494742355321 ], [ -8.37534490540243, 40.229182057061045 ], [ -8.37888478067944, 40.229182057061045 ] ] ] } },
{ "type": "Feature", "properties": { "fid": 896, "Population": 68 }, "geometry": { "type": "Polygon", "coordinates": [ [ [ -8.37534490540243, 40.229182057061045 ], [ -8.375136964973276, 40.226494742355321 ], [ -8.371597177583178, 40.226494742355321 ], [ -8.371805030125422, 40.229182057061045 ], [ -8.37534490540243, 40.229182057061045 ] ] ] } },
{ "type": "Feature", "properties": { "fid": 897, "Population": 33 }, "geometry": { "type": "Polygon", "coordinates": [ [ [ -8.371805030125422, 40.229182057061045 ], [ -8.371597177583178, 40.226494742355321 ], [ -8.36805739019308, 40.226494742355321 ], [ -8.368265154848414, 40.229182057061045 ], [ -8.371805030125422, 40.229182057061045 ] ] ] } },
{ "type": "Feature", "properties": { "fid": 898, "Population": 36 }, "geometry": { "type": "Polygon", "coordinates": [ [ [ -8.548586547088108, 40.226494742355321 ], [ -8.548374329231416, 40.223807467545129 ], [ -8.544834629716208, 40.223807467545129 ], [ -8.54504675969801, 40.226494742355321 ], [ -8.548586547088108, 40.226494742355321 ] ] ] } },
{ "type": "Feature", "properties": { "fid": 899, "Population": 17 }, "geometry": { "type": "Polygon", "coordinates": [ [ [ -8.54504675969801, 40.226494742355321 ], [ -8.544834629716208, 40.223807467545129 ], [ -8.541294930200998, 40.223807467545129 ], [ -8.541506972307912, 40.226494742355321 ], [ -8.54504675969801, 40.226494742355321 ] ] ] } },
{ "type": "Feature", "properties": { "fid": 900, "Population": 1 }, "geometry": { "type": "Polygon", "coordinates": [ [ [ -8.541506972307912, 40.226494742355321 ], [ -8.541294930200998, 40.223807467545129 ], [ -8.537755230685789, 40.223807467545129 ], [ -8.537967184917814, 40.226494742355321 ], [ -8.541506972307912, 40.226494742355321 ] ] ] } },
{ "type": "Feature", "properties": { "fid": 901, "Population": 6 }, "geometry": { "type": "Polygon", "coordinates": [ [ [ -8.537967184917814, 40.226494742355321 ], [ -8.537755230685789, 40.223807467545129 ], [ -8.534215531170579, 40.223807467545129 ], [ -8.534427397527715, 40.226494742355321 ], [ -8.537967184917814, 40.226494742355321 ] ] ] } },
{ "type": "Feature", "properties": { "fid": 902, "Population": 8 }, "geometry": { "type": "Polygon", "coordinates": [ [ [ -8.534427397527715, 40.226494742355321 ], [ -8.534215531170579, 40.223807467545129 ], [ -8.527136132140159, 40.223807467545129 ], [ -8.527347822747519, 40.226494742355321 ], [ -8.534427397527715, 40.226494742355321 ] ] ] } },
{ "type": "Feature", "properties": { "fid": 903, "Population": 9 }, "geometry": { "type": "Polygon", "coordinates": [ [ [ -8.527347822747519, 40.226494742355321 ], [ -8.527136132140159, 40.223807467545129 ], [ -8.52359643262495, 40.223807467545129 ], [ -8.523808035357419, 40.226494742355321 ], [ -8.527347822747519, 40.226494742355321 ] ] ] } },
{ "type": "Feature", "properties": { "fid": 904, "Population": 1 }, "geometry": { "type": "Polygon", "coordinates": [ [ [ -8.453012287555447, 40.226494742355321 ], [ -8.452802442320756, 40.223807467545129 ], [ -8.449262742805546, 40.223807467545129 ], [ -8.449472500165347, 40.226494742355321 ], [ -8.453012287555447, 40.226494742355321 ] ] ] } },
{ "type": "Feature", "properties": { "fid": 905, "Population": 2 }, "geometry": { "type": "Polygon", "coordinates": [ [ [ -8.449472500165347, 40.226494742355321 ], [ -8.449262742805546, 40.223807467545129 ], [ -8.445723043290336, 40.223807467545129 ], [ -8.445932712775249, 40.226494742355321 ], [ -8.449472500165347, 40.226494742355321 ] ] ] } },
{ "type": "Feature", "properties": { "fid": 906, "Population": 4 }, "geometry": { "type": "Polygon", "coordinates": [ [ [ -8.445932712775249, 40.226494742355321 ], [ -8.445723043290336, 40.223807467545129 ], [ -8.442183343775126, 40.223807467545129 ], [ -8.44239292538515, 40.226494742355321 ], [ -8.445932712775249, 40.226494742355321 ] ] ] } },
{ "type": "Feature", "properties": { "fid": 907, "Population": 91 }, "geometry": { "type": "Polygon", "coordinates": [ [ [ -8.44239292538515, 40.226494742355321 ], [ -8.442183343775126, 40.223807467545129 ], [ -8.438643644259916, 40.223807467545129 ], [ -8.438853137995052, 40.226494742355321 ], [ -8.44239292538515, 40.226494742355321 ] ] ] } },
{ "type": "Feature", "properties": { "fid": 908, "Population": 90 }, "geometry": { "type": "Polygon", "coordinates": [ [ [ -8.438853137995052, 40.226494742355321 ], [ -8.438643644259916, 40.223807467545129 ], [ -8.435103944744707, 40.223807467545129 ], [ -8.435313350604954, 40.226494742355321 ], [ -8.438853137995052, 40.226494742355321 ] ] ] } },
{ "type": "Feature", "properties": { "fid": 909, "Population": 113 }, "geometry": { "type": "Polygon", "coordinates": [ [ [ -8.435313350604954, 40.226494742355321 ], [ -8.435103944744707, 40.223807467545129 ], [ -8.431564245229497, 40.223807467545129 ], [ -8.431773563214856, 40.226494742355321 ], [ -8.435313350604954, 40.226494742355321 ] ] ] } },
{ "type": "Feature", "properties": { "fid": 910, "Population": 211 }, "geometry": { "type": "Polygon", "coordinates": [ [ [ -8.431773563214856, 40.226494742355321 ], [ -8.431564245229497, 40.223807467545129 ], [ -8.428024545714289, 40.223807467545129 ], [ -8.428233775824756, 40.226494742355321 ], [ -8.431773563214856, 40.226494742355321 ] ] ] } },
{ "type": "Feature", "properties": { "fid": 911, "Population": 43 }, "geometry": { "type": "Polygon", "coordinates": [ [ [ -8.428233775824756, 40.226494742355321 ], [ -8.428024545714289, 40.223807467545129 ], [ -8.424484846199078, 40.223807467545129 ], [ -8.424693988434658, 40.226494742355321 ], [ -8.428233775824756, 40.226494742355321 ] ] ] } },
{ "type": "Feature", "properties": { "fid": 912, "Population": 59 }, "geometry": { "type": "Polygon", "coordinates": [ [ [ -8.424693988434658, 40.226494742355321 ], [ -8.424484846199078, 40.223807467545129 ], [ -8.420945146683868, 40.223807467545129 ], [ -8.42115420104456, 40.226494742355321 ], [ -8.424693988434658, 40.226494742355321 ] ] ] } },
{ "type": "Feature", "properties": { "fid": 913, "Population": 105 }, "geometry": { "type": "Polygon", "coordinates": [ [ [ -8.42115420104456, 40.226494742355321 ], [ -8.420945146683868, 40.223807467545129 ], [ -8.417405447168658, 40.223807467545129 ], [ -8.41761441365446, 40.226494742355321 ], [ -8.42115420104456, 40.226494742355321 ] ] ] } },
{ "type": "Feature", "properties": { "fid": 914, "Population": 7 }, "geometry": { "type": "Polygon", "coordinates": [ [ [ -8.41761441365446, 40.226494742355321 ], [ -8.417405447168658, 40.223807467545129 ], [ -8.410326048138238, 40.223807467545129 ], [ -8.410534838874263, 40.226494742355321 ], [ -8.41761441365446, 40.226494742355321 ] ] ] } },
{ "type": "Feature", "properties": { "fid": 915, "Population": 16 }, "geometry": { "type": "Polygon", "coordinates": [ [ [ -8.410534838874263, 40.226494742355321 ], [ -8.410326048138238, 40.223807467545129 ], [ -8.406786348623028, 40.223807467545129 ], [ -8.406995051484165, 40.226494742355321 ], [ -8.410534838874263, 40.226494742355321 ] ] ] } },
{ "type": "Feature", "properties": { "fid": 916, "Population": 50 }, "geometry": { "type": "Polygon", "coordinates": [ [ [ -8.406995051484165, 40.226494742355321 ], [ -8.406786348623028, 40.223807467545129 ], [ -8.403246649107819, 40.223807467545129 ], [ -8.403455264094065, 40.226494742355321 ], [ -8.406995051484165, 40.226494742355321 ] ] ] } },
{ "type": "Feature", "properties": { "fid": 917, "Population": 48 }, "geometry": { "type": "Polygon", "coordinates": [ [ [ -8.403455264094065, 40.226494742355321 ], [ -8.403246649107819, 40.223807467545129 ], [ -8.399706949592611, 40.223807467545129 ], [ -8.399915476703967, 40.226494742355321 ], [ -8.403455264094065, 40.226494742355321 ] ] ] } },
{ "type": "Feature", "properties": { "fid": 918, "Population": 7 }, "geometry": { "type": "Polygon", "coordinates": [ [ [ -8.399915476703967, 40.226494742355321 ], [ -8.399706949592611, 40.223807467545129 ], [ -8.396167250077401, 40.223807467545129 ], [ -8.396375689313869, 40.226494742355321 ], [ -8.399915476703967, 40.226494742355321 ] ] ] } },
{ "type": "Feature", "properties": { "fid": 919, "Population": 2 }, "geometry": { "type": "Polygon", "coordinates": [ [ [ -8.396375689313869, 40.226494742355321 ], [ -8.396167250077401, 40.223807467545129 ], [ -8.392627550562191, 40.223807467545129 ], [ -8.392835901923771, 40.226494742355321 ], [ -8.396375689313869, 40.226494742355321 ] ] ] } },
{ "type": "Feature", "properties": { "fid": 920, "Population": 1 }, "geometry": { "type": "Polygon", "coordinates": [ [ [ -8.392835901923771, 40.226494742355321 ], [ -8.392627550562191, 40.223807467545129 ], [ -8.38908785104698, 40.223807467545129 ], [ -8.389296114533671, 40.226494742355321 ], [ -8.392835901923771, 40.226494742355321 ] ] ] } },
{ "type": "Feature", "properties": { "fid": 921, "Population": 7 }, "geometry": { "type": "Polygon", "coordinates": [ [ [ -8.389296114533671, 40.226494742355321 ], [ -8.38908785104698, 40.223807467545129 ], [ -8.38554815153177, 40.223807467545129 ], [ -8.385756327143573, 40.226494742355321 ], [ -8.389296114533671, 40.226494742355321 ] ] ] } },
{ "type": "Feature", "properties": { "fid": 922, "Population": 31 }, "geometry": { "type": "Polygon", "coordinates": [ [ [ -8.378676752363377, 40.226494742355321 ], [ -8.378468752501352, 40.223807467545129 ], [ -8.374929052986142, 40.223807467545129 ], [ -8.375136964973276, 40.226494742355321 ], [ -8.378676752363377, 40.226494742355321 ] ] ] } },
{ "type": "Feature", "properties": { "fid": 923, "Population": 13 }, "geometry": { "type": "Polygon", "coordinates": [ [ [ -8.375136964973276, 40.226494742355321 ], [ -8.374929052986142, 40.223807467545129 ], [ -8.371389353470931, 40.223807467545129 ], [ -8.371597177583178, 40.226494742355321 ], [ -8.375136964973276, 40.226494742355321 ] ] ] } },
{ "type": "Feature", "properties": { "fid": 924, "Population": 7 }, "geometry": { "type": "Polygon", "coordinates": [ [ [ -8.371597177583178, 40.226494742355321 ], [ -8.371389353470931, 40.223807467545129 ], [ -8.367849653955723, 40.223807467545129 ], [ -8.36805739019308, 40.226494742355321 ], [ -8.371597177583178, 40.226494742355321 ] ] ] } },
{ "type": "Feature", "properties": { "fid": 925, "Population": 170 }, "geometry": { "type": "Polygon", "coordinates": [ [ [ -8.548374329231416, 40.223807467545129 ], [ -8.54816214040086, 40.221120232625566 ], [ -8.544622528748519, 40.221120232625566 ], [ -8.544834629716208, 40.223807467545129 ], [ -8.548374329231416, 40.223807467545129 ] ] ] } },
{ "type": "Feature", "properties": { "fid": 926, "Population": 15 }, "geometry": { "type": "Polygon", "coordinates": [ [ [ -8.544834629716208, 40.223807467545129 ], [ -8.544622528748519, 40.221120232625566 ], [ -8.54108291709618, 40.221120232625566 ], [ -8.541294930200998, 40.223807467545129 ], [ -8.544834629716208, 40.223807467545129 ] ] ] } },
{ "type": "Feature", "properties": { "fid": 927, "Population": 1 }, "geometry": { "type": "Polygon", "coordinates": [ [ [ -8.445723043290336, 40.223807467545129 ], [ -8.445513402483002, 40.221120232625566 ], [ -8.44197379083066, 40.221120232625566 ], [ -8.442183343775126, 40.223807467545129 ], [ -8.445723043290336, 40.223807467545129 ] ] ] } },
{ "type": "Feature", "properties": { "fid": 928, "Population": 29 }, "geometry": { "type": "Polygon", "coordinates": [ [ [ -8.442183343775126, 40.223807467545129 ], [ -8.44197379083066, 40.221120232625566 ], [ -8.438434179178321, 40.221120232625566 ], [ -8.438643644259916, 40.223807467545129 ], [ -8.442183343775126, 40.223807467545129 ] ] ] } },
{ "type": "Feature", "properties": { "fid": 929, "Population": 637 }, "geometry": { "type": "Polygon", "coordinates": [ [ [ -8.438643644259916, 40.223807467545129 ], [ -8.438434179178321, 40.221120232625566 ], [ -8.43489456752598, 40.221120232625566 ], [ -8.435103944744707, 40.223807467545129 ], [ -8.438643644259916, 40.223807467545129 ] ] ] } },
{ "type": "Feature", "properties": { "fid": 930, "Population": 304 }, "geometry": { "type": "Polygon", "coordinates": [ [ [ -8.435103944744707, 40.223807467545129 ], [ -8.43489456752598, 40.221120232625566 ], [ -8.431354955873642, 40.221120232625566 ], [ -8.431564245229497, 40.223807467545129 ], [ -8.435103944744707, 40.223807467545129 ] ] ] } },
{ "type": "Feature", "properties": { "fid": 931, "Population": 47 }, "geometry": { "type": "Polygon", "coordinates": [ [ [ -8.431564245229497, 40.223807467545129 ], [ -8.431354955873642, 40.221120232625566 ], [ -8.427815344221303, 40.221120232625566 ], [ -8.428024545714289, 40.223807467545129 ], [ -8.431564245229497, 40.223807467545129 ] ] ] } },
{ "type": "Feature", "properties": { "fid": 932, "Population": 20 }, "geometry": { "type": "Polygon", "coordinates": [ [ [ -8.424484846199078, 40.223807467545129 ], [ -8.424275732568962, 40.221120232625566 ], [ -8.420736120916622, 40.221120232625566 ], [ -8.420945146683868, 40.223807467545129 ], [ -8.424484846199078, 40.223807467545129 ] ] ] } },
{ "type": "Feature", "properties": { "fid": 933, "Population": 2 }, "geometry": { "type": "Polygon", "coordinates": [ [ [ -8.420945146683868, 40.223807467545129 ], [ -8.420736120916622, 40.221120232625566 ], [ -8.417196509264281, 40.221120232625566 ], [ -8.417405447168658, 40.223807467545129 ], [ -8.420945146683868, 40.223807467545129 ] ] ] } },
{ "type": "Feature", "properties": { "fid": 934, "Population": 24 }, "geometry": { "type": "Polygon", "coordinates": [ [ [ -8.417405447168658, 40.223807467545129 ], [ -8.417196509264281, 40.221120232625566 ], [ -8.413656897611943, 40.221120232625566 ], [ -8.413865747653448, 40.223807467545129 ], [ -8.417405447168658, 40.223807467545129 ] ] ] } },
{ "type": "Feature", "properties": { "fid": 935, "Population": 26 }, "geometry": { "type": "Polygon", "coordinates": [ [ [ -8.413865747653448, 40.223807467545129 ], [ -8.413656897611943, 40.221120232625566 ], [ -8.410117285959602, 40.221120232625566 ], [ -8.410326048138238, 40.223807467545129 ], [ -8.413865747653448, 40.223807467545129 ] ] ] } },
{ "type": "Feature", "properties": { "fid": 936, "Population": 81 }, "geometry": { "type": "Polygon", "coordinates": [ [ [ -8.410326048138238, 40.223807467545129 ], [ -8.410117285959602, 40.221120232625566 ], [ -8.406577674307263, 40.221120232625566 ], [ -8.406786348623028, 40.223807467545129 ], [ -8.410326048138238, 40.223807467545129 ] ] ] } },
{ "type": "Feature", "properties": { "fid": 937, "Population": 88 }, "geometry": { "type": "Polygon", "coordinates": [ [ [ -8.406786348623028, 40.223807467545129 ], [ -8.406577674307263, 40.221120232625566 ], [ -8.403038062654922, 40.221120232625566 ], [ -8.403246649107819, 40.223807467545129 ], [ -8.406786348623028, 40.223807467545129 ] ] ] } },
{ "type": "Feature", "properties": { "fid": 938, "Population": 9 }, "geometry": { "type": "Polygon", "coordinates": [ [ [ -8.399706949592611, 40.223807467545129 ], [ -8.399498451002582, 40.221120232625566 ], [ -8.395958839350241, 40.221120232625566 ], [ -8.396167250077401, 40.223807467545129 ], [ -8.399706949592611, 40.223807467545129 ] ] ] } },
{ "type": "Feature", "properties": { "fid": 939, "Population": 21 }, "geometry": { "type": "Polygon", "coordinates": [ [ [ -8.378468752501352, 40.223807467545129 ], [ -8.378260781088542, 40.221120232625566 ], [ -8.371181557783864, 40.221120232625566 ], [ -8.371389353470931, 40.223807467545129 ], [ -8.378468752501352, 40.223807467545129 ] ] ] } },
{ "type": "Feature", "properties": { "fid": 940, "Population": 62 }, "geometry": { "type": "Polygon", "coordinates": [ [ [ -8.428024545714289, 40.223807467545129 ], [ -8.427606171340956, 40.218433037591808 ], [ -8.424066647539471, 40.218433037591808 ], [ -8.424484846199078, 40.223807467545129 ], [ -8.428024545714289, 40.223807467545129 ] ] ] } },
{ "type": "Feature", "properties": { "fid": 941, "Population": 33 }, "geometry": { "type": "Polygon", "coordinates": [ [ [ -8.403246649107819, 40.223807467545129 ], [ -8.402829504730548, 40.218433037591808 ], [ -8.39928998092906, 40.218433037591808 ], [ -8.399706949592611, 40.223807467545129 ], [ -8.403246649107819, 40.223807467545129 ] ] ] } },
{ "type": "Feature", "properties": { "fid": 942, "Population": 38 }, "geometry": { "type": "Polygon", "coordinates": [ [ [ -8.54816214040086, 40.221120232625566 ], [ -8.547949980591522, 40.218433037591808 ], [ -8.544410456790036, 40.218433037591808 ], [ -8.544622528748519, 40.221120232625566 ], [ -8.54816214040086, 40.221120232625566 ] ] ] } },
{ "type": "Feature", "properties": { "fid": 943, "Population": 1 }, "geometry": { "type": "Polygon", "coordinates": [ [ [ -8.47383029570172, 40.221120232625566 ], [ -8.47361998076029, 40.218433037591808 ], [ -8.470080456958803, 40.218433037591808 ], [ -8.470290684049381, 40.221120232625566 ], [ -8.47383029570172, 40.221120232625566 ] ] ] } },
{ "type": "Feature", "properties": { "fid": 944, "Population": 2 }, "geometry": { "type": "Polygon", "coordinates": [ [ [ -8.466751072397042, 40.221120232625566 ], [ -8.466540933157317, 40.218433037591808 ], [ -8.463001409355829, 40.218433037591808 ], [ -8.4632114607447, 40.221120232625566 ], [ -8.466751072397042, 40.221120232625566 ] ] ] } },
{ "type": "Feature", "properties": { "fid": 945, "Population": 1 }, "geometry": { "type": "Polygon", "coordinates": [ [ [ -8.4632114607447, 40.221120232625566 ], [ -8.463001409355829, 40.218433037591808 ], [ -8.459461885554342, 40.218433037591808 ], [ -8.459671849092361, 40.221120232625566 ], [ -8.4632114607447, 40.221120232625566 ] ] ] } },
{ "type": "Feature", "properties": { "fid": 946, "Population": 3 }, "geometry": { "type": "Polygon", "coordinates": [ [ [ -8.459671849092361, 40.221120232625566 ], [ -8.459461885554342, 40.218433037591808 ], [ -8.455922361752856, 40.218433037591808 ], [ -8.45613223744002, 40.221120232625566 ], [ -8.459671849092361, 40.221120232625566 ] ] ] } },
{ "type": "Feature", "properties": { "fid": 947, "Population": 5 }, "geometry": { "type": "Polygon", "coordinates": [ [ [ -8.45613223744002, 40.221120232625566 ], [ -8.455922361752856, 40.218433037591808 ], [ -8.452382837951369, 40.218433037591808 ], [ -8.452592625787682, 40.221120232625566 ], [ -8.45613223744002, 40.221120232625566 ] ] ] } },
{ "type": "Feature", "properties": { "fid": 948, "Population": 14 }, "geometry": { "type": "Polygon", "coordinates": [ [ [ -8.44197379083066, 40.221120232625566 ], [ -8.441764266546906, 40.218433037591808 ], [ -8.438224742745419, 40.218433037591808 ], [ -8.438434179178321, 40.221120232625566 ], [ -8.44197379083066, 40.221120232625566 ] ] ] } },
{ "type": "Feature", "properties": { "fid": 949, "Population": 196 }, "geometry": { "type": "Polygon", "coordinates": [ [ [ -8.438434179178321, 40.221120232625566 ], [ -8.438224742745419, 40.218433037591808 ], [ -8.434685218943933, 40.218433037591808 ], [ -8.43489456752598, 40.221120232625566 ], [ -8.438434179178321, 40.221120232625566 ] ] ] } },
{ "type": "Feature", "properties": { "fid": 950, "Population": 60 }, "geometry": { "type": "Polygon", "coordinates": [ [ [ -8.43489456752598, 40.221120232625566 ], [ -8.434685218943933, 40.218433037591808 ], [ -8.431145695142446, 40.218433037591808 ], [ -8.431354955873642, 40.221120232625566 ], [ -8.43489456752598, 40.221120232625566 ] ] ] } },
{ "type": "Feature", "properties": { "fid": 951, "Population": 187 }, "geometry": { "type": "Polygon", "coordinates": [ [ [ -8.431354955873642, 40.221120232625566 ], [ -8.431145695142446, 40.218433037591808 ], [ -8.427606171340956, 40.218433037591808 ], [ -8.427815344221303, 40.221120232625566 ], [ -8.431354955873642, 40.221120232625566 ] ] ] } },
{ "type": "Feature", "properties": { "fid": 952, "Population": 6 }, "geometry": { "type": "Polygon", "coordinates": [ [ [ -8.424275732568962, 40.221120232625566 ], [ -8.424066647539471, 40.218433037591808 ], [ -8.420527123737983, 40.218433037591808 ], [ -8.420736120916622, 40.221120232625566 ], [ -8.424275732568962, 40.221120232625566 ] ] ] } },
{ "type": "Feature", "properties": { "fid": 953, "Population": 3 }, "geometry": { "type": "Polygon", "coordinates": [ [ [ -8.420736120916622, 40.221120232625566 ], [ -8.420527123737983, 40.218433037591808 ], [ -8.416987599936496, 40.218433037591808 ], [ -8.417196509264281, 40.221120232625566 ], [ -8.420736120916622, 40.221120232625566 ] ] ] } },
{ "type": "Feature", "properties": { "fid": 954, "Population": 98 }, "geometry": { "type": "Polygon", "coordinates": [ [ [ -8.413656897611943, 40.221120232625566 ], [ -8.41344807613501, 40.218433037591808 ], [ -8.409908552333523, 40.218433037591808 ], [ -8.410117285959602, 40.221120232625566 ], [ -8.413656897611943, 40.221120232625566 ] ] ] } },
{ "type": "Feature", "properties": { "fid": 955, "Population": 158 }, "geometry": { "type": "Polygon", "coordinates": [ [ [ -8.410117285959602, 40.221120232625566 ], [ -8.409908552333523, 40.218433037591808 ], [ -8.406369028532033, 40.218433037591808 ], [ -8.406577674307263, 40.221120232625566 ], [ -8.410117285959602, 40.221120232625566 ] ] ] } },
{ "type": "Feature", "properties": { "fid": 956, "Population": 117 }, "geometry": { "type": "Polygon", "coordinates": [ [ [ -8.406577674307263, 40.221120232625566 ], [ -8.406369028532033, 40.218433037591808 ], [ -8.402829504730548, 40.218433037591808 ], [ -8.403038062654922, 40.221120232625566 ], [ -8.406577674307263, 40.221120232625566 ] ] ] } },
{ "type": "Feature", "properties": { "fid": 957, "Population": 37 }, "geometry": { "type": "Polygon", "coordinates": [ [ [ -8.399498451002582, 40.221120232625566 ], [ -8.39928998092906, 40.218433037591808 ], [ -8.395750457127573, 40.218433037591808 ], [ -8.395958839350241, 40.221120232625566 ], [ -8.399498451002582, 40.221120232625566 ] ] ] } },
{ "type": "Feature", "properties": { "fid": 958, "Population": 1 }, "geometry": { "type": "Polygon", "coordinates": [ [ [ -8.395958839350241, 40.221120232625566 ], [ -8.395750457127573, 40.218433037591808 ], [ -8.392210933326085, 40.218433037591808 ], [ -8.392419227697903, 40.221120232625566 ], [ -8.395958839350241, 40.221120232625566 ] ] ] } },
{ "type": "Feature", "properties": { "fid": 959, "Population": 7 }, "geometry": { "type": "Polygon", "coordinates": [ [ [ -8.381800392740882, 40.221120232625566 ], [ -8.381592361921623, 40.218433037591808 ], [ -8.378052838120137, 40.218433037591808 ], [ -8.378260781088542, 40.221120232625566 ], [ -8.381800392740882, 40.221120232625566 ] ] ] } },
{ "type": "Feature", "properties": { "fid": 960, "Population": 33 }, "geometry": { "type": "Polygon", "coordinates": [ [ [ -8.378260781088542, 40.221120232625566 ], [ -8.378052838120137, 40.218433037591808 ], [ -8.37451331431865, 40.218433037591808 ], [ -8.374721169436203, 40.221120232625566 ], [ -8.378260781088542, 40.221120232625566 ] ] ] } },
{ "type": "Feature", "properties": { "fid": 961, "Population": 43 }, "geometry": { "type": "Polygon", "coordinates": [ [ [ -8.374721169436203, 40.221120232625566 ], [ -8.37451331431865, 40.218433037591808 ], [ -8.370973790517162, 40.218433037591808 ], [ -8.371181557783864, 40.221120232625566 ], [ -8.374721169436203, 40.221120232625566 ] ] ] } },
{ "type": "Feature", "properties": { "fid": 962, "Population": 12 }, "geometry": { "type": "Polygon", "coordinates": [ [ [ -8.318087382998765, 40.221120232625566 ], [ -8.317880933494855, 40.218433037591808 ], [ -8.314341409693368, 40.218433037591808 ], [ -8.314547771346426, 40.221120232625566 ], [ -8.318087382998765, 40.221120232625566 ] ] ] } },
{ "type": "Feature", "properties": { "fid": 963, "Population": 12 }, "geometry": { "type": "Polygon", "coordinates": [ [ [ -8.417196509264281, 40.221120232625566 ], [ -8.416778719180462, 40.215745882439002 ], [ -8.413239283217811, 40.215745882439002 ], [ -8.413656897611943, 40.221120232625566 ], [ -8.417196509264281, 40.221120232625566 ] ] ] } },
{ "type": "Feature", "properties": { "fid": 964, "Population": 18 }, "geometry": { "type": "Polygon", "coordinates": [ [ [ -8.466540933157317, 40.218433037591808 ], [ -8.466330822657552, 40.215745882439002 ], [ -8.462791386694903, 40.215745882439002 ], [ -8.463001409355829, 40.218433037591808 ], [ -8.466540933157317, 40.218433037591808 ] ] ] } },
{ "type": "Feature", "properties": { "fid": 965, "Population": 10 }, "geometry": { "type": "Polygon", "coordinates": [ [ [ -8.463001409355829, 40.218433037591808 ], [ -8.462791386694903, 40.215745882439002 ], [ -8.459251950732254, 40.215745882439002 ], [ -8.459461885554342, 40.218433037591808 ], [ -8.463001409355829, 40.218433037591808 ] ] ] } },
{ "type": "Feature", "properties": { "fid": 966, "Population": 31 }, "geometry": { "type": "Polygon", "coordinates": [ [ [ -8.459461885554342, 40.218433037591808 ], [ -8.459251950732254, 40.215745882439002 ], [ -8.455712514769605, 40.215745882439002 ], [ -8.455922361752856, 40.218433037591808 ], [ -8.459461885554342, 40.218433037591808 ] ] ] } },
{ "type": "Feature", "properties": { "fid": 967, "Population": 81 }, "geometry": { "type": "Polygon", "coordinates": [ [ [ -8.455922361752856, 40.218433037591808 ], [ -8.455712514769605, 40.215745882439002 ], [ -8.452173078806956, 40.215745882439002 ], [ -8.452382837951369, 40.218433037591808 ], [ -8.455922361752856, 40.218433037591808 ] ] ] } },
{ "type": "Feature", "properties": { "fid": 968, "Population": 32 }, "geometry": { "type": "Polygon", "coordinates": [ [ [ -8.452382837951369, 40.218433037591808 ], [ -8.452173078806956, 40.215745882439002 ], [ -8.448633642844305, 40.215745882439002 ], [ -8.44884331414988, 40.218433037591808 ], [ -8.452382837951369, 40.218433037591808 ] ] ] } },
{ "type": "Feature", "properties": { "fid": 969, "Population": 214 }, "geometry": { "type": "Polygon", "coordinates": [ [ [ -8.438224742745419, 40.218433037591808 ], [ -8.438015334956358, 40.215745882439002 ], [ -8.434475898993709, 40.215745882439002 ], [ -8.434685218943933, 40.218433037591808 ], [ -8.438224742745419, 40.218433037591808 ] ] ] } },
{ "type": "Feature", "properties": { "fid": 970, "Population": 76 }, "geometry": { "type": "Polygon", "coordinates": [ [ [ -8.434685218943933, 40.218433037591808 ], [ -8.434475898993709, 40.215745882439002 ], [ -8.430936463031058, 40.215745882439002 ], [ -8.431145695142446, 40.218433037591808 ], [ -8.434685218943933, 40.218433037591808 ] ] ] } },
{ "type": "Feature", "properties": { "fid": 971, "Population": 343 }, "geometry": { "type": "Polygon", "coordinates": [ [ [ -8.431145695142446, 40.218433037591808 ], [ -8.430936463031058, 40.215745882439002 ], [ -8.427397027068409, 40.215745882439002 ], [ -8.427606171340956, 40.218433037591808 ], [ -8.431145695142446, 40.218433037591808 ] ] ] } },
{ "type": "Feature", "properties": { "fid": 972, "Population": 154 }, "geometry": { "type": "Polygon", "coordinates": [ [ [ -8.427606171340956, 40.218433037591808 ], [ -8.427397027068409, 40.215745882439002 ], [ -8.42385759110576, 40.215745882439002 ], [ -8.424066647539471, 40.218433037591808 ], [ -8.427606171340956, 40.218433037591808 ] ] ] } },
{ "type": "Feature", "properties": { "fid": 973, "Population": 199 }, "geometry": { "type": "Polygon", "coordinates": [ [ [ -8.424066647539471, 40.218433037591808 ], [ -8.42385759110576, 40.215745882439002 ], [ -8.420318155143111, 40.215745882439002 ], [ -8.420527123737983, 40.218433037591808 ], [ -8.424066647539471, 40.218433037591808 ] ] ] } },
{ "type": "Feature", "properties": { "fid": 974, "Population": 171 }, "geometry": { "type": "Polygon", "coordinates": [ [ [ -8.420527123737983, 40.218433037591808 ], [ -8.420318155143111, 40.215745882439002 ], [ -8.416778719180462, 40.215745882439002 ], [ -8.416987599936496, 40.218433037591808 ], [ -8.420527123737983, 40.218433037591808 ] ] ] } },
{ "type": "Feature", "properties": { "fid": 975, "Population": 649 }, "geometry": { "type": "Polygon", "coordinates": [ [ [ -8.41344807613501, 40.218433037591808 ], [ -8.413239283217811, 40.215745882439002 ], [ -8.40969984725516, 40.215745882439002 ], [ -8.409908552333523, 40.218433037591808 ], [ -8.41344807613501, 40.218433037591808 ] ] ] } },
{ "type": "Feature", "properties": { "fid": 976, "Population": 398 }, "geometry": { "type": "Polygon", "coordinates": [ [ [ -8.409908552333523, 40.218433037591808 ], [ -8.40969984725516, 40.215745882439002 ], [ -8.406160411292511, 40.215745882439002 ], [ -8.406369028532033, 40.218433037591808 ], [ -8.409908552333523, 40.218433037591808 ] ] ] } },
{ "type": "Feature", "properties": { "fid": 977, "Population": 333 }, "geometry": { "type": "Polygon", "coordinates": [ [ [ -8.406369028532033, 40.218433037591808 ], [ -8.406160411292511, 40.215745882439002 ], [ -8.402620975329862, 40.215745882439002 ], [ -8.402829504730548, 40.218433037591808 ], [ -8.406369028532033, 40.218433037591808 ] ] ] } },
{ "type": "Feature", "properties": { "fid": 978, "Population": 453 }, "geometry": { "type": "Polygon", "coordinates": [ [ [ -8.402829504730548, 40.218433037591808 ], [ -8.402620975329862, 40.215745882439002 ], [ -8.399081539367213, 40.215745882439002 ], [ -8.39928998092906, 40.218433037591808 ], [ -8.402829504730548, 40.218433037591808 ] ] ] } },
{ "type": "Feature", "properties": { "fid": 979, "Population": 377 }, "geometry": { "type": "Polygon", "coordinates": [ [ [ -8.39928998092906, 40.218433037591808 ], [ -8.399081539367213, 40.215745882439002 ], [ -8.395542103404562, 40.215745882439002 ], [ -8.395750457127573, 40.218433037591808 ], [ -8.39928998092906, 40.218433037591808 ] ] ] } },
{ "type": "Feature", "properties": { "fid": 980, "Population": 4 }, "geometry": { "type": "Polygon", "coordinates": [ [ [ -8.395750457127573, 40.218433037591808 ], [ -8.395542103404562, 40.215745882439002 ], [ -8.392002667441913, 40.215745882439002 ], [ -8.392210933326085, 40.218433037591808 ], [ -8.395750457127573, 40.218433037591808 ] ] ] } },
{ "type": "Feature", "properties": { "fid": 981, "Population": 58 }, "geometry": { "type": "Polygon", "coordinates": [ [ [ -8.3886714095246, 40.218433037591808 ], [ -8.388463231479264, 40.215745882439002 ], [ -8.384923795516615, 40.215745882439002 ], [ -8.38513188572311, 40.218433037591808 ], [ -8.3886714095246, 40.218433037591808 ] ] ] } },
{ "type": "Feature", "properties": { "fid": 982, "Population": 18 }, "geometry": { "type": "Polygon", "coordinates": [ [ [ -8.38513188572311, 40.218433037591808 ], [ -8.384923795516615, 40.215745882439002 ], [ -8.381384359553966, 40.215745882439002 ], [ -8.381592361921623, 40.218433037591808 ], [ -8.38513188572311, 40.218433037591808 ] ] ] } },
{ "type": "Feature", "properties": { "fid": 983, "Population": 9 }, "geometry": { "type": "Polygon", "coordinates": [ [ [ -8.381592361921623, 40.218433037591808 ], [ -8.381384359553966, 40.215745882439002 ], [ -8.377844923591317, 40.215745882439002 ], [ -8.378052838120137, 40.218433037591808 ], [ -8.381592361921623, 40.218433037591808 ] ] ] } },
{ "type": "Feature", "properties": { "fid": 984, "Population": 94 }, "geometry": { "type": "Polygon", "coordinates": [ [ [ -8.378052838120137, 40.218433037591808 ], [ -8.377844923591317, 40.215745882439002 ], [ -8.374305487628666, 40.215745882439002 ], [ -8.37451331431865, 40.218433037591808 ], [ -8.378052838120137, 40.218433037591808 ] ] ] } },
{ "type": "Feature", "properties": { "fid": 985, "Population": 47 }, "geometry": { "type": "Polygon", "coordinates": [ [ [ -8.37451331431865, 40.218433037591808 ], [ -8.374305487628666, 40.215745882439002 ], [ -8.370766051666017, 40.215745882439002 ], [ -8.370973790517162, 40.218433037591808 ], [ -8.37451331431865, 40.218433037591808 ] ] ] } },
{ "type": "Feature", "properties": { "fid": 986, "Population": 4 }, "geometry": { "type": "Polygon", "coordinates": [ [ [ -8.317880933494855, 40.218433037591808 ], [ -8.317674512226276, 40.215745882439002 ], [ -8.314135076263627, 40.215745882439002 ], [ -8.314341409693368, 40.218433037591808 ], [ -8.317880933494855, 40.218433037591808 ] ] ] } },
{ "type": "Feature", "properties": { "fid": 987, "Population": 1 }, "geometry": { "type": "Polygon", "coordinates": [ [ [ -8.484028002470801, 40.215745882439002 ], [ -8.483817481572009, 40.213058767162352 ], [ -8.480278133436183, 40.213058767162352 ], [ -8.480488566508152, 40.215745882439002 ], [ -8.484028002470801, 40.215745882439002 ] ] ] } },
{ "type": "Feature", "properties": { "fid": 988, "Population": 8 }, "geometry": { "type": "Polygon", "coordinates": [ [ [ -8.473409694582852, 40.215745882439002 ], [ -8.473199437164533, 40.213058767162352 ], [ -8.469660089028711, 40.213058767162352 ], [ -8.469870258620203, 40.215745882439002 ], [ -8.473409694582852, 40.215745882439002 ] ] ] } },
{ "type": "Feature", "properties": { "fid": 989, "Population": 30 }, "geometry": { "type": "Polygon", "coordinates": [ [ [ -8.469870258620203, 40.215745882439002 ], [ -8.469660089028711, 40.213058767162352 ], [ -8.466120740892885, 40.213058767162352 ], [ -8.466330822657552, 40.215745882439002 ], [ -8.469870258620203, 40.215745882439002 ] ] ] } },
{ "type": "Feature", "properties": { "fid": 990, "Population": 138 }, "geometry": { "type": "Polygon", "coordinates": [ [ [ -8.466330822657552, 40.215745882439002 ], [ -8.466120740892885, 40.213058767162352 ], [ -8.462581392757059, 40.213058767162352 ], [ -8.462791386694903, 40.215745882439002 ], [ -8.466330822657552, 40.215745882439002 ] ] ] } },
{ "type": "Feature", "properties": { "fid": 991, "Population": 90 }, "geometry": { "type": "Polygon", "coordinates": [ [ [ -8.462791386694903, 40.215745882439002 ], [ -8.462581392757059, 40.213058767162352 ], [ -8.459042044621235, 40.213058767162352 ], [ -8.459251950732254, 40.215745882439002 ], [ -8.462791386694903, 40.215745882439002 ] ] ] } },
{ "type": "Feature", "properties": { "fid": 992, "Population": 168 }, "geometry": { "type": "Polygon", "coordinates": [ [ [ -8.459251950732254, 40.215745882439002 ], [ -8.459042044621235, 40.213058767162352 ], [ -8.455502696485411, 40.213058767162352 ], [ -8.455712514769605, 40.215745882439002 ], [ -8.459251950732254, 40.215745882439002 ] ] ] } },
{ "type": "Feature", "properties": { "fid": 993, "Population": 28 }, "geometry": { "type": "Polygon", "coordinates": [ [ [ -8.455712514769605, 40.215745882439002 ], [ -8.455502696485411, 40.213058767162352 ], [ -8.451963348349585, 40.213058767162352 ], [ -8.452173078806956, 40.215745882439002 ], [ -8.455712514769605, 40.215745882439002 ] ] ] } },
{ "type": "Feature", "properties": { "fid": 994, "Population": 2 }, "geometry": { "type": "Polygon", "coordinates": [ [ [ -8.452173078806956, 40.215745882439002 ], [ -8.451963348349585, 40.213058767162352 ], [ -8.448424000213761, 40.213058767162352 ], [ -8.448633642844305, 40.215745882439002 ], [ -8.452173078806956, 40.215745882439002 ] ] ] } },
{ "type": "Feature", "properties": { "fid": 995, "Population": 6 }, "geometry": { "type": "Polygon", "coordinates": [ [ [ -8.448633642844305, 40.215745882439002 ], [ -8.448424000213761, 40.213058767162352 ], [ -8.444884652077937, 40.213058767162352 ], [ -8.445094206881656, 40.215745882439002 ], [ -8.448633642844305, 40.215745882439002 ] ] ] } },
{ "type": "Feature", "properties": { "fid": 996, "Population": 20 }, "geometry": { "type": "Polygon", "coordinates": [ [ [ -8.445094206881656, 40.215745882439002 ], [ -8.444884652077937, 40.213058767162352 ], [ -8.441345303942111, 40.213058767162352 ], [ -8.441554770919007, 40.215745882439002 ], [ -8.445094206881656, 40.215745882439002 ] ] ] } },
{ "type": "Feature", "properties": { "fid": 997, "Population": 1 }, "geometry": { "type": "Polygon", "coordinates": [ [ [ -8.441554770919007, 40.215745882439002 ], [ -8.441345303942111, 40.213058767162352 ], [ -8.437805955806287, 40.213058767162352 ], [ -8.438015334956358, 40.215745882439002 ], [ -8.441554770919007, 40.215745882439002 ] ] ] } },
{ "type": "Feature", "properties": { "fid": 998, "Population": 205 }, "geometry": { "type": "Polygon", "coordinates": [ [ [ -8.438015334956358, 40.215745882439002 ], [ -8.437805955806287, 40.213058767162352 ], [ -8.434266607670461, 40.213058767162352 ], [ -8.434475898993709, 40.215745882439002 ], [ -8.438015334956358, 40.215745882439002 ] ] ] } },
{ "type": "Feature", "properties": { "fid": 999, "Population": 264 }, "geometry": { "type": "Polygon", "coordinates": [ [ [ -8.434475898993709, 40.215745882439002 ], [ -8.434266607670461, 40.213058767162352 ], [ -8.430727259534637, 40.213058767162352 ], [ -8.430936463031058, 40.215745882439002 ], [ -8.434475898993709, 40.215745882439002 ] ] ] } },
{ "type": "Feature", "properties": { "fid": 1000, "Population": 622 }, "geometry": { "type": "Polygon", "coordinates": [ [ [ -8.430936463031058, 40.215745882439002 ], [ -8.430727259534637, 40.213058767162352 ], [ -8.427187911398812, 40.213058767162352 ], [ -8.427397027068409, 40.215745882439002 ], [ -8.430936463031058, 40.215745882439002 ] ] ] } },
{ "type": "Feature", "properties": { "fid": 1001, "Population": 361 }, "geometry": { "type": "Polygon", "coordinates": [ [ [ -8.427397027068409, 40.215745882439002 ], [ -8.427187911398812, 40.213058767162352 ], [ -8.423648563262986, 40.213058767162352 ], [ -8.42385759110576, 40.215745882439002 ], [ -8.427397027068409, 40.215745882439002 ] ] ] } },
{ "type": "Feature", "properties": { "fid": 1002, "Population": 492 }, "geometry": { "type": "Polygon", "coordinates": [ [ [ -8.42385759110576, 40.215745882439002 ], [ -8.423648563262986, 40.213058767162352 ], [ -8.420109215127162, 40.213058767162352 ], [ -8.420318155143111, 40.215745882439002 ], [ -8.42385759110576, 40.215745882439002 ] ] ] } },
{ "type": "Feature", "properties": { "fid": 1003, "Population": 673 }, "geometry": { "type": "Polygon", "coordinates": [ [ [ -8.420318155143111, 40.215745882439002 ], [ -8.420109215127162, 40.213058767162352 ], [ -8.416569866991338, 40.213058767162352 ], [ -8.416778719180462, 40.215745882439002 ], [ -8.420318155143111, 40.215745882439002 ] ] ] } },
{ "type": "Feature", "properties": { "fid": 1004, "Population": 325 }, "geometry": { "type": "Polygon", "coordinates": [ [ [ -8.416778719180462, 40.215745882439002 ], [ -8.416569866991338, 40.213058767162352 ], [ -8.413030518855512, 40.213058767162352 ], [ -8.413239283217811, 40.215745882439002 ], [ -8.416778719180462, 40.215745882439002 ] ] ] } },
{ "type": "Feature", "properties": { "fid": 1005, "Population": 340 }, "geometry": { "type": "Polygon", "coordinates": [ [ [ -8.413239283217811, 40.215745882439002 ], [ -8.413030518855512, 40.213058767162352 ], [ -8.409491170719688, 40.213058767162352 ], [ -8.40969984725516, 40.215745882439002 ], [ -8.413239283217811, 40.215745882439002 ] ] ] } },
{ "type": "Feature", "properties": { "fid": 1006, "Population": 494 }, "geometry": { "type": "Polygon", "coordinates": [ [ [ -8.40969984725516, 40.215745882439002 ], [ -8.409491170719688, 40.213058767162352 ], [ -8.405951822583862, 40.213058767162352 ], [ -8.406160411292511, 40.215745882439002 ], [ -8.40969984725516, 40.215745882439002 ] ] ] } },
{ "type": "Feature", "properties": { "fid": 1007, "Population": 292 }, "geometry": { "type": "Polygon", "coordinates": [ [ [ -8.406160411292511, 40.215745882439002 ], [ -8.405951822583862, 40.213058767162352 ], [ -8.402412474448038, 40.213058767162352 ], [ -8.402620975329862, 40.215745882439002 ], [ -8.406160411292511, 40.215745882439002 ] ] ] } },
{ "type": "Feature", "properties": { "fid": 1008, "Population": 384 }, "geometry": { "type": "Polygon", "coordinates": [ [ [ -8.402620975329862, 40.215745882439002 ], [ -8.402412474448038, 40.213058767162352 ], [ -8.398873126312214, 40.213058767162352 ], [ -8.399081539367213, 40.215745882439002 ], [ -8.402620975329862, 40.215745882439002 ] ] ] } },
{ "type": "Feature", "properties": { "fid": 1009, "Population": 521 }, "geometry": { "type": "Polygon", "coordinates": [ [ [ -8.399081539367213, 40.215745882439002 ], [ -8.398873126312214, 40.213058767162352 ], [ -8.395333778176388, 40.213058767162352 ], [ -8.395542103404562, 40.215745882439002 ], [ -8.399081539367213, 40.215745882439002 ] ] ] } },
{ "type": "Feature", "properties": { "fid": 1010, "Population": 162 }, "geometry": { "type": "Polygon", "coordinates": [ [ [ -8.395542103404562, 40.215745882439002 ], [ -8.395333778176388, 40.213058767162352 ], [ -8.391794430040562, 40.213058767162352 ], [ -8.392002667441913, 40.215745882439002 ], [ -8.395542103404562, 40.215745882439002 ] ] ] } },
{ "type": "Feature", "properties": { "fid": 1011, "Population": 116 }, "geometry": { "type": "Polygon", "coordinates": [ [ [ -8.392002667441913, 40.215745882439002 ], [ -8.391794430040562, 40.213058767162352 ], [ -8.38825508190474, 40.213058767162352 ], [ -8.388463231479264, 40.215745882439002 ], [ -8.392002667441913, 40.215745882439002 ] ] ] } },
{ "type": "Feature", "properties": { "fid": 1012, "Population": 133 }, "geometry": { "type": "Polygon", "coordinates": [ [ [ -8.388463231479264, 40.215745882439002 ], [ -8.38825508190474, 40.213058767162352 ], [ -8.384715733768914, 40.213058767162352 ], [ -8.384923795516615, 40.215745882439002 ], [ -8.388463231479264, 40.215745882439002 ] ] ] } },
{ "type": "Feature", "properties": { "fid": 1013, "Population": 36 }, "geometry": { "type": "Polygon", "coordinates": [ [ [ -8.384923795516615, 40.215745882439002 ], [ -8.384715733768914, 40.213058767162352 ], [ -8.38117638563309, 40.213058767162352 ], [ -8.381384359553966, 40.215745882439002 ], [ -8.384923795516615, 40.215745882439002 ] ] ] } },
{ "type": "Feature", "properties": { "fid": 1014, "Population": 8 }, "geometry": { "type": "Polygon", "coordinates": [ [ [ -8.381384359553966, 40.215745882439002 ], [ -8.38117638563309, 40.213058767162352 ], [ -8.377637037497266, 40.213058767162352 ], [ -8.377844923591317, 40.215745882439002 ], [ -8.381384359553966, 40.215745882439002 ] ] ] } },
{ "type": "Feature", "properties": { "fid": 1015, "Population": 37 }, "geometry": { "type": "Polygon", "coordinates": [ [ [ -8.377844923591317, 40.215745882439002 ], [ -8.377637037497266, 40.213058767162352 ], [ -8.37409768936144, 40.213058767162352 ], [ -8.374305487628666, 40.215745882439002 ], [ -8.377844923591317, 40.215745882439002 ] ] ] } },
{ "type": "Feature", "properties": { "fid": 1016, "Population": 42 }, "geometry": { "type": "Polygon", "coordinates": [ [ [ -8.374305487628666, 40.215745882439002 ], [ -8.37409768936144, 40.213058767162352 ], [ -8.370558341225616, 40.213058767162352 ], [ -8.370766051666017, 40.215745882439002 ], [ -8.374305487628666, 40.215745882439002 ] ] ] } },
{ "type": "Feature", "properties": { "fid": 1017, "Population": 12 }, "geometry": { "type": "Polygon", "coordinates": [ [ [ -8.317674512226276, 40.215745882439002 ], [ -8.317468119188245, 40.213058767162352 ], [ -8.313928771052419, 40.213058767162352 ], [ -8.314135076263627, 40.215745882439002 ], [ -8.317674512226276, 40.215745882439002 ] ] ] } },
{ "type": "Feature", "properties": { "fid": 1018, "Population": 2 }, "geometry": { "type": "Polygon", "coordinates": [ [ [ -8.363687179740719, 40.215745882439002 ], [ -8.363272138549124, 40.210371691756933 ], [ -8.356193617907103, 40.210371691756933 ], [ -8.356400948682316, 40.213058767162352 ], [ -8.359940296818142, 40.213058767162352 ], [ -8.36014774377807, 40.215745882439002 ], [ -8.363687179740719, 40.215745882439002 ] ] ] } },
{ "type": "Feature", "properties": { "fid": 1019, "Population": 2 }, "geometry": { "type": "Polygon", "coordinates": [ [ [ -8.494435525979483, 40.213058767162352 ], [ -8.494224770426534, 40.210371691756933 ], [ -8.490685510105523, 40.210371691756933 ], [ -8.490896177843657, 40.213058767162352 ], [ -8.494435525979483, 40.213058767162352 ] ] ] } },
{ "type": "Feature", "properties": { "fid": 1020, "Population": 1 }, "geometry": { "type": "Polygon", "coordinates": [ [ [ -8.487356829707833, 40.213058767162352 ], [ -8.487146249784512, 40.210371691756933 ], [ -8.483606989463501, 40.210371691756933 ], [ -8.483817481572009, 40.213058767162352 ], [ -8.487356829707833, 40.213058767162352 ] ] ] } },
{ "type": "Feature", "properties": { "fid": 1021, "Population": 2 }, "geometry": { "type": "Polygon", "coordinates": [ [ [ -8.483817481572009, 40.213058767162352 ], [ -8.483606989463501, 40.210371691756933 ], [ -8.476528468821479, 40.210371691756933 ], [ -8.476738785300359, 40.213058767162352 ], [ -8.483817481572009, 40.213058767162352 ] ] ] } },
{ "type": "Feature", "properties": { "fid": 1022, "Population": 31 }, "geometry": { "type": "Polygon", "coordinates": [ [ [ -8.476738785300359, 40.213058767162352 ], [ -8.476528468821479, 40.210371691756933 ], [ -8.472989208500469, 40.210371691756933 ], [ -8.473199437164533, 40.213058767162352 ], [ -8.476738785300359, 40.213058767162352 ] ] ] } },
{ "type": "Feature", "properties": { "fid": 1023, "Population": 102 }, "geometry": { "type": "Polygon", "coordinates": [ [ [ -8.473199437164533, 40.213058767162352 ], [ -8.472989208500469, 40.210371691756933 ], [ -8.469449948179456, 40.210371691756933 ], [ -8.469660089028711, 40.213058767162352 ], [ -8.473199437164533, 40.213058767162352 ] ] ] } },
{ "type": "Feature", "properties": { "fid": 1024, "Population": 113 }, "geometry": { "type": "Polygon", "coordinates": [ [ [ -8.469660089028711, 40.213058767162352 ], [ -8.469449948179456, 40.210371691756933 ], [ -8.465910687858445, 40.210371691756933 ], [ -8.466120740892885, 40.213058767162352 ], [ -8.469660089028711, 40.213058767162352 ] ] ] } },
{ "type": "Feature", "properties": { "fid": 1025, "Population": 139 }, "geometry": { "type": "Polygon", "coordinates": [ [ [ -8.466120740892885, 40.213058767162352 ], [ -8.465910687858445, 40.210371691756933 ], [ -8.462371427537434, 40.210371691756933 ], [ -8.462581392757059, 40.213058767162352 ], [ -8.466120740892885, 40.213058767162352 ] ] ] } },
{ "type": "Feature", "properties": { "fid": 1026, "Population": 95 }, "geometry": { "type": "Polygon", "coordinates": [ [ [ -8.462581392757059, 40.213058767162352 ], [ -8.462371427537434, 40.210371691756933 ], [ -8.458832167216423, 40.210371691756933 ], [ -8.459042044621235, 40.213058767162352 ], [ -8.462581392757059, 40.213058767162352 ] ] ] } },
{ "type": "Feature", "properties": { "fid": 1027, "Population": 258 }, "geometry": { "type": "Polygon", "coordinates": [ [ [ -8.459042044621235, 40.213058767162352 ], [ -8.458832167216423, 40.210371691756933 ], [ -8.455292906895412, 40.210371691756933 ], [ -8.455502696485411, 40.213058767162352 ], [ -8.459042044621235, 40.213058767162352 ] ] ] } },
{ "type": "Feature", "properties": { "fid": 1028, "Population": 47 }, "geometry": { "type": "Polygon", "coordinates": [ [ [ -8.455502696485411, 40.213058767162352 ], [ -8.455292906895412, 40.210371691756933 ], [ -8.451753646574401, 40.210371691756933 ], [ -8.451963348349585, 40.213058767162352 ], [ -8.455502696485411, 40.213058767162352 ] ] ] } },
{ "type": "Feature", "properties": { "fid": 1029, "Population": 26 }, "geometry": { "type": "Polygon", "coordinates": [ [ [ -8.451963348349585, 40.213058767162352 ], [ -8.451753646574401, 40.210371691756933 ], [ -8.44821438625339, 40.210371691756933 ], [ -8.448424000213761, 40.213058767162352 ], [ -8.451963348349585, 40.213058767162352 ] ] ] } },
{ "type": "Feature", "properties": { "fid": 1030, "Population": 59 }, "geometry": { "type": "Polygon", "coordinates": [ [ [ -8.448424000213761, 40.213058767162352 ], [ -8.44821438625339, 40.210371691756933 ], [ -8.444675125932379, 40.210371691756933 ], [ -8.444884652077937, 40.213058767162352 ], [ -8.448424000213761, 40.213058767162352 ] ] ] } },
{ "type": "Feature", "properties": { "fid": 1031, "Population": 15 }, "geometry": { "type": "Polygon", "coordinates": [ [ [ -8.444884652077937, 40.213058767162352 ], [ -8.444675125932379, 40.210371691756933 ], [ -8.441135865611368, 40.210371691756933 ], [ -8.441345303942111, 40.213058767162352 ], [ -8.444884652077937, 40.213058767162352 ] ] ] } },
{ "type": "Feature", "properties": { "fid": 1032, "Population": 2 }, "geometry": { "type": "Polygon", "coordinates": [ [ [ -8.441345303942111, 40.213058767162352 ], [ -8.441135865611368, 40.210371691756933 ], [ -8.437596605290357, 40.210371691756933 ], [ -8.437805955806287, 40.213058767162352 ], [ -8.441345303942111, 40.213058767162352 ] ] ] } },
{ "type": "Feature", "properties": { "fid": 1033, "Population": 26 }, "geometry": { "type": "Polygon", "coordinates": [ [ [ -8.437805955806287, 40.213058767162352 ], [ -8.437596605290357, 40.210371691756933 ], [ -8.434057344969347, 40.210371691756933 ], [ -8.434266607670461, 40.213058767162352 ], [ -8.437805955806287, 40.213058767162352 ] ] ] } },
{ "type": "Feature", "properties": { "fid": 1034, "Population": 184 }, "geometry": { "type": "Polygon", "coordinates": [ [ [ -8.434266607670461, 40.213058767162352 ], [ -8.434057344969347, 40.210371691756933 ], [ -8.430518084648334, 40.210371691756933 ], [ -8.430727259534637, 40.213058767162352 ], [ -8.434266607670461, 40.213058767162352 ] ] ] } },
{ "type": "Feature", "properties": { "fid": 1035, "Population": 459 }, "geometry": { "type": "Polygon", "coordinates": [ [ [ -8.430727259534637, 40.213058767162352 ], [ -8.430518084648334, 40.210371691756933 ], [ -8.426978824327323, 40.210371691756933 ], [ -8.427187911398812, 40.213058767162352 ], [ -8.430727259534637, 40.213058767162352 ] ] ] } },
{ "type": "Feature", "properties": { "fid": 1036, "Population": 430 }, "geometry": { "type": "Polygon", "coordinates": [ [ [ -8.427187911398812, 40.213058767162352 ], [ -8.426978824327323, 40.210371691756933 ], [ -8.423439564006312, 40.210371691756933 ], [ -8.423648563262986, 40.213058767162352 ], [ -8.427187911398812, 40.213058767162352 ] ] ] } },
{ "type": "Feature", "properties": { "fid": 1037, "Population": 608 }, "geometry": { "type": "Polygon", "coordinates": [ [ [ -8.423648563262986, 40.213058767162352 ], [ -8.423439564006312, 40.210371691756933 ], [ -8.419900303685301, 40.210371691756933 ], [ -8.420109215127162, 40.213058767162352 ], [ -8.423648563262986, 40.213058767162352 ] ] ] } },
{ "type": "Feature", "properties": { "fid": 1038, "Population": 449 }, "geometry": { "type": "Polygon", "coordinates": [ [ [ -8.420109215127162, 40.213058767162352 ], [ -8.419900303685301, 40.210371691756933 ], [ -8.41636104336429, 40.210371691756933 ], [ -8.416569866991338, 40.213058767162352 ], [ -8.420109215127162, 40.213058767162352 ] ] ] } },
{ "type": "Feature", "properties": { "fid": 1039, "Population": 290 }, "geometry": { "type": "Polygon", "coordinates": [ [ [ -8.416569866991338, 40.213058767162352 ], [ -8.41636104336429, 40.210371691756933 ], [ -8.412821783043279, 40.210371691756933 ], [ -8.413030518855512, 40.213058767162352 ], [ -8.416569866991338, 40.213058767162352 ] ] ] } },
{ "type": "Feature", "properties": { "fid": 1040, "Population": 347 }, "geometry": { "type": "Polygon", "coordinates": [ [ [ -8.413030518855512, 40.213058767162352 ], [ -8.412821783043279, 40.210371691756933 ], [ -8.409282522722268, 40.210371691756933 ], [ -8.409491170719688, 40.213058767162352 ], [ -8.413030518855512, 40.213058767162352 ] ] ] } },
{ "type": "Feature", "properties": { "fid": 1041, "Population": 302 }, "geometry": { "type": "Polygon", "coordinates": [ [ [ -8.409491170719688, 40.213058767162352 ], [ -8.409282522722268, 40.210371691756933 ], [ -8.405743262401257, 40.210371691756933 ], [ -8.405951822583862, 40.213058767162352 ], [ -8.409491170719688, 40.213058767162352 ] ] ] } },
{ "type": "Feature", "properties": { "fid": 1042, "Population": 389 }, "geometry": { "type": "Polygon", "coordinates": [ [ [ -8.405951822583862, 40.213058767162352 ], [ -8.405743262401257, 40.210371691756933 ], [ -8.402204002080246, 40.210371691756933 ], [ -8.402412474448038, 40.213058767162352 ], [ -8.405951822583862, 40.213058767162352 ] ] ] } },
{ "type": "Feature", "properties": { "fid": 1043, "Population": 764 }, "geometry": { "type": "Polygon", "coordinates": [ [ [ -8.402412474448038, 40.213058767162352 ], [ -8.402204002080246, 40.210371691756933 ], [ -8.398664741759234, 40.210371691756933 ], [ -8.398873126312214, 40.213058767162352 ], [ -8.402412474448038, 40.213058767162352 ] ] ] } },
{ "type": "Feature", "properties": { "fid": 1044, "Population": 662 }, "geometry": { "type": "Polygon", "coordinates": [ [ [ -8.398873126312214, 40.213058767162352 ], [ -8.398664741759234, 40.210371691756933 ], [ -8.395125481438223, 40.210371691756933 ], [ -8.395333778176388, 40.213058767162352 ], [ -8.398873126312214, 40.213058767162352 ] ] ] } },
{ "type": "Feature", "properties": { "fid": 1045, "Population": 337 }, "geometry": { "type": "Polygon", "coordinates": [ [ [ -8.395333778176388, 40.213058767162352 ], [ -8.395125481438223, 40.210371691756933 ], [ -8.391586221117212, 40.210371691756933 ], [ -8.391794430040562, 40.213058767162352 ], [ -8.395333778176388, 40.213058767162352 ] ] ] } },
{ "type": "Feature", "properties": { "fid": 1046, "Population": 304 }, "geometry": { "type": "Polygon", "coordinates": [ [ [ -8.391794430040562, 40.213058767162352 ], [ -8.391586221117212, 40.210371691756933 ], [ -8.388046960796201, 40.210371691756933 ], [ -8.38825508190474, 40.213058767162352 ], [ -8.391794430040562, 40.213058767162352 ] ] ] } },
{ "type": "Feature", "properties": { "fid": 1047, "Population": 179 }, "geometry": { "type": "Polygon", "coordinates": [ [ [ -8.38825508190474, 40.213058767162352 ], [ -8.388046960796201, 40.210371691756933 ], [ -8.38450770047519, 40.210371691756933 ], [ -8.384715733768914, 40.213058767162352 ], [ -8.38825508190474, 40.213058767162352 ] ] ] } },
{ "type": "Feature", "properties": { "fid": 1048, "Population": 46 }, "geometry": { "type": "Polygon", "coordinates": [ [ [ -8.384715733768914, 40.213058767162352 ], [ -8.38450770047519, 40.210371691756933 ], [ -8.380968440154179, 40.210371691756933 ], [ -8.38117638563309, 40.213058767162352 ], [ -8.384715733768914, 40.213058767162352 ] ] ] } },
{ "type": "Feature", "properties": { "fid": 1049, "Population": 43 }, "geometry": { "type": "Polygon", "coordinates": [ [ [ -8.38117638563309, 40.213058767162352 ], [ -8.380968440154179, 40.210371691756933 ], [ -8.377429179833168, 40.210371691756933 ], [ -8.377637037497266, 40.213058767162352 ], [ -8.38117638563309, 40.213058767162352 ] ] ] } },
{ "type": "Feature", "properties": { "fid": 1050, "Population": 14 }, "geometry": { "type": "Polygon", "coordinates": [ [ [ -8.377637037497266, 40.213058767162352 ], [ -8.377429179833168, 40.210371691756933 ], [ -8.373889919512157, 40.210371691756933 ], [ -8.37409768936144, 40.213058767162352 ], [ -8.377637037497266, 40.213058767162352 ] ] ] } },
{ "type": "Feature", "properties": { "fid": 1051, "Population": 2 }, "geometry": { "type": "Polygon", "coordinates": [ [ [ -8.37409768936144, 40.213058767162352 ], [ -8.373889919512157, 40.210371691756933 ], [ -8.370350659191146, 40.210371691756933 ], [ -8.370558341225616, 40.213058767162352 ], [ -8.37409768936144, 40.213058767162352 ] ] ] } },
{ "type": "Feature", "properties": { "fid": 1052, "Population": 17 }, "geometry": { "type": "Polygon", "coordinates": [ [ [ -8.36701899308979, 40.213058767162352 ], [ -8.366811398870135, 40.210371691756933 ], [ -8.363272138549124, 40.210371691756933 ], [ -8.363479644953966, 40.213058767162352 ], [ -8.36701899308979, 40.213058767162352 ] ] ] } },
{ "type": "Feature", "properties": { "fid": 1053, "Population": 2 }, "geometry": { "type": "Polygon", "coordinates": [ [ [ -8.317468119188245, 40.213058767162352 ], [ -8.317261754375981, 40.210371691756933 ], [ -8.31372249405497, 40.210371691756933 ], [ -8.313928771052419, 40.213058767162352 ], [ -8.317468119188245, 40.213058767162352 ] ] ] } },
{ "type": "Feature", "properties": { "fid": 1054, "Population": 8 }, "geometry": { "type": "Polygon", "coordinates": [ [ [ -8.501303291068556, 40.210371691756933 ], [ -8.501092388731438, 40.207684656217978 ], [ -8.497553216213232, 40.207684656217978 ], [ -8.497764030747545, 40.210371691756933 ], [ -8.501303291068556, 40.210371691756933 ] ] ] } },
{ "type": "Feature", "properties": { "fid": 1055, "Population": 52 }, "geometry": { "type": "Polygon", "coordinates": [ [ [ -8.497764030747545, 40.210371691756933 ], [ -8.497553216213232, 40.207684656217978 ], [ -8.494014043695024, 40.207684656217978 ], [ -8.494224770426534, 40.210371691756933 ], [ -8.497764030747545, 40.210371691756933 ] ] ] } },
{ "type": "Feature", "properties": { "fid": 1056, "Population": 55 }, "geometry": { "type": "Polygon", "coordinates": [ [ [ -8.494224770426534, 40.210371691756933 ], [ -8.494014043695024, 40.207684656217978 ], [ -8.490474871176819, 40.207684656217978 ], [ -8.490685510105523, 40.210371691756933 ], [ -8.494224770426534, 40.210371691756933 ] ] ] } },
{ "type": "Feature", "properties": { "fid": 1057, "Population": 21 }, "geometry": { "type": "Polygon", "coordinates": [ [ [ -8.490685510105523, 40.210371691756933 ], [ -8.490474871176819, 40.207684656217978 ], [ -8.486935698658613, 40.207684656217978 ], [ -8.487146249784512, 40.210371691756933 ], [ -8.490685510105523, 40.210371691756933 ] ] ] } },
{ "type": "Feature", "properties": { "fid": 1058, "Population": 45 }, "geometry": { "type": "Polygon", "coordinates": [ [ [ -8.487146249784512, 40.210371691756933 ], [ -8.486935698658613, 40.207684656217978 ], [ -8.483396526140407, 40.207684656217978 ], [ -8.483606989463501, 40.210371691756933 ], [ -8.487146249784512, 40.210371691756933 ] ] ] } },
{ "type": "Feature", "properties": { "fid": 1059, "Population": 29 }, "geometry": { "type": "Polygon", "coordinates": [ [ [ -8.483606989463501, 40.210371691756933 ], [ -8.483396526140407, 40.207684656217978 ], [ -8.479857353622201, 40.207684656217978 ], [ -8.48006772914249, 40.210371691756933 ], [ -8.483606989463501, 40.210371691756933 ] ] ] } },
{ "type": "Feature", "properties": { "fid": 1060, "Population": 116 }, "geometry": { "type": "Polygon", "coordinates": [ [ [ -8.48006772914249, 40.210371691756933 ], [ -8.479857353622201, 40.207684656217978 ], [ -8.476318181103993, 40.207684656217978 ], [ -8.476528468821479, 40.210371691756933 ], [ -8.48006772914249, 40.210371691756933 ] ] ] } },
{ "type": "Feature", "properties": { "fid": 1061, "Population": 194 }, "geometry": { "type": "Polygon", "coordinates": [ [ [ -8.476528468821479, 40.210371691756933 ], [ -8.476318181103993, 40.207684656217978 ], [ -8.472779008585787, 40.207684656217978 ], [ -8.472989208500469, 40.210371691756933 ], [ -8.476528468821479, 40.210371691756933 ] ] ] } },
{ "type": "Feature", "properties": { "fid": 1062, "Population": 172 }, "geometry": { "type": "Polygon", "coordinates": [ [ [ -8.469449948179456, 40.210371691756933 ], [ -8.469239836067581, 40.207684656217978 ], [ -8.465700663549375, 40.207684656217978 ], [ -8.465910687858445, 40.210371691756933 ], [ -8.469449948179456, 40.210371691756933 ] ] ] } },
{ "type": "Feature", "properties": { "fid": 1063, "Population": 124 }, "geometry": { "type": "Polygon", "coordinates": [ [ [ -8.465910687858445, 40.210371691756933 ], [ -8.465700663549375, 40.207684656217978 ], [ -8.46216149103117, 40.207684656217978 ], [ -8.462371427537434, 40.210371691756933 ], [ -8.465910687858445, 40.210371691756933 ] ] ] } },
{ "type": "Feature", "properties": { "fid": 1064, "Population": 188 }, "geometry": { "type": "Polygon", "coordinates": [ [ [ -8.462371427537434, 40.210371691756933 ], [ -8.46216149103117, 40.207684656217978 ], [ -8.458622318512962, 40.207684656217978 ], [ -8.458832167216423, 40.210371691756933 ], [ -8.462371427537434, 40.210371691756933 ] ] ] } },
{ "type": "Feature", "properties": { "fid": 1065, "Population": 350 }, "geometry": { "type": "Polygon", "coordinates": [ [ [ -8.458832167216423, 40.210371691756933 ], [ -8.458622318512962, 40.207684656217978 ], [ -8.455083145994756, 40.207684656217978 ], [ -8.455292906895412, 40.210371691756933 ], [ -8.458832167216423, 40.210371691756933 ] ] ] } },
{ "type": "Feature", "properties": { "fid": 1066, "Population": 220 }, "geometry": { "type": "Polygon", "coordinates": [ [ [ -8.455292906895412, 40.210371691756933 ], [ -8.455083145994756, 40.207684656217978 ], [ -8.45154397347655, 40.207684656217978 ], [ -8.451753646574401, 40.210371691756933 ], [ -8.455292906895412, 40.210371691756933 ] ] ] } },
{ "type": "Feature", "properties": { "fid": 1067, "Population": 31 }, "geometry": { "type": "Polygon", "coordinates": [ [ [ -8.451753646574401, 40.210371691756933 ], [ -8.45154397347655, 40.207684656217978 ], [ -8.448004800958344, 40.207684656217978 ], [ -8.44821438625339, 40.210371691756933 ], [ -8.451753646574401, 40.210371691756933 ] ] ] } },
{ "type": "Feature", "properties": { "fid": 1068, "Population": 38 }, "geometry": { "type": "Polygon", "coordinates": [ [ [ -8.44821438625339, 40.210371691756933 ], [ -8.448004800958344, 40.207684656217978 ], [ -8.444465628440136, 40.207684656217978 ], [ -8.444675125932379, 40.210371691756933 ], [ -8.44821438625339, 40.210371691756933 ] ] ] } },
{ "type": "Feature", "properties": { "fid": 1069, "Population": 2 }, "geometry": { "type": "Polygon", "coordinates": [ [ [ -8.444675125932379, 40.210371691756933 ], [ -8.444465628440136, 40.207684656217978 ], [ -8.440926455921931, 40.207684656217978 ], [ -8.441135865611368, 40.210371691756933 ], [ -8.444675125932379, 40.210371691756933 ] ] ] } },
{ "type": "Feature", "properties": { "fid": 1070, "Population": 14 }, "geometry": { "type": "Polygon", "coordinates": [ [ [ -8.441135865611368, 40.210371691756933 ], [ -8.440926455921931, 40.207684656217978 ], [ -8.437387283403726, 40.207684656217978 ], [ -8.437596605290357, 40.210371691756933 ], [ -8.441135865611368, 40.210371691756933 ] ] ] } },
{ "type": "Feature", "properties": { "fid": 1071, "Population": 5 }, "geometry": { "type": "Polygon", "coordinates": [ [ [ -8.437596605290357, 40.210371691756933 ], [ -8.437387283403726, 40.207684656217978 ], [ -8.433848110885519, 40.207684656217978 ], [ -8.434057344969347, 40.210371691756933 ], [ -8.437596605290357, 40.210371691756933 ] ] ] } },
{ "type": "Feature", "properties": { "fid": 1072, "Population": 119 }, "geometry": { "type": "Polygon", "coordinates": [ [ [ -8.434057344969347, 40.210371691756933 ], [ -8.433848110885519, 40.207684656217978 ], [ -8.430308938367313, 40.207684656217978 ], [ -8.430518084648334, 40.210371691756933 ], [ -8.434057344969347, 40.210371691756933 ] ] ] } },
{ "type": "Feature", "properties": { "fid": 1073, "Population": 500 }, "geometry": { "type": "Polygon", "coordinates": [ [ [ -8.430518084648334, 40.210371691756933 ], [ -8.430308938367313, 40.207684656217978 ], [ -8.426769765849105, 40.207684656217978 ], [ -8.426978824327323, 40.210371691756933 ], [ -8.430518084648334, 40.210371691756933 ] ] ] } },
{ "type": "Feature", "properties": { "fid": 1074, "Population": 167 }, "geometry": { "type": "Polygon", "coordinates": [ [ [ -8.426978824327323, 40.210371691756933 ], [ -8.426769765849105, 40.207684656217978 ], [ -8.423230593330899, 40.207684656217978 ], [ -8.423439564006312, 40.210371691756933 ], [ -8.426978824327323, 40.210371691756933 ] ] ] } },
{ "type": "Feature", "properties": { "fid": 1075, "Population": 80 }, "geometry": { "type": "Polygon", "coordinates": [ [ [ -8.423439564006312, 40.210371691756933 ], [ -8.423230593330899, 40.207684656217978 ], [ -8.419691420812693, 40.207684656217978 ], [ -8.419900303685301, 40.210371691756933 ], [ -8.423439564006312, 40.210371691756933 ] ] ] } },
{ "type": "Feature", "properties": { "fid": 1076, "Population": 90 }, "geometry": { "type": "Polygon", "coordinates": [ [ [ -8.419900303685301, 40.210371691756933 ], [ -8.419691420812693, 40.207684656217978 ], [ -8.416152248294487, 40.207684656217978 ], [ -8.41636104336429, 40.210371691756933 ], [ -8.419900303685301, 40.210371691756933 ] ] ] } },
{ "type": "Feature", "properties": { "fid": 1077, "Population": 275 }, "geometry": { "type": "Polygon", "coordinates": [ [ [ -8.41636104336429, 40.210371691756933 ], [ -8.416152248294487, 40.207684656217978 ], [ -8.412613075776282, 40.207684656217978 ], [ -8.412821783043279, 40.210371691756933 ], [ -8.41636104336429, 40.210371691756933 ] ] ] } },
{ "type": "Feature", "properties": { "fid": 1078, "Population": 380 }, "geometry": { "type": "Polygon", "coordinates": [ [ [ -8.412821783043279, 40.210371691756933 ], [ -8.412613075776282, 40.207684656217978 ], [ -8.409073903258074, 40.207684656217978 ], [ -8.409282522722268, 40.210371691756933 ], [ -8.412821783043279, 40.210371691756933 ] ] ] } },
{ "type": "Feature", "properties": { "fid": 1079, "Population": 318 }, "geometry": { "type": "Polygon", "coordinates": [ [ [ -8.409282522722268, 40.210371691756933 ], [ -8.409073903258074, 40.207684656217978 ], [ -8.405534730739868, 40.207684656217978 ], [ -8.405743262401257, 40.210371691756933 ], [ -8.409282522722268, 40.210371691756933 ] ] ] } },
{ "type": "Feature", "properties": { "fid": 1080, "Population": 469 }, "geometry": { "type": "Polygon", "coordinates": [ [ [ -8.405743262401257, 40.210371691756933 ], [ -8.405534730739868, 40.207684656217978 ], [ -8.401995558221662, 40.207684656217978 ], [ -8.402204002080246, 40.210371691756933 ], [ -8.405743262401257, 40.210371691756933 ] ] ] } },
{ "type": "Feature", "properties": { "fid": 1081, "Population": 373 }, "geometry": { "type": "Polygon", "coordinates": [ [ [ -8.402204002080246, 40.210371691756933 ], [ -8.401995558221662, 40.207684656217978 ], [ -8.398456385703456, 40.207684656217978 ], [ -8.398664741759234, 40.210371691756933 ], [ -8.402204002080246, 40.210371691756933 ] ] ] } },
{ "type": "Feature", "properties": { "fid": 1082, "Population": 154 }, "geometry": { "type": "Polygon", "coordinates": [ [ [ -8.398664741759234, 40.210371691756933 ], [ -8.398456385703456, 40.207684656217978 ], [ -8.39491721318525, 40.207684656217978 ], [ -8.395125481438223, 40.210371691756933 ], [ -8.398664741759234, 40.210371691756933 ] ] ] } },
{ "type": "Feature", "properties": { "fid": 1083, "Population": 149 }, "geometry": { "type": "Polygon", "coordinates": [ [ [ -8.395125481438223, 40.210371691756933 ], [ -8.39491721318525, 40.207684656217978 ], [ -8.391378040667043, 40.207684656217978 ], [ -8.391586221117212, 40.210371691756933 ], [ -8.395125481438223, 40.210371691756933 ] ] ] } },
{ "type": "Feature", "properties": { "fid": 1084, "Population": 204 }, "geometry": { "type": "Polygon", "coordinates": [ [ [ -8.391586221117212, 40.210371691756933 ], [ -8.391378040667043, 40.207684656217978 ], [ -8.387838868148837, 40.207684656217978 ], [ -8.388046960796201, 40.210371691756933 ], [ -8.391586221117212, 40.210371691756933 ] ] ] } },
{ "type": "Feature", "properties": { "fid": 1085, "Population": 59 }, "geometry": { "type": "Polygon", "coordinates": [ [ [ -8.388046960796201, 40.210371691756933 ], [ -8.387838868148837, 40.207684656217978 ], [ -8.384299695630631, 40.207684656217978 ], [ -8.38450770047519, 40.210371691756933 ], [ -8.388046960796201, 40.210371691756933 ] ] ] } },
{ "type": "Feature", "properties": { "fid": 1086, "Population": 4 }, "geometry": { "type": "Polygon", "coordinates": [ [ [ -8.38450770047519, 40.210371691756933 ], [ -8.384299695630631, 40.207684656217978 ], [ -8.380760523112425, 40.207684656217978 ], [ -8.380968440154179, 40.210371691756933 ], [ -8.38450770047519, 40.210371691756933 ] ] ] } },
{ "type": "Feature", "properties": { "fid": 1087, "Population": 61 }, "geometry": { "type": "Polygon", "coordinates": [ [ [ -8.380968440154179, 40.210371691756933 ], [ -8.380760523112425, 40.207684656217978 ], [ -8.377221350594217, 40.207684656217978 ], [ -8.377429179833168, 40.210371691756933 ], [ -8.380968440154179, 40.210371691756933 ] ] ] } },
{ "type": "Feature", "properties": { "fid": 1088, "Population": 1 }, "geometry": { "type": "Polygon", "coordinates": [ [ [ -8.377429179833168, 40.210371691756933 ], [ -8.377221350594217, 40.207684656217978 ], [ -8.370143005557807, 40.207684656217978 ], [ -8.370350659191146, 40.210371691756933 ], [ -8.377429179833168, 40.210371691756933 ] ] ] } },
{ "type": "Feature", "properties": { "fid": 1089, "Population": 13 }, "geometry": { "type": "Polygon", "coordinates": [ [ [ -8.370350659191146, 40.210371691756933 ], [ -8.370143005557807, 40.207684656217978 ], [ -8.3666038330396, 40.207684656217978 ], [ -8.366811398870135, 40.210371691756933 ], [ -8.370350659191146, 40.210371691756933 ] ] ] } },
{ "type": "Feature", "properties": { "fid": 1090, "Population": 48 }, "geometry": { "type": "Polygon", "coordinates": [ [ [ -8.366811398870135, 40.210371691756933 ], [ -8.3666038330396, 40.207684656217978 ], [ -8.363064660521394, 40.207684656217978 ], [ -8.363272138549124, 40.210371691756933 ], [ -8.366811398870135, 40.210371691756933 ] ] ] } },
{ "type": "Feature", "properties": { "fid": 1091, "Population": 5 }, "geometry": { "type": "Polygon", "coordinates": [ [ [ -8.363272138549124, 40.210371691756933 ], [ -8.363064660521394, 40.207684656217978 ], [ -8.359525488003186, 40.207684656217978 ], [ -8.359732878228114, 40.210371691756933 ], [ -8.363272138549124, 40.210371691756933 ] ] ] } },
{ "type": "Feature", "properties": { "fid": 1092, "Population": 5 }, "geometry": { "type": "Polygon", "coordinates": [ [ [ -8.324340275018002, 40.210371691756933 ], [ -8.324133762821125, 40.207684656217978 ], [ -8.320594590302919, 40.207684656217978 ], [ -8.320801014696992, 40.210371691756933 ], [ -8.324340275018002, 40.210371691756933 ] ] ] } },
{ "type": "Feature", "properties": { "fid": 1093, "Population": 34 }, "geometry": { "type": "Polygon", "coordinates": [ [ [ -8.320801014696992, 40.210371691756933 ], [ -8.320594590302919, 40.207684656217978 ], [ -8.317055417784712, 40.207684656217978 ], [ -8.317261754375981, 40.210371691756933 ], [ -8.320801014696992, 40.210371691756933 ] ] ] } },
{ "type": "Feature", "properties": { "fid": 1094, "Population": 41 }, "geometry": { "type": "Polygon", "coordinates": [ [ [ -8.317261754375981, 40.210371691756933 ], [ -8.317055417784712, 40.207684656217978 ], [ -8.313516245266507, 40.207684656217978 ], [ -8.31372249405497, 40.210371691756933 ], [ -8.317261754375981, 40.210371691756933 ] ] ] } },
{ "type": "Feature", "properties": { "fid": 1095, "Population": 169 }, "geometry": { "type": "Polygon", "coordinates": [ [ [ -8.472989208500469, 40.210371691756933 ], [ -8.472568837415627, 40.204997660540599 ], [ -8.46902975268822, 40.204997660540599 ], [ -8.469449948179456, 40.210371691756933 ], [ -8.472989208500469, 40.210371691756933 ] ] ] } },
{ "type": "Feature", "properties": { "fid": 1096, "Population": 6 }, "geometry": { "type": "Polygon", "coordinates": [ [ [ -8.504631561249646, 40.207684656217978 ], [ -8.504420599962303, 40.204997660540599 ], [ -8.500881515234894, 40.204997660540599 ], [ -8.501092388731438, 40.207684656217978 ], [ -8.504631561249646, 40.207684656217978 ] ] ] } },
{ "type": "Feature", "properties": { "fid": 1097, "Population": 34 }, "geometry": { "type": "Polygon", "coordinates": [ [ [ -8.501092388731438, 40.207684656217978 ], [ -8.500881515234894, 40.204997660540599 ], [ -8.497342430507485, 40.204997660540599 ], [ -8.497553216213232, 40.207684656217978 ], [ -8.501092388731438, 40.207684656217978 ] ] ] } },
{ "type": "Feature", "properties": { "fid": 1098, "Population": 90 }, "geometry": { "type": "Polygon", "coordinates": [ [ [ -8.497553216213232, 40.207684656217978 ], [ -8.497342430507485, 40.204997660540599 ], [ -8.493803345780078, 40.204997660540599 ], [ -8.494014043695024, 40.207684656217978 ], [ -8.497553216213232, 40.207684656217978 ] ] ] } },
{ "type": "Feature", "properties": { "fid": 1099, "Population": 105 }, "geometry": { "type": "Polygon", "coordinates": [ [ [ -8.494014043695024, 40.207684656217978 ], [ -8.493803345780078, 40.204997660540599 ], [ -8.490264261052669, 40.204997660540599 ], [ -8.490474871176819, 40.207684656217978 ], [ -8.494014043695024, 40.207684656217978 ] ] ] } },
{ "type": "Feature", "properties": { "fid": 1100, "Population": 14 }, "geometry": { "type": "Polygon", "coordinates": [ [ [ -8.490474871176819, 40.207684656217978 ], [ -8.490264261052669, 40.204997660540599 ], [ -8.48672517632526, 40.204997660540599 ], [ -8.486935698658613, 40.207684656217978 ], [ -8.490474871176819, 40.207684656217978 ] ] ] } },
{ "type": "Feature", "properties": { "fid": 1101, "Population": 73 }, "geometry": { "type": "Polygon", "coordinates": [ [ [ -8.486935698658613, 40.207684656217978 ], [ -8.48672517632526, 40.204997660540599 ], [ -8.483186091597851, 40.204997660540599 ], [ -8.483396526140407, 40.207684656217978 ], [ -8.486935698658613, 40.207684656217978 ] ] ] } },
{ "type": "Feature", "properties": { "fid": 1102, "Population": 174 }, "geometry": { "type": "Polygon", "coordinates": [ [ [ -8.483396526140407, 40.207684656217978 ], [ -8.483186091597851, 40.204997660540599 ], [ -8.479647006870444, 40.204997660540599 ], [ -8.479857353622201, 40.207684656217978 ], [ -8.483396526140407, 40.207684656217978 ] ] ] } },
{ "type": "Feature", "properties": { "fid": 1103, "Population": 160 }, "geometry": { "type": "Polygon", "coordinates": [ [ [ -8.479857353622201, 40.207684656217978 ], [ -8.479647006870444, 40.204997660540599 ], [ -8.476107922143036, 40.204997660540599 ], [ -8.476318181103993, 40.207684656217978 ], [ -8.479857353622201, 40.207684656217978 ] ] ] } },
{ "type": "Feature", "properties": { "fid": 1104, "Population": 161 }, "geometry": { "type": "Polygon", "coordinates": [ [ [ -8.476318181103993, 40.207684656217978 ], [ -8.476107922143036, 40.204997660540599 ], [ -8.472568837415627, 40.204997660540599 ], [ -8.472779008585787, 40.207684656217978 ], [ -8.476318181103993, 40.207684656217978 ] ] ] } },
{ "type": "Feature", "properties": { "fid": 1105, "Population": 317 }, "geometry": { "type": "Polygon", "coordinates": [ [ [ -8.469239836067581, 40.207684656217978 ], [ -8.46902975268822, 40.204997660540599 ], [ -8.465490667960811, 40.204997660540599 ], [ -8.465700663549375, 40.207684656217978 ], [ -8.469239836067581, 40.207684656217978 ] ] ] } },
{ "type": "Feature", "properties": { "fid": 1106, "Population": 171 }, "geometry": { "type": "Polygon", "coordinates": [ [ [ -8.465700663549375, 40.207684656217978 ], [ -8.465490667960811, 40.204997660540599 ], [ -8.461951583233402, 40.204997660540599 ], [ -8.46216149103117, 40.207684656217978 ], [ -8.465700663549375, 40.207684656217978 ] ] ] } },
{ "type": "Feature", "properties": { "fid": 1107, "Population": 332 }, "geometry": { "type": "Polygon", "coordinates": [ [ [ -8.46216149103117, 40.207684656217978 ], [ -8.461951583233402, 40.204997660540599 ], [ -8.458412498505993, 40.204997660540599 ], [ -8.458622318512962, 40.207684656217978 ], [ -8.46216149103117, 40.207684656217978 ] ] ] } },
{ "type": "Feature", "properties": { "fid": 1108, "Population": 130 }, "geometry": { "type": "Polygon", "coordinates": [ [ [ -8.458622318512962, 40.207684656217978 ], [ -8.458412498505993, 40.204997660540599 ], [ -8.454873413778586, 40.204997660540599 ], [ -8.455083145994756, 40.207684656217978 ], [ -8.458622318512962, 40.207684656217978 ] ] ] } },
{ "type": "Feature", "properties": { "fid": 1109, "Population": 74 }, "geometry": { "type": "Polygon", "coordinates": [ [ [ -8.455083145994756, 40.207684656217978 ], [ -8.454873413778586, 40.204997660540599 ], [ -8.451334329051177, 40.204997660540599 ], [ -8.45154397347655, 40.207684656217978 ], [ -8.455083145994756, 40.207684656217978 ] ] ] } },
{ "type": "Feature", "properties": { "fid": 1110, "Population": 2 }, "geometry": { "type": "Polygon", "coordinates": [ [ [ -8.45154397347655, 40.207684656217978 ], [ -8.451334329051177, 40.204997660540599 ], [ -8.447795244323769, 40.204997660540599 ], [ -8.448004800958344, 40.207684656217978 ], [ -8.45154397347655, 40.207684656217978 ] ] ] } },
{ "type": "Feature", "properties": { "fid": 1111, "Population": 23 }, "geometry": { "type": "Polygon", "coordinates": [ [ [ -8.448004800958344, 40.207684656217978 ], [ -8.447795244323769, 40.204997660540599 ], [ -8.44425615959636, 40.204997660540599 ], [ -8.444465628440136, 40.207684656217978 ], [ -8.448004800958344, 40.207684656217978 ] ] ] } },
{ "type": "Feature", "properties": { "fid": 1112, "Population": 54 }, "geometry": { "type": "Polygon", "coordinates": [ [ [ -8.444465628440136, 40.207684656217978 ], [ -8.44425615959636, 40.204997660540599 ], [ -8.440717074868953, 40.204997660540599 ], [ -8.440926455921931, 40.207684656217978 ], [ -8.444465628440136, 40.207684656217978 ] ] ] } },
{ "type": "Feature", "properties": { "fid": 1113, "Population": 99 }, "geometry": { "type": "Polygon", "coordinates": [ [ [ -8.440926455921931, 40.207684656217978 ], [ -8.440717074868953, 40.204997660540599 ], [ -8.437177990141544, 40.204997660540599 ], [ -8.437387283403726, 40.207684656217978 ], [ -8.440926455921931, 40.207684656217978 ] ] ] } },
{ "type": "Feature", "properties": { "fid": 1114, "Population": 23 }, "geometry": { "type": "Polygon", "coordinates": [ [ [ -8.437387283403726, 40.207684656217978 ], [ -8.437177990141544, 40.204997660540599 ], [ -8.433638905414135, 40.204997660540599 ], [ -8.433848110885519, 40.207684656217978 ], [ -8.437387283403726, 40.207684656217978 ] ] ] } },
{ "type": "Feature", "properties": { "fid": 1115, "Population": 9 }, "geometry": { "type": "Polygon", "coordinates": [ [ [ -8.433848110885519, 40.207684656217978 ], [ -8.433638905414135, 40.204997660540599 ], [ -8.430099820686726, 40.204997660540599 ], [ -8.430308938367313, 40.207684656217978 ], [ -8.433848110885519, 40.207684656217978 ] ] ] } },
{ "type": "Feature", "properties": { "fid": 1116, "Population": 304 }, "geometry": { "type": "Polygon", "coordinates": [ [ [ -8.430308938367313, 40.207684656217978 ], [ -8.430099820686726, 40.204997660540599 ], [ -8.426560735959319, 40.204997660540599 ], [ -8.426769765849105, 40.207684656217978 ], [ -8.430308938367313, 40.207684656217978 ] ] ] } },
{ "type": "Feature", "properties": { "fid": 1117, "Population": 69 }, "geometry": { "type": "Polygon", "coordinates": [ [ [ -8.426769765849105, 40.207684656217978 ], [ -8.426560735959319, 40.204997660540599 ], [ -8.42302165123191, 40.204997660540599 ], [ -8.423230593330899, 40.207684656217978 ], [ -8.426769765849105, 40.207684656217978 ] ] ] } },
{ "type": "Feature", "properties": { "fid": 1118, "Population": 54 }, "geometry": { "type": "Polygon", "coordinates": [ [ [ -8.423230593330899, 40.207684656217978 ], [ -8.42302165123191, 40.204997660540599 ], [ -8.419482566504501, 40.204997660540599 ], [ -8.419691420812693, 40.207684656217978 ], [ -8.423230593330899, 40.207684656217978 ] ] ] } },
{ "type": "Feature", "properties": { "fid": 1119, "Population": 406 }, "geometry": { "type": "Polygon", "coordinates": [ [ [ -8.419691420812693, 40.207684656217978 ], [ -8.419482566504501, 40.204997660540599 ], [ -8.415943481777093, 40.204997660540599 ], [ -8.416152248294487, 40.207684656217978 ], [ -8.419691420812693, 40.207684656217978 ] ] ] } },
{ "type": "Feature", "properties": { "fid": 1120, "Population": 323 }, "geometry": { "type": "Polygon", "coordinates": [ [ [ -8.416152248294487, 40.207684656217978 ], [ -8.415943481777093, 40.204997660540599 ], [ -8.412404397049686, 40.204997660540599 ], [ -8.412613075776282, 40.207684656217978 ], [ -8.416152248294487, 40.207684656217978 ] ] ] } },
{ "type": "Feature", "properties": { "fid": 1121, "Population": 395 }, "geometry": { "type": "Polygon", "coordinates": [ [ [ -8.412613075776282, 40.207684656217978 ], [ -8.412404397049686, 40.204997660540599 ], [ -8.408865312322277, 40.204997660540599 ], [ -8.409073903258074, 40.207684656217978 ], [ -8.412613075776282, 40.207684656217978 ] ] ] } },
{ "type": "Feature", "properties": { "fid": 1122, "Population": 157 }, "geometry": { "type": "Polygon", "coordinates": [ [ [ -8.409073903258074, 40.207684656217978 ], [ -8.408865312322277, 40.204997660540599 ], [ -8.405326227594868, 40.204997660540599 ], [ -8.405534730739868, 40.207684656217978 ], [ -8.409073903258074, 40.207684656217978 ] ] ] } },
{ "type": "Feature", "properties": { "fid": 1123, "Population": 695 }, "geometry": { "type": "Polygon", "coordinates": [ [ [ -8.405534730739868, 40.207684656217978 ], [ -8.405326227594868, 40.204997660540599 ], [ -8.401787142867459, 40.204997660540599 ], [ -8.401995558221662, 40.207684656217978 ], [ -8.405534730739868, 40.207684656217978 ] ] ] } },
{ "type": "Feature", "properties": { "fid": 1124, "Population": 484 }, "geometry": { "type": "Polygon", "coordinates": [ [ [ -8.401995558221662, 40.207684656217978 ], [ -8.401787142867459, 40.204997660540599 ], [ -8.398248058140052, 40.204997660540599 ], [ -8.398456385703456, 40.207684656217978 ], [ -8.401995558221662, 40.207684656217978 ] ] ] } },
{ "type": "Feature", "properties": { "fid": 1125, "Population": 101 }, "geometry": { "type": "Polygon", "coordinates": [ [ [ -8.398456385703456, 40.207684656217978 ], [ -8.398248058140052, 40.204997660540599 ], [ -8.394708973412643, 40.204997660540599 ], [ -8.39491721318525, 40.207684656217978 ], [ -8.398456385703456, 40.207684656217978 ] ] ] } },
{ "type": "Feature", "properties": { "fid": 1126, "Population": 118 }, "geometry": { "type": "Polygon", "coordinates": [ [ [ -8.39491721318525, 40.207684656217978 ], [ -8.394708973412643, 40.204997660540599 ], [ -8.391169888685234, 40.204997660540599 ], [ -8.391378040667043, 40.207684656217978 ], [ -8.39491721318525, 40.207684656217978 ] ] ] } },
{ "type": "Feature", "properties": { "fid": 1127, "Population": 89 }, "geometry": { "type": "Polygon", "coordinates": [ [ [ -8.391378040667043, 40.207684656217978 ], [ -8.391169888685234, 40.204997660540599 ], [ -8.387630803957826, 40.204997660540599 ], [ -8.387838868148837, 40.207684656217978 ], [ -8.391378040667043, 40.207684656217978 ] ] ] } },
{ "type": "Feature", "properties": { "fid": 1128, "Population": 1 }, "geometry": { "type": "Polygon", "coordinates": [ [ [ -8.387838868148837, 40.207684656217978 ], [ -8.387630803957826, 40.204997660540599 ], [ -8.384091719230419, 40.204997660540599 ], [ -8.384299695630631, 40.207684656217978 ], [ -8.387838868148837, 40.207684656217978 ] ] ] } },
{ "type": "Feature", "properties": { "fid": 1129, "Population": 2 }, "geometry": { "type": "Polygon", "coordinates": [ [ [ -8.380760523112425, 40.207684656217978 ], [ -8.38055263450301, 40.204997660540599 ], [ -8.377013549775601, 40.204997660540599 ], [ -8.377221350594217, 40.207684656217978 ], [ -8.380760523112425, 40.207684656217978 ] ] ] } },
{ "type": "Feature", "properties": { "fid": 1130, "Population": 62 }, "geometry": { "type": "Polygon", "coordinates": [ [ [ -8.373682178076011, 40.207684656217978 ], [ -8.373474465048192, 40.204997660540599 ], [ -8.369935380320785, 40.204997660540599 ], [ -8.370143005557807, 40.207684656217978 ], [ -8.373682178076011, 40.207684656217978 ] ] ] } },
{ "type": "Feature", "properties": { "fid": 1131, "Population": 52 }, "geometry": { "type": "Polygon", "coordinates": [ [ [ -8.370143005557807, 40.207684656217978 ], [ -8.369935380320785, 40.204997660540599 ], [ -8.366396295593375, 40.204997660540599 ], [ -8.3666038330396, 40.207684656217978 ], [ -8.370143005557807, 40.207684656217978 ] ] ] } },
{ "type": "Feature", "properties": { "fid": 1132, "Population": 153 }, "geometry": { "type": "Polygon", "coordinates": [ [ [ -8.3666038330396, 40.207684656217978 ], [ -8.366396295593375, 40.204997660540599 ], [ -8.362857210865966, 40.204997660540599 ], [ -8.363064660521394, 40.207684656217978 ], [ -8.3666038330396, 40.207684656217978 ] ] ] } },
{ "type": "Feature", "properties": { "fid": 1133, "Population": 23 }, "geometry": { "type": "Polygon", "coordinates": [ [ [ -8.363064660521394, 40.207684656217978 ], [ -8.362857210865966, 40.204997660540599 ], [ -8.359318126138559, 40.204997660540599 ], [ -8.359525488003186, 40.207684656217978 ], [ -8.363064660521394, 40.207684656217978 ] ] ] } },
{ "type": "Feature", "properties": { "fid": 1134, "Population": 4 }, "geometry": { "type": "Polygon", "coordinates": [ [ [ -8.327672935339331, 40.207684656217978 ], [ -8.327466363591885, 40.204997660540599 ], [ -8.323927278864478, 40.204997660540599 ], [ -8.324133762821125, 40.207684656217978 ], [ -8.327672935339331, 40.207684656217978 ] ] ] } },
{ "type": "Feature", "properties": { "fid": 1135, "Population": 26 }, "geometry": { "type": "Polygon", "coordinates": [ [ [ -8.324133762821125, 40.207684656217978 ], [ -8.323927278864478, 40.204997660540599 ], [ -8.320388194137069, 40.204997660540599 ], [ -8.320594590302919, 40.207684656217978 ], [ -8.324133762821125, 40.207684656217978 ] ] ] } },
{ "type": "Feature", "properties": { "fid": 1136, "Population": 45 }, "geometry": { "type": "Polygon", "coordinates": [ [ [ -8.320594590302919, 40.207684656217978 ], [ -8.320388194137069, 40.204997660540599 ], [ -8.316849109409659, 40.204997660540599 ], [ -8.317055417784712, 40.207684656217978 ], [ -8.320594590302919, 40.207684656217978 ] ] ] } },
{ "type": "Feature", "properties": { "fid": 1137, "Population": 24 }, "geometry": { "type": "Polygon", "coordinates": [ [ [ -8.317055417784712, 40.207684656217978 ], [ -8.316849109409659, 40.204997660540599 ], [ -8.31331002468225, 40.204997660540599 ], [ -8.313516245266507, 40.207684656217978 ], [ -8.317055417784712, 40.207684656217978 ] ] ] } },
{ "type": "Feature", "properties": { "fid": 1138, "Population": 2 }, "geometry": { "type": "Polygon", "coordinates": [ [ [ -8.511498769417118, 40.204997660540599 ], [ -8.511287661419889, 40.202310704719977 ], [ -8.507748664471272, 40.202310704719977 ], [ -8.507959684689711, 40.204997660540599 ], [ -8.511498769417118, 40.204997660540599 ] ] ] } },
{ "type": "Feature", "properties": { "fid": 1139, "Population": 17 }, "geometry": { "type": "Polygon", "coordinates": [ [ [ -8.507959684689711, 40.204997660540599 ], [ -8.507748664471272, 40.202310704719977 ], [ -8.504209667522657, 40.202310704719977 ], [ -8.504420599962303, 40.204997660540599 ], [ -8.507959684689711, 40.204997660540599 ] ] ] } },
{ "type": "Feature", "properties": { "fid": 1140, "Population": 172 }, "geometry": { "type": "Polygon", "coordinates": [ [ [ -8.504420599962303, 40.204997660540599 ], [ -8.504209667522657, 40.202310704719977 ], [ -8.500670670574042, 40.202310704719977 ], [ -8.500881515234894, 40.204997660540599 ], [ -8.504420599962303, 40.204997660540599 ] ] ] } },
{ "type": "Feature", "properties": { "fid": 1141, "Population": 210 }, "geometry": { "type": "Polygon", "coordinates": [ [ [ -8.500881515234894, 40.204997660540599 ], [ -8.500670670574042, 40.202310704719977 ], [ -8.497131673625427, 40.202310704719977 ], [ -8.497342430507485, 40.204997660540599 ], [ -8.500881515234894, 40.204997660540599 ] ] ] } },
{ "type": "Feature", "properties": { "fid": 1142, "Population": 155 }, "geometry": { "type": "Polygon", "coordinates": [ [ [ -8.497342430507485, 40.204997660540599 ], [ -8.497131673625427, 40.202310704719977 ], [ -8.493592676676812, 40.202310704719977 ], [ -8.493803345780078, 40.204997660540599 ], [ -8.497342430507485, 40.204997660540599 ] ] ] } },
{ "type": "Feature", "properties": { "fid": 1143, "Population": 111 }, "geometry": { "type": "Polygon", "coordinates": [ [ [ -8.493803345780078, 40.204997660540599 ], [ -8.493592676676812, 40.202310704719977 ], [ -8.490053679728195, 40.202310704719977 ], [ -8.490264261052669, 40.204997660540599 ], [ -8.493803345780078, 40.204997660540599 ] ] ] } },
{ "type": "Feature", "properties": { "fid": 1144, "Population": 67 }, "geometry": { "type": "Polygon", "coordinates": [ [ [ -8.490264261052669, 40.204997660540599 ], [ -8.490053679728195, 40.202310704719977 ], [ -8.48651468277958, 40.202310704719977 ], [ -8.48672517632526, 40.204997660540599 ], [ -8.490264261052669, 40.204997660540599 ] ] ] } },
{ "type": "Feature", "properties": { "fid": 1145, "Population": 166 }, "geometry": { "type": "Polygon", "coordinates": [ [ [ -8.48672517632526, 40.204997660540599 ], [ -8.48651468277958, 40.202310704719977 ], [ -8.482975685830965, 40.202310704719977 ], [ -8.483186091597851, 40.204997660540599 ], [ -8.48672517632526, 40.204997660540599 ] ] ] } },
{ "type": "Feature", "properties": { "fid": 1146, "Population": 116 }, "geometry": { "type": "Polygon", "coordinates": [ [ [ -8.483186091597851, 40.204997660540599 ], [ -8.482975685830965, 40.202310704719977 ], [ -8.47943668888235, 40.202310704719977 ], [ -8.479647006870444, 40.204997660540599 ], [ -8.483186091597851, 40.204997660540599 ] ] ] } },
{ "type": "Feature", "properties": { "fid": 1147, "Population": 114 }, "geometry": { "type": "Polygon", "coordinates": [ [ [ -8.479647006870444, 40.204997660540599 ], [ -8.47943668888235, 40.202310704719977 ], [ -8.475897691933733, 40.202310704719977 ], [ -8.476107922143036, 40.204997660540599 ], [ -8.479647006870444, 40.204997660540599 ] ] ] } },
{ "type": "Feature", "properties": { "fid": 1148, "Population": 121 }, "geometry": { "type": "Polygon", "coordinates": [ [ [ -8.476107922143036, 40.204997660540599 ], [ -8.475897691933733, 40.202310704719977 ], [ -8.47235869498512, 40.202310704719977 ], [ -8.472568837415627, 40.204997660540599 ], [ -8.476107922143036, 40.204997660540599 ] ] ] } },
{ "type": "Feature", "properties": { "fid": 1149, "Population": 182 }, "geometry": { "type": "Polygon", "coordinates": [ [ [ -8.472568837415627, 40.204997660540599 ], [ -8.47235869498512, 40.202310704719977 ], [ -8.468819698036503, 40.202310704719977 ], [ -8.46902975268822, 40.204997660540599 ], [ -8.472568837415627, 40.204997660540599 ] ] ] } },
{ "type": "Feature", "properties": { "fid": 1150, "Population": 458 }, "geometry": { "type": "Polygon", "coordinates": [ [ [ -8.46902975268822, 40.204997660540599 ], [ -8.468819698036503, 40.202310704719977 ], [ -8.46528070108789, 40.202310704719977 ], [ -8.465490667960811, 40.204997660540599 ], [ -8.46902975268822, 40.204997660540599 ] ] ] } },
{ "type": "Feature", "properties": { "fid": 1151, "Population": 285 }, "geometry": { "type": "Polygon", "coordinates": [ [ [ -8.465490667960811, 40.204997660540599 ], [ -8.46528070108789, 40.202310704719977 ], [ -8.461741704139273, 40.202310704719977 ], [ -8.461951583233402, 40.204997660540599 ], [ -8.465490667960811, 40.204997660540599 ] ] ] } },
{ "type": "Feature", "properties": { "fid": 1152, "Population": 187 }, "geometry": { "type": "Polygon", "coordinates": [ [ [ -8.461951583233402, 40.204997660540599 ], [ -8.461741704139273, 40.202310704719977 ], [ -8.458202707190656, 40.202310704719977 ], [ -8.458412498505993, 40.204997660540599 ], [ -8.461951583233402, 40.204997660540599 ] ] ] } },
{ "type": "Feature", "properties": { "fid": 1153, "Population": 14 }, "geometry": { "type": "Polygon", "coordinates": [ [ [ -8.458412498505993, 40.204997660540599 ], [ -8.458202707190656, 40.202310704719977 ], [ -8.454663710242043, 40.202310704719977 ], [ -8.454873413778586, 40.204997660540599 ], [ -8.458412498505993, 40.204997660540599 ] ] ] } },
{ "type": "Feature", "properties": { "fid": 1154, "Population": 4 }, "geometry": { "type": "Polygon", "coordinates": [ [ [ -8.454873413778586, 40.204997660540599 ], [ -8.454663710242043, 40.202310704719977 ], [ -8.451124713293426, 40.202310704719977 ], [ -8.451334329051177, 40.204997660540599 ], [ -8.454873413778586, 40.204997660540599 ] ] ] } },
{ "type": "Feature", "properties": { "fid": 1155, "Population": 12 }, "geometry": { "type": "Polygon", "coordinates": [ [ [ -8.451334329051177, 40.204997660540599 ], [ -8.451124713293426, 40.202310704719977 ], [ -8.447585716344813, 40.202310704719977 ], [ -8.447795244323769, 40.204997660540599 ], [ -8.451334329051177, 40.204997660540599 ] ] ] } },
{ "type": "Feature", "properties": { "fid": 1156, "Population": 2 }, "geometry": { "type": "Polygon", "coordinates": [ [ [ -8.447795244323769, 40.204997660540599 ], [ -8.447585716344813, 40.202310704719977 ], [ -8.444046719396196, 40.202310704719977 ], [ -8.44425615959636, 40.204997660540599 ], [ -8.447795244323769, 40.204997660540599 ] ] ] } },
{ "type": "Feature", "properties": { "fid": 1157, "Population": 118 }, "geometry": { "type": "Polygon", "coordinates": [ [ [ -8.44425615959636, 40.204997660540599 ], [ -8.444046719396196, 40.202310704719977 ], [ -8.440507722447581, 40.202310704719977 ], [ -8.440717074868953, 40.204997660540599 ], [ -8.44425615959636, 40.204997660540599 ] ] ] } },
{ "type": "Feature", "properties": { "fid": 1158, "Population": 68 }, "geometry": { "type": "Polygon", "coordinates": [ [ [ -8.440717074868953, 40.204997660540599 ], [ -8.440507722447581, 40.202310704719977 ], [ -8.436968725498966, 40.202310704719977 ], [ -8.437177990141544, 40.204997660540599 ], [ -8.440717074868953, 40.204997660540599 ] ] ] } },
{ "type": "Feature", "properties": { "fid": 1159, "Population": 87 }, "geometry": { "type": "Polygon", "coordinates": [ [ [ -8.437177990141544, 40.204997660540599 ], [ -8.436968725498966, 40.202310704719977 ], [ -8.433429728550351, 40.202310704719977 ], [ -8.433638905414135, 40.204997660540599 ], [ -8.437177990141544, 40.204997660540599 ] ] ] } },
{ "type": "Feature", "properties": { "fid": 1160, "Population": 30 }, "geometry": { "type": "Polygon", "coordinates": [ [ [ -8.433638905414135, 40.204997660540599 ], [ -8.433429728550351, 40.202310704719977 ], [ -8.429890731601734, 40.202310704719977 ], [ -8.430099820686726, 40.204997660540599 ], [ -8.433638905414135, 40.204997660540599 ] ] ] } },
{ "type": "Feature", "properties": { "fid": 1161, "Population": 1 }, "geometry": { "type": "Polygon", "coordinates": [ [ [ -8.430099820686726, 40.204997660540599 ], [ -8.429890731601734, 40.202310704719977 ], [ -8.426351734653119, 40.202310704719977 ], [ -8.426560735959319, 40.204997660540599 ], [ -8.430099820686726, 40.204997660540599 ] ] ] } },
{ "type": "Feature", "properties": { "fid": 1162, "Population": 125 }, "geometry": { "type": "Polygon", "coordinates": [ [ [ -8.426560735959319, 40.204997660540599 ], [ -8.426351734653119, 40.202310704719977 ], [ -8.422812737704504, 40.202310704719977 ], [ -8.42302165123191, 40.204997660540599 ], [ -8.426560735959319, 40.204997660540599 ] ] ] } },
{ "type": "Feature", "properties": { "fid": 1163, "Population": 10 }, "geometry": { "type": "Polygon", "coordinates": [ [ [ -8.42302165123191, 40.204997660540599 ], [ -8.422812737704504, 40.202310704719977 ], [ -8.419273740755889, 40.202310704719977 ], [ -8.419482566504501, 40.204997660540599 ], [ -8.42302165123191, 40.204997660540599 ] ] ] } },
{ "type": "Feature", "properties": { "fid": 1164, "Population": 264 }, "geometry": { "type": "Polygon", "coordinates": [ [ [ -8.419482566504501, 40.204997660540599 ], [ -8.419273740755889, 40.202310704719977 ], [ -8.415734743807274, 40.202310704719977 ], [ -8.415943481777093, 40.204997660540599 ], [ -8.419482566504501, 40.204997660540599 ] ] ] } },
{ "type": "Feature", "properties": { "fid": 1165, "Population": 550 }, "geometry": { "type": "Polygon", "coordinates": [ [ [ -8.415943481777093, 40.204997660540599 ], [ -8.415734743807274, 40.202310704719977 ], [ -8.412195746858657, 40.202310704719977 ], [ -8.412404397049686, 40.204997660540599 ], [ -8.415943481777093, 40.204997660540599 ] ] ] } },
{ "type": "Feature", "properties": { "fid": 1166, "Population": 249 }, "geometry": { "type": "Polygon", "coordinates": [ [ [ -8.412404397049686, 40.204997660540599 ], [ -8.412195746858657, 40.202310704719977 ], [ -8.408656749910044, 40.202310704719977 ], [ -8.408865312322277, 40.204997660540599 ], [ -8.412404397049686, 40.204997660540599 ] ] ] } },
{ "type": "Feature", "properties": { "fid": 1167, "Population": 332 }, "geometry": { "type": "Polygon", "coordinates": [ [ [ -8.408865312322277, 40.204997660540599 ], [ -8.408656749910044, 40.202310704719977 ], [ -8.405117752961427, 40.202310704719977 ], [ -8.405326227594868, 40.204997660540599 ], [ -8.408865312322277, 40.204997660540599 ] ] ] } },
{ "type": "Feature", "properties": { "fid": 1168, "Population": 740 }, "geometry": { "type": "Polygon", "coordinates": [ [ [ -8.405326227594868, 40.204997660540599 ], [ -8.405117752961427, 40.202310704719977 ], [ -8.401578756012812, 40.202310704719977 ], [ -8.401787142867459, 40.204997660540599 ], [ -8.405326227594868, 40.204997660540599 ] ] ] } },
{ "type": "Feature", "properties": { "fid": 1169, "Population": 519 }, "geometry": { "type": "Polygon", "coordinates": [ [ [ -8.401787142867459, 40.204997660540599 ], [ -8.401578756012812, 40.202310704719977 ], [ -8.398039759064197, 40.202310704719977 ], [ -8.398248058140052, 40.204997660540599 ], [ -8.401787142867459, 40.204997660540599 ] ] ] } },
{ "type": "Feature", "properties": { "fid": 1170, "Population": 226 }, "geometry": { "type": "Polygon", "coordinates": [ [ [ -8.398248058140052, 40.204997660540599 ], [ -8.398039759064197, 40.202310704719977 ], [ -8.39450076211558, 40.202310704719977 ], [ -8.394708973412643, 40.204997660540599 ], [ -8.398248058140052, 40.204997660540599 ] ] ] } },
{ "type": "Feature", "properties": { "fid": 1171, "Population": 233 }, "geometry": { "type": "Polygon", "coordinates": [ [ [ -8.394708973412643, 40.204997660540599 ], [ -8.39450076211558, 40.202310704719977 ], [ -8.390961765166967, 40.202310704719977 ], [ -8.391169888685234, 40.204997660540599 ], [ -8.394708973412643, 40.204997660540599 ] ] ] } },
{ "type": "Feature", "properties": { "fid": 1172, "Population": 42 }, "geometry": { "type": "Polygon", "coordinates": [ [ [ -8.391169888685234, 40.204997660540599 ], [ -8.390961765166967, 40.202310704719977 ], [ -8.38742276821835, 40.202310704719977 ], [ -8.387630803957826, 40.204997660540599 ], [ -8.391169888685234, 40.204997660540599 ] ] ] } },
{ "type": "Feature", "properties": { "fid": 1173, "Population": 61 }, "geometry": { "type": "Polygon", "coordinates": [ [ [ -8.373474465048192, 40.204997660540599 ], [ -8.37326678042389, 40.202310704719977 ], [ -8.369727783475273, 40.202310704719977 ], [ -8.369935380320785, 40.204997660540599 ], [ -8.373474465048192, 40.204997660540599 ] ] ] } },
{ "type": "Feature", "properties": { "fid": 1174, "Population": 48 }, "geometry": { "type": "Polygon", "coordinates": [ [ [ -8.369935380320785, 40.204997660540599 ], [ -8.369727783475273, 40.202310704719977 ], [ -8.366188786526658, 40.202310704719977 ], [ -8.366396295593375, 40.204997660540599 ], [ -8.369935380320785, 40.204997660540599 ] ] ] } },
{ "type": "Feature", "properties": { "fid": 1175, "Population": 34 }, "geometry": { "type": "Polygon", "coordinates": [ [ [ -8.366396295593375, 40.204997660540599 ], [ -8.366188786526658, 40.202310704719977 ], [ -8.362649789578043, 40.202310704719977 ], [ -8.362857210865966, 40.204997660540599 ], [ -8.366396295593375, 40.204997660540599 ] ] ] } },
{ "type": "Feature", "properties": { "fid": 1176, "Population": 12 }, "geometry": { "type": "Polygon", "coordinates": [ [ [ -8.362857210865966, 40.204997660540599 ], [ -8.362649789578043, 40.202310704719977 ], [ -8.359110792629428, 40.202310704719977 ], [ -8.359318126138559, 40.204997660540599 ], [ -8.362857210865966, 40.204997660540599 ] ] ] } },
{ "type": "Feature", "properties": { "fid": 1177, "Population": 11 }, "geometry": { "type": "Polygon", "coordinates": [ [ [ -8.359318126138559, 40.204997660540599 ], [ -8.359110792629428, 40.202310704719977 ], [ -8.355571795680813, 40.202310704719977 ], [ -8.355779041411152, 40.204997660540599 ], [ -8.359318126138559, 40.204997660540599 ] ] ] } },
{ "type": "Feature", "properties": { "fid": 1178, "Population": 17 }, "geometry": { "type": "Polygon", "coordinates": [ [ [ -8.355779041411152, 40.204997660540599 ], [ -8.355571795680813, 40.202310704719977 ], [ -8.352032798732198, 40.202310704719977 ], [ -8.352239956683743, 40.204997660540599 ], [ -8.355779041411152, 40.204997660540599 ] ] ] } },
{ "type": "Feature", "properties": { "fid": 1179, "Population": 2 }, "geometry": { "type": "Polygon", "coordinates": [ [ [ -8.327466363591885, 40.204997660540599 ], [ -8.327259820091891, 40.202310704719977 ], [ -8.323720823143276, 40.202310704719977 ], [ -8.323927278864478, 40.204997660540599 ], [ -8.327466363591885, 40.204997660540599 ] ] ] } },
{ "type": "Feature", "properties": { "fid": 1180, "Population": 7 }, "geometry": { "type": "Polygon", "coordinates": [ [ [ -8.323927278864478, 40.204997660540599 ], [ -8.323720823143276, 40.202310704719977 ], [ -8.320181826194659, 40.202310704719977 ], [ -8.320388194137069, 40.204997660540599 ], [ -8.323927278864478, 40.204997660540599 ] ] ] } },
{ "type": "Feature", "properties": { "fid": 1181, "Population": 1 }, "geometry": { "type": "Polygon", "coordinates": [ [ [ -8.514826658368502, 40.202310704719977 ], [ -8.514615491471304, 40.199623788751246 ], [ -8.51107658228948, 40.199623788751246 ], [ -8.511287661419889, 40.202310704719977 ], [ -8.514826658368502, 40.202310704719977 ] ] ] } },
{ "type": "Feature", "properties": { "fid": 1182, "Population": 7 }, "geometry": { "type": "Polygon", "coordinates": [ [ [ -8.511287661419889, 40.202310704719977 ], [ -8.51107658228948, 40.199623788751246 ], [ -8.507537673107654, 40.199623788751246 ], [ -8.507748664471272, 40.202310704719977 ], [ -8.511287661419889, 40.202310704719977 ] ] ] } },
{ "type": "Feature", "properties": { "fid": 1183, "Population": 97 }, "geometry": { "type": "Polygon", "coordinates": [ [ [ -8.507748664471272, 40.202310704719977 ], [ -8.507537673107654, 40.199623788751246 ], [ -8.50399876392583, 40.199623788751246 ], [ -8.504209667522657, 40.202310704719977 ], [ -8.507748664471272, 40.202310704719977 ] ] ] } },
{ "type": "Feature", "properties": { "fid": 1184, "Population": 120 }, "geometry": { "type": "Polygon", "coordinates": [ [ [ -8.504209667522657, 40.202310704719977 ], [ -8.50399876392583, 40.199623788751246 ], [ -8.500459854744005, 40.199623788751246 ], [ -8.500670670574042, 40.202310704719977 ], [ -8.504209667522657, 40.202310704719977 ] ] ] } },
{ "type": "Feature", "properties": { "fid": 1185, "Population": 34 }, "geometry": { "type": "Polygon", "coordinates": [ [ [ -8.500670670574042, 40.202310704719977 ], [ -8.500459854744005, 40.199623788751246 ], [ -8.496920945562177, 40.199623788751246 ], [ -8.497131673625427, 40.202310704719977 ], [ -8.500670670574042, 40.202310704719977 ] ] ] } },
{ "type": "Feature", "properties": { "fid": 1186, "Population": 49 }, "geometry": { "type": "Polygon", "coordinates": [ [ [ -8.497131673625427, 40.202310704719977 ], [ -8.496920945562177, 40.199623788751246 ], [ -8.493382036380353, 40.199623788751246 ], [ -8.493592676676812, 40.202310704719977 ], [ -8.497131673625427, 40.202310704719977 ] ] ] } },
{ "type": "Feature", "properties": { "fid": 1187, "Population": 137 }, "geometry": { "type": "Polygon", "coordinates": [ [ [ -8.493592676676812, 40.202310704719977 ], [ -8.493382036380353, 40.199623788751246 ], [ -8.489843127198528, 40.199623788751246 ], [ -8.490053679728195, 40.202310704719977 ], [ -8.493592676676812, 40.202310704719977 ] ] ] } },
{ "type": "Feature", "properties": { "fid": 1188, "Population": 19 }, "geometry": { "type": "Polygon", "coordinates": [ [ [ -8.490053679728195, 40.202310704719977 ], [ -8.489843127198528, 40.199623788751246 ], [ -8.486304218016704, 40.199623788751246 ], [ -8.48651468277958, 40.202310704719977 ], [ -8.490053679728195, 40.202310704719977 ] ] ] } },
{ "type": "Feature", "properties": { "fid": 1189, "Population": 177 }, "geometry": { "type": "Polygon", "coordinates": [ [ [ -8.48651468277958, 40.202310704719977 ], [ -8.486304218016704, 40.199623788751246 ], [ -8.482765308834878, 40.199623788751246 ], [ -8.482975685830965, 40.202310704719977 ], [ -8.48651468277958, 40.202310704719977 ] ] ] } },
{ "type": "Feature", "properties": { "fid": 1190, "Population": 103 }, "geometry": { "type": "Polygon", "coordinates": [ [ [ -8.482975685830965, 40.202310704719977 ], [ -8.482765308834878, 40.199623788751246 ], [ -8.479226399653053, 40.199623788751246 ], [ -8.47943668888235, 40.202310704719977 ], [ -8.482975685830965, 40.202310704719977 ] ] ] } },
{ "type": "Feature", "properties": { "fid": 1191, "Population": 127 }, "geometry": { "type": "Polygon", "coordinates": [ [ [ -8.47943668888235, 40.202310704719977 ], [ -8.479226399653053, 40.199623788751246 ], [ -8.475687490471229, 40.199623788751246 ], [ -8.475897691933733, 40.202310704719977 ], [ -8.47943668888235, 40.202310704719977 ] ] ] } },
{ "type": "Feature", "properties": { "fid": 1192, "Population": 167 }, "geometry": { "type": "Polygon", "coordinates": [ [ [ -8.475897691933733, 40.202310704719977 ], [ -8.475687490471229, 40.199623788751246 ], [ -8.472148581289403, 40.199623788751246 ], [ -8.47235869498512, 40.202310704719977 ], [ -8.475897691933733, 40.202310704719977 ] ] ] } },
{ "type": "Feature", "properties": { "fid": 1193, "Population": 130 }, "geometry": { "type": "Polygon", "coordinates": [ [ [ -8.47235869498512, 40.202310704719977 ], [ -8.472148581289403, 40.199623788751246 ], [ -8.468609672107577, 40.199623788751246 ], [ -8.468819698036503, 40.202310704719977 ], [ -8.47235869498512, 40.202310704719977 ] ] ] } },
{ "type": "Feature", "properties": { "fid": 1194, "Population": 333 }, "geometry": { "type": "Polygon", "coordinates": [ [ [ -8.468819698036503, 40.202310704719977 ], [ -8.468609672107577, 40.199623788751246 ], [ -8.465070762925752, 40.199623788751246 ], [ -8.46528070108789, 40.202310704719977 ], [ -8.468819698036503, 40.202310704719977 ] ] ] } },
{ "type": "Feature", "properties": { "fid": 1195, "Population": 336 }, "geometry": { "type": "Polygon", "coordinates": [ [ [ -8.46528070108789, 40.202310704719977 ], [ -8.465070762925752, 40.199623788751246 ], [ -8.461531853743926, 40.199623788751246 ], [ -8.461741704139273, 40.202310704719977 ], [ -8.46528070108789, 40.202310704719977 ] ] ] } },
{ "type": "Feature", "properties": { "fid": 1196, "Population": 239 }, "geometry": { "type": "Polygon", "coordinates": [ [ [ -8.461741704139273, 40.202310704719977 ], [ -8.461531853743926, 40.199623788751246 ], [ -8.457992944562102, 40.199623788751246 ], [ -8.458202707190656, 40.202310704719977 ], [ -8.461741704139273, 40.202310704719977 ] ] ] } },
{ "type": "Feature", "properties": { "fid": 1197, "Population": 245 }, "geometry": { "type": "Polygon", "coordinates": [ [ [ -8.458202707190656, 40.202310704719977 ], [ -8.457992944562102, 40.199623788751246 ], [ -8.454454035380277, 40.199623788751246 ], [ -8.454663710242043, 40.202310704719977 ], [ -8.458202707190656, 40.202310704719977 ] ] ] } },
{ "type": "Feature", "properties": { "fid": 1198, "Population": 53 }, "geometry": { "type": "Polygon", "coordinates": [ [ [ -8.454663710242043, 40.202310704719977 ], [ -8.454454035380277, 40.199623788751246 ], [ -8.450915126198451, 40.199623788751246 ], [ -8.451124713293426, 40.202310704719977 ], [ -8.454663710242043, 40.202310704719977 ] ] ] } },
{ "type": "Feature", "properties": { "fid": 1199, "Population": 310 }, "geometry": { "type": "Polygon", "coordinates": [ [ [ -8.451124713293426, 40.202310704719977 ], [ -8.450915126198451, 40.199623788751246 ], [ -8.447376217016627, 40.199623788751246 ], [ -8.447585716344813, 40.202310704719977 ], [ -8.451124713293426, 40.202310704719977 ] ] ] } },
{ "type": "Feature", "properties": { "fid": 1200, "Population": 64 }, "geometry": { "type": "Polygon", "coordinates": [ [ [ -8.447585716344813, 40.202310704719977 ], [ -8.447376217016627, 40.199623788751246 ], [ -8.443837307834801, 40.199623788751246 ], [ -8.444046719396196, 40.202310704719977 ], [ -8.447585716344813, 40.202310704719977 ] ] ] } },
{ "type": "Feature", "properties": { "fid": 1201, "Population": 412 }, "geometry": { "type": "Polygon", "coordinates": [ [ [ -8.444046719396196, 40.202310704719977 ], [ -8.443837307834801, 40.199623788751246 ], [ -8.440298398652976, 40.199623788751246 ], [ -8.440507722447581, 40.202310704719977 ], [ -8.444046719396196, 40.202310704719977 ] ] ] } },
{ "type": "Feature", "properties": { "fid": 1202, "Population": 368 }, "geometry": { "type": "Polygon", "coordinates": [ [ [ -8.440507722447581, 40.202310704719977 ], [ -8.440298398652976, 40.199623788751246 ], [ -8.43675948947115, 40.199623788751246 ], [ -8.436968725498966, 40.202310704719977 ], [ -8.440507722447581, 40.202310704719977 ] ] ] } },
{ "type": "Feature", "properties": { "fid": 1203, "Population": 448 }, "geometry": { "type": "Polygon", "coordinates": [ [ [ -8.436968725498966, 40.202310704719977 ], [ -8.43675948947115, 40.199623788751246 ], [ -8.433220580289325, 40.199623788751246 ], [ -8.433429728550351, 40.202310704719977 ], [ -8.436968725498966, 40.202310704719977 ] ] ] } },
{ "type": "Feature", "properties": { "fid": 1204, "Population": 136 }, "geometry": { "type": "Polygon", "coordinates": [ [ [ -8.433429728550351, 40.202310704719977 ], [ -8.433220580289325, 40.199623788751246 ], [ -8.429681671107501, 40.199623788751246 ], [ -8.429890731601734, 40.202310704719977 ], [ -8.433429728550351, 40.202310704719977 ] ] ] } },
{ "type": "Feature", "properties": { "fid": 1205, "Population": 2 }, "geometry": { "type": "Polygon", "coordinates": [ [ [ -8.429890731601734, 40.202310704719977 ], [ -8.429681671107501, 40.199623788751246 ], [ -8.426142761925675, 40.199623788751246 ], [ -8.426351734653119, 40.202310704719977 ], [ -8.429890731601734, 40.202310704719977 ] ] ] } },
{ "type": "Feature", "properties": { "fid": 1206, "Population": 38 }, "geometry": { "type": "Polygon", "coordinates": [ [ [ -8.426351734653119, 40.202310704719977 ], [ -8.426142761925675, 40.199623788751246 ], [ -8.422603852743851, 40.199623788751246 ], [ -8.422812737704504, 40.202310704719977 ], [ -8.426351734653119, 40.202310704719977 ] ] ] } },
{ "type": "Feature", "properties": { "fid": 1207, "Population": 144 }, "geometry": { "type": "Polygon", "coordinates": [ [ [ -8.422812737704504, 40.202310704719977 ], [ -8.422603852743851, 40.199623788751246 ], [ -8.419064943562026, 40.199623788751246 ], [ -8.419273740755889, 40.202310704719977 ], [ -8.422812737704504, 40.202310704719977 ] ] ] } },
{ "type": "Feature", "properties": { "fid": 1208, "Population": 572 }, "geometry": { "type": "Polygon", "coordinates": [ [ [ -8.419273740755889, 40.202310704719977 ], [ -8.419064943562026, 40.199623788751246 ], [ -8.4155260343802, 40.199623788751246 ], [ -8.415734743807274, 40.202310704719977 ], [ -8.419273740755889, 40.202310704719977 ] ] ] } },
{ "type": "Feature", "properties": { "fid": 1209, "Population": 566 }, "geometry": { "type": "Polygon", "coordinates": [ [ [ -8.415734743807274, 40.202310704719977 ], [ -8.4155260343802, 40.199623788751246 ], [ -8.411987125198374, 40.199623788751246 ], [ -8.412195746858657, 40.202310704719977 ], [ -8.415734743807274, 40.202310704719977 ] ] ] } },
{ "type": "Feature", "properties": { "fid": 1210, "Population": 626 }, "geometry": { "type": "Polygon", "coordinates": [ [ [ -8.412195746858657, 40.202310704719977 ], [ -8.411987125198374, 40.199623788751246 ], [ -8.408448216016549, 40.199623788751246 ], [ -8.408656749910044, 40.202310704719977 ], [ -8.412195746858657, 40.202310704719977 ] ] ] } },
{ "type": "Feature", "properties": { "fid": 1211, "Population": 426 }, "geometry": { "type": "Polygon", "coordinates": [ [ [ -8.408656749910044, 40.202310704719977 ], [ -8.408448216016549, 40.199623788751246 ], [ -8.404909306834725, 40.199623788751246 ], [ -8.405117752961427, 40.202310704719977 ], [ -8.408656749910044, 40.202310704719977 ] ] ] } },
{ "type": "Feature", "properties": { "fid": 1212, "Population": 284 }, "geometry": { "type": "Polygon", "coordinates": [ [ [ -8.405117752961427, 40.202310704719977 ], [ -8.404909306834725, 40.199623788751246 ], [ -8.401370397652899, 40.199623788751246 ], [ -8.401578756012812, 40.202310704719977 ], [ -8.405117752961427, 40.202310704719977 ] ] ] } },
{ "type": "Feature", "properties": { "fid": 1213, "Population": 395 }, "geometry": { "type": "Polygon", "coordinates": [ [ [ -8.401578756012812, 40.202310704719977 ], [ -8.401370397652899, 40.199623788751246 ], [ -8.397831488471073, 40.199623788751246 ], [ -8.398039759064197, 40.202310704719977 ], [ -8.401578756012812, 40.202310704719977 ] ] ] } },
{ "type": "Feature", "properties": { "fid": 1214, "Population": 413 }, "geometry": { "type": "Polygon", "coordinates": [ [ [ -8.398039759064197, 40.202310704719977 ], [ -8.397831488471073, 40.199623788751246 ], [ -8.39429257928925, 40.199623788751246 ], [ -8.39450076211558, 40.202310704719977 ], [ -8.398039759064197, 40.202310704719977 ] ] ] } },
{ "type": "Feature", "properties": { "fid": 1215, "Population": 115 }, "geometry": { "type": "Polygon", "coordinates": [ [ [ -8.39450076211558, 40.202310704719977 ], [ -8.39429257928925, 40.199623788751246 ], [ -8.390753670107424, 40.199623788751246 ], [ -8.390961765166967, 40.202310704719977 ], [ -8.39450076211558, 40.202310704719977 ] ] ] } },
{ "type": "Feature", "properties": { "fid": 1216, "Population": 39 }, "geometry": { "type": "Polygon", "coordinates": [ [ [ -8.390961765166967, 40.202310704719977 ], [ -8.390753670107424, 40.199623788751246 ], [ -8.3872147609256, 40.199623788751246 ], [ -8.38742276821835, 40.202310704719977 ], [ -8.390961765166967, 40.202310704719977 ] ] ] } },
{ "type": "Feature", "properties": { "fid": 1217, "Population": 36 }, "geometry": { "type": "Polygon", "coordinates": [ [ [ -8.37326678042389, 40.202310704719977 ], [ -8.373059124198297, 40.199623788751246 ], [ -8.369520215016474, 40.199623788751246 ], [ -8.369727783475273, 40.202310704719977 ], [ -8.37326678042389, 40.202310704719977 ] ] ] } },
{ "type": "Feature", "properties": { "fid": 1218, "Population": 23 }, "geometry": { "type": "Polygon", "coordinates": [ [ [ -8.369727783475273, 40.202310704719977 ], [ -8.369520215016474, 40.199623788751246 ], [ -8.365981305834648, 40.199623788751246 ], [ -8.366188786526658, 40.202310704719977 ], [ -8.369727783475273, 40.202310704719977 ] ] ] } },
{ "type": "Feature", "properties": { "fid": 1219, "Population": 30 }, "geometry": { "type": "Polygon", "coordinates": [ [ [ -8.366188786526658, 40.202310704719977 ], [ -8.365981305834648, 40.199623788751246 ], [ -8.362442396652822, 40.199623788751246 ], [ -8.362649789578043, 40.202310704719977 ], [ -8.366188786526658, 40.202310704719977 ] ] ] } },
{ "type": "Feature", "properties": { "fid": 1220, "Population": 68 }, "geometry": { "type": "Polygon", "coordinates": [ [ [ -8.362649789578043, 40.202310704719977 ], [ -8.362442396652822, 40.199623788751246 ], [ -8.358903487470998, 40.199623788751246 ], [ -8.359110792629428, 40.202310704719977 ], [ -8.362649789578043, 40.202310704719977 ] ] ] } },
{ "type": "Feature", "properties": { "fid": 1221, "Population": 35 }, "geometry": { "type": "Polygon", "coordinates": [ [ [ -8.359110792629428, 40.202310704719977 ], [ -8.358903487470998, 40.199623788751246 ], [ -8.355364578289171, 40.199623788751246 ], [ -8.355571795680813, 40.202310704719977 ], [ -8.359110792629428, 40.202310704719977 ] ] ] } },
{ "type": "Feature", "properties": { "fid": 1222, "Population": 20 }, "geometry": { "type": "Polygon", "coordinates": [ [ [ -8.355571795680813, 40.202310704719977 ], [ -8.355364578289171, 40.199623788751246 ], [ -8.351825669107347, 40.199623788751246 ], [ -8.352032798732198, 40.202310704719977 ], [ -8.355571795680813, 40.202310704719977 ] ] ] } },
{ "type": "Feature", "properties": { "fid": 1223, "Population": 0 }, "geometry": { "type": "Polygon", "coordinates": [ [ [ -8.384299695630631, 40.207684656217978 ], [ -8.384091719230419, 40.204997660540599 ], [ -8.387630803957826, 40.204997660540599 ], [ -8.387006782074756, 40.196936912629603 ], [ -8.383467960647721, 40.196936912629603 ], [ -8.383675851743773, 40.199623788751246 ], [ -8.373059124198297, 40.199623788751246 ], [ -8.373682178076011, 40.207684656217978 ], [ -8.377221350594217, 40.207684656217978 ], [ -8.377013549775601, 40.204997660540599 ], [ -8.38055263450301, 40.204997660540599 ], [ -8.380760523112425, 40.207684656217978 ], [ -8.384299695630631, 40.207684656217978 ] ] ] } },
{ "type": "Feature", "properties": { "fid": 1224, "Population": 8 }, "geometry": { "type": "Polygon", "coordinates": [ [ [ -8.521693309834955, 40.199623788751246 ], [ -8.521481996302116, 40.196936912629603 ], [ -8.51794317487508, 40.196936912629603 ], [ -8.518154400653129, 40.199623788751246 ], [ -8.521693309834955, 40.199623788751246 ] ] ] } },
{ "type": "Feature", "properties": { "fid": 1225, "Population": 38 }, "geometry": { "type": "Polygon", "coordinates": [ [ [ -8.518154400653129, 40.199623788751246 ], [ -8.51794317487508, 40.196936912629603 ], [ -8.514404353448045, 40.196936912629603 ], [ -8.514615491471304, 40.199623788751246 ], [ -8.518154400653129, 40.199623788751246 ] ] ] } },
{ "type": "Feature", "properties": { "fid": 1226, "Population": 20 }, "geometry": { "type": "Polygon", "coordinates": [ [ [ -8.514615491471304, 40.199623788751246 ], [ -8.514404353448045, 40.196936912629603 ], [ -8.510865532021009, 40.196936912629603 ], [ -8.51107658228948, 40.199623788751246 ], [ -8.514615491471304, 40.199623788751246 ] ] ] } },
{ "type": "Feature", "properties": { "fid": 1227, "Population": 10 }, "geometry": { "type": "Polygon", "coordinates": [ [ [ -8.51107658228948, 40.199623788751246 ], [ -8.510865532021009, 40.196936912629603 ], [ -8.507326710593974, 40.196936912629603 ], [ -8.507537673107654, 40.199623788751246 ], [ -8.51107658228948, 40.199623788751246 ] ] ] } },
{ "type": "Feature", "properties": { "fid": 1228, "Population": 26 }, "geometry": { "type": "Polygon", "coordinates": [ [ [ -8.507537673107654, 40.199623788751246 ], [ -8.507326710593974, 40.196936912629603 ], [ -8.503787889166937, 40.196936912629603 ], [ -8.50399876392583, 40.199623788751246 ], [ -8.507537673107654, 40.199623788751246 ] ] ] } },
{ "type": "Feature", "properties": { "fid": 1229, "Population": 102 }, "geometry": { "type": "Polygon", "coordinates": [ [ [ -8.50399876392583, 40.199623788751246 ], [ -8.503787889166937, 40.196936912629603 ], [ -8.500249067739901, 40.196936912629603 ], [ -8.500459854744005, 40.199623788751246 ], [ -8.50399876392583, 40.199623788751246 ] ] ] } },
{ "type": "Feature", "properties": { "fid": 1230, "Population": 33 }, "geometry": { "type": "Polygon", "coordinates": [ [ [ -8.500459854744005, 40.199623788751246 ], [ -8.500249067739901, 40.196936912629603 ], [ -8.496710246312865, 40.196936912629603 ], [ -8.496920945562177, 40.199623788751246 ], [ -8.500459854744005, 40.199623788751246 ] ] ] } },
{ "type": "Feature", "properties": { "fid": 1231, "Population": 114 }, "geometry": { "type": "Polygon", "coordinates": [ [ [ -8.496920945562177, 40.199623788751246 ], [ -8.496710246312865, 40.196936912629603 ], [ -8.49317142488583, 40.196936912629603 ], [ -8.493382036380353, 40.199623788751246 ], [ -8.496920945562177, 40.199623788751246 ] ] ] } },
{ "type": "Feature", "properties": { "fid": 1232, "Population": 92 }, "geometry": { "type": "Polygon", "coordinates": [ [ [ -8.493382036380353, 40.199623788751246 ], [ -8.49317142488583, 40.196936912629603 ], [ -8.489632603458794, 40.196936912629603 ], [ -8.489843127198528, 40.199623788751246 ], [ -8.493382036380353, 40.199623788751246 ] ] ] } },
{ "type": "Feature", "properties": { "fid": 1233, "Population": 40 }, "geometry": { "type": "Polygon", "coordinates": [ [ [ -8.489843127198528, 40.199623788751246 ], [ -8.489632603458794, 40.196936912629603 ], [ -8.486093782031759, 40.196936912629603 ], [ -8.486304218016704, 40.199623788751246 ], [ -8.489843127198528, 40.199623788751246 ] ] ] } },
{ "type": "Feature", "properties": { "fid": 1234, "Population": 229 }, "geometry": { "type": "Polygon", "coordinates": [ [ [ -8.486304218016704, 40.199623788751246 ], [ -8.486093782031759, 40.196936912629603 ], [ -8.482554960604723, 40.196936912629603 ], [ -8.482765308834878, 40.199623788751246 ], [ -8.486304218016704, 40.199623788751246 ] ] ] } },
{ "type": "Feature", "properties": { "fid": 1235, "Population": 142 }, "geometry": { "type": "Polygon", "coordinates": [ [ [ -8.482765308834878, 40.199623788751246 ], [ -8.482554960604723, 40.196936912629603 ], [ -8.479016139177686, 40.196936912629603 ], [ -8.479226399653053, 40.199623788751246 ], [ -8.482765308834878, 40.199623788751246 ] ] ] } },
{ "type": "Feature", "properties": { "fid": 1236, "Population": 143 }, "geometry": { "type": "Polygon", "coordinates": [ [ [ -8.479226399653053, 40.199623788751246 ], [ -8.479016139177686, 40.196936912629603 ], [ -8.47547731775065, 40.196936912629603 ], [ -8.475687490471229, 40.199623788751246 ], [ -8.479226399653053, 40.199623788751246 ] ] ] } },
{ "type": "Feature", "properties": { "fid": 1237, "Population": 130 }, "geometry": { "type": "Polygon", "coordinates": [ [ [ -8.475687490471229, 40.199623788751246 ], [ -8.47547731775065, 40.196936912629603 ], [ -8.471938496323615, 40.196936912629603 ], [ -8.472148581289403, 40.199623788751246 ], [ -8.475687490471229, 40.199623788751246 ] ] ] } },
{ "type": "Feature", "properties": { "fid": 1238, "Population": 66 }, "geometry": { "type": "Polygon", "coordinates": [ [ [ -8.472148581289403, 40.199623788751246 ], [ -8.471938496323615, 40.196936912629603 ], [ -8.468399674896579, 40.196936912629603 ], [ -8.468609672107577, 40.199623788751246 ], [ -8.472148581289403, 40.199623788751246 ] ] ] } },
{ "type": "Feature", "properties": { "fid": 1239, "Population": 159 }, "geometry": { "type": "Polygon", "coordinates": [ [ [ -8.468609672107577, 40.199623788751246 ], [ -8.468399674896579, 40.196936912629603 ], [ -8.464860853469544, 40.196936912629603 ], [ -8.465070762925752, 40.199623788751246 ], [ -8.468609672107577, 40.199623788751246 ] ] ] } },
{ "type": "Feature", "properties": { "fid": 1240, "Population": 304 }, "geometry": { "type": "Polygon", "coordinates": [ [ [ -8.465070762925752, 40.199623788751246 ], [ -8.464860853469544, 40.196936912629603 ], [ -8.461322032042508, 40.196936912629603 ], [ -8.461531853743926, 40.199623788751246 ], [ -8.465070762925752, 40.199623788751246 ] ] ] } },
{ "type": "Feature", "properties": { "fid": 1241, "Population": 94 }, "geometry": { "type": "Polygon", "coordinates": [ [ [ -8.461531853743926, 40.199623788751246 ], [ -8.461322032042508, 40.196936912629603 ], [ -8.457783210615473, 40.196936912629603 ], [ -8.457992944562102, 40.199623788751246 ], [ -8.461531853743926, 40.199623788751246 ] ] ] } },
{ "type": "Feature", "properties": { "fid": 1242, "Population": 209 }, "geometry": { "type": "Polygon", "coordinates": [ [ [ -8.457992944562102, 40.199623788751246 ], [ -8.457783210615473, 40.196936912629603 ], [ -8.454244389188435, 40.196936912629603 ], [ -8.454454035380277, 40.199623788751246 ], [ -8.457992944562102, 40.199623788751246 ] ] ] } },
{ "type": "Feature", "properties": { "fid": 1243, "Population": 301 }, "geometry": { "type": "Polygon", "coordinates": [ [ [ -8.454454035380277, 40.199623788751246 ], [ -8.454244389188435, 40.196936912629603 ], [ -8.4507055677614, 40.196936912629603 ], [ -8.450915126198451, 40.199623788751246 ], [ -8.454454035380277, 40.199623788751246 ] ] ] } },
{ "type": "Feature", "properties": { "fid": 1244, "Population": 374 }, "geometry": { "type": "Polygon", "coordinates": [ [ [ -8.450915126198451, 40.199623788751246 ], [ -8.4507055677614, 40.196936912629603 ], [ -8.447166746334364, 40.196936912629603 ], [ -8.447376217016627, 40.199623788751246 ], [ -8.450915126198451, 40.199623788751246 ] ] ] } },
{ "type": "Feature", "properties": { "fid": 1245, "Population": 175 }, "geometry": { "type": "Polygon", "coordinates": [ [ [ -8.447376217016627, 40.199623788751246 ], [ -8.447166746334364, 40.196936912629603 ], [ -8.443627924907329, 40.196936912629603 ], [ -8.443837307834801, 40.199623788751246 ], [ -8.447376217016627, 40.199623788751246 ] ] ] } },
{ "type": "Feature", "properties": { "fid": 1246, "Population": 253 }, "geometry": { "type": "Polygon", "coordinates": [ [ [ -8.443837307834801, 40.199623788751246 ], [ -8.443627924907329, 40.196936912629603 ], [ -8.440089103480293, 40.196936912629603 ], [ -8.440298398652976, 40.199623788751246 ], [ -8.443837307834801, 40.199623788751246 ] ] ] } },
{ "type": "Feature", "properties": { "fid": 1247, "Population": 429 }, "geometry": { "type": "Polygon", "coordinates": [ [ [ -8.440298398652976, 40.199623788751246 ], [ -8.440089103480293, 40.196936912629603 ], [ -8.436550282053258, 40.196936912629603 ], [ -8.43675948947115, 40.199623788751246 ], [ -8.440298398652976, 40.199623788751246 ] ] ] } },
{ "type": "Feature", "properties": { "fid": 1248, "Population": 562 }, "geometry": { "type": "Polygon", "coordinates": [ [ [ -8.43675948947115, 40.199623788751246 ], [ -8.436550282053258, 40.196936912629603 ], [ -8.433011460626222, 40.196936912629603 ], [ -8.433220580289325, 40.199623788751246 ], [ -8.43675948947115, 40.199623788751246 ] ] ] } },
{ "type": "Feature", "properties": { "fid": 1249, "Population": 148 }, "geometry": { "type": "Polygon", "coordinates": [ [ [ -8.433220580289325, 40.199623788751246 ], [ -8.433011460626222, 40.196936912629603 ], [ -8.429472639199187, 40.196936912629603 ], [ -8.429681671107501, 40.199623788751246 ], [ -8.433220580289325, 40.199623788751246 ] ] ] } },
{ "type": "Feature", "properties": { "fid": 1250, "Population": 3 }, "geometry": { "type": "Polygon", "coordinates": [ [ [ -8.429681671107501, 40.199623788751246 ], [ -8.429472639199187, 40.196936912629603 ], [ -8.425933817772149, 40.196936912629603 ], [ -8.426142761925675, 40.199623788751246 ], [ -8.429681671107501, 40.199623788751246 ] ] ] } },
{ "type": "Feature", "properties": { "fid": 1251, "Population": 1 }, "geometry": { "type": "Polygon", "coordinates": [ [ [ -8.426142761925675, 40.199623788751246 ], [ -8.425933817772149, 40.196936912629603 ], [ -8.422394996345114, 40.196936912629603 ], [ -8.422603852743851, 40.199623788751246 ], [ -8.426142761925675, 40.199623788751246 ] ] ] } },
{ "type": "Feature", "properties": { "fid": 1252, "Population": 88 }, "geometry": { "type": "Polygon", "coordinates": [ [ [ -8.422603852743851, 40.199623788751246 ], [ -8.422394996345114, 40.196936912629603 ], [ -8.418856174918078, 40.196936912629603 ], [ -8.419064943562026, 40.199623788751246 ], [ -8.422603852743851, 40.199623788751246 ] ] ] } },
{ "type": "Feature", "properties": { "fid": 1253, "Population": 110 }, "geometry": { "type": "Polygon", "coordinates": [ [ [ -8.419064943562026, 40.199623788751246 ], [ -8.418856174918078, 40.196936912629603 ], [ -8.415317353491043, 40.196936912629603 ], [ -8.4155260343802, 40.199623788751246 ], [ -8.419064943562026, 40.199623788751246 ] ] ] } },
{ "type": "Feature", "properties": { "fid": 1254, "Population": 543 }, "geometry": { "type": "Polygon", "coordinates": [ [ [ -8.4155260343802, 40.199623788751246 ], [ -8.415317353491043, 40.196936912629603 ], [ -8.411778532064007, 40.196936912629603 ], [ -8.411987125198374, 40.199623788751246 ], [ -8.4155260343802, 40.199623788751246 ] ] ] } },
{ "type": "Feature", "properties": { "fid": 1255, "Population": 804 }, "geometry": { "type": "Polygon", "coordinates": [ [ [ -8.411987125198374, 40.199623788751246 ], [ -8.411778532064007, 40.196936912629603 ], [ -8.408239710636972, 40.196936912629603 ], [ -8.408448216016549, 40.199623788751246 ], [ -8.411987125198374, 40.199623788751246 ] ] ] } },
{ "type": "Feature", "properties": { "fid": 1256, "Population": 671 }, "geometry": { "type": "Polygon", "coordinates": [ [ [ -8.408448216016549, 40.199623788751246 ], [ -8.408239710636972, 40.196936912629603 ], [ -8.404700889209936, 40.196936912629603 ], [ -8.404909306834725, 40.199623788751246 ], [ -8.408448216016549, 40.199623788751246 ] ] ] } },
{ "type": "Feature", "properties": { "fid": 1257, "Population": 607 }, "geometry": { "type": "Polygon", "coordinates": [ [ [ -8.404909306834725, 40.199623788751246 ], [ -8.404700889209936, 40.196936912629603 ], [ -8.401162067782899, 40.196936912629603 ], [ -8.401370397652899, 40.199623788751246 ], [ -8.404909306834725, 40.199623788751246 ] ] ] } },
{ "type": "Feature", "properties": { "fid": 1258, "Population": 295 }, "geometry": { "type": "Polygon", "coordinates": [ [ [ -8.401370397652899, 40.199623788751246 ], [ -8.401162067782899, 40.196936912629603 ], [ -8.397623246355863, 40.196936912629603 ], [ -8.397831488471073, 40.199623788751246 ], [ -8.401370397652899, 40.199623788751246 ] ] ] } },
{ "type": "Feature", "properties": { "fid": 1259, "Population": 145 }, "geometry": { "type": "Polygon", "coordinates": [ [ [ -8.397831488471073, 40.199623788751246 ], [ -8.397623246355863, 40.196936912629603 ], [ -8.394084424928828, 40.196936912629603 ], [ -8.39429257928925, 40.199623788751246 ], [ -8.397831488471073, 40.199623788751246 ] ] ] } },
{ "type": "Feature", "properties": { "fid": 1260, "Population": 83 }, "geometry": { "type": "Polygon", "coordinates": [ [ [ -8.39429257928925, 40.199623788751246 ], [ -8.394084424928828, 40.196936912629603 ], [ -8.390545603501792, 40.196936912629603 ], [ -8.390753670107424, 40.199623788751246 ], [ -8.39429257928925, 40.199623788751246 ] ] ] } },
{ "type": "Feature", "properties": { "fid": 1261, "Population": 5 }, "geometry": { "type": "Polygon", "coordinates": [ [ [ -8.383675851743773, 40.199623788751246 ], [ -8.383467960647721, 40.196936912629603 ], [ -8.379929139220685, 40.196936912629603 ], [ -8.380136942561947, 40.199623788751246 ], [ -8.383675851743773, 40.199623788751246 ] ] ] } },
{ "type": "Feature", "properties": { "fid": 1262, "Population": 29 }, "geometry": { "type": "Polygon", "coordinates": [ [ [ -8.380136942561947, 40.199623788751246 ], [ -8.379929139220685, 40.196936912629603 ], [ -8.376390317793648, 40.196936912629603 ], [ -8.376598033380123, 40.199623788751246 ], [ -8.380136942561947, 40.199623788751246 ] ] ] } },
{ "type": "Feature", "properties": { "fid": 1263, "Population": 22 }, "geometry": { "type": "Polygon", "coordinates": [ [ [ -8.376598033380123, 40.199623788751246 ], [ -8.376390317793648, 40.196936912629603 ], [ -8.372851496366613, 40.196936912629603 ], [ -8.373059124198297, 40.199623788751246 ], [ -8.376598033380123, 40.199623788751246 ] ] ] } },
{ "type": "Feature", "properties": { "fid": 1264, "Population": 20 }, "geometry": { "type": "Polygon", "coordinates": [ [ [ -8.373059124198297, 40.199623788751246 ], [ -8.372851496366613, 40.196936912629603 ], [ -8.369312674939577, 40.196936912629603 ], [ -8.369520215016474, 40.199623788751246 ], [ -8.373059124198297, 40.199623788751246 ] ] ] } },
{ "type": "Feature", "properties": { "fid": 1265, "Population": 3 }, "geometry": { "type": "Polygon", "coordinates": [ [ [ -8.369520215016474, 40.199623788751246 ], [ -8.369312674939577, 40.196936912629603 ], [ -8.365773853512541, 40.196936912629603 ], [ -8.365981305834648, 40.199623788751246 ], [ -8.369520215016474, 40.199623788751246 ] ] ] } },
{ "type": "Feature", "properties": { "fid": 1266, "Population": 15 }, "geometry": { "type": "Polygon", "coordinates": [ [ [ -8.365981305834648, 40.199623788751246 ], [ -8.365773853512541, 40.196936912629603 ], [ -8.362235032085506, 40.196936912629603 ], [ -8.362442396652822, 40.199623788751246 ], [ -8.365981305834648, 40.199623788751246 ] ] ] } },
{ "type": "Feature", "properties": { "fid": 1267, "Population": 0 }, "geometry": { "type": "Polygon", "coordinates": [ [ [ -8.536829187806168, 40.301754652340364 ], [ -8.536191500529322, 40.2936895912597 ], [ -8.539733488703815, 40.2936895912597 ], [ -8.539520896296773, 40.291001317606387 ], [ -8.553688496290629, 40.291001317606387 ], [ -8.549223374864171, 40.234556806178354 ], [ -8.542143272690371, 40.234556806178354 ], [ -8.541931143547686, 40.231869411667105 ], [ -8.538391180371743, 40.231869411667105 ], [ -8.539027391101021, 40.239931714935835 ], [ -8.535487164156118, 40.239931714935835 ], [ -8.535275152835037, 40.237244240599637 ], [ -8.528194874815267, 40.237244240599637 ], [ -8.528406710266315, 40.239931714935835 ], [ -8.531946937211217, 40.239931714935835 ], [ -8.532158889592777, 40.242619229191746 ], [ -8.525078259808883, 40.242619229191746 ], [ -8.525713763148987, 40.25068201152645 ], [ -8.518632605538398, 40.25068201152645 ], [ -8.519056067374157, 40.256057399437211 ], [ -8.511974557758718, 40.256057399437211 ], [ -8.511551447927811, 40.25068201152645 ], [ -8.508010869122515, 40.25068201152645 ], [ -8.507799445607048, 40.2479943774822 ], [ -8.504258954784907, 40.2479943774822 ], [ -8.504047648166532, 40.24530678337225 ], [ -8.500507245315506, 40.24530678337225 ], [ -8.500084894707109, 40.239931714935835 ], [ -8.503625121652009, 40.239931714935835 ], [ -8.502991548612325, 40.231869411667105 ], [ -8.513611438140151, 40.231869411667105 ], [ -8.513400041205768, 40.229182057061045 ], [ -8.516939916482778, 40.229182057061045 ], [ -8.516728460577221, 40.226494742355321 ], [ -8.523808035357419, 40.226494742355321 ], [ -8.52359643262495, 40.223807467545129 ], [ -8.541294930200998, 40.223807467545129 ], [ -8.54108291709618, 40.221120232625566 ], [ -8.544622528748519, 40.221120232625566 ], [ -8.544410456790036, 40.218433037591808 ], [ -8.547949980591522, 40.218433037591808 ], [ -8.546041847452043, 40.194250076350187 ], [ -8.531886912715061, 40.194250076350187 ], [ -8.532098460583224, 40.196936912629603 ], [ -8.521481996302116, 40.196936912629603 ], [ -8.521693309834955, 40.199623788751246 ], [ -8.514615491471304, 40.199623788751246 ], [ -8.514826658368502, 40.202310704719977 ], [ -8.511287661419889, 40.202310704719977 ], [ -8.511498769417118, 40.204997660540599 ], [ -8.504420599962303, 40.204997660540599 ], [ -8.504631561249646, 40.207684656217978 ], [ -8.501092388731438, 40.207684656217978 ], [ -8.501303291068556, 40.210371691756933 ], [ -8.494224770426534, 40.210371691756933 ], [ -8.494435525979483, 40.213058767162352 ], [ -8.490896177843657, 40.213058767162352 ], [ -8.490685510105523, 40.210371691756933 ], [ -8.487146249784512, 40.210371691756933 ], [ -8.487356829707833, 40.213058767162352 ], [ -8.483817481572009, 40.213058767162352 ], [ -8.484028002470801, 40.215745882439002 ], [ -8.480488566508152, 40.215745882439002 ], [ -8.480278133436183, 40.213058767162352 ], [ -8.473199437164533, 40.213058767162352 ], [ -8.473409694582852, 40.215745882439002 ], [ -8.466330822657552, 40.215745882439002 ], [ -8.466751072397042, 40.221120232625566 ], [ -8.452592625787682, 40.221120232625566 ], [ -8.452382837951369, 40.218433037591808 ], [ -8.44884331414988, 40.218433037591808 ], [ -8.448633642844305, 40.215745882439002 ], [ -8.438015334956358, 40.215745882439002 ], [ -8.438224742745419, 40.218433037591808 ], [ -8.441764266546906, 40.218433037591808 ], [ -8.44197379083066, 40.221120232625566 ], [ -8.445513402483002, 40.221120232625566 ], [ -8.445723043290336, 40.223807467545129 ], [ -8.452802442320756, 40.223807467545129 ], [ -8.453012287555447, 40.226494742355321 ], [ -8.449472500165347, 40.226494742355321 ], [ -8.449682286219614, 40.229182057061045 ], [ -8.453222161496621, 40.229182057061045 ], [ -8.453641995517863, 40.234556806178354 ], [ -8.450101944430964, 40.234556806178354 ], [ -8.450521717478496, 40.239931714935835 ], [ -8.454061944423396, 40.239931714935835 ], [ -8.454692083274919, 40.2479943774822 ], [ -8.458232574097062, 40.2479943774822 ], [ -8.458652986362054, 40.253369685509824 ], [ -8.46219365316254, 40.253369685509824 ], [ -8.461773064919203, 40.2479943774822 ], [ -8.47593502820777, 40.2479943774822 ], [ -8.475724425358319, 40.24530678337225 ], [ -8.479264828209345, 40.24530678337225 ], [ -8.478843533037702, 40.239931714935835 ], [ -8.482383759982604, 40.239931714935835 ], [ -8.482173067686748, 40.237244240599637 ], [ -8.485713206696634, 40.237244240599637 ], [ -8.485502455299965, 40.234556806178354 ], [ -8.492582557473767, 40.234556806178354 ], [ -8.493004440817307, 40.239931714935835 ], [ -8.496544667762208, 40.239931714935835 ], [ -8.498022784792832, 40.258745153313434 ], [ -8.501563627619829, 40.258745153313434 ], [ -8.501774990825611, 40.261432947143383 ], [ -8.512397783400569, 40.261432947143383 ], [ -8.512186156100821, 40.258745153313434 ], [ -8.519267841754816, 40.258745153313434 ], [ -8.51969147746625, 40.264120780931876 ], [ -8.523232496367941, 40.264120780931876 ], [ -8.523020575975528, 40.261432947143383 ], [ -8.530102437692168, 40.261432947143383 ], [ -8.53073881421769, 40.269496568403987 ], [ -8.537821204266855, 40.269496568403987 ], [ -8.538033564002975, 40.272184522097312 ], [ -8.54157484710708, 40.272184522097312 ], [ -8.541787324001378, 40.274872515768621 ], [ -8.534704581610001, 40.274872515768621 ], [ -8.534492280898865, 40.272184522097312 ], [ -8.53095099779476, 40.272184522097312 ], [ -8.531587722800587, 40.280248623064637 ], [ -8.520963080555505, 40.280248623064637 ], [ -8.521175115948802, 40.282936736699092 ], [ -8.517633480406014, 40.282936736699092 ], [ -8.51742153314048, 40.280248623064637 ], [ -8.513879985725451, 40.280248623064637 ], [ -8.513668155584639, 40.27756054942278 ], [ -8.506585236985982, 40.27756054942278 ], [ -8.50637361204449, 40.274872515768621 ], [ -8.499290869653112, 40.274872515768621 ], [ -8.499079449857792, 40.272184522097312 ], [ -8.495538166753684, 40.272184522097312 ], [ -8.495115590107085, 40.266808654683814 ], [ -8.491574483149975, 40.266808654683814 ], [ -8.491152198250651, 40.261432947143383 ], [ -8.49469312910897, 40.261432947143383 ], [ -8.494270783720118, 40.256057399437211 ], [ -8.487189274104679, 40.256057399437211 ], [ -8.487611267392332, 40.261432947143383 ], [ -8.484070336534012, 40.261432947143383 ], [ -8.484281288449349, 40.264120780931876 ], [ -8.477199250645969, 40.264120780931876 ], [ -8.476777727830852, 40.258745153313434 ], [ -8.473236885003853, 40.258745153313434 ], [ -8.472815653564, 40.253369685509824 ], [ -8.469274986763512, 40.253369685509824 ], [ -8.469064502264276, 40.25068201152645 ], [ -8.465523923458981, 40.25068201152645 ], [ -8.465944745258358, 40.256057399437211 ], [ -8.462403990450637, 40.256057399437211 ], [ -8.462824751384092, 40.261432947143383 ], [ -8.466365682242412, 40.261432947143383 ], [ -8.466997303775218, 40.269496568403987 ], [ -8.474079693824381, 40.269496568403987 ], [ -8.474290468129039, 40.272184522097312 ], [ -8.481373034337254, 40.272184522097312 ], [ -8.481584013674668, 40.274872515768621 ], [ -8.488666756066046, 40.274872515768621 ], [ -8.488455600545469, 40.272184522097312 ], [ -8.491996883649577, 40.272184522097312 ], [ -8.493687642435399, 40.2936895912597 ], [ -8.504313606958881, 40.2936895912597 ], [ -8.50473711521337, 40.299066258621821 ], [ -8.508279279776142, 40.299066258621821 ], [ -8.508491165605982, 40.301754652340364 ], [ -8.529744682256121, 40.301754652340364 ], [ -8.529532267152767, 40.299066258621821 ], [ -8.533074431715539, 40.299066258621821 ], [ -8.533286935031144, 40.301754652340364 ], [ -8.536829187806168, 40.301754652340364 ] ], [ [ -8.51493957148236, 40.2936895912597 ], [ -8.511397583307867, 40.2936895912597 ], [ -8.510762009320269, 40.285624890330936 ], [ -8.514303733002881, 40.285624890330936 ], [ -8.51493957148236, 40.2936895912597 ] ], [ [ -8.535978996298308, 40.291001317606387 ], [ -8.532437096299844, 40.291001317606387 ], [ -8.532224709321865, 40.288313083965072 ], [ -8.535766521156368, 40.288313083965072 ], [ -8.535978996298308, 40.291001317606387 ] ], [ [ -8.468643619656264, 40.24530678337225 ], [ -8.465103216805238, 40.24530678337225 ], [ -8.46489290664578, 40.242619229191746 ], [ -8.461352591753833, 40.242619229191746 ], [ -8.4611423983132, 40.239931714935835 ], [ -8.454061944423396, 40.239931714935835 ], [ -8.453851955607661, 40.237244240599637 ], [ -8.468012511647204, 40.237244240599637 ], [ -8.468643619656264, 40.24530678337225 ] ], [ [ -8.475513851321622, 40.242619229191746 ], [ -8.471973536429674, 40.242619229191746 ], [ -8.471552650657092, 40.237244240599637 ], [ -8.475092789666977, 40.237244240599637 ], [ -8.475513851321622, 40.242619229191746 ] ], [ [ -8.546107844990821, 40.239931714935835 ], [ -8.54256761804592, 40.239931714935835 ], [ -8.54235543085481, 40.237244240599637 ], [ -8.545895569864696, 40.237244240599637 ], [ -8.546107844990821, 40.239931714935835 ] ], [ [ -8.47383029570172, 40.221120232625566 ], [ -8.470290684049381, 40.221120232625566 ], [ -8.470080456958803, 40.218433037591808 ], [ -8.47361998076029, 40.218433037591808 ], [ -8.47383029570172, 40.221120232625566 ] ] ] } },
{ "type": "Feature", "properties": { "fid": 1268, "Population": 1 }, "geometry": { "type": "Polygon", "coordinates": [ [ [ -8.390753670107424, 40.199623788751246 ], [ -8.390337565345256, 40.194250076350187 ], [ -8.386798831661011, 40.194250076350187 ], [ -8.3872147609256, 40.199623788751246 ], [ -8.390753670107424, 40.199623788751246 ] ] ] } },
{ "type": "Feature", "properties": { "fid": 1269, "Population": 6 }, "geometry": { "type": "Polygon", "coordinates": [ [ [ -8.532098460583224, 40.196936912629603 ], [ -8.531886912715061, 40.194250076350187 ], [ -8.528348179030816, 40.194250076350187 ], [ -8.528559639156187, 40.196936912629603 ], [ -8.532098460583224, 40.196936912629603 ] ] ] } },
{ "type": "Feature", "properties": { "fid": 1270, "Population": 38 }, "geometry": { "type": "Polygon", "coordinates": [ [ [ -8.528559639156187, 40.196936912629603 ], [ -8.528348179030816, 40.194250076350187 ], [ -8.524809445346573, 40.194250076350187 ], [ -8.525020817729152, 40.196936912629603 ], [ -8.528559639156187, 40.196936912629603 ] ] ] } },
{ "type": "Feature", "properties": { "fid": 1271, "Population": 3 }, "geometry": { "type": "Polygon", "coordinates": [ [ [ -8.525020817729152, 40.196936912629603 ], [ -8.524809445346573, 40.194250076350187 ], [ -8.517731977978082, 40.194250076350187 ], [ -8.51794317487508, 40.196936912629603 ], [ -8.525020817729152, 40.196936912629603 ] ] ] } },
{ "type": "Feature", "properties": { "fid": 1272, "Population": 33 }, "geometry": { "type": "Polygon", "coordinates": [ [ [ -8.51794317487508, 40.196936912629603 ], [ -8.517731977978082, 40.194250076350187 ], [ -8.514193244293837, 40.194250076350187 ], [ -8.514404353448045, 40.196936912629603 ], [ -8.51794317487508, 40.196936912629603 ] ] ] } },
{ "type": "Feature", "properties": { "fid": 1273, "Population": 16 }, "geometry": { "type": "Polygon", "coordinates": [ [ [ -8.514404353448045, 40.196936912629603 ], [ -8.514193244293837, 40.194250076350187 ], [ -8.510654510609593, 40.194250076350187 ], [ -8.510865532021009, 40.196936912629603 ], [ -8.514404353448045, 40.196936912629603 ] ] ] } },
{ "type": "Feature", "properties": { "fid": 1274, "Population": 67 }, "geometry": { "type": "Polygon", "coordinates": [ [ [ -8.507326710593974, 40.196936912629603 ], [ -8.507115776925346, 40.194250076350187 ], [ -8.503577043241101, 40.194250076350187 ], [ -8.503787889166937, 40.196936912629603 ], [ -8.507326710593974, 40.196936912629603 ] ] ] } },
{ "type": "Feature", "properties": { "fid": 1275, "Population": 137 }, "geometry": { "type": "Polygon", "coordinates": [ [ [ -8.503787889166937, 40.196936912629603 ], [ -8.503577043241101, 40.194250076350187 ], [ -8.500038309556857, 40.194250076350187 ], [ -8.500249067739901, 40.196936912629603 ], [ -8.503787889166937, 40.196936912629603 ] ] ] } },
{ "type": "Feature", "properties": { "fid": 1276, "Population": 69 }, "geometry": { "type": "Polygon", "coordinates": [ [ [ -8.500249067739901, 40.196936912629603 ], [ -8.500038309556857, 40.194250076350187 ], [ -8.49649957587261, 40.194250076350187 ], [ -8.496710246312865, 40.196936912629603 ], [ -8.500249067739901, 40.196936912629603 ] ] ] } },
{ "type": "Feature", "properties": { "fid": 1277, "Population": 33 }, "geometry": { "type": "Polygon", "coordinates": [ [ [ -8.496710246312865, 40.196936912629603 ], [ -8.49649957587261, 40.194250076350187 ], [ -8.492960842188365, 40.194250076350187 ], [ -8.49317142488583, 40.196936912629603 ], [ -8.496710246312865, 40.196936912629603 ] ] ] } },
{ "type": "Feature", "properties": { "fid": 1278, "Population": 36 }, "geometry": { "type": "Polygon", "coordinates": [ [ [ -8.49317142488583, 40.196936912629603 ], [ -8.492960842188365, 40.194250076350187 ], [ -8.489422108504121, 40.194250076350187 ], [ -8.489632603458794, 40.196936912629603 ], [ -8.49317142488583, 40.196936912629603 ] ] ] } },
{ "type": "Feature", "properties": { "fid": 1279, "Population": 18 }, "geometry": { "type": "Polygon", "coordinates": [ [ [ -8.489632603458794, 40.196936912629603 ], [ -8.489422108504121, 40.194250076350187 ], [ -8.485883374819874, 40.194250076350187 ], [ -8.486093782031759, 40.196936912629603 ], [ -8.489632603458794, 40.196936912629603 ] ] ] } },
{ "type": "Feature", "properties": { "fid": 1280, "Population": 28 }, "geometry": { "type": "Polygon", "coordinates": [ [ [ -8.486093782031759, 40.196936912629603 ], [ -8.485883374819874, 40.194250076350187 ], [ -8.482344641135629, 40.194250076350187 ], [ -8.482554960604723, 40.196936912629603 ], [ -8.486093782031759, 40.196936912629603 ] ] ] } },
{ "type": "Feature", "properties": { "fid": 1281, "Population": 167 }, "geometry": { "type": "Polygon", "coordinates": [ [ [ -8.482554960604723, 40.196936912629603 ], [ -8.482344641135629, 40.194250076350187 ], [ -8.478805907451385, 40.194250076350187 ], [ -8.479016139177686, 40.196936912629603 ], [ -8.482554960604723, 40.196936912629603 ] ] ] } },
{ "type": "Feature", "properties": { "fid": 1282, "Population": 87 }, "geometry": { "type": "Polygon", "coordinates": [ [ [ -8.479016139177686, 40.196936912629603 ], [ -8.478805907451385, 40.194250076350187 ], [ -8.47526717376714, 40.194250076350187 ], [ -8.47547731775065, 40.196936912629603 ], [ -8.479016139177686, 40.196936912629603 ] ] ] } },
{ "type": "Feature", "properties": { "fid": 1283, "Population": 29 }, "geometry": { "type": "Polygon", "coordinates": [ [ [ -8.47547731775065, 40.196936912629603 ], [ -8.47526717376714, 40.194250076350187 ], [ -8.471728440082893, 40.194250076350187 ], [ -8.471938496323615, 40.196936912629603 ], [ -8.47547731775065, 40.196936912629603 ] ] ] } },
{ "type": "Feature", "properties": { "fid": 1284, "Population": 10 }, "geometry": { "type": "Polygon", "coordinates": [ [ [ -8.471938496323615, 40.196936912629603 ], [ -8.471728440082893, 40.194250076350187 ], [ -8.468189706398649, 40.194250076350187 ], [ -8.468399674896579, 40.196936912629603 ], [ -8.471938496323615, 40.196936912629603 ] ] ] } },
{ "type": "Feature", "properties": { "fid": 1285, "Population": 21 }, "geometry": { "type": "Polygon", "coordinates": [ [ [ -8.468399674896579, 40.196936912629603 ], [ -8.468189706398649, 40.194250076350187 ], [ -8.464650972714406, 40.194250076350187 ], [ -8.464860853469544, 40.196936912629603 ], [ -8.468399674896579, 40.196936912629603 ] ] ] } },
{ "type": "Feature", "properties": { "fid": 1286, "Population": 27 }, "geometry": { "type": "Polygon", "coordinates": [ [ [ -8.464860853469544, 40.196936912629603 ], [ -8.464650972714406, 40.194250076350187 ], [ -8.461112239030159, 40.194250076350187 ], [ -8.461322032042508, 40.196936912629603 ], [ -8.464860853469544, 40.196936912629603 ] ] ] } },
{ "type": "Feature", "properties": { "fid": 1287, "Population": 18 }, "geometry": { "type": "Polygon", "coordinates": [ [ [ -8.461322032042508, 40.196936912629603 ], [ -8.461112239030159, 40.194250076350187 ], [ -8.457573505345914, 40.194250076350187 ], [ -8.457783210615473, 40.196936912629603 ], [ -8.461322032042508, 40.196936912629603 ] ] ] } },
{ "type": "Feature", "properties": { "fid": 1288, "Population": 160 }, "geometry": { "type": "Polygon", "coordinates": [ [ [ -8.457783210615473, 40.196936912629603 ], [ -8.457573505345914, 40.194250076350187 ], [ -8.45403477166167, 40.194250076350187 ], [ -8.454244389188435, 40.196936912629603 ], [ -8.457783210615473, 40.196936912629603 ] ] ] } },
{ "type": "Feature", "properties": { "fid": 1289, "Population": 397 }, "geometry": { "type": "Polygon", "coordinates": [ [ [ -8.454244389188435, 40.196936912629603 ], [ -8.45403477166167, 40.194250076350187 ], [ -8.450496037977423, 40.194250076350187 ], [ -8.4507055677614, 40.196936912629603 ], [ -8.454244389188435, 40.196936912629603 ] ] ] } },
{ "type": "Feature", "properties": { "fid": 1290, "Population": 261 }, "geometry": { "type": "Polygon", "coordinates": [ [ [ -8.4507055677614, 40.196936912629603 ], [ -8.450496037977423, 40.194250076350187 ], [ -8.446957304293178, 40.194250076350187 ], [ -8.447166746334364, 40.196936912629603 ], [ -8.4507055677614, 40.196936912629603 ] ] ] } },
{ "type": "Feature", "properties": { "fid": 1291, "Population": 223 }, "geometry": { "type": "Polygon", "coordinates": [ [ [ -8.447166746334364, 40.196936912629603 ], [ -8.446957304293178, 40.194250076350187 ], [ -8.443418570608934, 40.194250076350187 ], [ -8.443627924907329, 40.196936912629603 ], [ -8.447166746334364, 40.196936912629603 ] ] ] } },
{ "type": "Feature", "properties": { "fid": 1292, "Population": 138 }, "geometry": { "type": "Polygon", "coordinates": [ [ [ -8.443627924907329, 40.196936912629603 ], [ -8.443418570608934, 40.194250076350187 ], [ -8.439879836924687, 40.194250076350187 ], [ -8.440089103480293, 40.196936912629603 ], [ -8.443627924907329, 40.196936912629603 ] ] ] } },
{ "type": "Feature", "properties": { "fid": 1293, "Population": 209 }, "geometry": { "type": "Polygon", "coordinates": [ [ [ -8.440089103480293, 40.196936912629603 ], [ -8.439879836924687, 40.194250076350187 ], [ -8.436341103240443, 40.194250076350187 ], [ -8.436550282053258, 40.196936912629603 ], [ -8.440089103480293, 40.196936912629603 ] ] ] } },
{ "type": "Feature", "properties": { "fid": 1294, "Population": 191 }, "geometry": { "type": "Polygon", "coordinates": [ [ [ -8.436550282053258, 40.196936912629603 ], [ -8.436341103240443, 40.194250076350187 ], [ -8.432802369556198, 40.194250076350187 ], [ -8.433011460626222, 40.196936912629603 ], [ -8.436550282053258, 40.196936912629603 ] ] ] } },
{ "type": "Feature", "properties": { "fid": 1295, "Population": 208 }, "geometry": { "type": "Polygon", "coordinates": [ [ [ -8.433011460626222, 40.196936912629603 ], [ -8.432802369556198, 40.194250076350187 ], [ -8.429263635871953, 40.194250076350187 ], [ -8.429472639199187, 40.196936912629603 ], [ -8.433011460626222, 40.196936912629603 ] ] ] } },
{ "type": "Feature", "properties": { "fid": 1296, "Population": 0 }, "geometry": { "type": "Polygon", "coordinates": [ [ [ -8.429472639199187, 40.196936912629603 ], [ -8.429263635871953, 40.194250076350187 ], [ -8.422186168503462, 40.194250076350187 ], [ -8.422394996345114, 40.196936912629603 ], [ -8.429472639199187, 40.196936912629603 ] ] ] } },
{ "type": "Feature", "properties": { "fid": 1297, "Population": 293 }, "geometry": { "type": "Polygon", "coordinates": [ [ [ -8.422394996345114, 40.196936912629603 ], [ -8.422186168503462, 40.194250076350187 ], [ -8.418647434819217, 40.194250076350187 ], [ -8.418856174918078, 40.196936912629603 ], [ -8.422394996345114, 40.196936912629603 ] ] ] } },
{ "type": "Feature", "properties": { "fid": 1298, "Population": 753 }, "geometry": { "type": "Polygon", "coordinates": [ [ [ -8.418856174918078, 40.196936912629603 ], [ -8.418647434819217, 40.194250076350187 ], [ -8.415108701134971, 40.194250076350187 ], [ -8.415317353491043, 40.196936912629603 ], [ -8.418856174918078, 40.196936912629603 ] ] ] } },
{ "type": "Feature", "properties": { "fid": 1299, "Population": 796 }, "geometry": { "type": "Polygon", "coordinates": [ [ [ -8.415317353491043, 40.196936912629603 ], [ -8.415108701134971, 40.194250076350187 ], [ -8.411569967450726, 40.194250076350187 ], [ -8.411778532064007, 40.196936912629603 ], [ -8.415317353491043, 40.196936912629603 ] ] ] } },
{ "type": "Feature", "properties": { "fid": 1300, "Population": 1007 }, "geometry": { "type": "Polygon", "coordinates": [ [ [ -8.411778532064007, 40.196936912629603 ], [ -8.411569967450726, 40.194250076350187 ], [ -8.408031233766481, 40.194250076350187 ], [ -8.408239710636972, 40.196936912629603 ], [ -8.411778532064007, 40.196936912629603 ] ] ] } },
{ "type": "Feature", "properties": { "fid": 1301, "Population": 726 }, "geometry": { "type": "Polygon", "coordinates": [ [ [ -8.408239710636972, 40.196936912629603 ], [ -8.408031233766481, 40.194250076350187 ], [ -8.404492500082236, 40.194250076350187 ], [ -8.404700889209936, 40.196936912629603 ], [ -8.408239710636972, 40.196936912629603 ] ] ] } },
{ "type": "Feature", "properties": { "fid": 1302, "Population": 652 }, "geometry": { "type": "Polygon", "coordinates": [ [ [ -8.404700889209936, 40.196936912629603 ], [ -8.404492500082236, 40.194250076350187 ], [ -8.400953766397992, 40.194250076350187 ], [ -8.401162067782899, 40.196936912629603 ], [ -8.404700889209936, 40.196936912629603 ] ] ] } },
{ "type": "Feature", "properties": { "fid": 1303, "Population": 234 }, "geometry": { "type": "Polygon", "coordinates": [ [ [ -8.401162067782899, 40.196936912629603 ], [ -8.400953766397992, 40.194250076350187 ], [ -8.397415032713747, 40.194250076350187 ], [ -8.397623246355863, 40.196936912629603 ], [ -8.401162067782899, 40.196936912629603 ] ] ] } },
{ "type": "Feature", "properties": { "fid": 1304, "Population": 499 }, "geometry": { "type": "Polygon", "coordinates": [ [ [ -8.397623246355863, 40.196936912629603 ], [ -8.397415032713747, 40.194250076350187 ], [ -8.393876299029502, 40.194250076350187 ], [ -8.394084424928828, 40.196936912629603 ], [ -8.397623246355863, 40.196936912629603 ] ] ] } },
{ "type": "Feature", "properties": { "fid": 1305, "Population": 74 }, "geometry": { "type": "Polygon", "coordinates": [ [ [ -8.394084424928828, 40.196936912629603 ], [ -8.393876299029502, 40.194250076350187 ], [ -8.390337565345256, 40.194250076350187 ], [ -8.390545603501792, 40.196936912629603 ], [ -8.394084424928828, 40.196936912629603 ] ] ] } },
{ "type": "Feature", "properties": { "fid": 1306, "Population": 4 }, "geometry": { "type": "Polygon", "coordinates": [ [ [ -8.387006782074756, 40.196936912629603 ], [ -8.386798831661011, 40.194250076350187 ], [ -8.383260097976766, 40.194250076350187 ], [ -8.383467960647721, 40.196936912629603 ], [ -8.387006782074756, 40.196936912629603 ] ] ] } },
{ "type": "Feature", "properties": { "fid": 1307, "Population": 104 }, "geometry": { "type": "Polygon", "coordinates": [ [ [ -8.383467960647721, 40.196936912629603 ], [ -8.383260097976766, 40.194250076350187 ], [ -8.37972136429252, 40.194250076350187 ], [ -8.379929139220685, 40.196936912629603 ], [ -8.383467960647721, 40.196936912629603 ] ] ] } },
{ "type": "Feature", "properties": { "fid": 1308, "Population": 94 }, "geometry": { "type": "Polygon", "coordinates": [ [ [ -8.379929139220685, 40.196936912629603 ], [ -8.37972136429252, 40.194250076350187 ], [ -8.376182630608275, 40.194250076350187 ], [ -8.376390317793648, 40.196936912629603 ], [ -8.379929139220685, 40.196936912629603 ] ] ] } },
{ "type": "Feature", "properties": { "fid": 1309, "Population": 1 }, "geometry": { "type": "Polygon", "coordinates": [ [ [ -8.376390317793648, 40.196936912629603 ], [ -8.376182630608275, 40.194250076350187 ], [ -8.37264389692403, 40.194250076350187 ], [ -8.372851496366613, 40.196936912629603 ], [ -8.376390317793648, 40.196936912629603 ] ] ] } },
{ "type": "Feature", "properties": { "fid": 1310, "Population": 1 }, "geometry": { "type": "Polygon", "coordinates": [ [ [ -8.369312674939577, 40.196936912629603 ], [ -8.369105163239784, 40.194250076350187 ], [ -8.365566429555539, 40.194250076350187 ], [ -8.365773853512541, 40.196936912629603 ], [ -8.369312674939577, 40.196936912629603 ] ] ] } },
{ "type": "Feature", "properties": { "fid": 1311, "Population": 14 }, "geometry": { "type": "Polygon", "coordinates": [ [ [ -8.510865532021009, 40.196936912629603 ], [ -8.510443518050344, 40.191563279908145 ], [ -8.506904872096893, 40.191563279908145 ], [ -8.507326710593974, 40.196936912629603 ], [ -8.510865532021009, 40.196936912629603 ] ] ] } },
{ "type": "Feature", "properties": { "fid": 1312, "Population": 8 }, "geometry": { "type": "Polygon", "coordinates": [ [ [ -8.546041847452043, 40.194250076350187 ], [ -8.545829977584857, 40.191563279908145 ], [ -8.542291331631406, 40.191563279908145 ], [ -8.542503113767797, 40.194250076350187 ], [ -8.546041847452043, 40.194250076350187 ] ] ] } },
{ "type": "Feature", "properties": { "fid": 1313, "Population": 12 }, "geometry": { "type": "Polygon", "coordinates": [ [ [ -8.542503113767797, 40.194250076350187 ], [ -8.542291331631406, 40.191563279908145 ], [ -8.538752685677956, 40.191563279908145 ], [ -8.538964380083552, 40.194250076350187 ], [ -8.542503113767797, 40.194250076350187 ] ] ] } },
{ "type": "Feature", "properties": { "fid": 1314, "Population": 14 }, "geometry": { "type": "Polygon", "coordinates": [ [ [ -8.538964380083552, 40.194250076350187 ], [ -8.538752685677956, 40.191563279908145 ], [ -8.535214039724503, 40.191563279908145 ], [ -8.535425646399307, 40.194250076350187 ], [ -8.538964380083552, 40.194250076350187 ] ] ] } },
{ "type": "Feature", "properties": { "fid": 1315, "Population": 1 }, "geometry": { "type": "Polygon", "coordinates": [ [ [ -8.535425646399307, 40.194250076350187 ], [ -8.535214039724503, 40.191563279908145 ], [ -8.531675393771051, 40.191563279908145 ], [ -8.531886912715061, 40.194250076350187 ], [ -8.535425646399307, 40.194250076350187 ] ] ] } },
{ "type": "Feature", "properties": { "fid": 1316, "Population": 13 }, "geometry": { "type": "Polygon", "coordinates": [ [ [ -8.531886912715061, 40.194250076350187 ], [ -8.531675393771051, 40.191563279908145 ], [ -8.528136747817602, 40.191563279908145 ], [ -8.528348179030816, 40.194250076350187 ], [ -8.531886912715061, 40.194250076350187 ] ] ] } },
{ "type": "Feature", "properties": { "fid": 1317, "Population": 25 }, "geometry": { "type": "Polygon", "coordinates": [ [ [ -8.528348179030816, 40.194250076350187 ], [ -8.528136747817602, 40.191563279908145 ], [ -8.52459810186415, 40.191563279908145 ], [ -8.524809445346573, 40.194250076350187 ], [ -8.528348179030816, 40.194250076350187 ] ] ] } },
{ "type": "Feature", "properties": { "fid": 1318, "Population": 6 }, "geometry": { "type": "Polygon", "coordinates": [ [ [ -8.524809445346573, 40.194250076350187 ], [ -8.52459810186415, 40.191563279908145 ], [ -8.521059455910699, 40.191563279908145 ], [ -8.521270711662327, 40.194250076350187 ], [ -8.524809445346573, 40.194250076350187 ] ] ] } },
{ "type": "Feature", "properties": { "fid": 1319, "Population": 2 }, "geometry": { "type": "Polygon", "coordinates": [ [ [ -8.521270711662327, 40.194250076350187 ], [ -8.521059455910699, 40.191563279908145 ], [ -8.517520809957247, 40.191563279908145 ], [ -8.517731977978082, 40.194250076350187 ], [ -8.521270711662327, 40.194250076350187 ] ] ] } },
{ "type": "Feature", "properties": { "fid": 1320, "Population": 9 }, "geometry": { "type": "Polygon", "coordinates": [ [ [ -8.514193244293837, 40.194250076350187 ], [ -8.513982164003796, 40.191563279908145 ], [ -8.510443518050344, 40.191563279908145 ], [ -8.510654510609593, 40.194250076350187 ], [ -8.514193244293837, 40.194250076350187 ] ] ] } },
{ "type": "Feature", "properties": { "fid": 1321, "Population": 39 }, "geometry": { "type": "Polygon", "coordinates": [ [ [ -8.507115776925346, 40.194250076350187 ], [ -8.506904872096893, 40.191563279908145 ], [ -8.503366226143442, 40.191563279908145 ], [ -8.503577043241101, 40.194250076350187 ], [ -8.507115776925346, 40.194250076350187 ] ] ] } },
{ "type": "Feature", "properties": { "fid": 1322, "Population": 31 }, "geometry": { "type": "Polygon", "coordinates": [ [ [ -8.503577043241101, 40.194250076350187 ], [ -8.503366226143442, 40.191563279908145 ], [ -8.49982758018999, 40.191563279908145 ], [ -8.500038309556857, 40.194250076350187 ], [ -8.503577043241101, 40.194250076350187 ] ] ] } },
{ "type": "Feature", "properties": { "fid": 1323, "Population": 19 }, "geometry": { "type": "Polygon", "coordinates": [ [ [ -8.500038309556857, 40.194250076350187 ], [ -8.49982758018999, 40.191563279908145 ], [ -8.496288934236539, 40.191563279908145 ], [ -8.49649957587261, 40.194250076350187 ], [ -8.500038309556857, 40.194250076350187 ] ] ] } },
{ "type": "Feature", "properties": { "fid": 1324, "Population": 14 }, "geometry": { "type": "Polygon", "coordinates": [ [ [ -8.492960842188365, 40.194250076350187 ], [ -8.492750288283089, 40.191563279908145 ], [ -8.489211642329636, 40.191563279908145 ], [ -8.489422108504121, 40.194250076350187 ], [ -8.492960842188365, 40.194250076350187 ] ] ] } },
{ "type": "Feature", "properties": { "fid": 1325, "Population": 4 }, "geometry": { "type": "Polygon", "coordinates": [ [ [ -8.489422108504121, 40.194250076350187 ], [ -8.489211642329636, 40.191563279908145 ], [ -8.482134350422735, 40.191563279908145 ], [ -8.482344641135629, 40.194250076350187 ], [ -8.489422108504121, 40.194250076350187 ] ] ] } },
{ "type": "Feature", "properties": { "fid": 1326, "Population": 32 }, "geometry": { "type": "Polygon", "coordinates": [ [ [ -8.482344641135629, 40.194250076350187 ], [ -8.482134350422735, 40.191563279908145 ], [ -8.478595704469283, 40.191563279908145 ], [ -8.478805907451385, 40.194250076350187 ], [ -8.482344641135629, 40.194250076350187 ] ] ] } },
{ "type": "Feature", "properties": { "fid": 1327, "Population": 11 }, "geometry": { "type": "Polygon", "coordinates": [ [ [ -8.478805907451385, 40.194250076350187 ], [ -8.478595704469283, 40.191563279908145 ], [ -8.475057058515832, 40.191563279908145 ], [ -8.47526717376714, 40.194250076350187 ], [ -8.478805907451385, 40.194250076350187 ] ] ] } },
{ "type": "Feature", "properties": { "fid": 1328, "Population": 2 }, "geometry": { "type": "Polygon", "coordinates": [ [ [ -8.47526717376714, 40.194250076350187 ], [ -8.475057058515832, 40.191563279908145 ], [ -8.471518412562379, 40.191563279908145 ], [ -8.471728440082893, 40.194250076350187 ], [ -8.47526717376714, 40.194250076350187 ] ] ] } },
{ "type": "Feature", "properties": { "fid": 1329, "Population": 12 }, "geometry": { "type": "Polygon", "coordinates": [ [ [ -8.471728440082893, 40.194250076350187 ], [ -8.471518412562379, 40.191563279908145 ], [ -8.467979766608929, 40.191563279908145 ], [ -8.468189706398649, 40.194250076350187 ], [ -8.471728440082893, 40.194250076350187 ] ] ] } },
{ "type": "Feature", "properties": { "fid": 1330, "Population": 91 }, "geometry": { "type": "Polygon", "coordinates": [ [ [ -8.468189706398649, 40.194250076350187 ], [ -8.467979766608929, 40.191563279908145 ], [ -8.464441120655477, 40.191563279908145 ], [ -8.464650972714406, 40.194250076350187 ], [ -8.468189706398649, 40.194250076350187 ] ] ] } },
{ "type": "Feature", "properties": { "fid": 1331, "Population": 97 }, "geometry": { "type": "Polygon", "coordinates": [ [ [ -8.464650972714406, 40.194250076350187 ], [ -8.464441120655477, 40.191563279908145 ], [ -8.460902474702026, 40.191563279908145 ], [ -8.461112239030159, 40.194250076350187 ], [ -8.464650972714406, 40.194250076350187 ] ] ] } },
{ "type": "Feature", "properties": { "fid": 1332, "Population": 4 }, "geometry": { "type": "Polygon", "coordinates": [ [ [ -8.461112239030159, 40.194250076350187 ], [ -8.460902474702026, 40.191563279908145 ], [ -8.457363828748575, 40.191563279908145 ], [ -8.457573505345914, 40.194250076350187 ], [ -8.461112239030159, 40.194250076350187 ] ] ] } },
{ "type": "Feature", "properties": { "fid": 1333, "Population": 26 }, "geometry": { "type": "Polygon", "coordinates": [ [ [ -8.457573505345914, 40.194250076350187 ], [ -8.457363828748575, 40.191563279908145 ], [ -8.453825182795123, 40.191563279908145 ], [ -8.45403477166167, 40.194250076350187 ], [ -8.457573505345914, 40.194250076350187 ] ] ] } },
{ "type": "Feature", "properties": { "fid": 1334, "Population": 289 }, "geometry": { "type": "Polygon", "coordinates": [ [ [ -8.45403477166167, 40.194250076350187 ], [ -8.453825182795123, 40.191563279908145 ], [ -8.450286536841672, 40.191563279908145 ], [ -8.450496037977423, 40.194250076350187 ], [ -8.45403477166167, 40.194250076350187 ] ] ] } },
{ "type": "Feature", "properties": { "fid": 1335, "Population": 156 }, "geometry": { "type": "Polygon", "coordinates": [ [ [ -8.450496037977423, 40.194250076350187 ], [ -8.450286536841672, 40.191563279908145 ], [ -8.446747890888222, 40.191563279908145 ], [ -8.446957304293178, 40.194250076350187 ], [ -8.450496037977423, 40.194250076350187 ] ] ] } },
{ "type": "Feature", "properties": { "fid": 1336, "Population": 129 }, "geometry": { "type": "Polygon", "coordinates": [ [ [ -8.446957304293178, 40.194250076350187 ], [ -8.446747890888222, 40.191563279908145 ], [ -8.443209244934771, 40.191563279908145 ], [ -8.443418570608934, 40.194250076350187 ], [ -8.446957304293178, 40.194250076350187 ] ] ] } },
{ "type": "Feature", "properties": { "fid": 1337, "Population": 168 }, "geometry": { "type": "Polygon", "coordinates": [ [ [ -8.443418570608934, 40.194250076350187 ], [ -8.443209244934771, 40.191563279908145 ], [ -8.439670598981317, 40.191563279908145 ], [ -8.439879836924687, 40.194250076350187 ], [ -8.443418570608934, 40.194250076350187 ] ] ] } },
{ "type": "Feature", "properties": { "fid": 1338, "Population": 152 }, "geometry": { "type": "Polygon", "coordinates": [ [ [ -8.439879836924687, 40.194250076350187 ], [ -8.439670598981317, 40.191563279908145 ], [ -8.436131953027866, 40.191563279908145 ], [ -8.436341103240443, 40.194250076350187 ], [ -8.439879836924687, 40.194250076350187 ] ] ] } },
{ "type": "Feature", "properties": { "fid": 1339, "Population": 97 }, "geometry": { "type": "Polygon", "coordinates": [ [ [ -8.436341103240443, 40.194250076350187 ], [ -8.436131953027866, 40.191563279908145 ], [ -8.429054661120965, 40.191563279908145 ], [ -8.429263635871953, 40.194250076350187 ], [ -8.436341103240443, 40.194250076350187 ] ] ] } },
{ "type": "Feature", "properties": { "fid": 1340, "Population": 8 }, "geometry": { "type": "Polygon", "coordinates": [ [ [ -8.429263635871953, 40.194250076350187 ], [ -8.429054661120965, 40.191563279908145 ], [ -8.425516015167512, 40.191563279908145 ], [ -8.425724902187707, 40.194250076350187 ], [ -8.429263635871953, 40.194250076350187 ] ] ] } },
{ "type": "Feature", "properties": { "fid": 1341, "Population": 2 }, "geometry": { "type": "Polygon", "coordinates": [ [ [ -8.425724902187707, 40.194250076350187 ], [ -8.425516015167512, 40.191563279908145 ], [ -8.421977369214062, 40.191563279908145 ], [ -8.422186168503462, 40.194250076350187 ], [ -8.425724902187707, 40.194250076350187 ] ] ] } },
{ "type": "Feature", "properties": { "fid": 1342, "Population": 147 }, "geometry": { "type": "Polygon", "coordinates": [ [ [ -8.422186168503462, 40.194250076350187 ], [ -8.421977369214062, 40.191563279908145 ], [ -8.418438723260611, 40.191563279908145 ], [ -8.418647434819217, 40.194250076350187 ], [ -8.422186168503462, 40.194250076350187 ] ] ] } },
{ "type": "Feature", "properties": { "fid": 1343, "Population": 340 }, "geometry": { "type": "Polygon", "coordinates": [ [ [ -8.418647434819217, 40.194250076350187 ], [ -8.418438723260611, 40.191563279908145 ], [ -8.414900077307159, 40.191563279908145 ], [ -8.415108701134971, 40.194250076350187 ], [ -8.418647434819217, 40.194250076350187 ] ] ] } },
{ "type": "Feature", "properties": { "fid": 1344, "Population": 53 }, "geometry": { "type": "Polygon", "coordinates": [ [ [ -8.415108701134971, 40.194250076350187 ], [ -8.414900077307159, 40.191563279908145 ], [ -8.411361431353708, 40.191563279908145 ], [ -8.411569967450726, 40.194250076350187 ], [ -8.415108701134971, 40.194250076350187 ] ] ] } },
{ "type": "Feature", "properties": { "fid": 1345, "Population": 71 }, "geometry": { "type": "Polygon", "coordinates": [ [ [ -8.411569967450726, 40.194250076350187 ], [ -8.411361431353708, 40.191563279908145 ], [ -8.407822785400256, 40.191563279908145 ], [ -8.408031233766481, 40.194250076350187 ], [ -8.411569967450726, 40.194250076350187 ] ] ] } },
{ "type": "Feature", "properties": { "fid": 1346, "Population": 343 }, "geometry": { "type": "Polygon", "coordinates": [ [ [ -8.408031233766481, 40.194250076350187 ], [ -8.407822785400256, 40.191563279908145 ], [ -8.404284139446805, 40.191563279908145 ], [ -8.404492500082236, 40.194250076350187 ], [ -8.408031233766481, 40.194250076350187 ] ] ] } },
{ "type": "Feature", "properties": { "fid": 1347, "Population": 329 }, "geometry": { "type": "Polygon", "coordinates": [ [ [ -8.404492500082236, 40.194250076350187 ], [ -8.404284139446805, 40.191563279908145 ], [ -8.400745493493353, 40.191563279908145 ], [ -8.400953766397992, 40.194250076350187 ], [ -8.404492500082236, 40.194250076350187 ] ] ] } },
{ "type": "Feature", "properties": { "fid": 1348, "Population": 321 }, "geometry": { "type": "Polygon", "coordinates": [ [ [ -8.400953766397992, 40.194250076350187 ], [ -8.400745493493353, 40.191563279908145 ], [ -8.397206847539904, 40.191563279908145 ], [ -8.397415032713747, 40.194250076350187 ], [ -8.400953766397992, 40.194250076350187 ] ] ] } },
{ "type": "Feature", "properties": { "fid": 1349, "Population": 271 }, "geometry": { "type": "Polygon", "coordinates": [ [ [ -8.397415032713747, 40.194250076350187 ], [ -8.397206847539904, 40.191563279908145 ], [ -8.393668201586451, 40.191563279908145 ], [ -8.393876299029502, 40.194250076350187 ], [ -8.397415032713747, 40.194250076350187 ] ] ] } },
{ "type": "Feature", "properties": { "fid": 1350, "Population": 135 }, "geometry": { "type": "Polygon", "coordinates": [ [ [ -8.393876299029502, 40.194250076350187 ], [ -8.393668201586451, 40.191563279908145 ], [ -8.390129555632999, 40.191563279908145 ], [ -8.390337565345256, 40.194250076350187 ], [ -8.393876299029502, 40.194250076350187 ] ] ] } },
{ "type": "Feature", "properties": { "fid": 1351, "Population": 8 }, "geometry": { "type": "Polygon", "coordinates": [ [ [ -8.390337565345256, 40.194250076350187 ], [ -8.390129555632999, 40.191563279908145 ], [ -8.386590909679549, 40.191563279908145 ], [ -8.386798831661011, 40.194250076350187 ], [ -8.390337565345256, 40.194250076350187 ] ] ] } },
{ "type": "Feature", "properties": { "fid": 1352, "Population": 49 }, "geometry": { "type": "Polygon", "coordinates": [ [ [ -8.386798831661011, 40.194250076350187 ], [ -8.386590909679549, 40.191563279908145 ], [ -8.383052263726098, 40.191563279908145 ], [ -8.383260097976766, 40.194250076350187 ], [ -8.386798831661011, 40.194250076350187 ] ] ] } },
{ "type": "Feature", "properties": { "fid": 1353, "Population": 22 }, "geometry": { "type": "Polygon", "coordinates": [ [ [ -8.383260097976766, 40.194250076350187 ], [ -8.383052263726098, 40.191563279908145 ], [ -8.379513617772647, 40.191563279908145 ], [ -8.37972136429252, 40.194250076350187 ], [ -8.383260097976766, 40.194250076350187 ] ] ] } },
{ "type": "Feature", "properties": { "fid": 1354, "Population": 19 }, "geometry": { "type": "Polygon", "coordinates": [ [ [ -8.37972136429252, 40.194250076350187 ], [ -8.379513617772647, 40.191563279908145 ], [ -8.375974971819195, 40.191563279908145 ], [ -8.376182630608275, 40.194250076350187 ], [ -8.37972136429252, 40.194250076350187 ] ] ] } },
{ "type": "Feature", "properties": { "fid": 1355, "Population": 15 }, "geometry": { "type": "Polygon", "coordinates": [ [ [ -8.376182630608275, 40.194250076350187 ], [ -8.375974971819195, 40.191563279908145 ], [ -8.372436325865744, 40.191563279908145 ], [ -8.37264389692403, 40.194250076350187 ], [ -8.376182630608275, 40.194250076350187 ] ] ] } },
{ "type": "Feature", "properties": { "fid": 1356, "Population": 31 }, "geometry": { "type": "Polygon", "coordinates": [ [ [ -8.517731977978082, 40.194250076350187 ], [ -8.517309670807693, 40.188876523298674 ], [ -8.513771112573041, 40.188876523298674 ], [ -8.514193244293837, 40.194250076350187 ], [ -8.517731977978082, 40.194250076350187 ] ] ] } },
{ "type": "Feature", "properties": { "fid": 1357, "Population": 70 }, "geometry": { "type": "Polygon", "coordinates": [ [ [ -8.545829977584857, 40.191563279908145 ], [ -8.54561813668491, 40.188876523298674 ], [ -8.542079578450258, 40.188876523298674 ], [ -8.542291331631406, 40.191563279908145 ], [ -8.545829977584857, 40.191563279908145 ] ] ] } },
{ "type": "Feature", "properties": { "fid": 1358, "Population": 60 }, "geometry": { "type": "Polygon", "coordinates": [ [ [ -8.542291331631406, 40.191563279908145 ], [ -8.542079578450258, 40.188876523298674 ], [ -8.538541020215606, 40.188876523298674 ], [ -8.538752685677956, 40.191563279908145 ], [ -8.542291331631406, 40.191563279908145 ] ] ] } },
{ "type": "Feature", "properties": { "fid": 1359, "Population": 23 }, "geometry": { "type": "Polygon", "coordinates": [ [ [ -8.538752685677956, 40.191563279908145 ], [ -8.538541020215606, 40.188876523298674 ], [ -8.535002461980953, 40.188876523298674 ], [ -8.535214039724503, 40.191563279908145 ], [ -8.538752685677956, 40.191563279908145 ] ] ] } },
{ "type": "Feature", "properties": { "fid": 1360, "Population": 105 }, "geometry": { "type": "Polygon", "coordinates": [ [ [ -8.528136747817602, 40.191563279908145 ], [ -8.527925345511649, 40.188876523298674 ], [ -8.524386787276997, 40.188876523298674 ], [ -8.52459810186415, 40.191563279908145 ], [ -8.528136747817602, 40.191563279908145 ] ] ] } },
{ "type": "Feature", "properties": { "fid": 1361, "Population": 197 }, "geometry": { "type": "Polygon", "coordinates": [ [ [ -8.52459810186415, 40.191563279908145 ], [ -8.524386787276997, 40.188876523298674 ], [ -8.520848229042345, 40.188876523298674 ], [ -8.521059455910699, 40.191563279908145 ], [ -8.52459810186415, 40.191563279908145 ] ] ] } },
{ "type": "Feature", "properties": { "fid": 1362, "Population": 67 }, "geometry": { "type": "Polygon", "coordinates": [ [ [ -8.521059455910699, 40.191563279908145 ], [ -8.520848229042345, 40.188876523298674 ], [ -8.517309670807693, 40.188876523298674 ], [ -8.517520809957247, 40.191563279908145 ], [ -8.521059455910699, 40.191563279908145 ] ] ] } },
{ "type": "Feature", "properties": { "fid": 1363, "Population": 8 }, "geometry": { "type": "Polygon", "coordinates": [ [ [ -8.513982164003796, 40.191563279908145 ], [ -8.513771112573041, 40.188876523298674 ], [ -8.510232554338389, 40.188876523298674 ], [ -8.510443518050344, 40.191563279908145 ], [ -8.513982164003796, 40.191563279908145 ] ] ] } },
{ "type": "Feature", "properties": { "fid": 1364, "Population": 13 }, "geometry": { "type": "Polygon", "coordinates": [ [ [ -8.510443518050344, 40.191563279908145 ], [ -8.510232554338389, 40.188876523298674 ], [ -8.503155437869085, 40.188876523298674 ], [ -8.503366226143442, 40.191563279908145 ], [ -8.510443518050344, 40.191563279908145 ] ] ] } },
{ "type": "Feature", "properties": { "fid": 1365, "Population": 4 }, "geometry": { "type": "Polygon", "coordinates": [ [ [ -8.503366226143442, 40.191563279908145 ], [ -8.503155437869085, 40.188876523298674 ], [ -8.499616879634432, 40.188876523298674 ], [ -8.49982758018999, 40.191563279908145 ], [ -8.503366226143442, 40.191563279908145 ] ] ] } },
{ "type": "Feature", "properties": { "fid": 1366, "Population": 20 }, "geometry": { "type": "Polygon", "coordinates": [ [ [ -8.492750288283089, 40.191563279908145 ], [ -8.492539763165128, 40.188876523298674 ], [ -8.489001204930476, 40.188876523298674 ], [ -8.489211642329636, 40.191563279908145 ], [ -8.492750288283089, 40.191563279908145 ] ] ] } },
{ "type": "Feature", "properties": { "fid": 1367, "Population": 6 }, "geometry": { "type": "Polygon", "coordinates": [ [ [ -8.489211642329636, 40.191563279908145 ], [ -8.489001204930476, 40.188876523298674 ], [ -8.485462646695824, 40.188876523298674 ], [ -8.485672996376184, 40.191563279908145 ], [ -8.489211642329636, 40.191563279908145 ] ] ] } },
{ "type": "Feature", "properties": { "fid": 1368, "Population": 0 }, "geometry": { "type": "Polygon", "coordinates": [ [ [ -8.485672996376184, 40.191563279908145 ], [ -8.485462646695824, 40.188876523298674 ], [ -8.481924088461172, 40.188876523298674 ], [ -8.482134350422735, 40.191563279908145 ], [ -8.485672996376184, 40.191563279908145 ] ] ] } },
{ "type": "Feature", "properties": { "fid": 1369, "Population": 3 }, "geometry": { "type": "Polygon", "coordinates": [ [ [ -8.482134350422735, 40.191563279908145 ], [ -8.481924088461172, 40.188876523298674 ], [ -8.47838553022652, 40.188876523298674 ], [ -8.478595704469283, 40.191563279908145 ], [ -8.482134350422735, 40.191563279908145 ] ] ] } },
{ "type": "Feature", "properties": { "fid": 1370, "Population": 6 }, "geometry": { "type": "Polygon", "coordinates": [ [ [ -8.478595704469283, 40.191563279908145 ], [ -8.47838553022652, 40.188876523298674 ], [ -8.474846971991868, 40.188876523298674 ], [ -8.475057058515832, 40.191563279908145 ], [ -8.478595704469283, 40.191563279908145 ] ] ] } },
{ "type": "Feature", "properties": { "fid": 1371, "Population": 5 }, "geometry": { "type": "Polygon", "coordinates": [ [ [ -8.475057058515832, 40.191563279908145 ], [ -8.474846971991868, 40.188876523298674 ], [ -8.471308413757216, 40.188876523298674 ], [ -8.471518412562379, 40.191563279908145 ], [ -8.475057058515832, 40.191563279908145 ] ] ] } },
{ "type": "Feature", "properties": { "fid": 1372, "Population": 80 }, "geometry": { "type": "Polygon", "coordinates": [ [ [ -8.471518412562379, 40.191563279908145 ], [ -8.471308413757216, 40.188876523298674 ], [ -8.467769855522564, 40.188876523298674 ], [ -8.467979766608929, 40.191563279908145 ], [ -8.471518412562379, 40.191563279908145 ] ] ] } },
{ "type": "Feature", "properties": { "fid": 1373, "Population": 81 }, "geometry": { "type": "Polygon", "coordinates": [ [ [ -8.467979766608929, 40.191563279908145 ], [ -8.467769855522564, 40.188876523298674 ], [ -8.46423129728791, 40.188876523298674 ], [ -8.464441120655477, 40.191563279908145 ], [ -8.467979766608929, 40.191563279908145 ] ] ] } },
{ "type": "Feature", "properties": { "fid": 1374, "Population": 99 }, "geometry": { "type": "Polygon", "coordinates": [ [ [ -8.464441120655477, 40.191563279908145 ], [ -8.46423129728791, 40.188876523298674 ], [ -8.460692739053258, 40.188876523298674 ], [ -8.460902474702026, 40.191563279908145 ], [ -8.464441120655477, 40.191563279908145 ] ] ] } },
{ "type": "Feature", "properties": { "fid": 1375, "Population": 9 }, "geometry": { "type": "Polygon", "coordinates": [ [ [ -8.460902474702026, 40.191563279908145 ], [ -8.460692739053258, 40.188876523298674 ], [ -8.457154180818607, 40.188876523298674 ], [ -8.457363828748575, 40.191563279908145 ], [ -8.460902474702026, 40.191563279908145 ] ] ] } },
{ "type": "Feature", "properties": { "fid": 1376, "Population": 7 }, "geometry": { "type": "Polygon", "coordinates": [ [ [ -8.457363828748575, 40.191563279908145 ], [ -8.457154180818607, 40.188876523298674 ], [ -8.453615622583955, 40.188876523298674 ], [ -8.453825182795123, 40.191563279908145 ], [ -8.457363828748575, 40.191563279908145 ] ] ] } },
{ "type": "Feature", "properties": { "fid": 1377, "Population": 20 }, "geometry": { "type": "Polygon", "coordinates": [ [ [ -8.453825182795123, 40.191563279908145 ], [ -8.453615622583955, 40.188876523298674 ], [ -8.450077064349303, 40.188876523298674 ], [ -8.450286536841672, 40.191563279908145 ], [ -8.453825182795123, 40.191563279908145 ] ] ] } },
{ "type": "Feature", "properties": { "fid": 1378, "Population": 36 }, "geometry": { "type": "Polygon", "coordinates": [ [ [ -8.450286536841672, 40.191563279908145 ], [ -8.450077064349303, 40.188876523298674 ], [ -8.446538506114651, 40.188876523298674 ], [ -8.446747890888222, 40.191563279908145 ], [ -8.450286536841672, 40.191563279908145 ] ] ] } },
{ "type": "Feature", "properties": { "fid": 1379, "Population": 79 }, "geometry": { "type": "Polygon", "coordinates": [ [ [ -8.446747890888222, 40.191563279908145 ], [ -8.446538506114651, 40.188876523298674 ], [ -8.442999947879999, 40.188876523298674 ], [ -8.443209244934771, 40.191563279908145 ], [ -8.446747890888222, 40.191563279908145 ] ] ] } },
{ "type": "Feature", "properties": { "fid": 1380, "Population": 63 }, "geometry": { "type": "Polygon", "coordinates": [ [ [ -8.443209244934771, 40.191563279908145 ], [ -8.442999947879999, 40.188876523298674 ], [ -8.435922831410695, 40.188876523298674 ], [ -8.436131953027866, 40.191563279908145 ], [ -8.443209244934771, 40.191563279908145 ] ] ] } },
{ "type": "Feature", "properties": { "fid": 1381, "Population": 6 }, "geometry": { "type": "Polygon", "coordinates": [ [ [ -8.436131953027866, 40.191563279908145 ], [ -8.435922831410695, 40.188876523298674 ], [ -8.432384273176043, 40.188876523298674 ], [ -8.432593307074416, 40.191563279908145 ], [ -8.436131953027866, 40.191563279908145 ] ] ] } },
{ "type": "Feature", "properties": { "fid": 1382, "Population": 38 }, "geometry": { "type": "Polygon", "coordinates": [ [ [ -8.432593307074416, 40.191563279908145 ], [ -8.432384273176043, 40.188876523298674 ], [ -8.42884571494139, 40.188876523298674 ], [ -8.429054661120965, 40.191563279908145 ], [ -8.432593307074416, 40.191563279908145 ] ] ] } },
{ "type": "Feature", "properties": { "fid": 1383, "Population": 108 }, "geometry": { "type": "Polygon", "coordinates": [ [ [ -8.429054661120965, 40.191563279908145 ], [ -8.42884571494139, 40.188876523298674 ], [ -8.425307156706738, 40.188876523298674 ], [ -8.425516015167512, 40.191563279908145 ], [ -8.429054661120965, 40.191563279908145 ] ] ] } },
{ "type": "Feature", "properties": { "fid": 1384, "Population": 5 }, "geometry": { "type": "Polygon", "coordinates": [ [ [ -8.425516015167512, 40.191563279908145 ], [ -8.425307156706738, 40.188876523298674 ], [ -8.421768598472086, 40.188876523298674 ], [ -8.421977369214062, 40.191563279908145 ], [ -8.425516015167512, 40.191563279908145 ] ] ] } },
{ "type": "Feature", "properties": { "fid": 1385, "Population": 162 }, "geometry": { "type": "Polygon", "coordinates": [ [ [ -8.421977369214062, 40.191563279908145 ], [ -8.421768598472086, 40.188876523298674 ], [ -8.418230040237434, 40.188876523298674 ], [ -8.418438723260611, 40.191563279908145 ], [ -8.421977369214062, 40.191563279908145 ] ] ] } },
{ "type": "Feature", "properties": { "fid": 1386, "Population": 430 }, "geometry": { "type": "Polygon", "coordinates": [ [ [ -8.418438723260611, 40.191563279908145 ], [ -8.418230040237434, 40.188876523298674 ], [ -8.414691482002782, 40.188876523298674 ], [ -8.414900077307159, 40.191563279908145 ], [ -8.418438723260611, 40.191563279908145 ] ] ] } },
{ "type": "Feature", "properties": { "fid": 1387, "Population": 9 }, "geometry": { "type": "Polygon", "coordinates": [ [ [ -8.414900077307159, 40.191563279908145 ], [ -8.414691482002782, 40.188876523298674 ], [ -8.41115292376813, 40.188876523298674 ], [ -8.411361431353708, 40.191563279908145 ], [ -8.414900077307159, 40.191563279908145 ] ] ] } },
{ "type": "Feature", "properties": { "fid": 1388, "Population": 55 }, "geometry": { "type": "Polygon", "coordinates": [ [ [ -8.411361431353708, 40.191563279908145 ], [ -8.41115292376813, 40.188876523298674 ], [ -8.407614365533478, 40.188876523298674 ], [ -8.407822785400256, 40.191563279908145 ], [ -8.411361431353708, 40.191563279908145 ] ] ] } },
{ "type": "Feature", "properties": { "fid": 1389, "Population": 329 }, "geometry": { "type": "Polygon", "coordinates": [ [ [ -8.407822785400256, 40.191563279908145 ], [ -8.407614365533478, 40.188876523298674 ], [ -8.404075807298826, 40.188876523298674 ], [ -8.404284139446805, 40.191563279908145 ], [ -8.407822785400256, 40.191563279908145 ] ] ] } },
{ "type": "Feature", "properties": { "fid": 1390, "Population": 302 }, "geometry": { "type": "Polygon", "coordinates": [ [ [ -8.404284139446805, 40.191563279908145 ], [ -8.404075807298826, 40.188876523298674 ], [ -8.400537249064174, 40.188876523298674 ], [ -8.400745493493353, 40.191563279908145 ], [ -8.404284139446805, 40.191563279908145 ] ] ] } },
{ "type": "Feature", "properties": { "fid": 1391, "Population": 115 }, "geometry": { "type": "Polygon", "coordinates": [ [ [ -8.400745493493353, 40.191563279908145 ], [ -8.400537249064174, 40.188876523298674 ], [ -8.396998690829522, 40.188876523298674 ], [ -8.397206847539904, 40.191563279908145 ], [ -8.400745493493353, 40.191563279908145 ] ] ] } },
{ "type": "Feature", "properties": { "fid": 1392, "Population": 75 }, "geometry": { "type": "Polygon", "coordinates": [ [ [ -8.397206847539904, 40.191563279908145 ], [ -8.396998690829522, 40.188876523298674 ], [ -8.393460132594869, 40.188876523298674 ], [ -8.393668201586451, 40.191563279908145 ], [ -8.397206847539904, 40.191563279908145 ] ] ] } },
{ "type": "Feature", "properties": { "fid": 1393, "Population": 1 }, "geometry": { "type": "Polygon", "coordinates": [ [ [ -8.393668201586451, 40.191563279908145 ], [ -8.393460132594869, 40.188876523298674 ], [ -8.389921574360217, 40.188876523298674 ], [ -8.390129555632999, 40.191563279908145 ], [ -8.393668201586451, 40.191563279908145 ] ] ] } },
{ "type": "Feature", "properties": { "fid": 1394, "Population": 6 }, "geometry": { "type": "Polygon", "coordinates": [ [ [ -8.390129555632999, 40.191563279908145 ], [ -8.389921574360217, 40.188876523298674 ], [ -8.386383016125565, 40.188876523298674 ], [ -8.386590909679549, 40.191563279908145 ], [ -8.390129555632999, 40.191563279908145 ] ] ] } },
{ "type": "Feature", "properties": { "fid": 1395, "Population": 1 }, "geometry": { "type": "Polygon", "coordinates": [ [ [ -8.386590909679549, 40.191563279908145 ], [ -8.386383016125565, 40.188876523298674 ], [ -8.382844457890911, 40.188876523298674 ], [ -8.383052263726098, 40.191563279908145 ], [ -8.386590909679549, 40.191563279908145 ] ] ] } },
{ "type": "Feature", "properties": { "fid": 1396, "Population": 12 }, "geometry": { "type": "Polygon", "coordinates": [ [ [ -8.383052263726098, 40.191563279908145 ], [ -8.382844457890911, 40.188876523298674 ], [ -8.379305899656259, 40.188876523298674 ], [ -8.379513617772647, 40.191563279908145 ], [ -8.383052263726098, 40.191563279908145 ] ] ] } },
{ "type": "Feature", "properties": { "fid": 1397, "Population": 157 }, "geometry": { "type": "Polygon", "coordinates": [ [ [ -8.379513617772647, 40.191563279908145 ], [ -8.379305899656259, 40.188876523298674 ], [ -8.375767341421607, 40.188876523298674 ], [ -8.375974971819195, 40.191563279908145 ], [ -8.379513617772647, 40.191563279908145 ] ] ] } },
{ "type": "Feature", "properties": { "fid": 1398, "Population": 66 }, "geometry": { "type": "Polygon", "coordinates": [ [ [ -8.375974971819195, 40.191563279908145 ], [ -8.375767341421607, 40.188876523298674 ], [ -8.372228783186955, 40.188876523298674 ], [ -8.372436325865744, 40.191563279908145 ], [ -8.375974971819195, 40.191563279908145 ] ] ] } },
{ "type": "Feature", "properties": { "fid": 1399, "Population": 1 }, "geometry": { "type": "Polygon", "coordinates": [ [ [ -8.347665804191584, 40.191563279908145 ], [ -8.34745887554439, 40.188876523298674 ], [ -8.343920317309738, 40.188876523298674 ], [ -8.344127158238132, 40.191563279908145 ], [ -8.347665804191584, 40.191563279908145 ] ] ] } },
{ "type": "Feature", "properties": { "fid": 1400, "Population": 34 }, "geometry": { "type": "Polygon", "coordinates": [ [ [ -8.54561813668491, 40.188876523298674 ], [ -8.545406324747301, 40.186189806516929 ], [ -8.541867854219456, 40.186189806516929 ], [ -8.542079578450258, 40.188876523298674 ], [ -8.54561813668491, 40.188876523298674 ] ] ] } },
{ "type": "Feature", "properties": { "fid": 1401, "Population": 91 }, "geometry": { "type": "Polygon", "coordinates": [ [ [ -8.542079578450258, 40.188876523298674 ], [ -8.541867854219456, 40.186189806516929 ], [ -8.538329383691611, 40.186189806516929 ], [ -8.538541020215606, 40.188876523298674 ], [ -8.542079578450258, 40.188876523298674 ] ] ] } },
{ "type": "Feature", "properties": { "fid": 1402, "Population": 17 }, "geometry": { "type": "Polygon", "coordinates": [ [ [ -8.538541020215606, 40.188876523298674 ], [ -8.538329383691611, 40.186189806516929 ], [ -8.534790913163766, 40.186189806516929 ], [ -8.535002461980953, 40.188876523298674 ], [ -8.538541020215606, 40.188876523298674 ] ] ] } },
{ "type": "Feature", "properties": { "fid": 1403, "Population": 12 }, "geometry": { "type": "Polygon", "coordinates": [ [ [ -8.527925345511649, 40.188876523298674 ], [ -8.527713972108074, 40.186189806516929 ], [ -8.524175501580228, 40.186189806516929 ], [ -8.524386787276997, 40.188876523298674 ], [ -8.527925345511649, 40.188876523298674 ] ] ] } },
{ "type": "Feature", "properties": { "fid": 1404, "Population": 117 }, "geometry": { "type": "Polygon", "coordinates": [ [ [ -8.524386787276997, 40.188876523298674 ], [ -8.524175501580228, 40.186189806516929 ], [ -8.520637031052383, 40.186189806516929 ], [ -8.520848229042345, 40.188876523298674 ], [ -8.524386787276997, 40.188876523298674 ] ] ] } },
{ "type": "Feature", "properties": { "fid": 1405, "Population": 21 }, "geometry": { "type": "Polygon", "coordinates": [ [ [ -8.520848229042345, 40.188876523298674 ], [ -8.520637031052383, 40.186189806516929 ], [ -8.517098560524536, 40.186189806516929 ], [ -8.517309670807693, 40.188876523298674 ], [ -8.520848229042345, 40.188876523298674 ] ] ] } },
{ "type": "Feature", "properties": { "fid": 1406, "Population": 19 }, "geometry": { "type": "Polygon", "coordinates": [ [ [ -8.517309670807693, 40.188876523298674 ], [ -8.517098560524536, 40.186189806516929 ], [ -8.513560089996691, 40.186189806516929 ], [ -8.513771112573041, 40.188876523298674 ], [ -8.517309670807693, 40.188876523298674 ] ] ] } },
{ "type": "Feature", "properties": { "fid": 1407, "Population": 24 }, "geometry": { "type": "Polygon", "coordinates": [ [ [ -8.513771112573041, 40.188876523298674 ], [ -8.513560089996691, 40.186189806516929 ], [ -8.510021619468844, 40.186189806516929 ], [ -8.510232554338389, 40.188876523298674 ], [ -8.513771112573041, 40.188876523298674 ] ] ] } },
{ "type": "Feature", "properties": { "fid": 1408, "Population": 3 }, "geometry": { "type": "Polygon", "coordinates": [ [ [ -8.510232554338389, 40.188876523298674 ], [ -8.510021619468844, 40.186189806516929 ], [ -8.506483148941001, 40.186189806516929 ], [ -8.506693996103737, 40.188876523298674 ], [ -8.510232554338389, 40.188876523298674 ] ] ] } },
{ "type": "Feature", "properties": { "fid": 1409, "Population": 1 }, "geometry": { "type": "Polygon", "coordinates": [ [ [ -8.506693996103737, 40.188876523298674 ], [ -8.506483148941001, 40.186189806516929 ], [ -8.502944678413154, 40.186189806516929 ], [ -8.503155437869085, 40.188876523298674 ], [ -8.506693996103737, 40.188876523298674 ] ] ] } },
{ "type": "Feature", "properties": { "fid": 1410, "Population": 21 }, "geometry": { "type": "Polygon", "coordinates": [ [ [ -8.492539763165128, 40.188876523298674 ], [ -8.492329266829616, 40.186189806516929 ], [ -8.488790796301771, 40.186189806516929 ], [ -8.489001204930476, 40.188876523298674 ], [ -8.492539763165128, 40.188876523298674 ] ] ] } },
{ "type": "Feature", "properties": { "fid": 1411, "Population": 17 }, "geometry": { "type": "Polygon", "coordinates": [ [ [ -8.489001204930476, 40.188876523298674 ], [ -8.488790796301771, 40.186189806516929 ], [ -8.485252325773924, 40.186189806516929 ], [ -8.485462646695824, 40.188876523298674 ], [ -8.489001204930476, 40.188876523298674 ] ] ] } },
{ "type": "Feature", "properties": { "fid": 1412, "Population": 1 }, "geometry": { "type": "Polygon", "coordinates": [ [ [ -8.485462646695824, 40.188876523298674 ], [ -8.485252325773924, 40.186189806516929 ], [ -8.481713855246079, 40.186189806516929 ], [ -8.481924088461172, 40.188876523298674 ], [ -8.485462646695824, 40.188876523298674 ] ] ] } },
{ "type": "Feature", "properties": { "fid": 1413, "Population": 9 }, "geometry": { "type": "Polygon", "coordinates": [ [ [ -8.474846971991868, 40.188876523298674 ], [ -8.474636914190389, 40.186189806516929 ], [ -8.471098443662543, 40.186189806516929 ], [ -8.471308413757216, 40.188876523298674 ], [ -8.474846971991868, 40.188876523298674 ] ] ] } },
{ "type": "Feature", "properties": { "fid": 1414, "Population": 150 }, "geometry": { "type": "Polygon", "coordinates": [ [ [ -8.471308413757216, 40.188876523298674 ], [ -8.471098443662543, 40.186189806516929 ], [ -8.467559973134698, 40.186189806516929 ], [ -8.467769855522564, 40.188876523298674 ], [ -8.471308413757216, 40.188876523298674 ] ] ] } },
{ "type": "Feature", "properties": { "fid": 1415, "Population": 28 }, "geometry": { "type": "Polygon", "coordinates": [ [ [ -8.467769855522564, 40.188876523298674 ], [ -8.467559973134698, 40.186189806516929 ], [ -8.464021502606851, 40.186189806516929 ], [ -8.46423129728791, 40.188876523298674 ], [ -8.467769855522564, 40.188876523298674 ] ] ] } },
{ "type": "Feature", "properties": { "fid": 1416, "Population": 4 }, "geometry": { "type": "Polygon", "coordinates": [ [ [ -8.460692739053258, 40.188876523298674 ], [ -8.460483032079006, 40.186189806516929 ], [ -8.456944561551159, 40.186189806516929 ], [ -8.457154180818607, 40.188876523298674 ], [ -8.460692739053258, 40.188876523298674 ] ] ] } },
{ "type": "Feature", "properties": { "fid": 1417, "Population": 0 }, "geometry": { "type": "Polygon", "coordinates": [ [ [ -8.457154180818607, 40.188876523298674 ], [ -8.456944561551159, 40.186189806516929 ], [ -8.453406091023314, 40.186189806516929 ], [ -8.453615622583955, 40.188876523298674 ], [ -8.457154180818607, 40.188876523298674 ] ] ] } },
{ "type": "Feature", "properties": { "fid": 1418, "Population": 38 }, "geometry": { "type": "Polygon", "coordinates": [ [ [ -8.453615622583955, 40.188876523298674 ], [ -8.453406091023314, 40.186189806516929 ], [ -8.449867620495468, 40.186189806516929 ], [ -8.450077064349303, 40.188876523298674 ], [ -8.453615622583955, 40.188876523298674 ] ] ] } },
{ "type": "Feature", "properties": { "fid": 1419, "Population": 5 }, "geometry": { "type": "Polygon", "coordinates": [ [ [ -8.450077064349303, 40.188876523298674 ], [ -8.449867620495468, 40.186189806516929 ], [ -8.446329149967623, 40.186189806516929 ], [ -8.446538506114651, 40.188876523298674 ], [ -8.450077064349303, 40.188876523298674 ] ] ] } },
{ "type": "Feature", "properties": { "fid": 1420, "Population": 81 }, "geometry": { "type": "Polygon", "coordinates": [ [ [ -8.446538506114651, 40.188876523298674 ], [ -8.446329149967623, 40.186189806516929 ], [ -8.442790679439778, 40.186189806516929 ], [ -8.442999947879999, 40.188876523298674 ], [ -8.446538506114651, 40.188876523298674 ] ] ] } },
{ "type": "Feature", "properties": { "fid": 1421, "Population": 276 }, "geometry": { "type": "Polygon", "coordinates": [ [ [ -8.442999947879999, 40.188876523298674 ], [ -8.442790679439778, 40.186189806516929 ], [ -8.439252208911933, 40.186189806516929 ], [ -8.439461389645347, 40.188876523298674 ], [ -8.442999947879999, 40.188876523298674 ] ] ] } },
{ "type": "Feature", "properties": { "fid": 1422, "Population": 32 }, "geometry": { "type": "Polygon", "coordinates": [ [ [ -8.439461389645347, 40.188876523298674 ], [ -8.439252208911933, 40.186189806516929 ], [ -8.435713738384086, 40.186189806516929 ], [ -8.435922831410695, 40.188876523298674 ], [ -8.439461389645347, 40.188876523298674 ] ] ] } },
{ "type": "Feature", "properties": { "fid": 1423, "Population": 5 }, "geometry": { "type": "Polygon", "coordinates": [ [ [ -8.435922831410695, 40.188876523298674 ], [ -8.435713738384086, 40.186189806516929 ], [ -8.432175267856239, 40.186189806516929 ], [ -8.432384273176043, 40.188876523298674 ], [ -8.435922831410695, 40.188876523298674 ] ] ] } },
{ "type": "Feature", "properties": { "fid": 1424, "Population": 32 }, "geometry": { "type": "Polygon", "coordinates": [ [ [ -8.432384273176043, 40.188876523298674 ], [ -8.432175267856239, 40.186189806516929 ], [ -8.428636797328394, 40.186189806516929 ], [ -8.42884571494139, 40.188876523298674 ], [ -8.432384273176043, 40.188876523298674 ] ] ] } },
{ "type": "Feature", "properties": { "fid": 1425, "Population": 61 }, "geometry": { "type": "Polygon", "coordinates": [ [ [ -8.42884571494139, 40.188876523298674 ], [ -8.428636797328394, 40.186189806516929 ], [ -8.425098326800548, 40.186189806516929 ], [ -8.425307156706738, 40.188876523298674 ], [ -8.42884571494139, 40.188876523298674 ] ] ] } },
{ "type": "Feature", "properties": { "fid": 1426, "Population": 4 }, "geometry": { "type": "Polygon", "coordinates": [ [ [ -8.421768598472086, 40.188876523298674 ], [ -8.421559856272703, 40.186189806516929 ], [ -8.418021385744856, 40.186189806516929 ], [ -8.418230040237434, 40.188876523298674 ], [ -8.421768598472086, 40.188876523298674 ] ] ] } },
{ "type": "Feature", "properties": { "fid": 1427, "Population": 16 }, "geometry": { "type": "Polygon", "coordinates": [ [ [ -8.418230040237434, 40.188876523298674 ], [ -8.418021385744856, 40.186189806516929 ], [ -8.414482915217013, 40.186189806516929 ], [ -8.414691482002782, 40.188876523298674 ], [ -8.418230040237434, 40.188876523298674 ] ] ] } },
{ "type": "Feature", "properties": { "fid": 1428, "Population": 4 }, "geometry": { "type": "Polygon", "coordinates": [ [ [ -8.414691482002782, 40.188876523298674 ], [ -8.414482915217013, 40.186189806516929 ], [ -8.410944444689166, 40.186189806516929 ], [ -8.41115292376813, 40.188876523298674 ], [ -8.414691482002782, 40.188876523298674 ] ] ] } },
{ "type": "Feature", "properties": { "fid": 1429, "Population": 97 }, "geometry": { "type": "Polygon", "coordinates": [ [ [ -8.41115292376813, 40.188876523298674 ], [ -8.410944444689166, 40.186189806516929 ], [ -8.407405974161321, 40.186189806516929 ], [ -8.407614365533478, 40.188876523298674 ], [ -8.41115292376813, 40.188876523298674 ] ] ] } },
{ "type": "Feature", "properties": { "fid": 1430, "Population": 43 }, "geometry": { "type": "Polygon", "coordinates": [ [ [ -8.407614365533478, 40.188876523298674 ], [ -8.407405974161321, 40.186189806516929 ], [ -8.403867503633474, 40.186189806516929 ], [ -8.404075807298826, 40.188876523298674 ], [ -8.407614365533478, 40.188876523298674 ] ] ] } },
{ "type": "Feature", "properties": { "fid": 1431, "Population": 6 }, "geometry": { "type": "Polygon", "coordinates": [ [ [ -8.404075807298826, 40.188876523298674 ], [ -8.403867503633474, 40.186189806516929 ], [ -8.40032903310563, 40.186189806516929 ], [ -8.400537249064174, 40.188876523298674 ], [ -8.404075807298826, 40.188876523298674 ] ] ] } },
{ "type": "Feature", "properties": { "fid": 1432, "Population": 39 }, "geometry": { "type": "Polygon", "coordinates": [ [ [ -8.400537249064174, 40.188876523298674 ], [ -8.40032903310563, 40.186189806516929 ], [ -8.396790562577783, 40.186189806516929 ], [ -8.396998690829522, 40.188876523298674 ], [ -8.400537249064174, 40.188876523298674 ] ] ] } },
{ "type": "Feature", "properties": { "fid": 1433, "Population": 11 }, "geometry": { "type": "Polygon", "coordinates": [ [ [ -8.396998690829522, 40.188876523298674 ], [ -8.396790562577783, 40.186189806516929 ], [ -8.393252092049938, 40.186189806516929 ], [ -8.393460132594869, 40.188876523298674 ], [ -8.396998690829522, 40.188876523298674 ] ] ] } },
{ "type": "Feature", "properties": { "fid": 1434, "Population": 6 }, "geometry": { "type": "Polygon", "coordinates": [ [ [ -8.386383016125565, 40.188876523298674 ], [ -8.386175150994246, 40.186189806516929 ], [ -8.382636680466401, 40.186189806516929 ], [ -8.382844457890911, 40.188876523298674 ], [ -8.386383016125565, 40.188876523298674 ] ] ] } },
{ "type": "Feature", "properties": { "fid": 1435, "Population": 67 }, "geometry": { "type": "Polygon", "coordinates": [ [ [ -8.382844457890911, 40.188876523298674 ], [ -8.382636680466401, 40.186189806516929 ], [ -8.379098209938554, 40.186189806516929 ], [ -8.379305899656259, 40.188876523298674 ], [ -8.382844457890911, 40.188876523298674 ] ] ] } },
{ "type": "Feature", "properties": { "fid": 1436, "Population": 10 }, "geometry": { "type": "Polygon", "coordinates": [ [ [ -8.379305899656259, 40.188876523298674 ], [ -8.379098209938554, 40.186189806516929 ], [ -8.37555973941071, 40.186189806516929 ], [ -8.375767341421607, 40.188876523298674 ], [ -8.379305899656259, 40.188876523298674 ] ] ] } },
{ "type": "Feature", "properties": { "fid": 1437, "Population": 1 }, "geometry": { "type": "Polygon", "coordinates": [ [ [ -8.354535992013695, 40.188876523298674 ], [ -8.354328916243634, 40.186189806516929 ], [ -8.35079044571579, 40.186189806516929 ], [ -8.350997433779042, 40.188876523298674 ], [ -8.354535992013695, 40.188876523298674 ] ] ] } },
{ "type": "Feature", "properties": { "fid": 1438, "Population": 1 }, "geometry": { "type": "Polygon", "coordinates": [ [ [ -8.337049866331231, 40.191563279908145 ], [ -8.336843200840434, 40.188876523298674 ], [ -8.340381759075086, 40.188876523298674 ], [ -8.340175034132253, 40.186189806516929 ], [ -8.333098093076561, 40.186189806516929 ], [ -8.33351122037778, 40.191563279908145 ], [ -8.337049866331231, 40.191563279908145 ] ] ] } },
{ "type": "Feature", "properties": { "fid": 1439, "Population": 0 }, "geometry": { "type": "Polygon", "coordinates": [ [ [ -8.46423129728791, 40.188876523298674 ], [ -8.463811736607443, 40.183503129558041 ], [ -8.460273353774413, 40.183503129558041 ], [ -8.460692739053258, 40.188876523298674 ], [ -8.46423129728791, 40.188876523298674 ] ] ] } },
{ "type": "Feature", "properties": { "fid": 1440, "Population": 1 }, "geometry": { "type": "Polygon", "coordinates": [ [ [ -8.425307156706738, 40.188876523298674 ], [ -8.424889525444113, 40.183503129558041 ], [ -8.421351142611085, 40.183503129558041 ], [ -8.421768598472086, 40.188876523298674 ], [ -8.425307156706738, 40.188876523298674 ] ] ] } },
{ "type": "Feature", "properties": { "fid": 1441, "Population": 22 }, "geometry": { "type": "Polygon", "coordinates": [ [ [ -8.541867854219456, 40.186189806516929 ], [ -8.541656158934101, 40.183503129558041 ], [ -8.538117776101071, 40.183503129558041 ], [ -8.538329383691611, 40.186189806516929 ], [ -8.541867854219456, 40.186189806516929 ] ] ] } },
{ "type": "Feature", "properties": { "fid": 1442, "Population": 23 }, "geometry": { "type": "Polygon", "coordinates": [ [ [ -8.538329383691611, 40.186189806516929 ], [ -8.538117776101071, 40.183503129558041 ], [ -8.534579393268041, 40.183503129558041 ], [ -8.534790913163766, 40.186189806516929 ], [ -8.538329383691611, 40.186189806516929 ] ] ] } },
{ "type": "Feature", "properties": { "fid": 1443, "Population": 1 }, "geometry": { "type": "Polygon", "coordinates": [ [ [ -8.524175501580228, 40.186189806516929 ], [ -8.523964244768951, 40.183503129558041 ], [ -8.520425861935921, 40.183503129558041 ], [ -8.520637031052383, 40.186189806516929 ], [ -8.524175501580228, 40.186189806516929 ] ] ] } },
{ "type": "Feature", "properties": { "fid": 1444, "Population": 1 }, "geometry": { "type": "Polygon", "coordinates": [ [ [ -8.517098560524536, 40.186189806516929 ], [ -8.516887479102891, 40.183503129558041 ], [ -8.513349096269861, 40.183503129558041 ], [ -8.513560089996691, 40.186189806516929 ], [ -8.517098560524536, 40.186189806516929 ] ] ] } },
{ "type": "Feature", "properties": { "fid": 1445, "Population": 16 }, "geometry": { "type": "Polygon", "coordinates": [ [ [ -8.513560089996691, 40.186189806516929 ], [ -8.513349096269861, 40.183503129558041 ], [ -8.509810713436831, 40.183503129558041 ], [ -8.510021619468844, 40.186189806516929 ], [ -8.513560089996691, 40.186189806516929 ] ] ] } },
{ "type": "Feature", "properties": { "fid": 1446, "Population": 6 }, "geometry": { "type": "Polygon", "coordinates": [ [ [ -8.510021619468844, 40.186189806516929 ], [ -8.509810713436831, 40.183503129558041 ], [ -8.506272330603801, 40.183503129558041 ], [ -8.506483148941001, 40.186189806516929 ], [ -8.510021619468844, 40.186189806516929 ] ] ] } },
{ "type": "Feature", "properties": { "fid": 1447, "Population": 14 }, "geometry": { "type": "Polygon", "coordinates": [ [ [ -8.492329266829616, 40.186189806516929 ], [ -8.492118799271681, 40.183503129558041 ], [ -8.488580416438651, 40.183503129558041 ], [ -8.488790796301771, 40.186189806516929 ], [ -8.492329266829616, 40.186189806516929 ] ] ] } },
{ "type": "Feature", "properties": { "fid": 1448, "Population": 27 }, "geometry": { "type": "Polygon", "coordinates": [ [ [ -8.488790796301771, 40.186189806516929 ], [ -8.488580416438651, 40.183503129558041 ], [ -8.485042033605623, 40.183503129558041 ], [ -8.485252325773924, 40.186189806516929 ], [ -8.488790796301771, 40.186189806516929 ] ] ] } },
{ "type": "Feature", "properties": { "fid": 1449, "Population": 20 }, "geometry": { "type": "Polygon", "coordinates": [ [ [ -8.485252325773924, 40.186189806516929 ], [ -8.485042033605623, 40.183503129558041 ], [ -8.481503650772593, 40.183503129558041 ], [ -8.481713855246079, 40.186189806516929 ], [ -8.485252325773924, 40.186189806516929 ] ] ] } },
{ "type": "Feature", "properties": { "fid": 1450, "Population": 6 }, "geometry": { "type": "Polygon", "coordinates": [ [ [ -8.478175384718234, 40.186189806516929 ], [ -8.477965267939563, 40.183503129558041 ], [ -8.474426885106533, 40.183503129558041 ], [ -8.474636914190389, 40.186189806516929 ], [ -8.478175384718234, 40.186189806516929 ] ] ] } },
{ "type": "Feature", "properties": { "fid": 1451, "Population": 35 }, "geometry": { "type": "Polygon", "coordinates": [ [ [ -8.474636914190389, 40.186189806516929 ], [ -8.474426885106533, 40.183503129558041 ], [ -8.470888502273503, 40.183503129558041 ], [ -8.471098443662543, 40.186189806516929 ], [ -8.474636914190389, 40.186189806516929 ] ] ] } },
{ "type": "Feature", "properties": { "fid": 1452, "Population": 59 }, "geometry": { "type": "Polygon", "coordinates": [ [ [ -8.471098443662543, 40.186189806516929 ], [ -8.470888502273503, 40.183503129558041 ], [ -8.467350119440473, 40.183503129558041 ], [ -8.467559973134698, 40.186189806516929 ], [ -8.471098443662543, 40.186189806516929 ] ] ] } },
{ "type": "Feature", "properties": { "fid": 1453, "Population": 2 }, "geometry": { "type": "Polygon", "coordinates": [ [ [ -8.467559973134698, 40.186189806516929 ], [ -8.467350119440473, 40.183503129558041 ], [ -8.463811736607443, 40.183503129558041 ], [ -8.464021502606851, 40.186189806516929 ], [ -8.467559973134698, 40.186189806516929 ] ] ] } },
{ "type": "Feature", "properties": { "fid": 1454, "Population": 1 }, "geometry": { "type": "Polygon", "coordinates": [ [ [ -8.460483032079006, 40.186189806516929 ], [ -8.460273353774413, 40.183503129558041 ], [ -8.456734970941383, 40.183503129558041 ], [ -8.456944561551159, 40.186189806516929 ], [ -8.460483032079006, 40.186189806516929 ] ] ] } },
{ "type": "Feature", "properties": { "fid": 1455, "Population": 15 }, "geometry": { "type": "Polygon", "coordinates": [ [ [ -8.456944561551159, 40.186189806516929 ], [ -8.456734970941383, 40.183503129558041 ], [ -8.453196588108353, 40.183503129558041 ], [ -8.453406091023314, 40.186189806516929 ], [ -8.456944561551159, 40.186189806516929 ] ] ] } },
{ "type": "Feature", "properties": { "fid": 1456, "Population": 24 }, "geometry": { "type": "Polygon", "coordinates": [ [ [ -8.453406091023314, 40.186189806516929 ], [ -8.453196588108353, 40.183503129558041 ], [ -8.449658205275323, 40.183503129558041 ], [ -8.449867620495468, 40.186189806516929 ], [ -8.453406091023314, 40.186189806516929 ] ] ] } },
{ "type": "Feature", "properties": { "fid": 1457, "Population": 2 }, "geometry": { "type": "Polygon", "coordinates": [ [ [ -8.449867620495468, 40.186189806516929 ], [ -8.449658205275323, 40.183503129558041 ], [ -8.446119822442293, 40.183503129558041 ], [ -8.446329149967623, 40.186189806516929 ], [ -8.449867620495468, 40.186189806516929 ] ] ] } },
{ "type": "Feature", "properties": { "fid": 1458, "Population": 65 }, "geometry": { "type": "Polygon", "coordinates": [ [ [ -8.446329149967623, 40.186189806516929 ], [ -8.446119822442293, 40.183503129558041 ], [ -8.442581439609263, 40.183503129558041 ], [ -8.442790679439778, 40.186189806516929 ], [ -8.446329149967623, 40.186189806516929 ] ] ] } },
{ "type": "Feature", "properties": { "fid": 1459, "Population": 145 }, "geometry": { "type": "Polygon", "coordinates": [ [ [ -8.442790679439778, 40.186189806516929 ], [ -8.442581439609263, 40.183503129558041 ], [ -8.439043056776233, 40.183503129558041 ], [ -8.439252208911933, 40.186189806516929 ], [ -8.442790679439778, 40.186189806516929 ] ] ] } },
{ "type": "Feature", "properties": { "fid": 1460, "Population": 43 }, "geometry": { "type": "Polygon", "coordinates": [ [ [ -8.439252208911933, 40.186189806516929 ], [ -8.439043056776233, 40.183503129558041 ], [ -8.435504673943203, 40.183503129558041 ], [ -8.435713738384086, 40.186189806516929 ], [ -8.439252208911933, 40.186189806516929 ] ] ] } },
{ "type": "Feature", "properties": { "fid": 1461, "Population": 58 }, "geometry": { "type": "Polygon", "coordinates": [ [ [ -8.435713738384086, 40.186189806516929 ], [ -8.435504673943203, 40.183503129558041 ], [ -8.431966291110173, 40.183503129558041 ], [ -8.432175267856239, 40.186189806516929 ], [ -8.435713738384086, 40.186189806516929 ] ] ] } },
{ "type": "Feature", "properties": { "fid": 1462, "Population": 72 }, "geometry": { "type": "Polygon", "coordinates": [ [ [ -8.432175267856239, 40.186189806516929 ], [ -8.431966291110173, 40.183503129558041 ], [ -8.428427908277143, 40.183503129558041 ], [ -8.428636797328394, 40.186189806516929 ], [ -8.432175267856239, 40.186189806516929 ] ] ] } },
{ "type": "Feature", "properties": { "fid": 1463, "Population": 18 }, "geometry": { "type": "Polygon", "coordinates": [ [ [ -8.428636797328394, 40.186189806516929 ], [ -8.428427908277143, 40.183503129558041 ], [ -8.424889525444113, 40.183503129558041 ], [ -8.425098326800548, 40.186189806516929 ], [ -8.428636797328394, 40.186189806516929 ] ] ] } },
{ "type": "Feature", "properties": { "fid": 1464, "Population": 2 }, "geometry": { "type": "Polygon", "coordinates": [ [ [ -8.421559856272703, 40.186189806516929 ], [ -8.421351142611085, 40.183503129558041 ], [ -8.417812759778055, 40.183503129558041 ], [ -8.418021385744856, 40.186189806516929 ], [ -8.421559856272703, 40.186189806516929 ] ] ] } },
{ "type": "Feature", "properties": { "fid": 1465, "Population": 5 }, "geometry": { "type": "Polygon", "coordinates": [ [ [ -8.418021385744856, 40.186189806516929 ], [ -8.417812759778055, 40.183503129558041 ], [ -8.414274376945025, 40.183503129558041 ], [ -8.414482915217013, 40.186189806516929 ], [ -8.418021385744856, 40.186189806516929 ] ] ] } },
{ "type": "Feature", "properties": { "fid": 1466, "Population": 29 }, "geometry": { "type": "Polygon", "coordinates": [ [ [ -8.414482915217013, 40.186189806516929 ], [ -8.414274376945025, 40.183503129558041 ], [ -8.410735994111995, 40.183503129558041 ], [ -8.410944444689166, 40.186189806516929 ], [ -8.414482915217013, 40.186189806516929 ] ] ] } },
{ "type": "Feature", "properties": { "fid": 1467, "Population": 92 }, "geometry": { "type": "Polygon", "coordinates": [ [ [ -8.410944444689166, 40.186189806516929 ], [ -8.410735994111995, 40.183503129558041 ], [ -8.407197611278965, 40.183503129558041 ], [ -8.407405974161321, 40.186189806516929 ], [ -8.410944444689166, 40.186189806516929 ] ] ] } },
{ "type": "Feature", "properties": { "fid": 1468, "Population": 275 }, "geometry": { "type": "Polygon", "coordinates": [ [ [ -8.407405974161321, 40.186189806516929 ], [ -8.407197611278965, 40.183503129558041 ], [ -8.403659228445935, 40.183503129558041 ], [ -8.403867503633474, 40.186189806516929 ], [ -8.407405974161321, 40.186189806516929 ] ] ] } },
{ "type": "Feature", "properties": { "fid": 1469, "Population": 15 }, "geometry": { "type": "Polygon", "coordinates": [ [ [ -8.403867503633474, 40.186189806516929 ], [ -8.403659228445935, 40.183503129558041 ], [ -8.400120845612905, 40.183503129558041 ], [ -8.40032903310563, 40.186189806516929 ], [ -8.403867503633474, 40.186189806516929 ] ] ] } },
{ "type": "Feature", "properties": { "fid": 1470, "Population": 93 }, "geometry": { "type": "Polygon", "coordinates": [ [ [ -8.40032903310563, 40.186189806516929 ], [ -8.400120845612905, 40.183503129558041 ], [ -8.396582462779875, 40.183503129558041 ], [ -8.396790562577783, 40.186189806516929 ], [ -8.40032903310563, 40.186189806516929 ] ] ] } },
{ "type": "Feature", "properties": { "fid": 1471, "Population": 10 }, "geometry": { "type": "Polygon", "coordinates": [ [ [ -8.396790562577783, 40.186189806516929 ], [ -8.396582462779875, 40.183503129558041 ], [ -8.393044079946845, 40.183503129558041 ], [ -8.393252092049938, 40.186189806516929 ], [ -8.396790562577783, 40.186189806516929 ] ] ] } },
{ "type": "Feature", "properties": { "fid": 1472, "Population": 2 }, "geometry": { "type": "Polygon", "coordinates": [ [ [ -8.393252092049938, 40.186189806516929 ], [ -8.393044079946845, 40.183503129558041 ], [ -8.389505697113815, 40.183503129558041 ], [ -8.389713621522091, 40.186189806516929 ], [ -8.393252092049938, 40.186189806516929 ] ] ] } },
{ "type": "Feature", "properties": { "fid": 1473, "Population": 2 }, "geometry": { "type": "Polygon", "coordinates": [ [ [ -8.37555973941071, 40.186189806516929 ], [ -8.375352165781695, 40.183503129558041 ], [ -8.371813782948665, 40.183503129558041 ], [ -8.372021268882863, 40.186189806516929 ], [ -8.37555973941071, 40.186189806516929 ] ] ] } },
{ "type": "Feature", "properties": { "fid": 1474, "Population": 60 }, "geometry": { "type": "Polygon", "coordinates": [ [ [ -8.357867386771479, 40.186189806516929 ], [ -8.357660251616547, 40.183503129558041 ], [ -8.354121868783517, 40.183503129558041 ], [ -8.354328916243634, 40.186189806516929 ], [ -8.357867386771479, 40.186189806516929 ] ] ] } },
{ "type": "Feature", "properties": { "fid": 1475, "Population": 80 }, "geometry": { "type": "Polygon", "coordinates": [ [ [ -8.354328916243634, 40.186189806516929 ], [ -8.354121868783517, 40.183503129558041 ], [ -8.350583485950487, 40.183503129558041 ], [ -8.35079044571579, 40.186189806516929 ], [ -8.354328916243634, 40.186189806516929 ] ] ] } },
{ "type": "Feature", "properties": { "fid": 1476, "Population": 53 }, "geometry": { "type": "Polygon", "coordinates": [ [ [ -8.35079044571579, 40.186189806516929 ], [ -8.350583485950487, 40.183503129558041 ], [ -8.347045103117457, 40.183503129558041 ], [ -8.347251975187945, 40.186189806516929 ], [ -8.35079044571579, 40.186189806516929 ] ] ] } },
{ "type": "Feature", "properties": { "fid": 1477, "Population": 1 }, "geometry": { "type": "Polygon", "coordinates": [ [ [ -8.347251975187945, 40.186189806516929 ], [ -8.347045103117457, 40.183503129558041 ], [ -8.343506720284427, 40.183503129558041 ], [ -8.343713504660098, 40.186189806516929 ], [ -8.347251975187945, 40.186189806516929 ] ] ] } },
{ "type": "Feature", "properties": { "fid": 1478, "Population": 3 }, "geometry": { "type": "Polygon", "coordinates": [ [ [ -8.513349096269861, 40.183503129558041 ], [ -8.513138131387677, 40.180816492417215 ], [ -8.509599836237475, 40.180816492417215 ], [ -8.509810713436831, 40.183503129558041 ], [ -8.513349096269861, 40.183503129558041 ] ] ] } },
{ "type": "Feature", "properties": { "fid": 1479, "Population": 2 }, "geometry": { "type": "Polygon", "coordinates": [ [ [ -8.509810713436831, 40.183503129558041 ], [ -8.509599836237475, 40.180816492417215 ], [ -8.506061541087272, 40.180816492417215 ], [ -8.506272330603801, 40.183503129558041 ], [ -8.509810713436831, 40.183503129558041 ] ] ] } },
{ "type": "Feature", "properties": { "fid": 1480, "Population": 2 }, "geometry": { "type": "Polygon", "coordinates": [ [ [ -8.495657182104711, 40.183503129558041 ], [ -8.495446655636664, 40.180816492417215 ], [ -8.491908360486461, 40.180816492417215 ], [ -8.492118799271681, 40.183503129558041 ], [ -8.495657182104711, 40.183503129558041 ] ] ] } },
{ "type": "Feature", "properties": { "fid": 1481, "Population": 12 }, "geometry": { "type": "Polygon", "coordinates": [ [ [ -8.492118799271681, 40.183503129558041 ], [ -8.491908360486461, 40.180816492417215 ], [ -8.488370065336259, 40.180816492417215 ], [ -8.488580416438651, 40.183503129558041 ], [ -8.492118799271681, 40.183503129558041 ] ] ] } },
{ "type": "Feature", "properties": { "fid": 1482, "Population": 45 }, "geometry": { "type": "Polygon", "coordinates": [ [ [ -8.488580416438651, 40.183503129558041 ], [ -8.488370065336259, 40.180816492417215 ], [ -8.484831770186057, 40.180816492417215 ], [ -8.485042033605623, 40.183503129558041 ], [ -8.488580416438651, 40.183503129558041 ] ] ] } },
{ "type": "Feature", "properties": { "fid": 1483, "Population": 17 }, "geometry": { "type": "Polygon", "coordinates": [ [ [ -8.485042033605623, 40.183503129558041 ], [ -8.484831770186057, 40.180816492417215 ], [ -8.481293475035853, 40.180816492417215 ], [ -8.481503650772593, 40.183503129558041 ], [ -8.485042033605623, 40.183503129558041 ] ] ] } },
{ "type": "Feature", "properties": { "fid": 1484, "Population": 1 }, "geometry": { "type": "Polygon", "coordinates": [ [ [ -8.477965267939563, 40.183503129558041 ], [ -8.47775517988565, 40.180816492417215 ], [ -8.474216884735448, 40.180816492417215 ], [ -8.474426885106533, 40.183503129558041 ], [ -8.477965267939563, 40.183503129558041 ] ] ] } },
{ "type": "Feature", "properties": { "fid": 1485, "Population": 7 }, "geometry": { "type": "Polygon", "coordinates": [ [ [ -8.474426885106533, 40.183503129558041 ], [ -8.474216884735448, 40.180816492417215 ], [ -8.470678589585246, 40.180816492417215 ], [ -8.470888502273503, 40.183503129558041 ], [ -8.474426885106533, 40.183503129558041 ] ] ] } },
{ "type": "Feature", "properties": { "fid": 1486, "Population": 2 }, "geometry": { "type": "Polygon", "coordinates": [ [ [ -8.470888502273503, 40.183503129558041 ], [ -8.470678589585246, 40.180816492417215 ], [ -8.467140294435042, 40.180816492417215 ], [ -8.467350119440473, 40.183503129558041 ], [ -8.470888502273503, 40.183503129558041 ] ] ] } },
{ "type": "Feature", "properties": { "fid": 1487, "Population": 1 }, "geometry": { "type": "Polygon", "coordinates": [ [ [ -8.467350119440473, 40.183503129558041 ], [ -8.467140294435042, 40.180816492417215 ], [ -8.46360199928484, 40.180816492417215 ], [ -8.463811736607443, 40.183503129558041 ], [ -8.467350119440473, 40.183503129558041 ] ] ] } },
{ "type": "Feature", "properties": { "fid": 1488, "Population": 2 }, "geometry": { "type": "Polygon", "coordinates": [ [ [ -8.463811736607443, 40.183503129558041 ], [ -8.46360199928484, 40.180816492417215 ], [ -8.460063704134637, 40.180816492417215 ], [ -8.460273353774413, 40.183503129558041 ], [ -8.463811736607443, 40.183503129558041 ] ] ] } },
{ "type": "Feature", "properties": { "fid": 1489, "Population": 11 }, "geometry": { "type": "Polygon", "coordinates": [ [ [ -8.460273353774413, 40.183503129558041 ], [ -8.460063704134637, 40.180816492417215 ], [ -8.456525408984435, 40.180816492417215 ], [ -8.456734970941383, 40.183503129558041 ], [ -8.460273353774413, 40.183503129558041 ] ] ] } },
{ "type": "Feature", "properties": { "fid": 1490, "Population": 32 }, "geometry": { "type": "Polygon", "coordinates": [ [ [ -8.456734970941383, 40.183503129558041 ], [ -8.456525408984435, 40.180816492417215 ], [ -8.452987113834231, 40.180816492417215 ], [ -8.453196588108353, 40.183503129558041 ], [ -8.456734970941383, 40.183503129558041 ] ] ] } },
{ "type": "Feature", "properties": { "fid": 1491, "Population": 126 }, "geometry": { "type": "Polygon", "coordinates": [ [ [ -8.453196588108353, 40.183503129558041 ], [ -8.452987113834231, 40.180816492417215 ], [ -8.449448818684029, 40.180816492417215 ], [ -8.449658205275323, 40.183503129558041 ], [ -8.453196588108353, 40.183503129558041 ] ] ] } },
{ "type": "Feature", "properties": { "fid": 1492, "Population": 34 }, "geometry": { "type": "Polygon", "coordinates": [ [ [ -8.449658205275323, 40.183503129558041 ], [ -8.449448818684029, 40.180816492417215 ], [ -8.445910523533827, 40.180816492417215 ], [ -8.446119822442293, 40.183503129558041 ], [ -8.449658205275323, 40.183503129558041 ] ] ] } },
{ "type": "Feature", "properties": { "fid": 1493, "Population": 24 }, "geometry": { "type": "Polygon", "coordinates": [ [ [ -8.446119822442293, 40.183503129558041 ], [ -8.445910523533827, 40.180816492417215 ], [ -8.442372228383622, 40.180816492417215 ], [ -8.442581439609263, 40.183503129558041 ], [ -8.446119822442293, 40.183503129558041 ] ] ] } },
{ "type": "Feature", "properties": { "fid": 1494, "Population": 4 }, "geometry": { "type": "Polygon", "coordinates": [ [ [ -8.442581439609263, 40.183503129558041 ], [ -8.442372228383622, 40.180816492417215 ], [ -8.43883393323342, 40.180816492417215 ], [ -8.439043056776233, 40.183503129558041 ], [ -8.442581439609263, 40.183503129558041 ] ] ] } },
{ "type": "Feature", "properties": { "fid": 1495, "Population": 30 }, "geometry": { "type": "Polygon", "coordinates": [ [ [ -8.439043056776233, 40.183503129558041 ], [ -8.43883393323342, 40.180816492417215 ], [ -8.435295638083218, 40.180816492417215 ], [ -8.435504673943203, 40.183503129558041 ], [ -8.439043056776233, 40.183503129558041 ] ] ] } },
{ "type": "Feature", "properties": { "fid": 1496, "Population": 26 }, "geometry": { "type": "Polygon", "coordinates": [ [ [ -8.435504673943203, 40.183503129558041 ], [ -8.435295638083218, 40.180816492417215 ], [ -8.431757342933016, 40.180816492417215 ], [ -8.431966291110173, 40.183503129558041 ], [ -8.435504673943203, 40.183503129558041 ] ] ] } },
{ "type": "Feature", "properties": { "fid": 1497, "Population": 18 }, "geometry": { "type": "Polygon", "coordinates": [ [ [ -8.431966291110173, 40.183503129558041 ], [ -8.431757342933016, 40.180816492417215 ], [ -8.428219047782813, 40.180816492417215 ], [ -8.428427908277143, 40.183503129558041 ], [ -8.431966291110173, 40.183503129558041 ] ] ] } },
{ "type": "Feature", "properties": { "fid": 1498, "Population": 5 }, "geometry": { "type": "Polygon", "coordinates": [ [ [ -8.428427908277143, 40.183503129558041 ], [ -8.428219047782813, 40.180816492417215 ], [ -8.424680752632609, 40.180816492417215 ], [ -8.424889525444113, 40.183503129558041 ], [ -8.428427908277143, 40.183503129558041 ] ] ] } },
{ "type": "Feature", "properties": { "fid": 1499, "Population": 11 }, "geometry": { "type": "Polygon", "coordinates": [ [ [ -8.424889525444113, 40.183503129558041 ], [ -8.424680752632609, 40.180816492417215 ], [ -8.421142457482407, 40.180816492417215 ], [ -8.421351142611085, 40.183503129558041 ], [ -8.424889525444113, 40.183503129558041 ] ] ] } },
{ "type": "Feature", "properties": { "fid": 1500, "Population": 4 }, "geometry": { "type": "Polygon", "coordinates": [ [ [ -8.417812759778055, 40.183503129558041 ], [ -8.417604162332205, 40.180816492417215 ], [ -8.414065867182002, 40.180816492417215 ], [ -8.414274376945025, 40.183503129558041 ], [ -8.417812759778055, 40.183503129558041 ] ] ] } },
{ "type": "Feature", "properties": { "fid": 1501, "Population": 15 }, "geometry": { "type": "Polygon", "coordinates": [ [ [ -8.414274376945025, 40.183503129558041 ], [ -8.414065867182002, 40.180816492417215 ], [ -8.4105275720318, 40.180816492417215 ], [ -8.410735994111995, 40.183503129558041 ], [ -8.414274376945025, 40.183503129558041 ] ] ] } },
{ "type": "Feature", "properties": { "fid": 1502, "Population": 137 }, "geometry": { "type": "Polygon", "coordinates": [ [ [ -8.410735994111995, 40.183503129558041 ], [ -8.4105275720318, 40.180816492417215 ], [ -8.406989276881596, 40.180816492417215 ], [ -8.407197611278965, 40.183503129558041 ], [ -8.410735994111995, 40.183503129558041 ] ] ] } },
{ "type": "Feature", "properties": { "fid": 1503, "Population": 206 }, "geometry": { "type": "Polygon", "coordinates": [ [ [ -8.407197611278965, 40.183503129558041 ], [ -8.406989276881596, 40.180816492417215 ], [ -8.403450981731392, 40.180816492417215 ], [ -8.403659228445935, 40.183503129558041 ], [ -8.407197611278965, 40.183503129558041 ] ] ] } },
{ "type": "Feature", "properties": { "fid": 1504, "Population": 6 }, "geometry": { "type": "Polygon", "coordinates": [ [ [ -8.403659228445935, 40.183503129558041 ], [ -8.403450981731392, 40.180816492417215 ], [ -8.399912686581191, 40.180816492417215 ], [ -8.400120845612905, 40.183503129558041 ], [ -8.403659228445935, 40.183503129558041 ] ] ] } },
{ "type": "Feature", "properties": { "fid": 1505, "Population": 14 }, "geometry": { "type": "Polygon", "coordinates": [ [ [ -8.400120845612905, 40.183503129558041 ], [ -8.399912686581191, 40.180816492417215 ], [ -8.396374391430989, 40.180816492417215 ], [ -8.396582462779875, 40.183503129558041 ], [ -8.400120845612905, 40.183503129558041 ] ] ] } },
{ "type": "Feature", "properties": { "fid": 1506, "Population": 36 }, "geometry": { "type": "Polygon", "coordinates": [ [ [ -8.396582462779875, 40.183503129558041 ], [ -8.396374391430989, 40.180816492417215 ], [ -8.392836096280787, 40.180816492417215 ], [ -8.393044079946845, 40.183503129558041 ], [ -8.396582462779875, 40.183503129558041 ] ] ] } },
{ "type": "Feature", "properties": { "fid": 1507, "Population": 8 }, "geometry": { "type": "Polygon", "coordinates": [ [ [ -8.393044079946845, 40.183503129558041 ], [ -8.392836096280787, 40.180816492417215 ], [ -8.389297801130583, 40.180816492417215 ], [ -8.389505697113815, 40.183503129558041 ], [ -8.393044079946845, 40.183503129558041 ] ] ] } },
{ "type": "Feature", "properties": { "fid": 1508, "Population": 1 }, "geometry": { "type": "Polygon", "coordinates": [ [ [ -8.382428931447755, 40.183503129558041 ], [ -8.382221210830178, 40.180816492417215 ], [ -8.378682915679974, 40.180816492417215 ], [ -8.378890548614725, 40.183503129558041 ], [ -8.382428931447755, 40.183503129558041 ] ] ] } },
{ "type": "Feature", "properties": { "fid": 1509, "Population": 34 }, "geometry": { "type": "Polygon", "coordinates": [ [ [ -8.378890548614725, 40.183503129558041 ], [ -8.378682915679974, 40.180816492417215 ], [ -8.375144620529772, 40.180816492417215 ], [ -8.375352165781695, 40.183503129558041 ], [ -8.378890548614725, 40.183503129558041 ] ] ] } },
{ "type": "Feature", "properties": { "fid": 1510, "Population": 43 }, "geometry": { "type": "Polygon", "coordinates": [ [ [ -8.375352165781695, 40.183503129558041 ], [ -8.375144620529772, 40.180816492417215 ], [ -8.37160632537957, 40.180816492417215 ], [ -8.371813782948665, 40.183503129558041 ], [ -8.375352165781695, 40.183503129558041 ] ] ] } },
{ "type": "Feature", "properties": { "fid": 1511, "Population": 24 }, "geometry": { "type": "Polygon", "coordinates": [ [ [ -8.368275400115635, 40.183503129558041 ], [ -8.368068030229367, 40.180816492417215 ], [ -8.364529735079163, 40.180816492417215 ], [ -8.364737017282605, 40.183503129558041 ], [ -8.368275400115635, 40.183503129558041 ] ] ] } },
{ "type": "Feature", "properties": { "fid": 1512, "Population": 5 }, "geometry": { "type": "Polygon", "coordinates": [ [ [ -8.364737017282605, 40.183503129558041 ], [ -8.364529735079163, 40.180816492417215 ], [ -8.360991439928961, 40.180816492417215 ], [ -8.361198634449575, 40.183503129558041 ], [ -8.364737017282605, 40.183503129558041 ] ] ] } },
{ "type": "Feature", "properties": { "fid": 1513, "Population": 13 }, "geometry": { "type": "Polygon", "coordinates": [ [ [ -8.361198634449575, 40.183503129558041 ], [ -8.360991439928961, 40.180816492417215 ], [ -8.357453144778759, 40.180816492417215 ], [ -8.357660251616547, 40.183503129558041 ], [ -8.361198634449575, 40.183503129558041 ] ] ] } },
{ "type": "Feature", "properties": { "fid": 1514, "Population": 33 }, "geometry": { "type": "Polygon", "coordinates": [ [ [ -8.357660251616547, 40.183503129558041 ], [ -8.357453144778759, 40.180816492417215 ], [ -8.353914849628557, 40.180816492417215 ], [ -8.354121868783517, 40.183503129558041 ], [ -8.357660251616547, 40.183503129558041 ] ] ] } },
{ "type": "Feature", "properties": { "fid": 1515, "Population": 122 }, "geometry": { "type": "Polygon", "coordinates": [ [ [ -8.354121868783517, 40.183503129558041 ], [ -8.353914849628557, 40.180816492417215 ], [ -8.350376554478352, 40.180816492417215 ], [ -8.350583485950487, 40.183503129558041 ], [ -8.354121868783517, 40.183503129558041 ] ] ] } },
{ "type": "Feature", "properties": { "fid": 1516, "Population": 13 }, "geometry": { "type": "Polygon", "coordinates": [ [ [ -8.350583485950487, 40.183503129558041 ], [ -8.350376554478352, 40.180816492417215 ], [ -8.34683825932815, 40.180816492417215 ], [ -8.347045103117457, 40.183503129558041 ], [ -8.350583485950487, 40.183503129558041 ] ] ] } },
{ "type": "Feature", "properties": { "fid": 1517, "Population": 0 }, "geometry": { "type": "Polygon", "coordinates": [ [ [ -8.481924088461172, 40.188876523298674 ], [ -8.481083328031, 40.17812989508959 ], [ -8.477545120551637, 40.17812989508959 ], [ -8.478175384718234, 40.186189806516929 ], [ -8.474636914190389, 40.186189806516929 ], [ -8.474846971991868, 40.188876523298674 ], [ -8.481924088461172, 40.188876523298674 ] ] ] } },
{ "type": "Feature", "properties": { "fid": 1518, "Population": 0 }, "geometry": { "type": "Polygon", "coordinates": [ [ [ -8.393460132594869, 40.188876523298674 ], [ -8.393252092049938, 40.186189806516929 ], [ -8.389713621522091, 40.186189806516929 ], [ -8.389089933567584, 40.17812989508959 ], [ -8.385551726088222, 40.17812989508959 ], [ -8.38575950598038, 40.180816492417215 ], [ -8.382221210830178, 40.180816492417215 ], [ -8.382428931447755, 40.183503129558041 ], [ -8.375352165781695, 40.183503129558041 ], [ -8.37555973941071, 40.186189806516929 ], [ -8.386175150994246, 40.186189806516929 ], [ -8.386383016125565, 40.188876523298674 ], [ -8.393460132594869, 40.188876523298674 ] ] ] } },
{ "type": "Feature", "properties": { "fid": 1519, "Population": 0 }, "geometry": { "type": "Polygon", "coordinates": [ [ [ -8.421351142611085, 40.183503129558041 ], [ -8.420933800881842, 40.17812989508959 ], [ -8.413857385923119, 40.17812989508959 ], [ -8.414065867182002, 40.180816492417215 ], [ -8.417604162332205, 40.180816492417215 ], [ -8.417812759778055, 40.183503129558041 ], [ -8.421351142611085, 40.183503129558041 ] ] ] } },
{ "type": "Feature", "properties": { "fid": 1520, "Population": 11 }, "geometry": { "type": "Polygon", "coordinates": [ [ [ -8.513138131387677, 40.180816492417215 ], [ -8.512927195345258, 40.17812989508959 ], [ -8.509388987865895, 40.17812989508959 ], [ -8.509599836237475, 40.180816492417215 ], [ -8.513138131387677, 40.180816492417215 ] ] ] } },
{ "type": "Feature", "properties": { "fid": 1521, "Population": 9 }, "geometry": { "type": "Polygon", "coordinates": [ [ [ -8.509599836237475, 40.180816492417215 ], [ -8.509388987865895, 40.17812989508959 ], [ -8.505850780386535, 40.17812989508959 ], [ -8.506061541087272, 40.180816492417215 ], [ -8.509599836237475, 40.180816492417215 ] ] ] } },
{ "type": "Feature", "properties": { "fid": 1522, "Population": 11 }, "geometry": { "type": "Polygon", "coordinates": [ [ [ -8.491908360486461, 40.180816492417215 ], [ -8.491697950469087, 40.17812989508959 ], [ -8.488159742989724, 40.17812989508959 ], [ -8.488370065336259, 40.180816492417215 ], [ -8.491908360486461, 40.180816492417215 ] ] ] } },
{ "type": "Feature", "properties": { "fid": 1523, "Population": 35 }, "geometry": { "type": "Polygon", "coordinates": [ [ [ -8.488370065336259, 40.180816492417215 ], [ -8.488159742989724, 40.17812989508959 ], [ -8.484621535510362, 40.17812989508959 ], [ -8.484831770186057, 40.180816492417215 ], [ -8.488370065336259, 40.180816492417215 ] ] ] } },
{ "type": "Feature", "properties": { "fid": 1524, "Population": 1 }, "geometry": { "type": "Polygon", "coordinates": [ [ [ -8.484831770186057, 40.180816492417215 ], [ -8.484621535510362, 40.17812989508959 ], [ -8.481083328031, 40.17812989508959 ], [ -8.481293475035853, 40.180816492417215 ], [ -8.484831770186057, 40.180816492417215 ] ] ] } },
{ "type": "Feature", "properties": { "fid": 1525, "Population": 4 }, "geometry": { "type": "Polygon", "coordinates": [ [ [ -8.47775517988565, 40.180816492417215 ], [ -8.477545120551637, 40.17812989508959 ], [ -8.474006913072275, 40.17812989508959 ], [ -8.474216884735448, 40.180816492417215 ], [ -8.47775517988565, 40.180816492417215 ] ] ] } },
{ "type": "Feature", "properties": { "fid": 1526, "Population": 3 }, "geometry": { "type": "Polygon", "coordinates": [ [ [ -8.474216884735448, 40.180816492417215 ], [ -8.474006913072275, 40.17812989508959 ], [ -8.470468705592912, 40.17812989508959 ], [ -8.470678589585246, 40.180816492417215 ], [ -8.474216884735448, 40.180816492417215 ] ] ] } },
{ "type": "Feature", "properties": { "fid": 1527, "Population": 6 }, "geometry": { "type": "Polygon", "coordinates": [ [ [ -8.470678589585246, 40.180816492417215 ], [ -8.470468705592912, 40.17812989508959 ], [ -8.46693049811355, 40.17812989508959 ], [ -8.467140294435042, 40.180816492417215 ], [ -8.470678589585246, 40.180816492417215 ] ] ] } },
{ "type": "Feature", "properties": { "fid": 1528, "Population": 8 }, "geometry": { "type": "Polygon", "coordinates": [ [ [ -8.467140294435042, 40.180816492417215 ], [ -8.46693049811355, 40.17812989508959 ], [ -8.463392290634188, 40.17812989508959 ], [ -8.46360199928484, 40.180816492417215 ], [ -8.467140294435042, 40.180816492417215 ] ] ] } },
{ "type": "Feature", "properties": { "fid": 1529, "Population": 1 }, "geometry": { "type": "Polygon", "coordinates": [ [ [ -8.46360199928484, 40.180816492417215 ], [ -8.463392290634188, 40.17812989508959 ], [ -8.459854083154827, 40.17812989508959 ], [ -8.460063704134637, 40.180816492417215 ], [ -8.46360199928484, 40.180816492417215 ] ] ] } },
{ "type": "Feature", "properties": { "fid": 1530, "Population": 6 }, "geometry": { "type": "Polygon", "coordinates": [ [ [ -8.460063704134637, 40.180816492417215 ], [ -8.459854083154827, 40.17812989508959 ], [ -8.456315875675465, 40.17812989508959 ], [ -8.456525408984435, 40.180816492417215 ], [ -8.460063704134637, 40.180816492417215 ] ] ] } },
{ "type": "Feature", "properties": { "fid": 1531, "Population": 18 }, "geometry": { "type": "Polygon", "coordinates": [ [ [ -8.456525408984435, 40.180816492417215 ], [ -8.456315875675465, 40.17812989508959 ], [ -8.452777668196104, 40.17812989508959 ], [ -8.452987113834231, 40.180816492417215 ], [ -8.456525408984435, 40.180816492417215 ] ] ] } },
{ "type": "Feature", "properties": { "fid": 1532, "Population": 79 }, "geometry": { "type": "Polygon", "coordinates": [ [ [ -8.452987113834231, 40.180816492417215 ], [ -8.452777668196104, 40.17812989508959 ], [ -8.449239460716742, 40.17812989508959 ], [ -8.449448818684029, 40.180816492417215 ], [ -8.452987113834231, 40.180816492417215 ] ] ] } },
{ "type": "Feature", "properties": { "fid": 1533, "Population": 28 }, "geometry": { "type": "Polygon", "coordinates": [ [ [ -8.449448818684029, 40.180816492417215 ], [ -8.449239460716742, 40.17812989508959 ], [ -8.445701253237379, 40.17812989508959 ], [ -8.445910523533827, 40.180816492417215 ], [ -8.449448818684029, 40.180816492417215 ] ] ] } },
{ "type": "Feature", "properties": { "fid": 1534, "Population": 33 }, "geometry": { "type": "Polygon", "coordinates": [ [ [ -8.445910523533827, 40.180816492417215 ], [ -8.445701253237379, 40.17812989508959 ], [ -8.442163045758017, 40.17812989508959 ], [ -8.442372228383622, 40.180816492417215 ], [ -8.445910523533827, 40.180816492417215 ] ] ] } },
{ "type": "Feature", "properties": { "fid": 1535, "Population": 35 }, "geometry": { "type": "Polygon", "coordinates": [ [ [ -8.442372228383622, 40.180816492417215 ], [ -8.442163045758017, 40.17812989508959 ], [ -8.438624838278654, 40.17812989508959 ], [ -8.43883393323342, 40.180816492417215 ], [ -8.442372228383622, 40.180816492417215 ] ] ] } },
{ "type": "Feature", "properties": { "fid": 1536, "Population": 1 }, "geometry": { "type": "Polygon", "coordinates": [ [ [ -8.43883393323342, 40.180816492417215 ], [ -8.438624838278654, 40.17812989508959 ], [ -8.435086630799292, 40.17812989508959 ], [ -8.435295638083218, 40.180816492417215 ], [ -8.43883393323342, 40.180816492417215 ] ] ] } },
{ "type": "Feature", "properties": { "fid": 1537, "Population": 7 }, "geometry": { "type": "Polygon", "coordinates": [ [ [ -8.435295638083218, 40.180816492417215 ], [ -8.435086630799292, 40.17812989508959 ], [ -8.43154842331993, 40.17812989508959 ], [ -8.431757342933016, 40.180816492417215 ], [ -8.435295638083218, 40.180816492417215 ] ] ] } },
{ "type": "Feature", "properties": { "fid": 1538, "Population": 26 }, "geometry": { "type": "Polygon", "coordinates": [ [ [ -8.431757342933016, 40.180816492417215 ], [ -8.43154842331993, 40.17812989508959 ], [ -8.428010215840567, 40.17812989508959 ], [ -8.428219047782813, 40.180816492417215 ], [ -8.431757342933016, 40.180816492417215 ] ] ] } },
{ "type": "Feature", "properties": { "fid": 1539, "Population": 10 }, "geometry": { "type": "Polygon", "coordinates": [ [ [ -8.428219047782813, 40.180816492417215 ], [ -8.428010215840567, 40.17812989508959 ], [ -8.424472008361205, 40.17812989508959 ], [ -8.424680752632609, 40.180816492417215 ], [ -8.428219047782813, 40.180816492417215 ] ] ] } },
{ "type": "Feature", "properties": { "fid": 1540, "Population": 32 }, "geometry": { "type": "Polygon", "coordinates": [ [ [ -8.424680752632609, 40.180816492417215 ], [ -8.424472008361205, 40.17812989508959 ], [ -8.420933800881842, 40.17812989508959 ], [ -8.421142457482407, 40.180816492417215 ], [ -8.424680752632609, 40.180816492417215 ] ] ] } },
{ "type": "Feature", "properties": { "fid": 1541, "Population": 1 }, "geometry": { "type": "Polygon", "coordinates": [ [ [ -8.414065867182002, 40.180816492417215 ], [ -8.413857385923119, 40.17812989508959 ], [ -8.410319178443757, 40.17812989508959 ], [ -8.4105275720318, 40.180816492417215 ], [ -8.414065867182002, 40.180816492417215 ] ] ] } },
{ "type": "Feature", "properties": { "fid": 1542, "Population": 3 }, "geometry": { "type": "Polygon", "coordinates": [ [ [ -8.4105275720318, 40.180816492417215 ], [ -8.410319178443757, 40.17812989508959 ], [ -8.406780970964395, 40.17812989508959 ], [ -8.406989276881596, 40.180816492417215 ], [ -8.4105275720318, 40.180816492417215 ] ] ] } },
{ "type": "Feature", "properties": { "fid": 1543, "Population": 0 }, "geometry": { "type": "Polygon", "coordinates": [ [ [ -8.406989276881596, 40.180816492417215 ], [ -8.406780970964395, 40.17812989508959 ], [ -8.399704556005672, 40.17812989508959 ], [ -8.399912686581191, 40.180816492417215 ], [ -8.406989276881596, 40.180816492417215 ] ] ] } },
{ "type": "Feature", "properties": { "fid": 1544, "Population": 20 }, "geometry": { "type": "Polygon", "coordinates": [ [ [ -8.399912686581191, 40.180816492417215 ], [ -8.399704556005672, 40.17812989508959 ], [ -8.396166348526309, 40.17812989508959 ], [ -8.396374391430989, 40.180816492417215 ], [ -8.399912686581191, 40.180816492417215 ] ] ] } },
{ "type": "Feature", "properties": { "fid": 1545, "Population": 14 }, "geometry": { "type": "Polygon", "coordinates": [ [ [ -8.396374391430989, 40.180816492417215 ], [ -8.396166348526309, 40.17812989508959 ], [ -8.392628141046947, 40.17812989508959 ], [ -8.392836096280787, 40.180816492417215 ], [ -8.396374391430989, 40.180816492417215 ] ] ] } },
{ "type": "Feature", "properties": { "fid": 1546, "Population": 24 }, "geometry": { "type": "Polygon", "coordinates": [ [ [ -8.392836096280787, 40.180816492417215 ], [ -8.392628141046947, 40.17812989508959 ], [ -8.389089933567584, 40.17812989508959 ], [ -8.389297801130583, 40.180816492417215 ], [ -8.392836096280787, 40.180816492417215 ] ] ] } },
{ "type": "Feature", "properties": { "fid": 1547, "Population": 1 }, "geometry": { "type": "Polygon", "coordinates": [ [ [ -8.38575950598038, 40.180816492417215 ], [ -8.385551726088222, 40.17812989508959 ], [ -8.38201351860886, 40.17812989508959 ], [ -8.382221210830178, 40.180816492417215 ], [ -8.38575950598038, 40.180816492417215 ] ] ] } },
{ "type": "Feature", "properties": { "fid": 1548, "Population": 5 }, "geometry": { "type": "Polygon", "coordinates": [ [ [ -8.382221210830178, 40.180816492417215 ], [ -8.38201351860886, 40.17812989508959 ], [ -8.378475311129497, 40.17812989508959 ], [ -8.378682915679974, 40.180816492417215 ], [ -8.382221210830178, 40.180816492417215 ] ] ] } },
{ "type": "Feature", "properties": { "fid": 1549, "Population": 58 }, "geometry": { "type": "Polygon", "coordinates": [ [ [ -8.378682915679974, 40.180816492417215 ], [ -8.378475311129497, 40.17812989508959 ], [ -8.374937103650135, 40.17812989508959 ], [ -8.375144620529772, 40.180816492417215 ], [ -8.378682915679974, 40.180816492417215 ] ] ] } },
{ "type": "Feature", "properties": { "fid": 1550, "Population": 56 }, "geometry": { "type": "Polygon", "coordinates": [ [ [ -8.375144620529772, 40.180816492417215 ], [ -8.374937103650135, 40.17812989508959 ], [ -8.371398896170774, 40.17812989508959 ], [ -8.37160632537957, 40.180816492417215 ], [ -8.375144620529772, 40.180816492417215 ] ] ] } },
{ "type": "Feature", "properties": { "fid": 1551, "Population": 23 }, "geometry": { "type": "Polygon", "coordinates": [ [ [ -8.37160632537957, 40.180816492417215 ], [ -8.371398896170774, 40.17812989508959 ], [ -8.367860688691412, 40.17812989508959 ], [ -8.368068030229367, 40.180816492417215 ], [ -8.37160632537957, 40.180816492417215 ] ] ] } },
{ "type": "Feature", "properties": { "fid": 1552, "Population": 33 }, "geometry": { "type": "Polygon", "coordinates": [ [ [ -8.368068030229367, 40.180816492417215 ], [ -8.367860688691412, 40.17812989508959 ], [ -8.364322481212049, 40.17812989508959 ], [ -8.364529735079163, 40.180816492417215 ], [ -8.368068030229367, 40.180816492417215 ] ] ] } },
{ "type": "Feature", "properties": { "fid": 1553, "Population": 16 }, "geometry": { "type": "Polygon", "coordinates": [ [ [ -8.350376554478352, 40.180816492417215 ], [ -8.3501696512946, 40.17812989508959 ], [ -8.346631443815239, 40.17812989508959 ], [ -8.34683825932815, 40.180816492417215 ], [ -8.350376554478352, 40.180816492417215 ] ] ] } },
{ "type": "Feature", "properties": { "fid": 1554, "Population": 7 }, "geometry": { "type": "Polygon", "coordinates": [ [ [ -8.34683825932815, 40.180816492417215 ], [ -8.346631443815239, 40.17812989508959 ], [ -8.343093236335877, 40.17812989508959 ], [ -8.343299964177948, 40.180816492417215 ], [ -8.34683825932815, 40.180816492417215 ] ] ] } },
{ "type": "Feature", "properties": { "fid": 1555, "Population": 1 }, "geometry": { "type": "Polygon", "coordinates": [ [ [ -8.322070193276733, 40.180816492417215 ], [ -8.321863991459706, 40.17812989508959 ], [ -8.318325783980344, 40.17812989508959 ], [ -8.31853189812653, 40.180816492417215 ], [ -8.322070193276733, 40.180816492417215 ] ] ] } },
{ "type": "Feature", "properties": { "fid": 1556, "Population": 5 }, "geometry": { "type": "Polygon", "coordinates": [ [ [ -8.544771062659519, 40.17812989508959 ], [ -8.544559366522284, 40.175443337570343 ], [ -8.541021246701778, 40.175443337570343 ], [ -8.541232855180157, 40.17812989508959 ], [ -8.544771062659519, 40.17812989508959 ] ] ] } },
{ "type": "Feature", "properties": { "fid": 1557, "Population": 1 }, "geometry": { "type": "Polygon", "coordinates": [ [ [ -8.541232855180157, 40.17812989508959 ], [ -8.541021246701778, 40.175443337570343 ], [ -8.537483126881272, 40.175443337570343 ], [ -8.537694647700794, 40.17812989508959 ], [ -8.541232855180157, 40.17812989508959 ] ] ] } },
{ "type": "Feature", "properties": { "fid": 1558, "Population": 1 }, "geometry": { "type": "Polygon", "coordinates": [ [ [ -8.51646540282462, 40.17812989508959 ], [ -8.516254407958234, 40.175443337570343 ], [ -8.512716288137728, 40.175443337570343 ], [ -8.512927195345258, 40.17812989508959 ], [ -8.51646540282462, 40.17812989508959 ] ] ] } },
{ "type": "Feature", "properties": { "fid": 1559, "Population": 10 }, "geometry": { "type": "Polygon", "coordinates": [ [ [ -8.512927195345258, 40.17812989508959 ], [ -8.512716288137728, 40.175443337570343 ], [ -8.509178168317222, 40.175443337570343 ], [ -8.509388987865895, 40.17812989508959 ], [ -8.512927195345258, 40.17812989508959 ] ] ] } },
{ "type": "Feature", "properties": { "fid": 1560, "Population": 1 }, "geometry": { "type": "Polygon", "coordinates": [ [ [ -8.509388987865895, 40.17812989508959 ], [ -8.509178168317222, 40.175443337570343 ], [ -8.505640048496717, 40.175443337570343 ], [ -8.505850780386535, 40.17812989508959 ], [ -8.509388987865895, 40.17812989508959 ] ] ] } },
{ "type": "Feature", "properties": { "fid": 1561, "Population": 1 }, "geometry": { "type": "Polygon", "coordinates": [ [ [ -8.491697950469087, 40.17812989508959 ], [ -8.491487569214692, 40.175443337570343 ], [ -8.487949449394186, 40.175443337570343 ], [ -8.488159742989724, 40.17812989508959 ], [ -8.491697950469087, 40.17812989508959 ] ] ] } },
{ "type": "Feature", "properties": { "fid": 1562, "Population": 45 }, "geometry": { "type": "Polygon", "coordinates": [ [ [ -8.488159742989724, 40.17812989508959 ], [ -8.487949449394186, 40.175443337570343 ], [ -8.48441132957368, 40.175443337570343 ], [ -8.484621535510362, 40.17812989508959 ], [ -8.488159742989724, 40.17812989508959 ] ] ] } },
{ "type": "Feature", "properties": { "fid": 1563, "Population": 50 }, "geometry": { "type": "Polygon", "coordinates": [ [ [ -8.484621535510362, 40.17812989508959 ], [ -8.48441132957368, 40.175443337570343 ], [ -8.480873209753172, 40.175443337570343 ], [ -8.481083328031, 40.17812989508959 ], [ -8.484621535510362, 40.17812989508959 ] ] ] } },
{ "type": "Feature", "properties": { "fid": 1564, "Population": 27 }, "geometry": { "type": "Polygon", "coordinates": [ [ [ -8.481083328031, 40.17812989508959 ], [ -8.480873209753172, 40.175443337570343 ], [ -8.477335089932668, 40.175443337570343 ], [ -8.477545120551637, 40.17812989508959 ], [ -8.481083328031, 40.17812989508959 ] ] ] } },
{ "type": "Feature", "properties": { "fid": 1565, "Population": 2 }, "geometry": { "type": "Polygon", "coordinates": [ [ [ -8.477545120551637, 40.17812989508959 ], [ -8.477335089932668, 40.175443337570343 ], [ -8.473796970112161, 40.175443337570343 ], [ -8.474006913072275, 40.17812989508959 ], [ -8.477545120551637, 40.17812989508959 ] ] ] } },
{ "type": "Feature", "properties": { "fid": 1566, "Population": 1 }, "geometry": { "type": "Polygon", "coordinates": [ [ [ -8.474006913072275, 40.17812989508959 ], [ -8.473796970112161, 40.175443337570343 ], [ -8.470258850291655, 40.175443337570343 ], [ -8.470468705592912, 40.17812989508959 ], [ -8.474006913072275, 40.17812989508959 ] ] ] } },
{ "type": "Feature", "properties": { "fid": 1567, "Population": 5 }, "geometry": { "type": "Polygon", "coordinates": [ [ [ -8.470468705592912, 40.17812989508959 ], [ -8.470258850291655, 40.175443337570343 ], [ -8.466720730471149, 40.175443337570343 ], [ -8.46693049811355, 40.17812989508959 ], [ -8.470468705592912, 40.17812989508959 ] ] ] } },
{ "type": "Feature", "properties": { "fid": 1568, "Population": 2 }, "geometry": { "type": "Polygon", "coordinates": [ [ [ -8.46693049811355, 40.17812989508959 ], [ -8.466720730471149, 40.175443337570343 ], [ -8.463182610650643, 40.175443337570343 ], [ -8.463392290634188, 40.17812989508959 ], [ -8.46693049811355, 40.17812989508959 ] ] ] } },
{ "type": "Feature", "properties": { "fid": 1569, "Population": 4 }, "geometry": { "type": "Polygon", "coordinates": [ [ [ -8.463392290634188, 40.17812989508959 ], [ -8.463182610650643, 40.175443337570343 ], [ -8.459644490830136, 40.175443337570343 ], [ -8.459854083154827, 40.17812989508959 ], [ -8.463392290634188, 40.17812989508959 ] ] ] } },
{ "type": "Feature", "properties": { "fid": 1570, "Population": 5 }, "geometry": { "type": "Polygon", "coordinates": [ [ [ -8.459854083154827, 40.17812989508959 ], [ -8.459644490830136, 40.175443337570343 ], [ -8.45610637100963, 40.175443337570343 ], [ -8.456315875675465, 40.17812989508959 ], [ -8.459854083154827, 40.17812989508959 ] ] ] } },
{ "type": "Feature", "properties": { "fid": 1571, "Population": 53 }, "geometry": { "type": "Polygon", "coordinates": [ [ [ -8.456315875675465, 40.17812989508959 ], [ -8.45610637100963, 40.175443337570343 ], [ -8.452568251189126, 40.175443337570343 ], [ -8.452777668196104, 40.17812989508959 ], [ -8.456315875675465, 40.17812989508959 ] ] ] } },
{ "type": "Feature", "properties": { "fid": 1572, "Population": 92 }, "geometry": { "type": "Polygon", "coordinates": [ [ [ -8.452777668196104, 40.17812989508959 ], [ -8.452568251189126, 40.175443337570343 ], [ -8.44903013136862, 40.175443337570343 ], [ -8.449239460716742, 40.17812989508959 ], [ -8.452777668196104, 40.17812989508959 ] ] ] } },
{ "type": "Feature", "properties": { "fid": 1573, "Population": 7 }, "geometry": { "type": "Polygon", "coordinates": [ [ [ -8.449239460716742, 40.17812989508959 ], [ -8.44903013136862, 40.175443337570343 ], [ -8.445492011548112, 40.175443337570343 ], [ -8.445701253237379, 40.17812989508959 ], [ -8.449239460716742, 40.17812989508959 ] ] ] } },
{ "type": "Feature", "properties": { "fid": 1574, "Population": 30 }, "geometry": { "type": "Polygon", "coordinates": [ [ [ -8.445701253237379, 40.17812989508959 ], [ -8.445492011548112, 40.175443337570343 ], [ -8.441953891727605, 40.175443337570343 ], [ -8.442163045758017, 40.17812989508959 ], [ -8.445701253237379, 40.17812989508959 ] ] ] } },
{ "type": "Feature", "properties": { "fid": 1575, "Population": 94 }, "geometry": { "type": "Polygon", "coordinates": [ [ [ -8.442163045758017, 40.17812989508959 ], [ -8.441953891727605, 40.175443337570343 ], [ -8.438415771907101, 40.175443337570343 ], [ -8.438624838278654, 40.17812989508959 ], [ -8.442163045758017, 40.17812989508959 ] ] ] } },
{ "type": "Feature", "properties": { "fid": 1576, "Population": 5 }, "geometry": { "type": "Polygon", "coordinates": [ [ [ -8.438624838278654, 40.17812989508959 ], [ -8.438415771907101, 40.175443337570343 ], [ -8.434877652086595, 40.175443337570343 ], [ -8.435086630799292, 40.17812989508959 ], [ -8.438624838278654, 40.17812989508959 ] ] ] } },
{ "type": "Feature", "properties": { "fid": 1577, "Population": 0 }, "geometry": { "type": "Polygon", "coordinates": [ [ [ -8.435086630799292, 40.17812989508959 ], [ -8.434877652086595, 40.175443337570343 ], [ -8.431339532266087, 40.175443337570343 ], [ -8.43154842331993, 40.17812989508959 ], [ -8.435086630799292, 40.17812989508959 ] ] ] } },
{ "type": "Feature", "properties": { "fid": 1578, "Population": 1 }, "geometry": { "type": "Polygon", "coordinates": [ [ [ -8.43154842331993, 40.17812989508959 ], [ -8.431339532266087, 40.175443337570343 ], [ -8.42780141244558, 40.175443337570343 ], [ -8.428010215840567, 40.17812989508959 ], [ -8.43154842331993, 40.17812989508959 ] ] ] } },
{ "type": "Feature", "properties": { "fid": 1579, "Population": 18 }, "geometry": { "type": "Polygon", "coordinates": [ [ [ -8.428010215840567, 40.17812989508959 ], [ -8.42780141244558, 40.175443337570343 ], [ -8.424263292625076, 40.175443337570343 ], [ -8.424472008361205, 40.17812989508959 ], [ -8.428010215840567, 40.17812989508959 ] ] ] } },
{ "type": "Feature", "properties": { "fid": 1580, "Population": 11 }, "geometry": { "type": "Polygon", "coordinates": [ [ [ -8.424472008361205, 40.17812989508959 ], [ -8.424263292625076, 40.175443337570343 ], [ -8.42072517280457, 40.175443337570343 ], [ -8.420933800881842, 40.17812989508959 ], [ -8.424472008361205, 40.17812989508959 ] ] ] } },
{ "type": "Feature", "properties": { "fid": 1581, "Population": 3 }, "geometry": { "type": "Polygon", "coordinates": [ [ [ -8.420933800881842, 40.17812989508959 ], [ -8.42072517280457, 40.175443337570343 ], [ -8.417187052984064, 40.175443337570343 ], [ -8.417395593402482, 40.17812989508959 ], [ -8.420933800881842, 40.17812989508959 ] ] ] } },
{ "type": "Feature", "properties": { "fid": 1582, "Population": 4 }, "geometry": { "type": "Polygon", "coordinates": [ [ [ -8.417395593402482, 40.17812989508959 ], [ -8.417187052984064, 40.175443337570343 ], [ -8.413648933163556, 40.175443337570343 ], [ -8.413857385923119, 40.17812989508959 ], [ -8.417395593402482, 40.17812989508959 ] ] ] } },
{ "type": "Feature", "properties": { "fid": 1583, "Population": 19 }, "geometry": { "type": "Polygon", "coordinates": [ [ [ -8.413857385923119, 40.17812989508959 ], [ -8.413648933163556, 40.175443337570343 ], [ -8.410110813343051, 40.175443337570343 ], [ -8.410319178443757, 40.17812989508959 ], [ -8.413857385923119, 40.17812989508959 ] ] ] } },
{ "type": "Feature", "properties": { "fid": 1584, "Population": 27 }, "geometry": { "type": "Polygon", "coordinates": [ [ [ -8.410319178443757, 40.17812989508959 ], [ -8.410110813343051, 40.175443337570343 ], [ -8.406572693522545, 40.175443337570343 ], [ -8.406780970964395, 40.17812989508959 ], [ -8.410319178443757, 40.17812989508959 ] ] ] } },
{ "type": "Feature", "properties": { "fid": 1585, "Population": 19 }, "geometry": { "type": "Polygon", "coordinates": [ [ [ -8.406780970964395, 40.17812989508959 ], [ -8.406572693522545, 40.175443337570343 ], [ -8.403034573702039, 40.175443337570343 ], [ -8.403242763485032, 40.17812989508959 ], [ -8.406780970964395, 40.17812989508959 ] ] ] } },
{ "type": "Feature", "properties": { "fid": 1586, "Population": 13 }, "geometry": { "type": "Polygon", "coordinates": [ [ [ -8.403242763485032, 40.17812989508959 ], [ -8.403034573702039, 40.175443337570343 ], [ -8.399496453881532, 40.175443337570343 ], [ -8.399704556005672, 40.17812989508959 ], [ -8.403242763485032, 40.17812989508959 ] ] ] } },
{ "type": "Feature", "properties": { "fid": 1587, "Population": 54 }, "geometry": { "type": "Polygon", "coordinates": [ [ [ -8.399704556005672, 40.17812989508959 ], [ -8.399496453881532, 40.175443337570343 ], [ -8.395958334061026, 40.175443337570343 ], [ -8.396166348526309, 40.17812989508959 ], [ -8.399704556005672, 40.17812989508959 ] ] ] } },
{ "type": "Feature", "properties": { "fid": 1588, "Population": 48 }, "geometry": { "type": "Polygon", "coordinates": [ [ [ -8.396166348526309, 40.17812989508959 ], [ -8.395958334061026, 40.175443337570343 ], [ -8.39242021424052, 40.175443337570343 ], [ -8.392628141046947, 40.17812989508959 ], [ -8.396166348526309, 40.17812989508959 ] ] ] } },
{ "type": "Feature", "properties": { "fid": 1589, "Population": 43 }, "geometry": { "type": "Polygon", "coordinates": [ [ [ -8.392628141046947, 40.17812989508959 ], [ -8.39242021424052, 40.175443337570343 ], [ -8.388882094420014, 40.175443337570343 ], [ -8.389089933567584, 40.17812989508959 ], [ -8.392628141046947, 40.17812989508959 ] ] ] } },
{ "type": "Feature", "properties": { "fid": 1590, "Population": 73 }, "geometry": { "type": "Polygon", "coordinates": [ [ [ -8.389089933567584, 40.17812989508959 ], [ -8.388882094420014, 40.175443337570343 ], [ -8.385343974599508, 40.175443337570343 ], [ -8.385551726088222, 40.17812989508959 ], [ -8.389089933567584, 40.17812989508959 ] ] ] } },
{ "type": "Feature", "properties": { "fid": 1591, "Population": 12 }, "geometry": { "type": "Polygon", "coordinates": [ [ [ -8.385551726088222, 40.17812989508959 ], [ -8.385343974599508, 40.175443337570343 ], [ -8.381805854779003, 40.175443337570343 ], [ -8.38201351860886, 40.17812989508959 ], [ -8.385551726088222, 40.17812989508959 ] ] ] } },
{ "type": "Feature", "properties": { "fid": 1592, "Population": 25 }, "geometry": { "type": "Polygon", "coordinates": [ [ [ -8.38201351860886, 40.17812989508959 ], [ -8.381805854779003, 40.175443337570343 ], [ -8.378267734958495, 40.175443337570343 ], [ -8.378475311129497, 40.17812989508959 ], [ -8.38201351860886, 40.17812989508959 ] ] ] } },
{ "type": "Feature", "properties": { "fid": 1593, "Population": 45 }, "geometry": { "type": "Polygon", "coordinates": [ [ [ -8.378475311129497, 40.17812989508959 ], [ -8.378267734958495, 40.175443337570343 ], [ -8.374729615137989, 40.175443337570343 ], [ -8.374937103650135, 40.17812989508959 ], [ -8.378475311129497, 40.17812989508959 ] ] ] } },
{ "type": "Feature", "properties": { "fid": 1594, "Population": 19 }, "geometry": { "type": "Polygon", "coordinates": [ [ [ -8.374937103650135, 40.17812989508959 ], [ -8.374729615137989, 40.175443337570343 ], [ -8.371191495317483, 40.175443337570343 ], [ -8.371398896170774, 40.17812989508959 ], [ -8.374937103650135, 40.17812989508959 ] ] ] } },
{ "type": "Feature", "properties": { "fid": 1595, "Population": 179 }, "geometry": { "type": "Polygon", "coordinates": [ [ [ -8.371398896170774, 40.17812989508959 ], [ -8.371191495317483, 40.175443337570343 ], [ -8.367653375496978, 40.175443337570343 ], [ -8.367860688691412, 40.17812989508959 ], [ -8.371398896170774, 40.17812989508959 ] ] ] } },
{ "type": "Feature", "properties": { "fid": 1596, "Population": 1 }, "geometry": { "type": "Polygon", "coordinates": [ [ [ -8.367860688691412, 40.17812989508959 ], [ -8.367653375496978, 40.175443337570343 ], [ -8.364115255676472, 40.175443337570343 ], [ -8.364322481212049, 40.17812989508959 ], [ -8.367860688691412, 40.17812989508959 ] ] ] } },
{ "type": "Feature", "properties": { "fid": 1597, "Population": 11 }, "geometry": { "type": "Polygon", "coordinates": [ [ [ -8.357246066253325, 40.17812989508959 ], [ -8.357039016035458, 40.175443337570343 ], [ -8.353500896214953, 40.175443337570343 ], [ -8.353707858773962, 40.17812989508959 ], [ -8.357246066253325, 40.17812989508959 ] ] ] } },
{ "type": "Feature", "properties": { "fid": 1598, "Population": 54 }, "geometry": { "type": "Polygon", "coordinates": [ [ [ -8.353707858773962, 40.17812989508959 ], [ -8.353500896214953, 40.175443337570343 ], [ -8.349962776394447, 40.175443337570343 ], [ -8.3501696512946, 40.17812989508959 ], [ -8.353707858773962, 40.17812989508959 ] ] ] } },
{ "type": "Feature", "properties": { "fid": 1599, "Population": 43 }, "geometry": { "type": "Polygon", "coordinates": [ [ [ -8.3501696512946, 40.17812989508959 ], [ -8.349962776394447, 40.175443337570343 ], [ -8.346424656573941, 40.175443337570343 ], [ -8.346631443815239, 40.17812989508959 ], [ -8.3501696512946, 40.17812989508959 ] ] ] } },
{ "type": "Feature", "properties": { "fid": 1600, "Population": 15 }, "geometry": { "type": "Polygon", "coordinates": [ [ [ -8.346631443815239, 40.17812989508959 ], [ -8.346424656573941, 40.175443337570343 ], [ -8.342886536753433, 40.175443337570343 ], [ -8.343093236335877, 40.17812989508959 ], [ -8.346631443815239, 40.17812989508959 ] ] ] } },
{ "type": "Feature", "properties": { "fid": 1601, "Population": 22 }, "geometry": { "type": "Polygon", "coordinates": [ [ [ -8.343093236335877, 40.17812989508959 ], [ -8.342886536753433, 40.175443337570343 ], [ -8.339348416932928, 40.175443337570343 ], [ -8.339555028856514, 40.17812989508959 ], [ -8.343093236335877, 40.17812989508959 ] ] ] } },
{ "type": "Feature", "properties": { "fid": 1602, "Population": 6 }, "geometry": { "type": "Polygon", "coordinates": [ [ [ -8.339555028856514, 40.17812989508959 ], [ -8.339348416932928, 40.175443337570343 ], [ -8.335810297112422, 40.175443337570343 ], [ -8.336016821377152, 40.17812989508959 ], [ -8.339555028856514, 40.17812989508959 ] ] ] } },
{ "type": "Feature", "properties": { "fid": 1603, "Population": 20 }, "geometry": { "type": "Polygon", "coordinates": [ [ [ -8.328940406418429, 40.17812989508959 ], [ -8.32873405747141, 40.175443337570343 ], [ -8.325195937650903, 40.175443337570343 ], [ -8.325402198939067, 40.17812989508959 ], [ -8.328940406418429, 40.17812989508959 ] ] ] } },
{ "type": "Feature", "properties": { "fid": 1604, "Population": 30 }, "geometry": { "type": "Polygon", "coordinates": [ [ [ -8.325402198939067, 40.17812989508959 ], [ -8.325195937650903, 40.175443337570343 ], [ -8.321657817830399, 40.175443337570343 ], [ -8.321863991459706, 40.17812989508959 ], [ -8.325402198939067, 40.17812989508959 ] ] ] } },
{ "type": "Feature", "properties": { "fid": 1605, "Population": 19 }, "geometry": { "type": "Polygon", "coordinates": [ [ [ -8.321863991459706, 40.17812989508959 ], [ -8.321657817830399, 40.175443337570343 ], [ -8.318119698009893, 40.175443337570343 ], [ -8.318325783980344, 40.17812989508959 ], [ -8.321863991459706, 40.17812989508959 ] ] ] } },
{ "type": "Feature", "properties": { "fid": 1606, "Population": 5 }, "geometry": { "type": "Polygon", "coordinates": [ [ [ -8.516254407958234, 40.175443337570343 ], [ -8.516043441933846, 40.172756819854627 ], [ -8.508967377586581, 40.172756819854627 ], [ -8.509178168317222, 40.175443337570343 ], [ -8.516254407958234, 40.175443337570343 ] ] ] } },
{ "type": "Feature", "properties": { "fid": 1607, "Population": 10 }, "geometry": { "type": "Polygon", "coordinates": [ [ [ -8.495025689035197, 40.175443337570343 ], [ -8.494815248892049, 40.172756819854627 ], [ -8.491277216718418, 40.172756819854627 ], [ -8.491487569214692, 40.175443337570343 ], [ -8.495025689035197, 40.175443337570343 ] ] ] } },
{ "type": "Feature", "properties": { "fid": 1608, "Population": 11 }, "geometry": { "type": "Polygon", "coordinates": [ [ [ -8.491487569214692, 40.175443337570343 ], [ -8.491277216718418, 40.172756819854627 ], [ -8.487739184544784, 40.172756819854627 ], [ -8.487949449394186, 40.175443337570343 ], [ -8.491487569214692, 40.175443337570343 ] ] ] } },
{ "type": "Feature", "properties": { "fid": 1609, "Population": 10 }, "geometry": { "type": "Polygon", "coordinates": [ [ [ -8.487949449394186, 40.175443337570343 ], [ -8.487739184544784, 40.172756819854627 ], [ -8.484201152371153, 40.172756819854627 ], [ -8.48441132957368, 40.175443337570343 ], [ -8.487949449394186, 40.175443337570343 ] ] ] } },
{ "type": "Feature", "properties": { "fid": 1610, "Population": 98 }, "geometry": { "type": "Polygon", "coordinates": [ [ [ -8.48441132957368, 40.175443337570343 ], [ -8.484201152371153, 40.172756819854627 ], [ -8.480663120197518, 40.172756819854627 ], [ -8.480873209753172, 40.175443337570343 ], [ -8.48441132957368, 40.175443337570343 ] ] ] } },
{ "type": "Feature", "properties": { "fid": 1611, "Population": 65 }, "geometry": { "type": "Polygon", "coordinates": [ [ [ -8.480873209753172, 40.175443337570343 ], [ -8.480663120197518, 40.172756819854627 ], [ -8.477125088023886, 40.172756819854627 ], [ -8.477335089932668, 40.175443337570343 ], [ -8.480873209753172, 40.175443337570343 ] ] ] } },
{ "type": "Feature", "properties": { "fid": 1612, "Population": 2 }, "geometry": { "type": "Polygon", "coordinates": [ [ [ -8.470258850291655, 40.175443337570343 ], [ -8.470049023676621, 40.172756819854627 ], [ -8.466510991502989, 40.172756819854627 ], [ -8.466720730471149, 40.175443337570343 ], [ -8.470258850291655, 40.175443337570343 ] ] ] } },
{ "type": "Feature", "properties": { "fid": 1613, "Population": 1 }, "geometry": { "type": "Polygon", "coordinates": [ [ [ -8.466720730471149, 40.175443337570343 ], [ -8.466510991502989, 40.172756819854627 ], [ -8.462972959329354, 40.172756819854627 ], [ -8.463182610650643, 40.175443337570343 ], [ -8.466720730471149, 40.175443337570343 ] ] ] } },
{ "type": "Feature", "properties": { "fid": 1614, "Population": 0 }, "geometry": { "type": "Polygon", "coordinates": [ [ [ -8.463182610650643, 40.175443337570343 ], [ -8.462972959329354, 40.172756819854627 ], [ -8.459434927155723, 40.172756819854627 ], [ -8.459644490830136, 40.175443337570343 ], [ -8.463182610650643, 40.175443337570343 ] ] ] } },
{ "type": "Feature", "properties": { "fid": 1615, "Population": 59 }, "geometry": { "type": "Polygon", "coordinates": [ [ [ -8.452568251189126, 40.175443337570343 ], [ -8.452358862808458, 40.172756819854627 ], [ -8.448820830634824, 40.172756819854627 ], [ -8.44903013136862, 40.175443337570343 ], [ -8.452568251189126, 40.175443337570343 ] ] ] } },
{ "type": "Feature", "properties": { "fid": 1616, "Population": 12 }, "geometry": { "type": "Polygon", "coordinates": [ [ [ -8.44903013136862, 40.175443337570343 ], [ -8.448820830634824, 40.172756819854627 ], [ -8.445282798461193, 40.172756819854627 ], [ -8.445492011548112, 40.175443337570343 ], [ -8.44903013136862, 40.175443337570343 ] ] ] } },
{ "type": "Feature", "properties": { "fid": 1617, "Population": 14 }, "geometry": { "type": "Polygon", "coordinates": [ [ [ -8.445492011548112, 40.175443337570343 ], [ -8.445282798461193, 40.172756819854627 ], [ -8.44174476628756, 40.172756819854627 ], [ -8.441953891727605, 40.175443337570343 ], [ -8.445492011548112, 40.175443337570343 ] ] ] } },
{ "type": "Feature", "properties": { "fid": 1618, "Population": 70 }, "geometry": { "type": "Polygon", "coordinates": [ [ [ -8.441953891727605, 40.175443337570343 ], [ -8.44174476628756, 40.172756819854627 ], [ -8.438206734113926, 40.172756819854627 ], [ -8.438415771907101, 40.175443337570343 ], [ -8.441953891727605, 40.175443337570343 ] ] ] } },
{ "type": "Feature", "properties": { "fid": 1619, "Population": 22 }, "geometry": { "type": "Polygon", "coordinates": [ [ [ -8.438415771907101, 40.175443337570343 ], [ -8.438206734113926, 40.172756819854627 ], [ -8.434668701940295, 40.172756819854627 ], [ -8.434877652086595, 40.175443337570343 ], [ -8.438415771907101, 40.175443337570343 ] ] ] } },
{ "type": "Feature", "properties": { "fid": 1620, "Population": 15 }, "geometry": { "type": "Polygon", "coordinates": [ [ [ -8.434877652086595, 40.175443337570343 ], [ -8.434668701940295, 40.172756819854627 ], [ -8.431130669766661, 40.172756819854627 ], [ -8.431339532266087, 40.175443337570343 ], [ -8.434877652086595, 40.175443337570343 ] ] ] } },
{ "type": "Feature", "properties": { "fid": 1621, "Population": 0 }, "geometry": { "type": "Polygon", "coordinates": [ [ [ -8.431339532266087, 40.175443337570343 ], [ -8.431130669766661, 40.172756819854627 ], [ -8.42759263759303, 40.172756819854627 ], [ -8.42780141244558, 40.175443337570343 ], [ -8.431339532266087, 40.175443337570343 ] ] ] } },
{ "type": "Feature", "properties": { "fid": 1622, "Population": 11 }, "geometry": { "type": "Polygon", "coordinates": [ [ [ -8.42780141244558, 40.175443337570343 ], [ -8.42759263759303, 40.172756819854627 ], [ -8.424054605419395, 40.172756819854627 ], [ -8.424263292625076, 40.175443337570343 ], [ -8.42780141244558, 40.175443337570343 ] ] ] } },
{ "type": "Feature", "properties": { "fid": 1623, "Population": 13 }, "geometry": { "type": "Polygon", "coordinates": [ [ [ -8.424263292625076, 40.175443337570343 ], [ -8.424054605419395, 40.172756819854627 ], [ -8.420516573245763, 40.172756819854627 ], [ -8.42072517280457, 40.175443337570343 ], [ -8.424263292625076, 40.175443337570343 ] ] ] } },
{ "type": "Feature", "properties": { "fid": 1624, "Population": 2 }, "geometry": { "type": "Polygon", "coordinates": [ [ [ -8.42072517280457, 40.175443337570343 ], [ -8.420516573245763, 40.172756819854627 ], [ -8.416978541072131, 40.172756819854627 ], [ -8.417187052984064, 40.175443337570343 ], [ -8.42072517280457, 40.175443337570343 ] ] ] } },
{ "type": "Feature", "properties": { "fid": 1625, "Population": 0 }, "geometry": { "type": "Polygon", "coordinates": [ [ [ -8.417187052984064, 40.175443337570343 ], [ -8.416978541072131, 40.172756819854627 ], [ -8.413440508898498, 40.172756819854627 ], [ -8.413648933163556, 40.175443337570343 ], [ -8.417187052984064, 40.175443337570343 ] ] ] } },
{ "type": "Feature", "properties": { "fid": 1626, "Population": 5 }, "geometry": { "type": "Polygon", "coordinates": [ [ [ -8.413648933163556, 40.175443337570343 ], [ -8.413440508898498, 40.172756819854627 ], [ -8.409902476724866, 40.172756819854627 ], [ -8.410110813343051, 40.175443337570343 ], [ -8.413648933163556, 40.175443337570343 ] ] ] } },
{ "type": "Feature", "properties": { "fid": 1627, "Population": 3 }, "geometry": { "type": "Polygon", "coordinates": [ [ [ -8.410110813343051, 40.175443337570343 ], [ -8.409902476724866, 40.172756819854627 ], [ -8.406364444551231, 40.172756819854627 ], [ -8.406572693522545, 40.175443337570343 ], [ -8.410110813343051, 40.175443337570343 ] ] ] } },
{ "type": "Feature", "properties": { "fid": 1628, "Population": 5 }, "geometry": { "type": "Polygon", "coordinates": [ [ [ -8.406572693522545, 40.175443337570343 ], [ -8.406364444551231, 40.172756819854627 ], [ -8.4028264123776, 40.172756819854627 ], [ -8.403034573702039, 40.175443337570343 ], [ -8.406572693522545, 40.175443337570343 ] ] ] } },
{ "type": "Feature", "properties": { "fid": 1629, "Population": 10 }, "geometry": { "type": "Polygon", "coordinates": [ [ [ -8.403034573702039, 40.175443337570343 ], [ -8.4028264123776, 40.172756819854627 ], [ -8.399288380203966, 40.172756819854627 ], [ -8.399496453881532, 40.175443337570343 ], [ -8.403034573702039, 40.175443337570343 ] ] ] } },
{ "type": "Feature", "properties": { "fid": 1630, "Population": 31 }, "geometry": { "type": "Polygon", "coordinates": [ [ [ -8.399496453881532, 40.175443337570343 ], [ -8.399288380203966, 40.172756819854627 ], [ -8.395750348030335, 40.172756819854627 ], [ -8.395958334061026, 40.175443337570343 ], [ -8.399496453881532, 40.175443337570343 ] ] ] } },
{ "type": "Feature", "properties": { "fid": 1631, "Population": 32 }, "geometry": { "type": "Polygon", "coordinates": [ [ [ -8.395958334061026, 40.175443337570343 ], [ -8.395750348030335, 40.172756819854627 ], [ -8.392212315856701, 40.172756819854627 ], [ -8.39242021424052, 40.175443337570343 ], [ -8.395958334061026, 40.175443337570343 ] ] ] } },
{ "type": "Feature", "properties": { "fid": 1632, "Population": 167 }, "geometry": { "type": "Polygon", "coordinates": [ [ [ -8.39242021424052, 40.175443337570343 ], [ -8.392212315856701, 40.172756819854627 ], [ -8.388674283683068, 40.172756819854627 ], [ -8.388882094420014, 40.175443337570343 ], [ -8.39242021424052, 40.175443337570343 ] ] ] } },
{ "type": "Feature", "properties": { "fid": 1633, "Population": 115 }, "geometry": { "type": "Polygon", "coordinates": [ [ [ -8.388882094420014, 40.175443337570343 ], [ -8.388674283683068, 40.172756819854627 ], [ -8.385136251509437, 40.172756819854627 ], [ -8.385343974599508, 40.175443337570343 ], [ -8.388882094420014, 40.175443337570343 ] ] ] } },
{ "type": "Feature", "properties": { "fid": 1634, "Population": 33 }, "geometry": { "type": "Polygon", "coordinates": [ [ [ -8.385343974599508, 40.175443337570343 ], [ -8.385136251509437, 40.172756819854627 ], [ -8.381598219335803, 40.172756819854627 ], [ -8.381805854779003, 40.175443337570343 ], [ -8.385343974599508, 40.175443337570343 ] ] ] } },
{ "type": "Feature", "properties": { "fid": 1635, "Population": 27 }, "geometry": { "type": "Polygon", "coordinates": [ [ [ -8.381805854779003, 40.175443337570343 ], [ -8.381598219335803, 40.172756819854627 ], [ -8.378060187162172, 40.172756819854627 ], [ -8.378267734958495, 40.175443337570343 ], [ -8.381805854779003, 40.175443337570343 ] ] ] } },
{ "type": "Feature", "properties": { "fid": 1636, "Population": 31 }, "geometry": { "type": "Polygon", "coordinates": [ [ [ -8.378267734958495, 40.175443337570343 ], [ -8.378060187162172, 40.172756819854627 ], [ -8.374522154988538, 40.172756819854627 ], [ -8.374729615137989, 40.175443337570343 ], [ -8.378267734958495, 40.175443337570343 ] ] ] } },
{ "type": "Feature", "properties": { "fid": 1637, "Population": 5 }, "geometry": { "type": "Polygon", "coordinates": [ [ [ -8.374729615137989, 40.175443337570343 ], [ -8.374522154988538, 40.172756819854627 ], [ -8.370984122814905, 40.172756819854627 ], [ -8.371191495317483, 40.175443337570343 ], [ -8.374729615137989, 40.175443337570343 ] ] ] } },
{ "type": "Feature", "properties": { "fid": 1638, "Population": 111 }, "geometry": { "type": "Polygon", "coordinates": [ [ [ -8.371191495317483, 40.175443337570343 ], [ -8.370984122814905, 40.172756819854627 ], [ -8.367446090641272, 40.172756819854627 ], [ -8.367653375496978, 40.175443337570343 ], [ -8.371191495317483, 40.175443337570343 ] ] ] } },
{ "type": "Feature", "properties": { "fid": 1639, "Population": 1 }, "geometry": { "type": "Polygon", "coordinates": [ [ [ -8.357039016035458, 40.175443337570343 ], [ -8.356831994120375, 40.172756819854627 ], [ -8.353293961946742, 40.172756819854627 ], [ -8.353500896214953, 40.175443337570343 ], [ -8.357039016035458, 40.175443337570343 ] ] ] } },
{ "type": "Feature", "properties": { "fid": 1640, "Population": 3 }, "geometry": { "type": "Polygon", "coordinates": [ [ [ -8.353500896214953, 40.175443337570343 ], [ -8.353293961946742, 40.172756819854627 ], [ -8.349755929773108, 40.172756819854627 ], [ -8.349962776394447, 40.175443337570343 ], [ -8.353500896214953, 40.175443337570343 ] ] ] } },
{ "type": "Feature", "properties": { "fid": 1641, "Population": 10 }, "geometry": { "type": "Polygon", "coordinates": [ [ [ -8.349962776394447, 40.175443337570343 ], [ -8.349755929773108, 40.172756819854627 ], [ -8.346217897599477, 40.172756819854627 ], [ -8.346424656573941, 40.175443337570343 ], [ -8.349962776394447, 40.175443337570343 ] ] ] } },
{ "type": "Feature", "properties": { "fid": 1642, "Population": 43 }, "geometry": { "type": "Polygon", "coordinates": [ [ [ -8.346424656573941, 40.175443337570343 ], [ -8.346217897599477, 40.172756819854627 ], [ -8.342679865425843, 40.172756819854627 ], [ -8.342886536753433, 40.175443337570343 ], [ -8.346424656573941, 40.175443337570343 ] ] ] } },
{ "type": "Feature", "properties": { "fid": 1643, "Population": 27 }, "geometry": { "type": "Polygon", "coordinates": [ [ [ -8.342886536753433, 40.175443337570343 ], [ -8.342679865425843, 40.172756819854627 ], [ -8.339141833252212, 40.172756819854627 ], [ -8.339348416932928, 40.175443337570343 ], [ -8.342886536753433, 40.175443337570343 ] ] ] } },
{ "type": "Feature", "properties": { "fid": 1644, "Population": 32 }, "geometry": { "type": "Polygon", "coordinates": [ [ [ -8.339348416932928, 40.175443337570343 ], [ -8.339141833252212, 40.172756819854627 ], [ -8.335603801078578, 40.172756819854627 ], [ -8.335810297112422, 40.175443337570343 ], [ -8.339348416932928, 40.175443337570343 ] ] ] } },
{ "type": "Feature", "properties": { "fid": 1645, "Population": 6 }, "geometry": { "type": "Polygon", "coordinates": [ [ [ -8.32873405747141, 40.175443337570343 ], [ -8.328527736731314, 40.172756819854627 ], [ -8.32498970455768, 40.172756819854627 ], [ -8.325195937650903, 40.175443337570343 ], [ -8.32873405747141, 40.175443337570343 ] ] ] } },
{ "type": "Feature", "properties": { "fid": 1646, "Population": 16 }, "geometry": { "type": "Polygon", "coordinates": [ [ [ -8.325195937650903, 40.175443337570343 ], [ -8.32498970455768, 40.172756819854627 ], [ -8.321451672384049, 40.172756819854627 ], [ -8.321657817830399, 40.175443337570343 ], [ -8.325195937650903, 40.175443337570343 ] ] ] } },
{ "type": "Feature", "properties": { "fid": 1647, "Population": 13 }, "geometry": { "type": "Polygon", "coordinates": [ [ [ -8.321657817830399, 40.175443337570343 ], [ -8.321451672384049, 40.172756819854627 ], [ -8.317913640210415, 40.172756819854627 ], [ -8.318119698009893, 40.175443337570343 ], [ -8.321657817830399, 40.175443337570343 ] ] ] } },
{ "type": "Feature", "properties": { "fid": 1648, "Population": 3 }, "geometry": { "type": "Polygon", "coordinates": [ [ [ -8.314581578189387, 40.175443337570343 ], [ -8.314375608036784, 40.172756819854627 ], [ -8.31083757586315, 40.172756819854627 ], [ -8.311043458368879, 40.175443337570343 ], [ -8.314581578189387, 40.175443337570343 ] ] ] } },
{ "type": "Feature", "properties": { "fid": 1649, "Population": 1 }, "geometry": { "type": "Polygon", "coordinates": [ [ [ -8.544559366522284, 40.175443337570343 ], [ -8.544136061056495, 40.170070341937631 ], [ -8.540598116517755, 40.170070341937631 ], [ -8.541021246701778, 40.175443337570343 ], [ -8.544559366522284, 40.175443337570343 ] ] ] } },
{ "type": "Feature", "properties": { "fid": 1650, "Population": 0 }, "geometry": { "type": "Polygon", "coordinates": [ [ [ -8.477335089932668, 40.175443337570343 ], [ -8.477125088023886, 40.172756819854627 ], [ -8.473587055850253, 40.172756819854627 ], [ -8.473377170281699, 40.170070341937631 ], [ -8.469839225742961, 40.170070341937631 ], [ -8.470258850291655, 40.175443337570343 ], [ -8.477335089932668, 40.175443337570343 ] ] ] } },
{ "type": "Feature", "properties": { "fid": 1651, "Population": 19 }, "geometry": { "type": "Polygon", "coordinates": [ [ [ -8.459644490830136, 40.175443337570343 ], [ -8.459225392126742, 40.170070341937631 ], [ -8.455687447588002, 40.170070341937631 ], [ -8.45610637100963, 40.175443337570343 ], [ -8.459644490830136, 40.175443337570343 ] ] ] } },
{ "type": "Feature", "properties": { "fid": 1652, "Population": 65 }, "geometry": { "type": "Polygon", "coordinates": [ [ [ -8.45610637100963, 40.175443337570343 ], [ -8.455687447588002, 40.170070341937631 ], [ -8.452149503049261, 40.170070341937631 ], [ -8.452568251189126, 40.175443337570343 ], [ -8.45610637100963, 40.175443337570343 ] ] ] } },
{ "type": "Feature", "properties": { "fid": 1653, "Population": 6 }, "geometry": { "type": "Polygon", "coordinates": [ [ [ -8.540809667149276, 40.172756819854627 ], [ -8.540598116517755, 40.170070341937631 ], [ -8.537060171979016, 40.170070341937631 ], [ -8.537271634975642, 40.172756819854627 ], [ -8.540809667149276, 40.172756819854627 ] ] ] } },
{ "type": "Feature", "properties": { "fid": 1654, "Population": 2 }, "geometry": { "type": "Polygon", "coordinates": [ [ [ -8.537271634975642, 40.172756819854627 ], [ -8.537060171979016, 40.170070341937631 ], [ -8.533522227440276, 40.170070341937631 ], [ -8.533733602802009, 40.172756819854627 ], [ -8.537271634975642, 40.172756819854627 ] ] ] } },
{ "type": "Feature", "properties": { "fid": 1655, "Population": 11 }, "geometry": { "type": "Polygon", "coordinates": [ [ [ -8.494815248892049, 40.172756819854627 ], [ -8.494604837514139, 40.170070341937631 ], [ -8.491066892975399, 40.170070341937631 ], [ -8.491277216718418, 40.172756819854627 ], [ -8.494815248892049, 40.172756819854627 ] ] ] } },
{ "type": "Feature", "properties": { "fid": 1656, "Population": 47 }, "geometry": { "type": "Polygon", "coordinates": [ [ [ -8.491277216718418, 40.172756819854627 ], [ -8.491066892975399, 40.170070341937631 ], [ -8.487528948436658, 40.170070341937631 ], [ -8.487739184544784, 40.172756819854627 ], [ -8.491277216718418, 40.172756819854627 ] ] ] } },
{ "type": "Feature", "properties": { "fid": 1657, "Population": 6 }, "geometry": { "type": "Polygon", "coordinates": [ [ [ -8.487739184544784, 40.172756819854627 ], [ -8.487528948436658, 40.170070341937631 ], [ -8.48399100389792, 40.170070341937631 ], [ -8.484201152371153, 40.172756819854627 ], [ -8.487739184544784, 40.172756819854627 ] ] ] } },
{ "type": "Feature", "properties": { "fid": 1658, "Population": 31 }, "geometry": { "type": "Polygon", "coordinates": [ [ [ -8.484201152371153, 40.172756819854627 ], [ -8.48399100389792, 40.170070341937631 ], [ -8.48045305935918, 40.170070341937631 ], [ -8.480663120197518, 40.172756819854627 ], [ -8.484201152371153, 40.172756819854627 ] ] ] } },
{ "type": "Feature", "properties": { "fid": 1659, "Population": 38 }, "geometry": { "type": "Polygon", "coordinates": [ [ [ -8.480663120197518, 40.172756819854627 ], [ -8.48045305935918, 40.170070341937631 ], [ -8.476915114820439, 40.170070341937631 ], [ -8.477125088023886, 40.172756819854627 ], [ -8.480663120197518, 40.172756819854627 ] ] ] } },
{ "type": "Feature", "properties": { "fid": 1660, "Population": 3 }, "geometry": { "type": "Polygon", "coordinates": [ [ [ -8.477125088023886, 40.172756819854627 ], [ -8.476915114820439, 40.170070341937631 ], [ -8.473377170281699, 40.170070341937631 ], [ -8.473587055850253, 40.172756819854627 ], [ -8.477125088023886, 40.172756819854627 ] ] ] } },
{ "type": "Feature", "properties": { "fid": 1661, "Population": 1 }, "geometry": { "type": "Polygon", "coordinates": [ [ [ -8.470049023676621, 40.172756819854627 ], [ -8.469839225742961, 40.170070341937631 ], [ -8.46630128120422, 40.170070341937631 ], [ -8.466510991502989, 40.172756819854627 ], [ -8.470049023676621, 40.172756819854627 ] ] ] } },
{ "type": "Feature", "properties": { "fid": 1662, "Population": 31 }, "geometry": { "type": "Polygon", "coordinates": [ [ [ -8.466510991502989, 40.172756819854627 ], [ -8.46630128120422, 40.170070341937631 ], [ -8.46276333666548, 40.170070341937631 ], [ -8.462972959329354, 40.172756819854627 ], [ -8.466510991502989, 40.172756819854627 ] ] ] } },
{ "type": "Feature", "properties": { "fid": 1663, "Population": 61 }, "geometry": { "type": "Polygon", "coordinates": [ [ [ -8.462972959329354, 40.172756819854627 ], [ -8.46276333666548, 40.170070341937631 ], [ -8.459225392126742, 40.170070341937631 ], [ -8.459434927155723, 40.172756819854627 ], [ -8.462972959329354, 40.172756819854627 ] ] ] } },
{ "type": "Feature", "properties": { "fid": 1664, "Population": 23 }, "geometry": { "type": "Polygon", "coordinates": [ [ [ -8.452358862808458, 40.172756819854627 ], [ -8.452149503049261, 40.170070341937631 ], [ -8.448611558510521, 40.170070341937631 ], [ -8.448820830634824, 40.172756819854627 ], [ -8.452358862808458, 40.172756819854627 ] ] ] } },
{ "type": "Feature", "properties": { "fid": 1665, "Population": 8 }, "geometry": { "type": "Polygon", "coordinates": [ [ [ -8.448820830634824, 40.172756819854627 ], [ -8.448611558510521, 40.170070341937631 ], [ -8.445073613971783, 40.170070341937631 ], [ -8.445282798461193, 40.172756819854627 ], [ -8.448820830634824, 40.172756819854627 ] ] ] } },
{ "type": "Feature", "properties": { "fid": 1666, "Population": 76 }, "geometry": { "type": "Polygon", "coordinates": [ [ [ -8.445282798461193, 40.172756819854627 ], [ -8.445073613971783, 40.170070341937631 ], [ -8.441535669433042, 40.170070341937631 ], [ -8.44174476628756, 40.172756819854627 ], [ -8.445282798461193, 40.172756819854627 ] ] ] } },
{ "type": "Feature", "properties": { "fid": 1667, "Population": 134 }, "geometry": { "type": "Polygon", "coordinates": [ [ [ -8.44174476628756, 40.172756819854627 ], [ -8.441535669433042, 40.170070341937631 ], [ -8.437997724894302, 40.170070341937631 ], [ -8.438206734113926, 40.172756819854627 ], [ -8.44174476628756, 40.172756819854627 ] ] ] } },
{ "type": "Feature", "properties": { "fid": 1668, "Population": 108 }, "geometry": { "type": "Polygon", "coordinates": [ [ [ -8.438206734113926, 40.172756819854627 ], [ -8.437997724894302, 40.170070341937631 ], [ -8.434459780355562, 40.170070341937631 ], [ -8.434668701940295, 40.172756819854627 ], [ -8.438206734113926, 40.172756819854627 ] ] ] } },
{ "type": "Feature", "properties": { "fid": 1669, "Population": 40 }, "geometry": { "type": "Polygon", "coordinates": [ [ [ -8.434668701940295, 40.172756819854627 ], [ -8.434459780355562, 40.170070341937631 ], [ -8.430921835816823, 40.170070341937631 ], [ -8.431130669766661, 40.172756819854627 ], [ -8.434668701940295, 40.172756819854627 ] ] ] } },
{ "type": "Feature", "properties": { "fid": 1670, "Population": 11 }, "geometry": { "type": "Polygon", "coordinates": [ [ [ -8.431130669766661, 40.172756819854627 ], [ -8.430921835816823, 40.170070341937631 ], [ -8.427383891278083, 40.170070341937631 ], [ -8.42759263759303, 40.172756819854627 ], [ -8.431130669766661, 40.172756819854627 ] ] ] } },
{ "type": "Feature", "properties": { "fid": 1671, "Population": 8 }, "geometry": { "type": "Polygon", "coordinates": [ [ [ -8.42759263759303, 40.172756819854627 ], [ -8.427383891278083, 40.170070341937631 ], [ -8.423845946739343, 40.170070341937631 ], [ -8.424054605419395, 40.172756819854627 ], [ -8.42759263759303, 40.172756819854627 ] ] ] } },
{ "type": "Feature", "properties": { "fid": 1672, "Population": 22 }, "geometry": { "type": "Polygon", "coordinates": [ [ [ -8.424054605419395, 40.172756819854627 ], [ -8.423845946739343, 40.170070341937631 ], [ -8.420308002200603, 40.170070341937631 ], [ -8.420516573245763, 40.172756819854627 ], [ -8.424054605419395, 40.172756819854627 ] ] ] } },
{ "type": "Feature", "properties": { "fid": 1673, "Population": 44 }, "geometry": { "type": "Polygon", "coordinates": [ [ [ -8.420516573245763, 40.172756819854627 ], [ -8.420308002200603, 40.170070341937631 ], [ -8.416770057661864, 40.170070341937631 ], [ -8.416978541072131, 40.172756819854627 ], [ -8.420516573245763, 40.172756819854627 ] ] ] } },
{ "type": "Feature", "properties": { "fid": 1674, "Population": 54 }, "geometry": { "type": "Polygon", "coordinates": [ [ [ -8.416978541072131, 40.172756819854627 ], [ -8.416770057661864, 40.170070341937631 ], [ -8.413232113123124, 40.170070341937631 ], [ -8.413440508898498, 40.172756819854627 ], [ -8.416978541072131, 40.172756819854627 ] ] ] } },
{ "type": "Feature", "properties": { "fid": 1675, "Population": 29 }, "geometry": { "type": "Polygon", "coordinates": [ [ [ -8.413440508898498, 40.172756819854627 ], [ -8.413232113123124, 40.170070341937631 ], [ -8.409694168584384, 40.170070341937631 ], [ -8.409902476724866, 40.172756819854627 ], [ -8.413440508898498, 40.172756819854627 ] ] ] } },
{ "type": "Feature", "properties": { "fid": 1676, "Population": 0 }, "geometry": { "type": "Polygon", "coordinates": [ [ [ -8.409902476724866, 40.172756819854627 ], [ -8.409694168584384, 40.170070341937631 ], [ -8.406156224045645, 40.170070341937631 ], [ -8.406364444551231, 40.172756819854627 ], [ -8.409902476724866, 40.172756819854627 ] ] ] } },
{ "type": "Feature", "properties": { "fid": 1677, "Population": 11 }, "geometry": { "type": "Polygon", "coordinates": [ [ [ -8.4028264123776, 40.172756819854627 ], [ -8.402618279506905, 40.170070341937631 ], [ -8.399080334968165, 40.170070341937631 ], [ -8.399288380203966, 40.172756819854627 ], [ -8.4028264123776, 40.172756819854627 ] ] ] } },
{ "type": "Feature", "properties": { "fid": 1678, "Population": 14 }, "geometry": { "type": "Polygon", "coordinates": [ [ [ -8.399288380203966, 40.172756819854627 ], [ -8.399080334968165, 40.170070341937631 ], [ -8.395542390429425, 40.170070341937631 ], [ -8.395750348030335, 40.172756819854627 ], [ -8.399288380203966, 40.172756819854627 ] ] ] } },
{ "type": "Feature", "properties": { "fid": 1679, "Population": 128 }, "geometry": { "type": "Polygon", "coordinates": [ [ [ -8.395750348030335, 40.172756819854627 ], [ -8.395542390429425, 40.170070341937631 ], [ -8.392004445890686, 40.170070341937631 ], [ -8.392212315856701, 40.172756819854627 ], [ -8.395750348030335, 40.172756819854627 ] ] ] } },
{ "type": "Feature", "properties": { "fid": 1680, "Population": 145 }, "geometry": { "type": "Polygon", "coordinates": [ [ [ -8.392212315856701, 40.172756819854627 ], [ -8.392004445890686, 40.170070341937631 ], [ -8.388466501351946, 40.170070341937631 ], [ -8.388674283683068, 40.172756819854627 ], [ -8.392212315856701, 40.172756819854627 ] ] ] } },
{ "type": "Feature", "properties": { "fid": 1681, "Population": 37 }, "geometry": { "type": "Polygon", "coordinates": [ [ [ -8.388674283683068, 40.172756819854627 ], [ -8.388466501351946, 40.170070341937631 ], [ -8.384928556813206, 40.170070341937631 ], [ -8.385136251509437, 40.172756819854627 ], [ -8.388674283683068, 40.172756819854627 ] ] ] } },
{ "type": "Feature", "properties": { "fid": 1682, "Population": 92 }, "geometry": { "type": "Polygon", "coordinates": [ [ [ -8.385136251509437, 40.172756819854627 ], [ -8.384928556813206, 40.170070341937631 ], [ -8.381390612274465, 40.170070341937631 ], [ -8.381598219335803, 40.172756819854627 ], [ -8.385136251509437, 40.172756819854627 ] ] ] } },
{ "type": "Feature", "properties": { "fid": 1683, "Population": 1 }, "geometry": { "type": "Polygon", "coordinates": [ [ [ -8.378060187162172, 40.172756819854627 ], [ -8.377852667735727, 40.170070341937631 ], [ -8.374314723196987, 40.170070341937631 ], [ -8.374522154988538, 40.172756819854627 ], [ -8.378060187162172, 40.172756819854627 ] ] ] } },
{ "type": "Feature", "properties": { "fid": 1684, "Population": 59 }, "geometry": { "type": "Polygon", "coordinates": [ [ [ -8.370984122814905, 40.172756819854627 ], [ -8.370776778658247, 40.170070341937631 ], [ -8.367238834119508, 40.170070341937631 ], [ -8.367446090641272, 40.172756819854627 ], [ -8.370984122814905, 40.172756819854627 ] ] ] } },
{ "type": "Feature", "properties": { "fid": 1685, "Population": 2 }, "geometry": { "type": "Polygon", "coordinates": [ [ [ -8.367446090641272, 40.172756819854627 ], [ -8.367238834119508, 40.170070341937631 ], [ -8.363700889580768, 40.170070341937631 ], [ -8.36390805846764, 40.172756819854627 ], [ -8.367446090641272, 40.172756819854627 ] ] ] } },
{ "type": "Feature", "properties": { "fid": 1686, "Population": 7 }, "geometry": { "type": "Polygon", "coordinates": [ [ [ -8.349755929773108, 40.172756819854627 ], [ -8.349549111425809, 40.170070341937631 ], [ -8.346011166887068, 40.170070341937631 ], [ -8.346217897599477, 40.172756819854627 ], [ -8.349755929773108, 40.172756819854627 ] ] ] } },
{ "type": "Feature", "properties": { "fid": 1687, "Population": 111 }, "geometry": { "type": "Polygon", "coordinates": [ [ [ -8.346217897599477, 40.172756819854627 ], [ -8.346011166887068, 40.170070341937631 ], [ -8.342473222348328, 40.170070341937631 ], [ -8.342679865425843, 40.172756819854627 ], [ -8.346217897599477, 40.172756819854627 ] ] ] } },
{ "type": "Feature", "properties": { "fid": 1688, "Population": 4 }, "geometry": { "type": "Polygon", "coordinates": [ [ [ -8.342679865425843, 40.172756819854627 ], [ -8.342473222348328, 40.170070341937631 ], [ -8.33893527780959, 40.170070341937631 ], [ -8.339141833252212, 40.172756819854627 ], [ -8.342679865425843, 40.172756819854627 ] ] ] } },
{ "type": "Feature", "properties": { "fid": 1689, "Population": 53 }, "geometry": { "type": "Polygon", "coordinates": [ [ [ -8.339141833252212, 40.172756819854627 ], [ -8.33893527780959, 40.170070341937631 ], [ -8.33539733327085, 40.170070341937631 ], [ -8.335603801078578, 40.172756819854627 ], [ -8.339141833252212, 40.172756819854627 ] ] ] } },
{ "type": "Feature", "properties": { "fid": 1690, "Population": 8 }, "geometry": { "type": "Polygon", "coordinates": [ [ [ -8.335603801078578, 40.172756819854627 ], [ -8.33539733327085, 40.170070341937631 ], [ -8.331859388732109, 40.170070341937631 ], [ -8.332065768904945, 40.172756819854627 ], [ -8.335603801078578, 40.172756819854627 ] ] ] } },
{ "type": "Feature", "properties": { "fid": 1691, "Population": 9 }, "geometry": { "type": "Polygon", "coordinates": [ [ [ -8.32498970455768, 40.172756819854627 ], [ -8.324783499654631, 40.170070341937631 ], [ -8.321245555115892, 40.170070341937631 ], [ -8.321451672384049, 40.172756819854627 ], [ -8.32498970455768, 40.172756819854627 ] ] ] } },
{ "type": "Feature", "properties": { "fid": 1692, "Population": 55 }, "geometry": { "type": "Polygon", "coordinates": [ [ [ -8.321451672384049, 40.172756819854627 ], [ -8.321245555115892, 40.170070341937631 ], [ -8.317707610577152, 40.170070341937631 ], [ -8.317913640210415, 40.172756819854627 ], [ -8.321451672384049, 40.172756819854627 ] ] ] } },
{ "type": "Feature", "properties": { "fid": 1693, "Population": 23 }, "geometry": { "type": "Polygon", "coordinates": [ [ [ -8.317913640210415, 40.172756819854627 ], [ -8.317707610577152, 40.170070341937631 ], [ -8.314169666038412, 40.170070341937631 ], [ -8.314375608036784, 40.172756819854627 ], [ -8.317913640210415, 40.172756819854627 ] ] ] } },
{ "type": "Feature", "properties": { "fid": 1694, "Population": 8 }, "geometry": { "type": "Polygon", "coordinates": [ [ [ -8.314375608036784, 40.172756819854627 ], [ -8.314169666038412, 40.170070341937631 ], [ -8.310631721499673, 40.170070341937631 ], [ -8.31083757586315, 40.172756819854627 ], [ -8.314375608036784, 40.172756819854627 ] ] ] } },
{ "type": "Feature", "properties": { "fid": 1695, "Population": 7 }, "geometry": { "type": "Polygon", "coordinates": [ [ [ -8.381598219335803, 40.172756819854627 ], [ -8.381183033590188, 40.167383903814525 ], [ -8.377645176674363, 40.167383903814525 ], [ -8.378060187162172, 40.172756819854627 ], [ -8.381598219335803, 40.172756819854627 ] ] ] } },
{ "type": "Feature", "properties": { "fid": 1696, "Population": 6 }, "geometry": { "type": "Polygon", "coordinates": [ [ [ -8.544136061056495, 40.170070341937631 ], [ -8.543924451718155, 40.167383903814525 ], [ -8.540386594802328, 40.167383903814525 ], [ -8.540598116517755, 40.170070341937631 ], [ -8.544136061056495, 40.170070341937631 ] ] ] } },
{ "type": "Feature", "properties": { "fid": 1697, "Population": 30 }, "geometry": { "type": "Polygon", "coordinates": [ [ [ -8.540598116517755, 40.170070341937631 ], [ -8.540386594802328, 40.167383903814525 ], [ -8.536848737886505, 40.167383903814525 ], [ -8.537060171979016, 40.170070341937631 ], [ -8.540598116517755, 40.170070341937631 ] ] ] } },
{ "type": "Feature", "properties": { "fid": 1698, "Population": 19 }, "geometry": { "type": "Polygon", "coordinates": [ [ [ -8.537060171979016, 40.170070341937631 ], [ -8.536848737886505, 40.167383903814525 ], [ -8.53331088097068, 40.167383903814525 ], [ -8.533522227440276, 40.170070341937631 ], [ -8.537060171979016, 40.170070341937631 ] ] ] } },
{ "type": "Feature", "properties": { "fid": 1699, "Population": 2 }, "geometry": { "type": "Polygon", "coordinates": [ [ [ -8.533522227440276, 40.170070341937631 ], [ -8.53331088097068, 40.167383903814525 ], [ -8.529773024054853, 40.167383903814525 ], [ -8.529984282901536, 40.170070341937631 ], [ -8.533522227440276, 40.170070341937631 ] ] ] } },
{ "type": "Feature", "properties": { "fid": 1700, "Population": 3 }, "geometry": { "type": "Polygon", "coordinates": [ [ [ -8.522908393824057, 40.170070341937631 ], [ -8.522697310223203, 40.167383903814525 ], [ -8.519159453307378, 40.167383903814525 ], [ -8.519370449285317, 40.170070341937631 ], [ -8.522908393824057, 40.170070341937631 ] ] ] } },
{ "type": "Feature", "properties": { "fid": 1701, "Population": 50 }, "geometry": { "type": "Polygon", "coordinates": [ [ [ -8.494604837514139, 40.170070341937631 ], [ -8.4943944548966, 40.167383903814525 ], [ -8.490856597980775, 40.167383903814525 ], [ -8.491066892975399, 40.170070341937631 ], [ -8.494604837514139, 40.170070341937631 ] ] ] } },
{ "type": "Feature", "properties": { "fid": 1702, "Population": 36 }, "geometry": { "type": "Polygon", "coordinates": [ [ [ -8.491066892975399, 40.170070341937631 ], [ -8.490856597980775, 40.167383903814525 ], [ -8.48731874106495, 40.167383903814525 ], [ -8.487528948436658, 40.170070341937631 ], [ -8.491066892975399, 40.170070341937631 ] ] ] } },
{ "type": "Feature", "properties": { "fid": 1703, "Population": 1 }, "geometry": { "type": "Polygon", "coordinates": [ [ [ -8.487528948436658, 40.170070341937631 ], [ -8.48731874106495, 40.167383903814525 ], [ -8.483780884149125, 40.167383903814525 ], [ -8.48399100389792, 40.170070341937631 ], [ -8.487528948436658, 40.170070341937631 ] ] ] } },
{ "type": "Feature", "properties": { "fid": 1704, "Population": 5 }, "geometry": { "type": "Polygon", "coordinates": [ [ [ -8.48399100389792, 40.170070341937631 ], [ -8.483780884149125, 40.167383903814525 ], [ -8.480243027233298, 40.167383903814525 ], [ -8.48045305935918, 40.170070341937631 ], [ -8.48399100389792, 40.170070341937631 ] ] ] } },
{ "type": "Feature", "properties": { "fid": 1705, "Population": 56 }, "geometry": { "type": "Polygon", "coordinates": [ [ [ -8.48045305935918, 40.170070341937631 ], [ -8.480243027233298, 40.167383903814525 ], [ -8.476705170317473, 40.167383903814525 ], [ -8.476915114820439, 40.170070341937631 ], [ -8.48045305935918, 40.170070341937631 ] ] ] } },
{ "type": "Feature", "properties": { "fid": 1706, "Population": 58 }, "geometry": { "type": "Polygon", "coordinates": [ [ [ -8.476915114820439, 40.170070341937631 ], [ -8.476705170317473, 40.167383903814525 ], [ -8.47316731340165, 40.167383903814525 ], [ -8.473377170281699, 40.170070341937631 ], [ -8.476915114820439, 40.170070341937631 ] ] ] } },
{ "type": "Feature", "properties": { "fid": 1707, "Population": 32 }, "geometry": { "type": "Polygon", "coordinates": [ [ [ -8.473377170281699, 40.170070341937631 ], [ -8.47316731340165, 40.167383903814525 ], [ -8.469629456485823, 40.167383903814525 ], [ -8.469839225742961, 40.170070341937631 ], [ -8.473377170281699, 40.170070341937631 ] ] ] } },
{ "type": "Feature", "properties": { "fid": 1708, "Population": 22 }, "geometry": { "type": "Polygon", "coordinates": [ [ [ -8.469839225742961, 40.170070341937631 ], [ -8.469629456485823, 40.167383903814525 ], [ -8.466091599569998, 40.167383903814525 ], [ -8.46630128120422, 40.170070341937631 ], [ -8.469839225742961, 40.170070341937631 ] ] ] } },
{ "type": "Feature", "properties": { "fid": 1709, "Population": 117 }, "geometry": { "type": "Polygon", "coordinates": [ [ [ -8.46630128120422, 40.170070341937631 ], [ -8.466091599569998, 40.167383903814525 ], [ -8.462553742654173, 40.167383903814525 ], [ -8.46276333666548, 40.170070341937631 ], [ -8.46630128120422, 40.170070341937631 ] ] ] } },
{ "type": "Feature", "properties": { "fid": 1710, "Population": 123 }, "geometry": { "type": "Polygon", "coordinates": [ [ [ -8.46276333666548, 40.170070341937631 ], [ -8.462553742654173, 40.167383903814525 ], [ -8.459015885738346, 40.167383903814525 ], [ -8.459225392126742, 40.170070341937631 ], [ -8.46276333666548, 40.170070341937631 ] ] ] } },
{ "type": "Feature", "properties": { "fid": 1711, "Population": 85 }, "geometry": { "type": "Polygon", "coordinates": [ [ [ -8.459225392126742, 40.170070341937631 ], [ -8.459015885738346, 40.167383903814525 ], [ -8.455478028822522, 40.167383903814525 ], [ -8.455687447588002, 40.170070341937631 ], [ -8.459225392126742, 40.170070341937631 ] ] ] } },
{ "type": "Feature", "properties": { "fid": 1712, "Population": 70 }, "geometry": { "type": "Polygon", "coordinates": [ [ [ -8.455687447588002, 40.170070341937631 ], [ -8.455478028822522, 40.167383903814525 ], [ -8.451940171906697, 40.167383903814525 ], [ -8.452149503049261, 40.170070341937631 ], [ -8.455687447588002, 40.170070341937631 ] ] ] } },
{ "type": "Feature", "properties": { "fid": 1713, "Population": 5 }, "geometry": { "type": "Polygon", "coordinates": [ [ [ -8.452149503049261, 40.170070341937631 ], [ -8.451940171906697, 40.167383903814525 ], [ -8.44840231499087, 40.167383903814525 ], [ -8.448611558510521, 40.170070341937631 ], [ -8.452149503049261, 40.170070341937631 ] ] ] } },
{ "type": "Feature", "properties": { "fid": 1714, "Population": 4 }, "geometry": { "type": "Polygon", "coordinates": [ [ [ -8.448611558510521, 40.170070341937631 ], [ -8.44840231499087, 40.167383903814525 ], [ -8.444864458075045, 40.167383903814525 ], [ -8.445073613971783, 40.170070341937631 ], [ -8.448611558510521, 40.170070341937631 ] ] ] } },
{ "type": "Feature", "properties": { "fid": 1715, "Population": 39 }, "geometry": { "type": "Polygon", "coordinates": [ [ [ -8.445073613971783, 40.170070341937631 ], [ -8.444864458075045, 40.167383903814525 ], [ -8.44132660115922, 40.167383903814525 ], [ -8.441535669433042, 40.170070341937631 ], [ -8.445073613971783, 40.170070341937631 ] ] ] } },
{ "type": "Feature", "properties": { "fid": 1716, "Population": 105 }, "geometry": { "type": "Polygon", "coordinates": [ [ [ -8.441535669433042, 40.170070341937631 ], [ -8.44132660115922, 40.167383903814525 ], [ -8.437788744243395, 40.167383903814525 ], [ -8.437997724894302, 40.170070341937631 ], [ -8.441535669433042, 40.170070341937631 ] ] ] } },
{ "type": "Feature", "properties": { "fid": 1717, "Population": 34 }, "geometry": { "type": "Polygon", "coordinates": [ [ [ -8.437997724894302, 40.170070341937631 ], [ -8.437788744243395, 40.167383903814525 ], [ -8.43425088732757, 40.167383903814525 ], [ -8.434459780355562, 40.170070341937631 ], [ -8.437997724894302, 40.170070341937631 ] ] ] } },
{ "type": "Feature", "properties": { "fid": 1718, "Population": 35 }, "geometry": { "type": "Polygon", "coordinates": [ [ [ -8.434459780355562, 40.170070341937631 ], [ -8.43425088732757, 40.167383903814525 ], [ -8.430713030411743, 40.167383903814525 ], [ -8.430921835816823, 40.170070341937631 ], [ -8.434459780355562, 40.170070341937631 ] ] ] } },
{ "type": "Feature", "properties": { "fid": 1719, "Population": 17 }, "geometry": { "type": "Polygon", "coordinates": [ [ [ -8.430921835816823, 40.170070341937631 ], [ -8.430713030411743, 40.167383903814525 ], [ -8.427175173495918, 40.167383903814525 ], [ -8.427383891278083, 40.170070341937631 ], [ -8.430921835816823, 40.170070341937631 ] ] ] } },
{ "type": "Feature", "properties": { "fid": 1720, "Population": 21 }, "geometry": { "type": "Polygon", "coordinates": [ [ [ -8.427383891278083, 40.170070341937631 ], [ -8.427175173495918, 40.167383903814525 ], [ -8.423637316580095, 40.167383903814525 ], [ -8.423845946739343, 40.170070341937631 ], [ -8.427383891278083, 40.170070341937631 ] ] ] } },
{ "type": "Feature", "properties": { "fid": 1721, "Population": 19 }, "geometry": { "type": "Polygon", "coordinates": [ [ [ -8.423845946739343, 40.170070341937631 ], [ -8.423637316580095, 40.167383903814525 ], [ -8.420099459664268, 40.167383903814525 ], [ -8.420308002200603, 40.170070341937631 ], [ -8.423845946739343, 40.170070341937631 ] ] ] } },
{ "type": "Feature", "properties": { "fid": 1722, "Population": 45 }, "geometry": { "type": "Polygon", "coordinates": [ [ [ -8.420308002200603, 40.170070341937631 ], [ -8.420099459664268, 40.167383903814525 ], [ -8.416561602748443, 40.167383903814525 ], [ -8.416770057661864, 40.170070341937631 ], [ -8.420308002200603, 40.170070341937631 ] ] ] } },
{ "type": "Feature", "properties": { "fid": 1723, "Population": 49 }, "geometry": { "type": "Polygon", "coordinates": [ [ [ -8.416770057661864, 40.170070341937631 ], [ -8.416561602748443, 40.167383903814525 ], [ -8.413023745832618, 40.167383903814525 ], [ -8.413232113123124, 40.170070341937631 ], [ -8.416770057661864, 40.170070341937631 ] ] ] } },
{ "type": "Feature", "properties": { "fid": 1724, "Population": 23 }, "geometry": { "type": "Polygon", "coordinates": [ [ [ -8.413232113123124, 40.170070341937631 ], [ -8.413023745832618, 40.167383903814525 ], [ -8.409485888916791, 40.167383903814525 ], [ -8.409694168584384, 40.170070341937631 ], [ -8.413232113123124, 40.170070341937631 ] ] ] } },
{ "type": "Feature", "properties": { "fid": 1725, "Population": 5 }, "geometry": { "type": "Polygon", "coordinates": [ [ [ -8.409694168584384, 40.170070341937631 ], [ -8.409485888916791, 40.167383903814525 ], [ -8.405948032000968, 40.167383903814525 ], [ -8.406156224045645, 40.170070341937631 ], [ -8.409694168584384, 40.170070341937631 ] ] ] } },
{ "type": "Feature", "properties": { "fid": 1726, "Population": 5 }, "geometry": { "type": "Polygon", "coordinates": [ [ [ -8.399080334968165, 40.170070341937631 ], [ -8.398872318169316, 40.167383903814525 ], [ -8.395334461253491, 40.167383903814525 ], [ -8.395542390429425, 40.170070341937631 ], [ -8.399080334968165, 40.170070341937631 ] ] ] } },
{ "type": "Feature", "properties": { "fid": 1727, "Population": 52 }, "geometry": { "type": "Polygon", "coordinates": [ [ [ -8.395542390429425, 40.170070341937631 ], [ -8.395334461253491, 40.167383903814525 ], [ -8.391796604337665, 40.167383903814525 ], [ -8.392004445890686, 40.170070341937631 ], [ -8.395542390429425, 40.170070341937631 ] ] ] } },
{ "type": "Feature", "properties": { "fid": 1728, "Population": 109 }, "geometry": { "type": "Polygon", "coordinates": [ [ [ -8.392004445890686, 40.170070341937631 ], [ -8.391796604337665, 40.167383903814525 ], [ -8.38825874742184, 40.167383903814525 ], [ -8.388466501351946, 40.170070341937631 ], [ -8.392004445890686, 40.170070341937631 ] ] ] } },
{ "type": "Feature", "properties": { "fid": 1729, "Population": 156 }, "geometry": { "type": "Polygon", "coordinates": [ [ [ -8.388466501351946, 40.170070341937631 ], [ -8.38825874742184, 40.167383903814525 ], [ -8.384720890506015, 40.167383903814525 ], [ -8.384928556813206, 40.170070341937631 ], [ -8.388466501351946, 40.170070341937631 ] ] ] } },
{ "type": "Feature", "properties": { "fid": 1730, "Population": 78 }, "geometry": { "type": "Polygon", "coordinates": [ [ [ -8.384928556813206, 40.170070341937631 ], [ -8.384720890506015, 40.167383903814525 ], [ -8.381183033590188, 40.167383903814525 ], [ -8.381390612274465, 40.170070341937631 ], [ -8.384928556813206, 40.170070341937631 ] ] ] } },
{ "type": "Feature", "properties": { "fid": 1731, "Population": 2 }, "geometry": { "type": "Polygon", "coordinates": [ [ [ -8.377852667735727, 40.170070341937631 ], [ -8.377645176674363, 40.167383903814525 ], [ -8.37410731975854, 40.167383903814525 ], [ -8.374314723196987, 40.170070341937631 ], [ -8.377852667735727, 40.170070341937631 ] ] ] } },
{ "type": "Feature", "properties": { "fid": 1732, "Population": 1 }, "geometry": { "type": "Polygon", "coordinates": [ [ [ -8.370776778658247, 40.170070341937631 ], [ -8.370569462842713, 40.167383903814525 ], [ -8.367031605926888, 40.167383903814525 ], [ -8.367238834119508, 40.170070341937631 ], [ -8.370776778658247, 40.170070341937631 ] ] ] } },
{ "type": "Feature", "properties": { "fid": 1733, "Population": 6 }, "geometry": { "type": "Polygon", "coordinates": [ [ [ -8.346011166887068, 40.170070341937631 ], [ -8.345804464431936, 40.167383903814525 ], [ -8.342266607516111, 40.167383903814525 ], [ -8.342473222348328, 40.170070341937631 ], [ -8.346011166887068, 40.170070341937631 ] ] ] } },
{ "type": "Feature", "properties": { "fid": 1734, "Population": 7 }, "geometry": { "type": "Polygon", "coordinates": [ [ [ -8.342473222348328, 40.170070341937631 ], [ -8.342266607516111, 40.167383903814525 ], [ -8.338728750600286, 40.167383903814525 ], [ -8.33893527780959, 40.170070341937631 ], [ -8.342473222348328, 40.170070341937631 ] ] ] } },
{ "type": "Feature", "properties": { "fid": 1735, "Population": 1 }, "geometry": { "type": "Polygon", "coordinates": [ [ [ -8.33893527780959, 40.170070341937631 ], [ -8.338728750600286, 40.167383903814525 ], [ -8.335190893684461, 40.167383903814525 ], [ -8.33539733327085, 40.170070341937631 ], [ -8.33893527780959, 40.170070341937631 ] ] ] } },
{ "type": "Feature", "properties": { "fid": 1736, "Population": 8 }, "geometry": { "type": "Polygon", "coordinates": [ [ [ -8.321245555115892, 40.170070341937631 ], [ -8.32103946602116, 40.167383903814525 ], [ -8.317501609105335, 40.167383903814525 ], [ -8.317707610577152, 40.170070341937631 ], [ -8.321245555115892, 40.170070341937631 ] ] ] } },
{ "type": "Feature", "properties": { "fid": 1737, "Population": 12 }, "geometry": { "type": "Polygon", "coordinates": [ [ [ -8.317707610577152, 40.170070341937631 ], [ -8.317501609105335, 40.167383903814525 ], [ -8.313963752189508, 40.167383903814525 ], [ -8.314169666038412, 40.170070341937631 ], [ -8.317707610577152, 40.170070341937631 ] ] ] } },
{ "type": "Feature", "properties": { "fid": 1738, "Population": 1 }, "geometry": { "type": "Polygon", "coordinates": [ [ [ -8.406364444551231, 40.172756819854627 ], [ -8.40573986841239, 40.164697505480447 ], [ -8.402202099107503, 40.164697505480447 ], [ -8.4028264123776, 40.172756819854627 ], [ -8.406364444551231, 40.172756819854627 ] ] ] } },
{ "type": "Feature", "properties": { "fid": 1739, "Population": 36 }, "geometry": { "type": "Polygon", "coordinates": [ [ [ -8.540386594802328, 40.167383903814525 ], [ -8.540175101998111, 40.164697505480447 ], [ -8.536637332693225, 40.164697505480447 ], [ -8.536848737886505, 40.167383903814525 ], [ -8.540386594802328, 40.167383903814525 ] ] ] } },
{ "type": "Feature", "properties": { "fid": 1740, "Population": 49 }, "geometry": { "type": "Polygon", "coordinates": [ [ [ -8.536848737886505, 40.167383903814525 ], [ -8.536637332693225, 40.164697505480447 ], [ -8.533099563388337, 40.164697505480447 ], [ -8.53331088097068, 40.167383903814525 ], [ -8.536848737886505, 40.167383903814525 ] ] ] } },
{ "type": "Feature", "properties": { "fid": 1741, "Population": 3 }, "geometry": { "type": "Polygon", "coordinates": [ [ [ -8.53331088097068, 40.167383903814525 ], [ -8.533099563388337, 40.164697505480447 ], [ -8.529561794083449, 40.164697505480447 ], [ -8.529773024054853, 40.167383903814525 ], [ -8.53331088097068, 40.167383903814525 ] ] ] } },
{ "type": "Feature", "properties": { "fid": 1742, "Population": 20 }, "geometry": { "type": "Polygon", "coordinates": [ [ [ -8.4943944548966, 40.167383903814525 ], [ -8.494184101034575, 40.164697505480447 ], [ -8.490646331729687, 40.164697505480447 ], [ -8.490856597980775, 40.167383903814525 ], [ -8.4943944548966, 40.167383903814525 ] ] ] } },
{ "type": "Feature", "properties": { "fid": 1743, "Population": 3 }, "geometry": { "type": "Polygon", "coordinates": [ [ [ -8.490856597980775, 40.167383903814525 ], [ -8.490646331729687, 40.164697505480447 ], [ -8.487108562424801, 40.164697505480447 ], [ -8.48731874106495, 40.167383903814525 ], [ -8.490856597980775, 40.167383903814525 ] ] ] } },
{ "type": "Feature", "properties": { "fid": 1744, "Population": 4 }, "geometry": { "type": "Polygon", "coordinates": [ [ [ -8.480243027233298, 40.167383903814525 ], [ -8.480033023815025, 40.164697505480447 ], [ -8.476495254510139, 40.164697505480447 ], [ -8.476705170317473, 40.167383903814525 ], [ -8.480243027233298, 40.167383903814525 ] ] ] } },
{ "type": "Feature", "properties": { "fid": 1745, "Population": 15 }, "geometry": { "type": "Polygon", "coordinates": [ [ [ -8.476705170317473, 40.167383903814525 ], [ -8.476495254510139, 40.164697505480447 ], [ -8.472957485205251, 40.164697505480447 ], [ -8.47316731340165, 40.167383903814525 ], [ -8.476705170317473, 40.167383903814525 ] ] ] } },
{ "type": "Feature", "properties": { "fid": 1746, "Population": 26 }, "geometry": { "type": "Polygon", "coordinates": [ [ [ -8.47316731340165, 40.167383903814525 ], [ -8.472957485205251, 40.164697505480447 ], [ -8.469419715900363, 40.164697505480447 ], [ -8.469629456485823, 40.167383903814525 ], [ -8.47316731340165, 40.167383903814525 ] ] ] } },
{ "type": "Feature", "properties": { "fid": 1747, "Population": 21 }, "geometry": { "type": "Polygon", "coordinates": [ [ [ -8.469629456485823, 40.167383903814525 ], [ -8.469419715900363, 40.164697505480447 ], [ -8.465881946595477, 40.164697505480447 ], [ -8.466091599569998, 40.167383903814525 ], [ -8.469629456485823, 40.167383903814525 ] ] ] } },
{ "type": "Feature", "properties": { "fid": 1748, "Population": 70 }, "geometry": { "type": "Polygon", "coordinates": [ [ [ -8.466091599569998, 40.167383903814525 ], [ -8.465881946595477, 40.164697505480447 ], [ -8.458806407985701, 40.164697505480447 ], [ -8.459015885738346, 40.167383903814525 ], [ -8.466091599569998, 40.167383903814525 ] ] ] } },
{ "type": "Feature", "properties": { "fid": 1749, "Population": 78 }, "geometry": { "type": "Polygon", "coordinates": [ [ [ -8.459015885738346, 40.167383903814525 ], [ -8.458806407985701, 40.164697505480447 ], [ -8.455268638680815, 40.164697505480447 ], [ -8.455478028822522, 40.167383903814525 ], [ -8.459015885738346, 40.167383903814525 ] ] ] } },
{ "type": "Feature", "properties": { "fid": 1750, "Population": 105 }, "geometry": { "type": "Polygon", "coordinates": [ [ [ -8.455478028822522, 40.167383903814525 ], [ -8.455268638680815, 40.164697505480447 ], [ -8.451730869375927, 40.164697505480447 ], [ -8.451940171906697, 40.167383903814525 ], [ -8.455478028822522, 40.167383903814525 ] ] ] } },
{ "type": "Feature", "properties": { "fid": 1751, "Population": 96 }, "geometry": { "type": "Polygon", "coordinates": [ [ [ -8.451940171906697, 40.167383903814525 ], [ -8.451730869375927, 40.164697505480447 ], [ -8.448193100071039, 40.164697505480447 ], [ -8.44840231499087, 40.167383903814525 ], [ -8.451940171906697, 40.167383903814525 ] ] ] } },
{ "type": "Feature", "properties": { "fid": 1752, "Population": 29 }, "geometry": { "type": "Polygon", "coordinates": [ [ [ -8.44840231499087, 40.167383903814525 ], [ -8.448193100071039, 40.164697505480447 ], [ -8.444655330766153, 40.164697505480447 ], [ -8.444864458075045, 40.167383903814525 ], [ -8.44840231499087, 40.167383903814525 ] ] ] } },
{ "type": "Feature", "properties": { "fid": 1753, "Population": 2 }, "geometry": { "type": "Polygon", "coordinates": [ [ [ -8.444864458075045, 40.167383903814525 ], [ -8.444655330766153, 40.164697505480447 ], [ -8.441117561461265, 40.164697505480447 ], [ -8.44132660115922, 40.167383903814525 ], [ -8.444864458075045, 40.167383903814525 ] ] ] } },
{ "type": "Feature", "properties": { "fid": 1754, "Population": 17 }, "geometry": { "type": "Polygon", "coordinates": [ [ [ -8.44132660115922, 40.167383903814525 ], [ -8.441117561461265, 40.164697505480447 ], [ -8.437579792156376, 40.164697505480447 ], [ -8.437788744243395, 40.167383903814525 ], [ -8.44132660115922, 40.167383903814525 ] ] ] } },
{ "type": "Feature", "properties": { "fid": 1755, "Population": 13 }, "geometry": { "type": "Polygon", "coordinates": [ [ [ -8.437788744243395, 40.167383903814525 ], [ -8.437579792156376, 40.164697505480447 ], [ -8.434042022851489, 40.164697505480447 ], [ -8.43425088732757, 40.167383903814525 ], [ -8.437788744243395, 40.167383903814525 ] ] ] } },
{ "type": "Feature", "properties": { "fid": 1756, "Population": 60 }, "geometry": { "type": "Polygon", "coordinates": [ [ [ -8.43425088732757, 40.167383903814525 ], [ -8.434042022851489, 40.164697505480447 ], [ -8.430504253546601, 40.164697505480447 ], [ -8.430713030411743, 40.167383903814525 ], [ -8.43425088732757, 40.167383903814525 ] ] ] } },
{ "type": "Feature", "properties": { "fid": 1757, "Population": 31 }, "geometry": { "type": "Polygon", "coordinates": [ [ [ -8.430713030411743, 40.167383903814525 ], [ -8.430504253546601, 40.164697505480447 ], [ -8.426966484241714, 40.164697505480447 ], [ -8.427175173495918, 40.167383903814525 ], [ -8.430713030411743, 40.167383903814525 ] ] ] } },
{ "type": "Feature", "properties": { "fid": 1758, "Population": 12 }, "geometry": { "type": "Polygon", "coordinates": [ [ [ -8.427175173495918, 40.167383903814525 ], [ -8.426966484241714, 40.164697505480447 ], [ -8.423428714936827, 40.164697505480447 ], [ -8.423637316580095, 40.167383903814525 ], [ -8.427175173495918, 40.167383903814525 ] ] ] } },
{ "type": "Feature", "properties": { "fid": 1759, "Population": 24 }, "geometry": { "type": "Polygon", "coordinates": [ [ [ -8.423637316580095, 40.167383903814525 ], [ -8.423428714936827, 40.164697505480447 ], [ -8.41989094563194, 40.164697505480447 ], [ -8.420099459664268, 40.167383903814525 ], [ -8.423637316580095, 40.167383903814525 ] ] ] } },
{ "type": "Feature", "properties": { "fid": 1760, "Population": 26 }, "geometry": { "type": "Polygon", "coordinates": [ [ [ -8.420099459664268, 40.167383903814525 ], [ -8.41989094563194, 40.164697505480447 ], [ -8.416353176327052, 40.164697505480447 ], [ -8.416561602748443, 40.167383903814525 ], [ -8.420099459664268, 40.167383903814525 ] ] ] } },
{ "type": "Feature", "properties": { "fid": 1761, "Population": 48 }, "geometry": { "type": "Polygon", "coordinates": [ [ [ -8.416561602748443, 40.167383903814525 ], [ -8.416353176327052, 40.164697505480447 ], [ -8.412815407022165, 40.164697505480447 ], [ -8.413023745832618, 40.167383903814525 ], [ -8.416561602748443, 40.167383903814525 ] ] ] } },
{ "type": "Feature", "properties": { "fid": 1762, "Population": 7 }, "geometry": { "type": "Polygon", "coordinates": [ [ [ -8.413023745832618, 40.167383903814525 ], [ -8.412815407022165, 40.164697505480447 ], [ -8.409277637717278, 40.164697505480447 ], [ -8.409485888916791, 40.167383903814525 ], [ -8.413023745832618, 40.167383903814525 ] ] ] } },
{ "type": "Feature", "properties": { "fid": 1763, "Population": 11 }, "geometry": { "type": "Polygon", "coordinates": [ [ [ -8.409485888916791, 40.167383903814525 ], [ -8.409277637717278, 40.164697505480447 ], [ -8.40573986841239, 40.164697505480447 ], [ -8.405948032000968, 40.167383903814525 ], [ -8.409485888916791, 40.167383903814525 ] ] ] } },
{ "type": "Feature", "properties": { "fid": 1764, "Population": 29 }, "geometry": { "type": "Polygon", "coordinates": [ [ [ -8.395334461253491, 40.167383903814525 ], [ -8.395126560497728, 40.164697505480447 ], [ -8.391588791192842, 40.164697505480447 ], [ -8.391796604337665, 40.167383903814525 ], [ -8.395334461253491, 40.167383903814525 ] ] ] } },
{ "type": "Feature", "properties": { "fid": 1765, "Population": 113 }, "geometry": { "type": "Polygon", "coordinates": [ [ [ -8.391796604337665, 40.167383903814525 ], [ -8.391588791192842, 40.164697505480447 ], [ -8.388051021887954, 40.164697505480447 ], [ -8.38825874742184, 40.167383903814525 ], [ -8.391796604337665, 40.167383903814525 ] ] ] } },
{ "type": "Feature", "properties": { "fid": 1766, "Population": 131 }, "geometry": { "type": "Polygon", "coordinates": [ [ [ -8.38825874742184, 40.167383903814525 ], [ -8.388051021887954, 40.164697505480447 ], [ -8.384513252583066, 40.164697505480447 ], [ -8.384720890506015, 40.167383903814525 ], [ -8.38825874742184, 40.167383903814525 ] ] ] } },
{ "type": "Feature", "properties": { "fid": 1767, "Population": 58 }, "geometry": { "type": "Polygon", "coordinates": [ [ [ -8.384720890506015, 40.167383903814525 ], [ -8.384513252583066, 40.164697505480447 ], [ -8.38097548327818, 40.164697505480447 ], [ -8.381183033590188, 40.167383903814525 ], [ -8.384720890506015, 40.167383903814525 ] ] ] } },
{ "type": "Feature", "properties": { "fid": 1768, "Population": 3 }, "geometry": { "type": "Polygon", "coordinates": [ [ [ -8.381183033590188, 40.167383903814525 ], [ -8.38097548327818, 40.164697505480447 ], [ -8.377437713973292, 40.164697505480447 ], [ -8.377645176674363, 40.167383903814525 ], [ -8.381183033590188, 40.167383903814525 ] ] ] } },
{ "type": "Feature", "properties": { "fid": 1769, "Population": 1 }, "geometry": { "type": "Polygon", "coordinates": [ [ [ -8.377645176674363, 40.167383903814525 ], [ -8.377437713973292, 40.164697505480447 ], [ -8.373899944668404, 40.164697505480447 ], [ -8.37410731975854, 40.167383903814525 ], [ -8.377645176674363, 40.167383903814525 ] ] ] } },
{ "type": "Feature", "properties": { "fid": 1770, "Population": 3 }, "geometry": { "type": "Polygon", "coordinates": [ [ [ -8.345804464431936, 40.167383903814525 ], [ -8.345597790229304, 40.164697505480447 ], [ -8.342060020924418, 40.164697505480447 ], [ -8.342266607516111, 40.167383903814525 ], [ -8.345804464431936, 40.167383903814525 ] ] ] } },
{ "type": "Feature", "properties": { "fid": 1771, "Population": 4 }, "geometry": { "type": "Polygon", "coordinates": [ [ [ -8.342266607516111, 40.167383903814525 ], [ -8.342060020924418, 40.164697505480447 ], [ -8.334984482314642, 40.164697505480447 ], [ -8.335190893684461, 40.167383903814525 ], [ -8.342266607516111, 40.167383903814525 ] ] ] } },
{ "type": "Feature", "properties": { "fid": 1772, "Population": 15 }, "geometry": { "type": "Polygon", "coordinates": [ [ [ -8.335190893684461, 40.167383903814525 ], [ -8.334984482314642, 40.164697505480447 ], [ -8.331446713009756, 40.164697505480447 ], [ -8.331653036768634, 40.167383903814525 ], [ -8.335190893684461, 40.167383903814525 ] ] ] } },
{ "type": "Feature", "properties": { "fid": 1773, "Population": 0 }, "geometry": { "type": "Polygon", "coordinates": [ [ [ -8.543924451718155, 40.167383903814525 ], [ -8.543501319806134, 40.162011146930588 ], [ -8.536425956394286, 40.162011146930588 ], [ -8.536637332693225, 40.164697505480447 ], [ -8.540175101998111, 40.164697505480447 ], [ -8.540386594802328, 40.167383903814525 ], [ -8.543924451718155, 40.167383903814525 ] ] ] } },
{ "type": "Feature", "properties": { "fid": 1774, "Population": 43 }, "geometry": { "type": "Polygon", "coordinates": [ [ [ -8.536637332693225, 40.164697505480447 ], [ -8.536425956394286, 40.162011146930588 ], [ -8.532888274688363, 40.162011146930588 ], [ -8.533099563388337, 40.164697505480447 ], [ -8.536637332693225, 40.164697505480447 ] ] ] } },
{ "type": "Feature", "properties": { "fid": 1775, "Population": 1 }, "geometry": { "type": "Polygon", "coordinates": [ [ [ -8.533099563388337, 40.164697505480447 ], [ -8.532888274688363, 40.162011146930588 ], [ -8.529350592982439, 40.162011146930588 ], [ -8.529561794083449, 40.164697505480447 ], [ -8.533099563388337, 40.164697505480447 ] ] ] } },
{ "type": "Feature", "properties": { "fid": 1776, "Population": 1 }, "geometry": { "type": "Polygon", "coordinates": [ [ [ -8.526024024778563, 40.164697505480447 ], [ -8.525812911276516, 40.162011146930588 ], [ -8.522275229570591, 40.162011146930588 ], [ -8.522486255473675, 40.164697505480447 ], [ -8.526024024778563, 40.164697505480447 ] ] ] } },
{ "type": "Feature", "properties": { "fid": 1777, "Population": 13 }, "geometry": { "type": "Polygon", "coordinates": [ [ [ -8.522486255473675, 40.164697505480447 ], [ -8.522275229570591, 40.162011146930588 ], [ -8.518737547864667, 40.162011146930588 ], [ -8.518948486168787, 40.164697505480447 ], [ -8.522486255473675, 40.164697505480447 ] ] ] } },
{ "type": "Feature", "properties": { "fid": 1778, "Population": 1 }, "geometry": { "type": "Polygon", "coordinates": [ [ [ -8.494184101034575, 40.164697505480447 ], [ -8.4939737759232, 40.162011146930588 ], [ -8.490436094217277, 40.162011146930588 ], [ -8.490646331729687, 40.164697505480447 ], [ -8.494184101034575, 40.164697505480447 ] ] ] } },
{ "type": "Feature", "properties": { "fid": 1779, "Population": 23 }, "geometry": { "type": "Polygon", "coordinates": [ [ [ -8.465881946595477, 40.164697505480447 ], [ -8.465672322275809, 40.162011146930588 ], [ -8.462134640569886, 40.162011146930588 ], [ -8.462344177290589, 40.164697505480447 ], [ -8.465881946595477, 40.164697505480447 ] ] ] } },
{ "type": "Feature", "properties": { "fid": 1780, "Population": 125 }, "geometry": { "type": "Polygon", "coordinates": [ [ [ -8.462344177290589, 40.164697505480447 ], [ -8.462134640569886, 40.162011146930588 ], [ -8.458596958863962, 40.162011146930588 ], [ -8.458806407985701, 40.164697505480447 ], [ -8.462344177290589, 40.164697505480447 ] ] ] } },
{ "type": "Feature", "properties": { "fid": 1781, "Population": 40 }, "geometry": { "type": "Polygon", "coordinates": [ [ [ -8.458806407985701, 40.164697505480447 ], [ -8.458596958863962, 40.162011146930588 ], [ -8.455059277158039, 40.162011146930588 ], [ -8.455268638680815, 40.164697505480447 ], [ -8.458806407985701, 40.164697505480447 ] ] ] } },
{ "type": "Feature", "properties": { "fid": 1782, "Population": 145 }, "geometry": { "type": "Polygon", "coordinates": [ [ [ -8.455268638680815, 40.164697505480447 ], [ -8.455059277158039, 40.162011146930588 ], [ -8.451521595452114, 40.162011146930588 ], [ -8.451730869375927, 40.164697505480447 ], [ -8.455268638680815, 40.164697505480447 ] ] ] } },
{ "type": "Feature", "properties": { "fid": 1783, "Population": 110 }, "geometry": { "type": "Polygon", "coordinates": [ [ [ -8.451730869375927, 40.164697505480447 ], [ -8.451521595452114, 40.162011146930588 ], [ -8.447983913746189, 40.162011146930588 ], [ -8.448193100071039, 40.164697505480447 ], [ -8.451730869375927, 40.164697505480447 ] ] ] } },
{ "type": "Feature", "properties": { "fid": 1784, "Population": 72 }, "geometry": { "type": "Polygon", "coordinates": [ [ [ -8.448193100071039, 40.164697505480447 ], [ -8.447983913746189, 40.162011146930588 ], [ -8.444446232040267, 40.162011146930588 ], [ -8.444655330766153, 40.164697505480447 ], [ -8.448193100071039, 40.164697505480447 ] ] ] } },
{ "type": "Feature", "properties": { "fid": 1785, "Population": 0 }, "geometry": { "type": "Polygon", "coordinates": [ [ [ -8.444655330766153, 40.164697505480447 ], [ -8.444446232040267, 40.162011146930588 ], [ -8.440908550334342, 40.162011146930588 ], [ -8.441117561461265, 40.164697505480447 ], [ -8.444655330766153, 40.164697505480447 ] ] ] } },
{ "type": "Feature", "properties": { "fid": 1786, "Population": 11 }, "geometry": { "type": "Polygon", "coordinates": [ [ [ -8.441117561461265, 40.164697505480447 ], [ -8.440908550334342, 40.162011146930588 ], [ -8.437370868628419, 40.162011146930588 ], [ -8.437579792156376, 40.164697505480447 ], [ -8.441117561461265, 40.164697505480447 ] ] ] } },
{ "type": "Feature", "properties": { "fid": 1787, "Population": 18 }, "geometry": { "type": "Polygon", "coordinates": [ [ [ -8.437579792156376, 40.164697505480447 ], [ -8.437370868628419, 40.162011146930588 ], [ -8.433833186922493, 40.162011146930588 ], [ -8.434042022851489, 40.164697505480447 ], [ -8.437579792156376, 40.164697505480447 ] ] ] } },
{ "type": "Feature", "properties": { "fid": 1788, "Population": 4 }, "geometry": { "type": "Polygon", "coordinates": [ [ [ -8.434042022851489, 40.164697505480447 ], [ -8.433833186922493, 40.162011146930588 ], [ -8.43029550521657, 40.162011146930588 ], [ -8.430504253546601, 40.164697505480447 ], [ -8.434042022851489, 40.164697505480447 ] ] ] } },
{ "type": "Feature", "properties": { "fid": 1789, "Population": 95 }, "geometry": { "type": "Polygon", "coordinates": [ [ [ -8.430504253546601, 40.164697505480447 ], [ -8.43029550521657, 40.162011146930588 ], [ -8.426757823510647, 40.162011146930588 ], [ -8.426966484241714, 40.164697505480447 ], [ -8.430504253546601, 40.164697505480447 ] ] ] } },
{ "type": "Feature", "properties": { "fid": 1790, "Population": 113 }, "geometry": { "type": "Polygon", "coordinates": [ [ [ -8.426966484241714, 40.164697505480447 ], [ -8.426757823510647, 40.162011146930588 ], [ -8.423220141804723, 40.162011146930588 ], [ -8.423428714936827, 40.164697505480447 ], [ -8.426966484241714, 40.164697505480447 ] ] ] } },
{ "type": "Feature", "properties": { "fid": 1791, "Population": 76 }, "geometry": { "type": "Polygon", "coordinates": [ [ [ -8.423428714936827, 40.164697505480447 ], [ -8.423220141804723, 40.162011146930588 ], [ -8.419682460098798, 40.162011146930588 ], [ -8.41989094563194, 40.164697505480447 ], [ -8.423428714936827, 40.164697505480447 ] ] ] } },
{ "type": "Feature", "properties": { "fid": 1792, "Population": 38 }, "geometry": { "type": "Polygon", "coordinates": [ [ [ -8.41989094563194, 40.164697505480447 ], [ -8.419682460098798, 40.162011146930588 ], [ -8.416144778392875, 40.162011146930588 ], [ -8.416353176327052, 40.164697505480447 ], [ -8.41989094563194, 40.164697505480447 ] ] ] } },
{ "type": "Feature", "properties": { "fid": 1793, "Population": 22 }, "geometry": { "type": "Polygon", "coordinates": [ [ [ -8.412815407022165, 40.164697505480447 ], [ -8.412607096686951, 40.162011146930588 ], [ -8.409069414981028, 40.162011146930588 ], [ -8.409277637717278, 40.164697505480447 ], [ -8.412815407022165, 40.164697505480447 ] ] ] } },
{ "type": "Feature", "properties": { "fid": 1794, "Population": 71 }, "geometry": { "type": "Polygon", "coordinates": [ [ [ -8.409277637717278, 40.164697505480447 ], [ -8.409069414981028, 40.162011146930588 ], [ -8.405531733275103, 40.162011146930588 ], [ -8.40573986841239, 40.164697505480447 ], [ -8.409277637717278, 40.164697505480447 ] ] ] } },
{ "type": "Feature", "properties": { "fid": 1795, "Population": 4 }, "geometry": { "type": "Polygon", "coordinates": [ [ [ -8.40573986841239, 40.164697505480447 ], [ -8.405531733275103, 40.162011146930588 ], [ -8.401994051569179, 40.162011146930588 ], [ -8.402202099107503, 40.164697505480447 ], [ -8.40573986841239, 40.164697505480447 ] ] ] } },
{ "type": "Feature", "properties": { "fid": 1796, "Population": 8 }, "geometry": { "type": "Polygon", "coordinates": [ [ [ -8.391588791192842, 40.164697505480447 ], [ -8.391381006451407, 40.162011146930588 ], [ -8.387843324745484, 40.162011146930588 ], [ -8.388051021887954, 40.164697505480447 ], [ -8.391588791192842, 40.164697505480447 ] ] ] } },
{ "type": "Feature", "properties": { "fid": 1797, "Population": 97 }, "geometry": { "type": "Polygon", "coordinates": [ [ [ -8.388051021887954, 40.164697505480447 ], [ -8.387843324745484, 40.162011146930588 ], [ -8.384305643039561, 40.162011146930588 ], [ -8.384513252583066, 40.164697505480447 ], [ -8.388051021887954, 40.164697505480447 ] ] ] } },
{ "type": "Feature", "properties": { "fid": 1798, "Population": 68 }, "geometry": { "type": "Polygon", "coordinates": [ [ [ -8.384513252583066, 40.164697505480447 ], [ -8.384305643039561, 40.162011146930588 ], [ -8.380767961333637, 40.162011146930588 ], [ -8.38097548327818, 40.164697505480447 ], [ -8.384513252583066, 40.164697505480447 ] ] ] } },
{ "type": "Feature", "properties": { "fid": 1799, "Population": 8 }, "geometry": { "type": "Polygon", "coordinates": [ [ [ -8.38097548327818, 40.164697505480447 ], [ -8.380767961333637, 40.162011146930588 ], [ -8.377230279627712, 40.162011146930588 ], [ -8.377437713973292, 40.164697505480447 ], [ -8.38097548327818, 40.164697505480447 ] ] ] } },
{ "type": "Feature", "properties": { "fid": 1800, "Population": 1 }, "geometry": { "type": "Polygon", "coordinates": [ [ [ -8.345597790229304, 40.164697505480447 ], [ -8.345391144274396, 40.162011146930588 ], [ -8.341853462568475, 40.162011146930588 ], [ -8.342060020924418, 40.164697505480447 ], [ -8.345597790229304, 40.164697505480447 ] ] ] } },
{ "type": "Feature", "properties": { "fid": 1801, "Population": 26 }, "geometry": { "type": "Polygon", "coordinates": [ [ [ -8.342060020924418, 40.164697505480447 ], [ -8.341853462568475, 40.162011146930588 ], [ -8.338315780862549, 40.162011146930588 ], [ -8.33852225161953, 40.164697505480447 ], [ -8.342060020924418, 40.164697505480447 ] ] ] } },
{ "type": "Feature", "properties": { "fid": 1802, "Population": 17 }, "geometry": { "type": "Polygon", "coordinates": [ [ [ -8.33852225161953, 40.164697505480447 ], [ -8.338315780862549, 40.162011146930588 ], [ -8.334778099156626, 40.162011146930588 ], [ -8.334984482314642, 40.164697505480447 ], [ -8.33852225161953, 40.164697505480447 ] ] ] } },
{ "type": "Feature", "properties": { "fid": 1803, "Population": 60 }, "geometry": { "type": "Polygon", "coordinates": [ [ [ -8.334984482314642, 40.164697505480447 ], [ -8.334778099156626, 40.162011146930588 ], [ -8.331240417450701, 40.162011146930588 ], [ -8.331446713009756, 40.164697505480447 ], [ -8.334984482314642, 40.164697505480447 ] ] ] } },
{ "type": "Feature", "properties": { "fid": 1804, "Population": 1 }, "geometry": { "type": "Polygon", "coordinates": [ [ [ -8.331446713009756, 40.164697505480447 ], [ -8.331240417450701, 40.162011146930588 ], [ -8.327702735744779, 40.162011146930588 ], [ -8.327908943704868, 40.164697505480447 ], [ -8.331446713009756, 40.164697505480447 ] ] ] } },
{ "type": "Feature", "properties": { "fid": 1805, "Population": 0 }, "geometry": { "type": "Polygon", "coordinates": [ [ [ -8.419934846230399, 40.301754652340364 ], [ -8.419725165706863, 40.299066258621821 ], [ -8.416183001144091, 40.299066258621821 ], [ -8.415973437526107, 40.296377904929884 ], [ -8.412431361163511, 40.296377904929884 ], [ -8.411593746207089, 40.285624890330936 ], [ -8.415135469889703, 40.285624890330936 ], [ -8.414716658104687, 40.280248623064637 ], [ -8.425341300349771, 40.280248623064637 ], [ -8.424922074543646, 40.274872515768621 ], [ -8.421380703347959, 40.274872515768621 ], [ -8.420752344007774, 40.266808654683814 ], [ -8.417211237050664, 40.266808654683814 ], [ -8.416792650225936, 40.261432947143383 ], [ -8.413251719367617, 40.261432947143383 ], [ -8.413042556944903, 40.258745153313434 ], [ -8.409501714117907, 40.258745153313434 ], [ -8.409919891513859, 40.264120780931876 ], [ -8.406378872612168, 40.264120780931876 ], [ -8.406587916179333, 40.266808654683814 ], [ -8.410129023136443, 40.266808654683814 ], [ -8.410756589760892, 40.274872515768621 ], [ -8.407215218565202, 40.274872515768621 ], [ -8.407424376604796, 40.27756054942278 ], [ -8.403882917305468, 40.27756054942278 ], [ -8.404092015859606, 40.280248623064637 ], [ -8.407633563274635, 40.280248623064637 ], [ -8.408052022524476, 40.285624890330936 ], [ -8.404510298841863, 40.285624890330936 ], [ -8.404301143036786, 40.282936736699092 ], [ -8.400759507493998, 40.282936736699092 ], [ -8.400968575159249, 40.285624890330936 ], [ -8.397426851476634, 40.285624890330936 ], [ -8.396799998706813, 40.27756054942278 ], [ -8.393258539407483, 40.27756054942278 ], [ -8.392632208258998, 40.269496568403987 ], [ -8.39617340328358, 40.269496568403987 ], [ -8.395755815907098, 40.264120780931876 ], [ -8.392214797005407, 40.264120780931876 ], [ -8.392006134217699, 40.261432947143383 ], [ -8.395547065076018, 40.261432947143383 ], [ -8.39533834280992, 40.258745153313434 ], [ -8.391797499982921, 40.258745153313434 ], [ -8.391171768547798, 40.25068201152645 ], [ -8.387631189742505, 40.25068201152645 ], [ -8.387422757654223, 40.2479943774822 ], [ -8.390963248476364, 40.2479943774822 ], [ -8.39033785941518, 40.239931714935835 ], [ -8.38679763247028, 40.239931714935835 ], [ -8.386381024866758, 40.234556806178354 ], [ -8.389921075953659, 40.234556806178354 ], [ -8.389504406510465, 40.229182057061045 ], [ -8.385964531233457, 40.229182057061045 ], [ -8.38554815153177, 40.223807467545129 ], [ -8.396167250077401, 40.223807467545129 ], [ -8.395958839350241, 40.221120232625566 ], [ -8.392419227697903, 40.221120232625566 ], [ -8.392002667441913, 40.215745882439002 ], [ -8.388463231479264, 40.215745882439002 ], [ -8.3886714095246, 40.218433037591808 ], [ -8.381592361921623, 40.218433037591808 ], [ -8.381800392740882, 40.221120232625566 ], [ -8.378260781088542, 40.221120232625566 ], [ -8.37888478067944, 40.229182057061045 ], [ -8.382424655956449, 40.229182057061045 ], [ -8.383049175409941, 40.237244240599637 ], [ -8.37596889739017, 40.237244240599637 ], [ -8.375760871606058, 40.234556806178354 ], [ -8.372220820519157, 40.234556806178354 ], [ -8.372428758380284, 40.237244240599637 ], [ -8.368888619370399, 40.237244240599637 ], [ -8.369304404563206, 40.242619229191746 ], [ -8.372844719455154, 40.242619229191746 ], [ -8.373260794365654, 40.2479943774822 ], [ -8.376801285187796, 40.2479943774822 ], [ -8.377217649950865, 40.253369685509824 ], [ -8.373676983150379, 40.253369685509824 ], [ -8.373468874521325, 40.25068201152645 ], [ -8.366387716910737, 40.25068201152645 ], [ -8.366179812721372, 40.2479943774822 ], [ -8.362639321899231, 40.2479943774822 ], [ -8.362431534125458, 40.24530678337225 ], [ -8.358891131274431, 40.24530678337225 ], [ -8.358060616171555, 40.234556806178354 ], [ -8.361600667258456, 40.234556806178354 ], [ -8.361393021574649, 40.231869411667105 ], [ -8.364932984750592, 40.231869411667105 ], [ -8.364725279571406, 40.229182057061045 ], [ -8.368265154848414, 40.229182057061045 ], [ -8.367849653955723, 40.223807467545129 ], [ -8.371389353470931, 40.223807467545129 ], [ -8.370350659191146, 40.210371691756933 ], [ -8.366811398870135, 40.210371691756933 ], [ -8.36701899308979, 40.213058767162352 ], [ -8.363479644953966, 40.213058767162352 ], [ -8.363687179740719, 40.215745882439002 ], [ -8.36014774377807, 40.215745882439002 ], [ -8.359940296818142, 40.213058767162352 ], [ -8.356400948682316, 40.213058767162352 ], [ -8.356193617907103, 40.210371691756933 ], [ -8.359732878228114, 40.210371691756933 ], [ -8.359318126138559, 40.204997660540599 ], [ -8.352239956683743, 40.204997660540599 ], [ -8.351825669107347, 40.199623788751246 ], [ -8.362442396652822, 40.199623788751246 ], [ -8.362235032085506, 40.196936912629603 ], [ -8.365773853512541, 40.196936912629603 ], [ -8.365566429555539, 40.194250076350187 ], [ -8.369105163239784, 40.194250076350187 ], [ -8.369312674939577, 40.196936912629603 ], [ -8.372851496366613, 40.196936912629603 ], [ -8.372228783186955, 40.188876523298674 ], [ -8.375767341421607, 40.188876523298674 ], [ -8.37555973941071, 40.186189806516929 ], [ -8.372021268882863, 40.186189806516929 ], [ -8.37160632537957, 40.180816492417215 ], [ -8.368068030229367, 40.180816492417215 ], [ -8.368275400115635, 40.183503129558041 ], [ -8.357660251616547, 40.183503129558041 ], [ -8.357867386771479, 40.186189806516929 ], [ -8.354328916243634, 40.186189806516929 ], [ -8.354535992013695, 40.188876523298674 ], [ -8.350997433779042, 40.188876523298674 ], [ -8.35079044571579, 40.186189806516929 ], [ -8.343713504660098, 40.186189806516929 ], [ -8.343506720284427, 40.183503129558041 ], [ -8.347045103117457, 40.183503129558041 ], [ -8.34683825932815, 40.180816492417215 ], [ -8.343299964177948, 40.180816492417215 ], [ -8.343093236335877, 40.17812989508959 ], [ -8.336016821377152, 40.17812989508959 ], [ -8.335603801078578, 40.172756819854627 ], [ -8.332065768904945, 40.172756819854627 ], [ -8.331859388732109, 40.170070341937631 ], [ -8.33539733327085, 40.170070341937631 ], [ -8.335190893684461, 40.167383903814525 ], [ -8.331653036768634, 40.167383903814525 ], [ -8.331446713009756, 40.164697505480447 ], [ -8.327908943704868, 40.164697505480447 ], [ -8.327702735744779, 40.162011146930588 ], [ -8.313552008921082, 40.162011146930588 ], [ -8.313346179492049, 40.15932482816013 ], [ -8.309808585373116, 40.15932482816013 ], [ -8.310631721499673, 40.170070341937631 ], [ -8.314169666038412, 40.170070341937631 ], [ -8.313963752189508, 40.167383903814525 ], [ -8.32103946602116, 40.167383903814525 ], [ -8.321245555115892, 40.170070341937631 ], [ -8.324783499654631, 40.170070341937631 ], [ -8.32498970455768, 40.172756819854627 ], [ -8.328527736731314, 40.172756819854627 ], [ -8.328940406418429, 40.17812989508959 ], [ -8.321863991459706, 40.17812989508959 ], [ -8.322070193276733, 40.180816492417215 ], [ -8.31853189812653, 40.180816492417215 ], [ -8.317913640210415, 40.172756819854627 ], [ -8.314375608036784, 40.172756819854627 ], [ -8.314581578189387, 40.175443337570343 ], [ -8.311043458368879, 40.175443337570343 ], [ -8.31331002468225, 40.204997660540599 ], [ -8.320388194137069, 40.204997660540599 ], [ -8.320181826194659, 40.202310704719977 ], [ -8.327259820091891, 40.202310704719977 ], [ -8.327672935339331, 40.207684656217978 ], [ -8.324133762821125, 40.207684656217978 ], [ -8.324340275018002, 40.210371691756933 ], [ -8.317261754375981, 40.210371691756933 ], [ -8.318087382998765, 40.221120232625566 ], [ -8.314547771346426, 40.221120232625566 ], [ -8.316612941211385, 40.2479943774822 ], [ -8.320153432033527, 40.2479943774822 ], [ -8.319739996075945, 40.242619229191746 ], [ -8.323280310967894, 40.242619229191746 ], [ -8.323487102764163, 40.24530678337225 ], [ -8.330567908466215, 40.24530678337225 ], [ -8.33077490449995, 40.2479943774822 ], [ -8.327234413677811, 40.2479943774822 ], [ -8.327441350052499, 40.25068201152645 ], [ -8.330981928857794, 40.25068201152645 ], [ -8.331188981544541, 40.253369685509824 ], [ -8.334729648345027, 40.253369685509824 ], [ -8.334936817372721, 40.256057399437211 ], [ -8.324314552949561, 40.256057399437211 ], [ -8.32410764794357, 40.253369685509824 ], [ -8.317026314342597, 40.253369685509824 ], [ -8.317233043334122, 40.256057399437211 ], [ -8.320773798141841, 40.256057399437211 ], [ -8.322015294652422, 40.272184522097312 ], [ -8.318474011548313, 40.272184522097312 ], [ -8.318887894121596, 40.27756054942278 ], [ -8.325970812720252, 40.27756054942278 ], [ -8.326177972729008, 40.280248623064637 ], [ -8.333261067559063, 40.280248623064637 ], [ -8.333053731318907, 40.27756054942278 ], [ -8.336595190618235, 40.27756054942278 ], [ -8.336180427068848, 40.272184522097312 ], [ -8.343262993277063, 40.272184522097312 ], [ -8.343470537042805, 40.274872515768621 ], [ -8.350553279434182, 40.274872515768621 ], [ -8.350761027815546, 40.27756054942278 ], [ -8.361385405713531, 40.27756054942278 ], [ -8.361801516523325, 40.282936736699092 ], [ -8.358259880980537, 40.282936736699092 ], [ -8.358675929431133, 40.288313083965072 ], [ -8.355134117596627, 40.288313083965072 ], [ -8.354926167285273, 40.285624890330936 ], [ -8.35138444360266, 40.285624890330936 ], [ -8.351592305762123, 40.288313083965072 ], [ -8.348050493927619, 40.288313083965072 ], [ -8.348258296379715, 40.291001317606387 ], [ -8.344716396381251, 40.291001317606387 ], [ -8.344508682093112, 40.288313083965072 ], [ -8.340966870258608, 40.288313083965072 ], [ -8.341174496382788, 40.291001317606387 ], [ -8.330548796387395, 40.291001317606387 ], [ -8.330756186408697, 40.2936895912597 ], [ -8.320130221885218, 40.2936895912597 ], [ -8.320751768529746, 40.301754652340364 ], [ -8.331378526854815, 40.301754652340364 ], [ -8.330963604823822, 40.296377904929884 ], [ -8.334505681186418, 40.296377904929884 ], [ -8.334298174583191, 40.2936895912597 ], [ -8.34138215093218, 40.2936895912597 ], [ -8.341589833911607, 40.296377904929884 ], [ -8.345131910274203, 40.296377904929884 ], [ -8.345547537954909, 40.301754652340364 ], [ -8.370343307380072, 40.301754652340364 ], [ -8.370134861828069, 40.299066258621821 ], [ -8.37367702639084, 40.299066258621821 ], [ -8.373885560155095, 40.301754652340364 ], [ -8.395139076805236, 40.301754652340364 ], [ -8.394930013767466, 40.299066258621821 ], [ -8.409098672018549, 40.299066258621821 ], [ -8.409308087905329, 40.301754652340364 ], [ -8.419934846230399, 40.301754652340364 ] ], [ [ -8.383468612272667, 40.288313083965072 ], [ -8.376384988603656, 40.288313083965072 ], [ -8.376176509380954, 40.285624890330936 ], [ -8.37263478569834, 40.285624890330936 ], [ -8.372218089124361, 40.280248623064637 ], [ -8.379301183954416, 40.280248623064637 ], [ -8.379509694237267, 40.282936736699092 ], [ -8.383051329780056, 40.282936736699092 ], [ -8.382842731369443, 40.280248623064637 ], [ -8.386384278784471, 40.280248623064637 ], [ -8.386592965322844, 40.282936736699092 ], [ -8.390134600865633, 40.282936736699092 ], [ -8.390343404111409, 40.285624890330936 ], [ -8.383259956746182, 40.285624890330936 ], [ -8.383468612272667, 40.288313083965072 ] ], [ [ -8.38596699139107, 40.274872515768621 ], [ -8.378884248999693, 40.274872515768621 ], [ -8.37867582431814, 40.272184522097312 ], [ -8.385758390526354, 40.272184522097312 ], [ -8.38596699139107, 40.274872515768621 ] ], [ [ -8.353679062988599, 40.269496568403987 ], [ -8.343055477914852, 40.269496568403987 ], [ -8.342847990951352, 40.266808654683814 ], [ -8.339306883994242, 40.266808654683814 ], [ -8.339099513480056, 40.264120780931876 ], [ -8.335558494578365, 40.264120780931876 ], [ -8.335973087865689, 40.269496568403987 ], [ -8.328890697816526, 40.269496568403987 ], [ -8.328683563122913, 40.266808654683814 ], [ -8.325142456165803, 40.266808654683814 ], [ -8.324728447909624, 40.261432947143383 ], [ -8.335351240484583, 40.261432947143383 ], [ -8.335144014750968, 40.258745153313434 ], [ -8.34576654323196, 40.258745153313434 ], [ -8.34555908179588, 40.256057399437211 ], [ -8.3490998366036, 40.256057399437211 ], [ -8.348684822884264, 40.25068201152645 ], [ -8.34514424407897, 40.25068201152645 ], [ -8.344936867788519, 40.2479943774822 ], [ -8.337855886144235, 40.2479943774822 ], [ -8.337234455241665, 40.239931714935835 ], [ -8.340774682186566, 40.239931714935835 ], [ -8.340567507291309, 40.237244240599637 ], [ -8.344107646301195, 40.237244240599637 ], [ -8.344314909131468, 40.239931714935835 ], [ -8.35139536302127, 40.239931714935835 ], [ -8.35160283010347, 40.242619229191746 ], [ -8.355143144995417, 40.242619229191746 ], [ -8.355558340254946, 40.2479943774822 ], [ -8.352017849432803, 40.2479943774822 ], [ -8.353679062988599, 40.269496568403987 ] ], [ [ -8.38138334164274, 40.261432947143383 ], [ -8.3743014799261, 40.261432947143383 ], [ -8.374093285847936, 40.258745153313434 ], [ -8.381174971501931, 40.258745153313434 ], [ -8.38138334164274, 40.261432947143383 ] ], [ [ -8.326406951251768, 40.237244240599637 ], [ -8.319326673231995, 40.237244240599637 ], [ -8.318913463463348, 40.231869411667105 ], [ -8.32245342663929, 40.231869411667105 ], [ -8.322246776247303, 40.229182057061045 ], [ -8.325786651524311, 40.229182057061045 ], [ -8.326406951251768, 40.237244240599637 ] ], [ [ -8.347665804191584, 40.191563279908145 ], [ -8.344127158238132, 40.191563279908145 ], [ -8.343920317309738, 40.188876523298674 ], [ -8.34745887554439, 40.188876523298674 ], [ -8.347665804191584, 40.191563279908145 ] ], [ [ -8.337049866331231, 40.191563279908145 ], [ -8.33351122037778, 40.191563279908145 ], [ -8.333098093076561, 40.186189806516929 ], [ -8.340175034132253, 40.186189806516929 ], [ -8.340381759075086, 40.188876523298674 ], [ -8.336843200840434, 40.188876523298674 ], [ -8.337049866331231, 40.191563279908145 ] ] ] } },
{ "type": "Feature", "properties": { "fid": 1806, "Population": 2 }, "geometry": { "type": "Polygon", "coordinates": [ [ [ -8.518948486168787, 40.164697505480447 ], [ -8.518526638390151, 40.15932482816013 ], [ -8.514989044271216, 40.15932482816013 ], [ -8.515410716863899, 40.164697505480447 ], [ -8.518948486168787, 40.164697505480447 ] ] ] } },
{ "type": "Feature", "properties": { "fid": 1807, "Population": 7 }, "geometry": { "type": "Polygon", "coordinates": [ [ [ -8.416353176327052, 40.164697505480447 ], [ -8.415936408941098, 40.15932482816013 ], [ -8.412398814822165, 40.15932482816013 ], [ -8.412815407022165, 40.164697505480447 ], [ -8.416353176327052, 40.164697505480447 ] ] ] } },
{ "type": "Feature", "properties": { "fid": 1808, "Population": 0 }, "geometry": { "type": "Polygon", "coordinates": [ [ [ -8.364529735079163, 40.180816492417215 ], [ -8.364115255676472, 40.175443337570343 ], [ -8.367653375496978, 40.175443337570343 ], [ -8.367446090641272, 40.172756819854627 ], [ -8.36390805846764, 40.172756819854627 ], [ -8.363700889580768, 40.170070341937631 ], [ -8.367238834119508, 40.170070341937631 ], [ -8.367031605926888, 40.167383903814525 ], [ -8.370569462842713, 40.167383903814525 ], [ -8.370984122814905, 40.172756819854627 ], [ -8.374522154988538, 40.172756819854627 ], [ -8.373899944668404, 40.164697505480447 ], [ -8.377437713973292, 40.164697505480447 ], [ -8.377230279627712, 40.162011146930588 ], [ -8.373692597921789, 40.162011146930588 ], [ -8.373485279513906, 40.15932482816013 ], [ -8.369947685394971, 40.15932482816013 ], [ -8.370154916215865, 40.162011146930588 ], [ -8.345391144274396, 40.162011146930588 ], [ -8.346011166887068, 40.170070341937631 ], [ -8.349549111425809, 40.170070341937631 ], [ -8.349755929773108, 40.172756819854627 ], [ -8.356831994120375, 40.172756819854627 ], [ -8.357246066253325, 40.17812989508959 ], [ -8.3501696512946, 40.17812989508959 ], [ -8.350376554478352, 40.180816492417215 ], [ -8.364529735079163, 40.180816492417215 ] ] ] } },
{ "type": "Feature", "properties": { "fid": 1809, "Population": 1 }, "geometry": { "type": "Polygon", "coordinates": [ [ [ -8.543501319806134, 40.162011146930588 ], [ -8.543289797222679, 40.15932482816013 ], [ -8.539752203103747, 40.15932482816013 ], [ -8.539963638100211, 40.162011146930588 ], [ -8.543501319806134, 40.162011146930588 ] ] ] } },
{ "type": "Feature", "properties": { "fid": 1810, "Population": 15 }, "geometry": { "type": "Polygon", "coordinates": [ [ [ -8.539963638100211, 40.162011146930588 ], [ -8.539752203103747, 40.15932482816013 ], [ -8.536214608984814, 40.15932482816013 ], [ -8.536425956394286, 40.162011146930588 ], [ -8.539963638100211, 40.162011146930588 ] ] ] } },
{ "type": "Feature", "properties": { "fid": 1811, "Population": 30 }, "geometry": { "type": "Polygon", "coordinates": [ [ [ -8.536425956394286, 40.162011146930588 ], [ -8.536214608984814, 40.15932482816013 ], [ -8.532677014865881, 40.15932482816013 ], [ -8.532888274688363, 40.162011146930588 ], [ -8.536425956394286, 40.162011146930588 ] ] ] } },
{ "type": "Feature", "properties": { "fid": 1812, "Population": 25 }, "geometry": { "type": "Polygon", "coordinates": [ [ [ -8.525812911276516, 40.162011146930588 ], [ -8.525601826628016, 40.15932482816013 ], [ -8.522064232509083, 40.15932482816013 ], [ -8.522275229570591, 40.162011146930588 ], [ -8.525812911276516, 40.162011146930588 ] ] ] } },
{ "type": "Feature", "properties": { "fid": 1813, "Population": 23 }, "geometry": { "type": "Polygon", "coordinates": [ [ [ -8.522275229570591, 40.162011146930588 ], [ -8.522064232509083, 40.15932482816013 ], [ -8.518526638390151, 40.15932482816013 ], [ -8.518737547864667, 40.162011146930588 ], [ -8.522275229570591, 40.162011146930588 ] ] ] } },
{ "type": "Feature", "properties": { "fid": 1814, "Population": 1 }, "geometry": { "type": "Polygon", "coordinates": [ [ [ -8.51166218445282, 40.162011146930588 ], [ -8.511451450152283, 40.15932482816013 ], [ -8.507913856033351, 40.15932482816013 ], [ -8.508124502746895, 40.162011146930588 ], [ -8.51166218445282, 40.162011146930588 ] ] ] } },
{ "type": "Feature", "properties": { "fid": 1815, "Population": 22 }, "geometry": { "type": "Polygon", "coordinates": [ [ [ -8.462134640569886, 40.162011146930588 ], [ -8.461925132487224, 40.15932482816013 ], [ -8.458387538368292, 40.15932482816013 ], [ -8.458596958863962, 40.162011146930588 ], [ -8.462134640569886, 40.162011146930588 ] ] ] } },
{ "type": "Feature", "properties": { "fid": 1816, "Population": 38 }, "geometry": { "type": "Polygon", "coordinates": [ [ [ -8.458596958863962, 40.162011146930588 ], [ -8.458387538368292, 40.15932482816013 ], [ -8.454849944249359, 40.15932482816013 ], [ -8.455059277158039, 40.162011146930588 ], [ -8.458596958863962, 40.162011146930588 ] ] ] } },
{ "type": "Feature", "properties": { "fid": 1817, "Population": 18 }, "geometry": { "type": "Polygon", "coordinates": [ [ [ -8.455059277158039, 40.162011146930588 ], [ -8.454849944249359, 40.15932482816013 ], [ -8.451312350130426, 40.15932482816013 ], [ -8.451521595452114, 40.162011146930588 ], [ -8.455059277158039, 40.162011146930588 ] ] ] } },
{ "type": "Feature", "properties": { "fid": 1818, "Population": 2 }, "geometry": { "type": "Polygon", "coordinates": [ [ [ -8.451521595452114, 40.162011146930588 ], [ -8.451312350130426, 40.15932482816013 ], [ -8.447774756011492, 40.15932482816013 ], [ -8.447983913746189, 40.162011146930588 ], [ -8.451521595452114, 40.162011146930588 ] ] ] } },
{ "type": "Feature", "properties": { "fid": 1819, "Population": 13 }, "geometry": { "type": "Polygon", "coordinates": [ [ [ -8.447983913746189, 40.162011146930588 ], [ -8.447774756011492, 40.15932482816013 ], [ -8.444237161892561, 40.15932482816013 ], [ -8.444446232040267, 40.162011146930588 ], [ -8.447983913746189, 40.162011146930588 ] ] ] } },
{ "type": "Feature", "properties": { "fid": 1820, "Population": 3 }, "geometry": { "type": "Polygon", "coordinates": [ [ [ -8.444446232040267, 40.162011146930588 ], [ -8.444237161892561, 40.15932482816013 ], [ -8.437161973654694, 40.15932482816013 ], [ -8.437370868628419, 40.162011146930588 ], [ -8.444446232040267, 40.162011146930588 ] ] ] } },
{ "type": "Feature", "properties": { "fid": 1821, "Population": 71 }, "geometry": { "type": "Polygon", "coordinates": [ [ [ -8.437370868628419, 40.162011146930588 ], [ -8.437161973654694, 40.15932482816013 ], [ -8.433624379535761, 40.15932482816013 ], [ -8.433833186922493, 40.162011146930588 ], [ -8.437370868628419, 40.162011146930588 ] ] ] } },
{ "type": "Feature", "properties": { "fid": 1822, "Population": 53 }, "geometry": { "type": "Polygon", "coordinates": [ [ [ -8.433833186922493, 40.162011146930588 ], [ -8.433624379535761, 40.15932482816013 ], [ -8.43008678541683, 40.15932482816013 ], [ -8.43029550521657, 40.162011146930588 ], [ -8.433833186922493, 40.162011146930588 ] ] ] } },
{ "type": "Feature", "properties": { "fid": 1823, "Population": 76 }, "geometry": { "type": "Polygon", "coordinates": [ [ [ -8.43029550521657, 40.162011146930588 ], [ -8.43008678541683, 40.15932482816013 ], [ -8.426549191297896, 40.15932482816013 ], [ -8.426757823510647, 40.162011146930588 ], [ -8.43029550521657, 40.162011146930588 ] ] ] } },
{ "type": "Feature", "properties": { "fid": 1824, "Population": 9 }, "geometry": { "type": "Polygon", "coordinates": [ [ [ -8.426757823510647, 40.162011146930588 ], [ -8.426549191297896, 40.15932482816013 ], [ -8.423011597178965, 40.15932482816013 ], [ -8.423220141804723, 40.162011146930588 ], [ -8.426757823510647, 40.162011146930588 ] ] ] } },
{ "type": "Feature", "properties": { "fid": 1825, "Population": 19 }, "geometry": { "type": "Polygon", "coordinates": [ [ [ -8.423220141804723, 40.162011146930588 ], [ -8.423011597178965, 40.15932482816013 ], [ -8.41947400306003, 40.15932482816013 ], [ -8.419682460098798, 40.162011146930588 ], [ -8.423220141804723, 40.162011146930588 ] ] ] } },
{ "type": "Feature", "properties": { "fid": 1826, "Population": 36 }, "geometry": { "type": "Polygon", "coordinates": [ [ [ -8.419682460098798, 40.162011146930588 ], [ -8.41947400306003, 40.15932482816013 ], [ -8.415936408941098, 40.15932482816013 ], [ -8.416144778392875, 40.162011146930588 ], [ -8.419682460098798, 40.162011146930588 ] ] ] } },
{ "type": "Feature", "properties": { "fid": 1827, "Population": 9 }, "geometry": { "type": "Polygon", "coordinates": [ [ [ -8.412607096686951, 40.162011146930588 ], [ -8.412398814822165, 40.15932482816013 ], [ -8.408861220703233, 40.15932482816013 ], [ -8.409069414981028, 40.162011146930588 ], [ -8.412607096686951, 40.162011146930588 ] ] ] } },
{ "type": "Feature", "properties": { "fid": 1828, "Population": 35 }, "geometry": { "type": "Polygon", "coordinates": [ [ [ -8.409069414981028, 40.162011146930588 ], [ -8.408861220703233, 40.15932482816013 ], [ -8.4053236265843, 40.15932482816013 ], [ -8.405531733275103, 40.162011146930588 ], [ -8.409069414981028, 40.162011146930588 ] ] ] } },
{ "type": "Feature", "properties": { "fid": 1829, "Population": 1 }, "geometry": { "type": "Polygon", "coordinates": [ [ [ -8.405531733275103, 40.162011146930588 ], [ -8.4053236265843, 40.15932482816013 ], [ -8.401786032465367, 40.15932482816013 ], [ -8.401994051569179, 40.162011146930588 ], [ -8.405531733275103, 40.162011146930588 ] ] ] } },
{ "type": "Feature", "properties": { "fid": 1830, "Population": 12 }, "geometry": { "type": "Polygon", "coordinates": [ [ [ -8.387843324745484, 40.162011146930588 ], [ -8.387635655989635, 40.15932482816013 ], [ -8.384098061870702, 40.15932482816013 ], [ -8.384305643039561, 40.162011146930588 ], [ -8.387843324745484, 40.162011146930588 ] ] ] } },
{ "type": "Feature", "properties": { "fid": 1831, "Population": 14 }, "geometry": { "type": "Polygon", "coordinates": [ [ [ -8.384305643039561, 40.162011146930588 ], [ -8.384098061870702, 40.15932482816013 ], [ -8.380560467751771, 40.15932482816013 ], [ -8.380767961333637, 40.162011146930588 ], [ -8.384305643039561, 40.162011146930588 ] ] ] } },
{ "type": "Feature", "properties": { "fid": 1832, "Population": 5 }, "geometry": { "type": "Polygon", "coordinates": [ [ [ -8.380767961333637, 40.162011146930588 ], [ -8.380560467751771, 40.15932482816013 ], [ -8.377022873632837, 40.15932482816013 ], [ -8.377230279627712, 40.162011146930588 ], [ -8.380767961333637, 40.162011146930588 ] ] ] } },
{ "type": "Feature", "properties": { "fid": 1833, "Population": 1 }, "geometry": { "type": "Polygon", "coordinates": [ [ [ -8.377230279627712, 40.162011146930588 ], [ -8.377022873632837, 40.15932482816013 ], [ -8.373485279513906, 40.15932482816013 ], [ -8.373692597921789, 40.162011146930588 ], [ -8.377230279627712, 40.162011146930588 ] ] ] } },
{ "type": "Feature", "properties": { "fid": 1834, "Population": 41 }, "geometry": { "type": "Polygon", "coordinates": [ [ [ -8.370154916215865, 40.162011146930588 ], [ -8.369947685394971, 40.15932482816013 ], [ -8.366410091276039, 40.15932482816013 ], [ -8.366617234509942, 40.162011146930588 ], [ -8.370154916215865, 40.162011146930588 ] ] ] } },
{ "type": "Feature", "properties": { "fid": 1835, "Population": 45 }, "geometry": { "type": "Polygon", "coordinates": [ [ [ -8.366617234509942, 40.162011146930588 ], [ -8.366410091276039, 40.15932482816013 ], [ -8.362872497157106, 40.15932482816013 ], [ -8.363079552804017, 40.162011146930588 ], [ -8.366617234509942, 40.162011146930588 ] ] ] } },
{ "type": "Feature", "properties": { "fid": 1836, "Population": 14 }, "geometry": { "type": "Polygon", "coordinates": [ [ [ -8.363079552804017, 40.162011146930588 ], [ -8.362872497157106, 40.15932482816013 ], [ -8.359334903038175, 40.15932482816013 ], [ -8.359541871098092, 40.162011146930588 ], [ -8.363079552804017, 40.162011146930588 ] ] ] } },
{ "type": "Feature", "properties": { "fid": 1837, "Population": 18 }, "geometry": { "type": "Polygon", "coordinates": [ [ [ -8.359541871098092, 40.162011146930588 ], [ -8.359334903038175, 40.15932482816013 ], [ -8.355797308919239, 40.15932482816013 ], [ -8.35600418939217, 40.162011146930588 ], [ -8.359541871098092, 40.162011146930588 ] ] ] } },
{ "type": "Feature", "properties": { "fid": 1838, "Population": 1 }, "geometry": { "type": "Polygon", "coordinates": [ [ [ -8.35600418939217, 40.162011146930588 ], [ -8.355797308919239, 40.15932482816013 ], [ -8.352259714800308, 40.15932482816013 ], [ -8.352466507686245, 40.162011146930588 ], [ -8.35600418939217, 40.162011146930588 ] ] ] } },
{ "type": "Feature", "properties": { "fid": 1839, "Population": 8 }, "geometry": { "type": "Polygon", "coordinates": [ [ [ -8.352466507686245, 40.162011146930588 ], [ -8.352259714800308, 40.15932482816013 ], [ -8.348722120681375, 40.15932482816013 ], [ -8.348928825980321, 40.162011146930588 ], [ -8.352466507686245, 40.162011146930588 ] ] ] } },
{ "type": "Feature", "properties": { "fid": 1840, "Population": 5 }, "geometry": { "type": "Polygon", "coordinates": [ [ [ -8.348928825980321, 40.162011146930588 ], [ -8.348722120681375, 40.15932482816013 ], [ -8.34164693244351, 40.15932482816013 ], [ -8.341853462568475, 40.162011146930588 ], [ -8.348928825980321, 40.162011146930588 ] ] ] } },
{ "type": "Feature", "properties": { "fid": 1841, "Population": 27 }, "geometry": { "type": "Polygon", "coordinates": [ [ [ -8.341853462568475, 40.162011146930588 ], [ -8.34164693244351, 40.15932482816013 ], [ -8.338109338324577, 40.15932482816013 ], [ -8.338315780862549, 40.162011146930588 ], [ -8.341853462568475, 40.162011146930588 ] ] ] } },
{ "type": "Feature", "properties": { "fid": 1842, "Population": 49 }, "geometry": { "type": "Polygon", "coordinates": [ [ [ -8.338315780862549, 40.162011146930588 ], [ -8.338109338324577, 40.15932482816013 ], [ -8.334571744205643, 40.15932482816013 ], [ -8.334778099156626, 40.162011146930588 ], [ -8.338315780862549, 40.162011146930588 ] ] ] } },
{ "type": "Feature", "properties": { "fid": 1843, "Population": 25 }, "geometry": { "type": "Polygon", "coordinates": [ [ [ -8.334778099156626, 40.162011146930588 ], [ -8.334571744205643, 40.15932482816013 ], [ -8.331034150086712, 40.15932482816013 ], [ -8.331240417450701, 40.162011146930588 ], [ -8.334778099156626, 40.162011146930588 ] ] ] } },
{ "type": "Feature", "properties": { "fid": 1844, "Population": 15 }, "geometry": { "type": "Polygon", "coordinates": [ [ [ -8.331240417450701, 40.162011146930588 ], [ -8.331034150086712, 40.15932482816013 ], [ -8.327496555967778, 40.15932482816013 ], [ -8.327702735744779, 40.162011146930588 ], [ -8.331240417450701, 40.162011146930588 ] ] ] } },
{ "type": "Feature", "properties": { "fid": 1845, "Population": 23 }, "geometry": { "type": "Polygon", "coordinates": [ [ [ -8.327702735744779, 40.162011146930588 ], [ -8.327496555967778, 40.15932482816013 ], [ -8.323958961848845, 40.15932482816013 ], [ -8.324165054038854, 40.162011146930588 ], [ -8.327702735744779, 40.162011146930588 ] ] ] } },
{ "type": "Feature", "properties": { "fid": 1846, "Population": 1 }, "geometry": { "type": "Polygon", "coordinates": [ [ [ -8.324165054038854, 40.162011146930588 ], [ -8.323958961848845, 40.15932482816013 ], [ -8.320421367729914, 40.15932482816013 ], [ -8.320627372332931, 40.162011146930588 ], [ -8.324165054038854, 40.162011146930588 ] ] ] } },
{ "type": "Feature", "properties": { "fid": 1847, "Population": 13 }, "geometry": { "type": "Polygon", "coordinates": [ [ [ -8.320627372332931, 40.162011146930588 ], [ -8.320421367729914, 40.15932482816013 ], [ -8.31688377361098, 40.15932482816013 ], [ -8.317089690627007, 40.162011146930588 ], [ -8.320627372332931, 40.162011146930588 ] ] ] } },
{ "type": "Feature", "properties": { "fid": 1848, "Population": 9 }, "geometry": { "type": "Polygon", "coordinates": [ [ [ -8.317089690627007, 40.162011146930588 ], [ -8.31688377361098, 40.15932482816013 ], [ -8.313346179492049, 40.15932482816013 ], [ -8.313552008921082, 40.162011146930588 ], [ -8.317089690627007, 40.162011146930588 ] ] ] } },
{ "type": "Feature", "properties": { "fid": 1849, "Population": 0 }, "geometry": { "type": "Polygon", "coordinates": [ [ [ -8.402618279506905, 40.170070341937631 ], [ -8.401786032465367, 40.15932482816013 ], [ -8.398248438346434, 40.15932482816013 ], [ -8.398040535247349, 40.156638549164207 ], [ -8.390965522159522, 40.156638549164207 ], [ -8.391173250108569, 40.15932482816013 ], [ -8.387635655989635, 40.15932482816013 ], [ -8.387843324745484, 40.162011146930588 ], [ -8.391381006451407, 40.162011146930588 ], [ -8.391588791192842, 40.164697505480447 ], [ -8.395126560497728, 40.164697505480447 ], [ -8.395334461253491, 40.167383903814525 ], [ -8.398872318169316, 40.167383903814525 ], [ -8.399080334968165, 40.170070341937631 ], [ -8.402618279506905, 40.170070341937631 ] ] ] } },
{ "type": "Feature", "properties": { "fid": 1850, "Population": 2 }, "geometry": { "type": "Polygon", "coordinates": [ [ [ -8.465672322275809, 40.162011146930588 ], [ -8.465253159581678, 40.156638549164207 ], [ -8.461715653037766, 40.156638549164207 ], [ -8.462134640569886, 40.162011146930588 ], [ -8.465672322275809, 40.162011146930588 ] ] ] } },
{ "type": "Feature", "properties": { "fid": 1851, "Population": 6 }, "geometry": { "type": "Polygon", "coordinates": [ [ [ -8.543289797222679, 40.15932482816013 ], [ -8.543078303547745, 40.156638549164207 ], [ -8.539540797003832, 40.156638549164207 ], [ -8.539752203103747, 40.15932482816013 ], [ -8.543289797222679, 40.15932482816013 ] ] ] } },
{ "type": "Feature", "properties": { "fid": 1852, "Population": 16 }, "geometry": { "type": "Polygon", "coordinates": [ [ [ -8.539752203103747, 40.15932482816013 ], [ -8.539540797003832, 40.156638549164207 ], [ -8.53600329045992, 40.156638549164207 ], [ -8.536214608984814, 40.15932482816013 ], [ -8.539752203103747, 40.15932482816013 ] ] ] } },
{ "type": "Feature", "properties": { "fid": 1853, "Population": 1 }, "geometry": { "type": "Polygon", "coordinates": [ [ [ -8.532677014865881, 40.15932482816013 ], [ -8.53246578391601, 40.156638549164207 ], [ -8.528928277372096, 40.156638549164207 ], [ -8.529139420746947, 40.15932482816013 ], [ -8.532677014865881, 40.15932482816013 ] ] ] } },
{ "type": "Feature", "properties": { "fid": 1854, "Population": 11 }, "geometry": { "type": "Polygon", "coordinates": [ [ [ -8.529139420746947, 40.15932482816013 ], [ -8.528928277372096, 40.156638549164207 ], [ -8.525390770828183, 40.156638549164207 ], [ -8.525601826628016, 40.15932482816013 ], [ -8.529139420746947, 40.15932482816013 ] ] ] } },
{ "type": "Feature", "properties": { "fid": 1855, "Population": 14 }, "geometry": { "type": "Polygon", "coordinates": [ [ [ -8.525601826628016, 40.15932482816013 ], [ -8.525390770828183, 40.156638549164207 ], [ -8.521853264284271, 40.156638549164207 ], [ -8.522064232509083, 40.15932482816013 ], [ -8.525601826628016, 40.15932482816013 ] ] ] } },
{ "type": "Feature", "properties": { "fid": 1856, "Population": 3 }, "geometry": { "type": "Polygon", "coordinates": [ [ [ -8.508124502746895, 40.162011146930588 ], [ -8.507913856033351, 40.15932482816013 ], [ -8.511451450152283, 40.15932482816013 ], [ -8.511240744652536, 40.156638549164207 ], [ -8.504165731564711, 40.156638549164207 ], [ -8.504586821040972, 40.162011146930588 ], [ -8.508124502746895, 40.162011146930588 ] ] ] } },
{ "type": "Feature", "properties": { "fid": 1857, "Population": 1 }, "geometry": { "type": "Polygon", "coordinates": [ [ [ -8.46900032072509, 40.15932482816013 ], [ -8.468790666125589, 40.156638549164207 ], [ -8.465253159581678, 40.156638549164207 ], [ -8.465462726606157, 40.15932482816013 ], [ -8.46900032072509, 40.15932482816013 ] ] ] } },
{ "type": "Feature", "properties": { "fid": 1858, "Population": 1 }, "geometry": { "type": "Polygon", "coordinates": [ [ [ -8.461925132487224, 40.15932482816013 ], [ -8.461715653037766, 40.156638549164207 ], [ -8.458178146493854, 40.156638549164207 ], [ -8.458387538368292, 40.15932482816013 ], [ -8.461925132487224, 40.15932482816013 ] ] ] } },
{ "type": "Feature", "properties": { "fid": 1859, "Population": 1 }, "geometry": { "type": "Polygon", "coordinates": [ [ [ -8.451312350130426, 40.15932482816013 ], [ -8.451103133406029, 40.156638549164207 ], [ -8.444028120318205, 40.156638549164207 ], [ -8.444237161892561, 40.15932482816013 ], [ -8.451312350130426, 40.15932482816013 ] ] ] } },
{ "type": "Feature", "properties": { "fid": 1860, "Population": 25 }, "geometry": { "type": "Polygon", "coordinates": [ [ [ -8.437161973654694, 40.15932482816013 ], [ -8.436953107230382, 40.156638549164207 ], [ -8.43341560068647, 40.156638549164207 ], [ -8.433624379535761, 40.15932482816013 ], [ -8.437161973654694, 40.15932482816013 ] ] ] } },
{ "type": "Feature", "properties": { "fid": 1861, "Population": 137 }, "geometry": { "type": "Polygon", "coordinates": [ [ [ -8.433624379535761, 40.15932482816013 ], [ -8.43341560068647, 40.156638549164207 ], [ -8.429878094142556, 40.156638549164207 ], [ -8.43008678541683, 40.15932482816013 ], [ -8.433624379535761, 40.15932482816013 ] ] ] } },
{ "type": "Feature", "properties": { "fid": 1862, "Population": 19 }, "geometry": { "type": "Polygon", "coordinates": [ [ [ -8.43008678541683, 40.15932482816013 ], [ -8.429878094142556, 40.156638549164207 ], [ -8.426340587598645, 40.156638549164207 ], [ -8.426549191297896, 40.15932482816013 ], [ -8.43008678541683, 40.15932482816013 ] ] ] } },
{ "type": "Feature", "properties": { "fid": 1863, "Population": 1 }, "geometry": { "type": "Polygon", "coordinates": [ [ [ -8.426549191297896, 40.15932482816013 ], [ -8.426340587598645, 40.156638549164207 ], [ -8.422803081054733, 40.156638549164207 ], [ -8.423011597178965, 40.15932482816013 ], [ -8.426549191297896, 40.15932482816013 ] ] ] } },
{ "type": "Feature", "properties": { "fid": 1864, "Population": 30 }, "geometry": { "type": "Polygon", "coordinates": [ [ [ -8.423011597178965, 40.15932482816013 ], [ -8.422803081054733, 40.156638549164207 ], [ -8.41926557451082, 40.156638549164207 ], [ -8.41947400306003, 40.15932482816013 ], [ -8.423011597178965, 40.15932482816013 ] ] ] } },
{ "type": "Feature", "properties": { "fid": 1865, "Population": 49 }, "geometry": { "type": "Polygon", "coordinates": [ [ [ -8.41947400306003, 40.15932482816013 ], [ -8.41926557451082, 40.156638549164207 ], [ -8.415728067966908, 40.156638549164207 ], [ -8.415936408941098, 40.15932482816013 ], [ -8.41947400306003, 40.15932482816013 ] ] ] } },
{ "type": "Feature", "properties": { "fid": 1866, "Population": 6 }, "geometry": { "type": "Polygon", "coordinates": [ [ [ -8.415936408941098, 40.15932482816013 ], [ -8.415728067966908, 40.156638549164207 ], [ -8.412190561422996, 40.156638549164207 ], [ -8.412398814822165, 40.15932482816013 ], [ -8.415936408941098, 40.15932482816013 ] ] ] } },
{ "type": "Feature", "properties": { "fid": 1867, "Population": 7 }, "geometry": { "type": "Polygon", "coordinates": [ [ [ -8.401786032465367, 40.15932482816013 ], [ -8.401578041791259, 40.156638549164207 ], [ -8.398040535247349, 40.156638549164207 ], [ -8.398248438346434, 40.15932482816013 ], [ -8.401786032465367, 40.15932482816013 ] ] ] } },
{ "type": "Feature", "properties": { "fid": 1868, "Population": 1 }, "geometry": { "type": "Polygon", "coordinates": [ [ [ -8.391173250108569, 40.15932482816013 ], [ -8.390965522159522, 40.156638549164207 ], [ -8.38742801561561, 40.156638549164207 ], [ -8.387635655989635, 40.15932482816013 ], [ -8.391173250108569, 40.15932482816013 ] ] ] } },
{ "type": "Feature", "properties": { "fid": 1869, "Population": 5 }, "geometry": { "type": "Polygon", "coordinates": [ [ [ -8.387635655989635, 40.15932482816013 ], [ -8.38742801561561, 40.156638549164207 ], [ -8.3838905090717, 40.156638549164207 ], [ -8.384098061870702, 40.15932482816013 ], [ -8.387635655989635, 40.15932482816013 ] ] ] } },
{ "type": "Feature", "properties": { "fid": 1870, "Population": 16 }, "geometry": { "type": "Polygon", "coordinates": [ [ [ -8.384098061870702, 40.15932482816013 ], [ -8.3838905090717, 40.156638549164207 ], [ -8.380353002527787, 40.156638549164207 ], [ -8.380560467751771, 40.15932482816013 ], [ -8.384098061870702, 40.15932482816013 ] ] ] } },
{ "type": "Feature", "properties": { "fid": 1871, "Population": 1 }, "geometry": { "type": "Polygon", "coordinates": [ [ [ -8.380560467751771, 40.15932482816013 ], [ -8.380353002527787, 40.156638549164207 ], [ -8.376815495983875, 40.156638549164207 ], [ -8.377022873632837, 40.15932482816013 ], [ -8.380560467751771, 40.15932482816013 ] ] ] } },
{ "type": "Feature", "properties": { "fid": 1872, "Population": 3 }, "geometry": { "type": "Polygon", "coordinates": [ [ [ -8.377022873632837, 40.15932482816013 ], [ -8.376815495983875, 40.156638549164207 ], [ -8.36974048289605, 40.156638549164207 ], [ -8.369947685394971, 40.15932482816013 ], [ -8.377022873632837, 40.15932482816013 ] ] ] } },
{ "type": "Feature", "properties": { "fid": 1873, "Population": 67 }, "geometry": { "type": "Polygon", "coordinates": [ [ [ -8.369947685394971, 40.15932482816013 ], [ -8.36974048289605, 40.156638549164207 ], [ -8.366202976352138, 40.156638549164207 ], [ -8.366410091276039, 40.15932482816013 ], [ -8.369947685394971, 40.15932482816013 ] ] ] } },
{ "type": "Feature", "properties": { "fid": 1874, "Population": 132 }, "geometry": { "type": "Polygon", "coordinates": [ [ [ -8.366410091276039, 40.15932482816013 ], [ -8.366202976352138, 40.156638549164207 ], [ -8.362665469808226, 40.156638549164207 ], [ -8.362872497157106, 40.15932482816013 ], [ -8.366410091276039, 40.15932482816013 ] ] ] } },
{ "type": "Feature", "properties": { "fid": 1875, "Population": 2 }, "geometry": { "type": "Polygon", "coordinates": [ [ [ -8.362872497157106, 40.15932482816013 ], [ -8.362665469808226, 40.156638549164207 ], [ -8.359127963264314, 40.156638549164207 ], [ -8.359334903038175, 40.15932482816013 ], [ -8.362872497157106, 40.15932482816013 ] ] ] } },
{ "type": "Feature", "properties": { "fid": 1876, "Population": 52 }, "geometry": { "type": "Polygon", "coordinates": [ [ [ -8.359334903038175, 40.15932482816013 ], [ -8.359127963264314, 40.156638549164207 ], [ -8.355590456720403, 40.156638549164207 ], [ -8.355797308919239, 40.15932482816013 ], [ -8.359334903038175, 40.15932482816013 ] ] ] } },
{ "type": "Feature", "properties": { "fid": 1877, "Population": 15 }, "geometry": { "type": "Polygon", "coordinates": [ [ [ -8.355797308919239, 40.15932482816013 ], [ -8.355590456720403, 40.156638549164207 ], [ -8.352052950176489, 40.156638549164207 ], [ -8.352259714800308, 40.15932482816013 ], [ -8.355797308919239, 40.15932482816013 ] ] ] } },
{ "type": "Feature", "properties": { "fid": 1878, "Population": 6 }, "geometry": { "type": "Polygon", "coordinates": [ [ [ -8.352259714800308, 40.15932482816013 ], [ -8.352052950176489, 40.156638549164207 ], [ -8.348515443632577, 40.156638549164207 ], [ -8.348722120681375, 40.15932482816013 ], [ -8.352259714800308, 40.15932482816013 ] ] ] } },
{ "type": "Feature", "properties": { "fid": 1879, "Population": 15 }, "geometry": { "type": "Polygon", "coordinates": [ [ [ -8.348722120681375, 40.15932482816013 ], [ -8.348515443632577, 40.156638549164207 ], [ -8.344977937088666, 40.156638549164207 ], [ -8.345184526562443, 40.15932482816013 ], [ -8.348722120681375, 40.15932482816013 ] ] ] } },
{ "type": "Feature", "properties": { "fid": 1880, "Population": 14 }, "geometry": { "type": "Polygon", "coordinates": [ [ [ -8.345184526562443, 40.15932482816013 ], [ -8.344977937088666, 40.156638549164207 ], [ -8.341440430544754, 40.156638549164207 ], [ -8.34164693244351, 40.15932482816013 ], [ -8.345184526562443, 40.15932482816013 ] ] ] } },
{ "type": "Feature", "properties": { "fid": 1881, "Population": 13 }, "geometry": { "type": "Polygon", "coordinates": [ [ [ -8.34164693244351, 40.15932482816013 ], [ -8.341440430544754, 40.156638549164207 ], [ -8.337902924000842, 40.156638549164207 ], [ -8.338109338324577, 40.15932482816013 ], [ -8.34164693244351, 40.15932482816013 ] ] ] } },
{ "type": "Feature", "properties": { "fid": 1882, "Population": 59 }, "geometry": { "type": "Polygon", "coordinates": [ [ [ -8.338109338324577, 40.15932482816013 ], [ -8.337902924000842, 40.156638549164207 ], [ -8.334365417456929, 40.156638549164207 ], [ -8.334571744205643, 40.15932482816013 ], [ -8.338109338324577, 40.15932482816013 ] ] ] } },
{ "type": "Feature", "properties": { "fid": 1883, "Population": 9 }, "geometry": { "type": "Polygon", "coordinates": [ [ [ -8.334571744205643, 40.15932482816013 ], [ -8.334365417456929, 40.156638549164207 ], [ -8.330827910913017, 40.156638549164207 ], [ -8.331034150086712, 40.15932482816013 ], [ -8.334571744205643, 40.15932482816013 ] ] ] } },
{ "type": "Feature", "properties": { "fid": 1884, "Population": 10 }, "geometry": { "type": "Polygon", "coordinates": [ [ [ -8.331034150086712, 40.15932482816013 ], [ -8.330827910913017, 40.156638549164207 ], [ -8.327290404369105, 40.156638549164207 ], [ -8.327496555967778, 40.15932482816013 ], [ -8.331034150086712, 40.15932482816013 ] ] ] } },
{ "type": "Feature", "properties": { "fid": 1885, "Population": 40 }, "geometry": { "type": "Polygon", "coordinates": [ [ [ -8.327496555967778, 40.15932482816013 ], [ -8.327290404369105, 40.156638549164207 ], [ -8.323752897825193, 40.156638549164207 ], [ -8.323958961848845, 40.15932482816013 ], [ -8.327496555967778, 40.15932482816013 ] ] ] } },
{ "type": "Feature", "properties": { "fid": 1886, "Population": 22 }, "geometry": { "type": "Polygon", "coordinates": [ [ [ -8.323958961848845, 40.15932482816013 ], [ -8.323752897825193, 40.156638549164207 ], [ -8.320215391281282, 40.156638549164207 ], [ -8.320421367729914, 40.15932482816013 ], [ -8.323958961848845, 40.15932482816013 ] ] ] } },
{ "type": "Feature", "properties": { "fid": 1887, "Population": 40 }, "geometry": { "type": "Polygon", "coordinates": [ [ [ -8.320421367729914, 40.15932482816013 ], [ -8.320215391281282, 40.156638549164207 ], [ -8.31667788473737, 40.156638549164207 ], [ -8.31688377361098, 40.15932482816013 ], [ -8.320421367729914, 40.15932482816013 ] ] ] } },
{ "type": "Feature", "properties": { "fid": 1888, "Population": 89 }, "geometry": { "type": "Polygon", "coordinates": [ [ [ -8.31688377361098, 40.15932482816013 ], [ -8.31667788473737, 40.156638549164207 ], [ -8.313140378193458, 40.156638549164207 ], [ -8.313346179492049, 40.15932482816013 ], [ -8.31688377361098, 40.15932482816013 ] ] ] } },
{ "type": "Feature", "properties": { "fid": 1889, "Population": 34 }, "geometry": { "type": "Polygon", "coordinates": [ [ [ -8.313346179492049, 40.15932482816013 ], [ -8.313140378193458, 40.156638549164207 ], [ -8.309602871649545, 40.156638549164207 ], [ -8.309808585373116, 40.15932482816013 ], [ -8.313346179492049, 40.15932482816013 ] ] ] } },
{ "type": "Feature", "properties": { "fid": 1890, "Population": 15 }, "geometry": { "type": "Polygon", "coordinates": [ [ [ -8.536214608984814, 40.15932482816013 ], [ -8.535792000814723, 40.153952309938006 ], [ -8.532254581833863, 40.153952309938006 ], [ -8.532677014865881, 40.15932482816013 ], [ -8.536214608984814, 40.15932482816013 ] ] ] } },
{ "type": "Feature", "properties": { "fid": 1891, "Population": 2 }, "geometry": { "type": "Polygon", "coordinates": [ [ [ -8.539540797003832, 40.156638549164207 ], [ -8.539329419795584, 40.153952309938006 ], [ -8.535792000814723, 40.153952309938006 ], [ -8.53600329045992, 40.156638549164207 ], [ -8.539540797003832, 40.156638549164207 ] ] ] } },
{ "type": "Feature", "properties": { "fid": 1892, "Population": 2 }, "geometry": { "type": "Polygon", "coordinates": [ [ [ -8.53246578391601, 40.156638549164207 ], [ -8.532254581833863, 40.153952309938006 ], [ -8.528717162853006, 40.153952309938006 ], [ -8.528928277372096, 40.156638549164207 ], [ -8.53246578391601, 40.156638549164207 ] ] ] } },
{ "type": "Feature", "properties": { "fid": 1893, "Population": 17 }, "geometry": { "type": "Polygon", "coordinates": [ [ [ -8.528928277372096, 40.156638549164207 ], [ -8.528717162853006, 40.153952309938006 ], [ -8.525179743872146, 40.153952309938006 ], [ -8.525390770828183, 40.156638549164207 ], [ -8.528928277372096, 40.156638549164207 ] ] ] } },
{ "type": "Feature", "properties": { "fid": 1894, "Population": 7 }, "geometry": { "type": "Polygon", "coordinates": [ [ [ -8.518315757740361, 40.156638549164207 ], [ -8.518104905910425, 40.153952309938006 ], [ -8.514567486929565, 40.153952309938006 ], [ -8.514778251196448, 40.156638549164207 ], [ -8.518315757740361, 40.156638549164207 ] ] ] } },
{ "type": "Feature", "properties": { "fid": 1895, "Population": 14 }, "geometry": { "type": "Polygon", "coordinates": [ [ [ -8.514778251196448, 40.156638549164207 ], [ -8.514567486929565, 40.153952309938006 ], [ -8.511030067948706, 40.153952309938006 ], [ -8.511240744652536, 40.156638549164207 ], [ -8.514778251196448, 40.156638549164207 ] ] ] } },
{ "type": "Feature", "properties": { "fid": 1896, "Population": 1 }, "geometry": { "type": "Polygon", "coordinates": [ [ [ -8.472328172669503, 40.156638549164207 ], [ -8.472118459159248, 40.153952309938006 ], [ -8.468581040178389, 40.153952309938006 ], [ -8.468790666125589, 40.156638549164207 ], [ -8.472328172669503, 40.156638549164207 ] ] ] } },
{ "type": "Feature", "properties": { "fid": 1897, "Population": 3 }, "geometry": { "type": "Polygon", "coordinates": [ [ [ -8.468790666125589, 40.156638549164207 ], [ -8.468581040178389, 40.153952309938006 ], [ -8.465043621197529, 40.153952309938006 ], [ -8.465253159581678, 40.156638549164207 ], [ -8.468790666125589, 40.156638549164207 ] ] ] } },
{ "type": "Feature", "properties": { "fid": 1898, "Population": 27 }, "geometry": { "type": "Polygon", "coordinates": [ [ [ -8.465253159581678, 40.156638549164207 ], [ -8.465043621197529, 40.153952309938006 ], [ -8.461506202216668, 40.153952309938006 ], [ -8.461715653037766, 40.156638549164207 ], [ -8.465253159581678, 40.156638549164207 ] ] ] } },
{ "type": "Feature", "properties": { "fid": 1899, "Population": 4 }, "geometry": { "type": "Polygon", "coordinates": [ [ [ -8.461715653037766, 40.156638549164207 ], [ -8.461506202216668, 40.153952309938006 ], [ -8.457968783235808, 40.153952309938006 ], [ -8.458178146493854, 40.156638549164207 ], [ -8.461715653037766, 40.156638549164207 ] ] ] } },
{ "type": "Feature", "properties": { "fid": 1900, "Population": 2 }, "geometry": { "type": "Polygon", "coordinates": [ [ [ -8.436953107230382, 40.156638549164207 ], [ -8.436744269350649, 40.153952309938006 ], [ -8.433206850369789, 40.153952309938006 ], [ -8.43341560068647, 40.156638549164207 ], [ -8.436953107230382, 40.156638549164207 ] ] ] } },
{ "type": "Feature", "properties": { "fid": 1901, "Population": 63 }, "geometry": { "type": "Polygon", "coordinates": [ [ [ -8.43341560068647, 40.156638549164207 ], [ -8.433206850369789, 40.153952309938006 ], [ -8.429669431388929, 40.153952309938006 ], [ -8.429878094142556, 40.156638549164207 ], [ -8.43341560068647, 40.156638549164207 ] ] ] } },
{ "type": "Feature", "properties": { "fid": 1902, "Population": 2 }, "geometry": { "type": "Polygon", "coordinates": [ [ [ -8.429878094142556, 40.156638549164207 ], [ -8.429669431388929, 40.153952309938006 ], [ -8.426132012408068, 40.153952309938006 ], [ -8.426340587598645, 40.156638549164207 ], [ -8.429878094142556, 40.156638549164207 ] ] ] } },
{ "type": "Feature", "properties": { "fid": 1903, "Population": 21 }, "geometry": { "type": "Polygon", "coordinates": [ [ [ -8.41926557451082, 40.156638549164207 ], [ -8.419057174446349, 40.153952309938006 ], [ -8.415519755465491, 40.153952309938006 ], [ -8.415728067966908, 40.156638549164207 ], [ -8.41926557451082, 40.156638549164207 ] ] ] } },
{ "type": "Feature", "properties": { "fid": 1904, "Population": 5 }, "geometry": { "type": "Polygon", "coordinates": [ [ [ -8.415728067966908, 40.156638549164207 ], [ -8.415519755465491, 40.153952309938006 ], [ -8.41198233648463, 40.153952309938006 ], [ -8.412190561422996, 40.156638549164207 ], [ -8.415728067966908, 40.156638549164207 ] ] ] } },
{ "type": "Feature", "properties": { "fid": 1905, "Population": 13 }, "geometry": { "type": "Polygon", "coordinates": [ [ [ -8.401578041791259, 40.156638549164207 ], [ -8.401370079542051, 40.153952309938006 ], [ -8.397832660561191, 40.153952309938006 ], [ -8.398040535247349, 40.156638549164207 ], [ -8.401578041791259, 40.156638549164207 ] ] ] } },
{ "type": "Feature", "properties": { "fid": 1906, "Population": 18 }, "geometry": { "type": "Polygon", "coordinates": [ [ [ -8.398040535247349, 40.156638549164207 ], [ -8.397832660561191, 40.153952309938006 ], [ -8.39429524158033, 40.153952309938006 ], [ -8.394503028703436, 40.156638549164207 ], [ -8.398040535247349, 40.156638549164207 ] ] ] } },
{ "type": "Feature", "properties": { "fid": 1907, "Population": 14 }, "geometry": { "type": "Polygon", "coordinates": [ [ [ -8.394503028703436, 40.156638549164207 ], [ -8.39429524158033, 40.153952309938006 ], [ -8.390757822599472, 40.153952309938006 ], [ -8.390965522159522, 40.156638549164207 ], [ -8.394503028703436, 40.156638549164207 ] ] ] } },
{ "type": "Feature", "properties": { "fid": 1908, "Population": 17 }, "geometry": { "type": "Polygon", "coordinates": [ [ [ -8.390965522159522, 40.156638549164207 ], [ -8.390757822599472, 40.153952309938006 ], [ -8.387220403618612, 40.153952309938006 ], [ -8.38742801561561, 40.156638549164207 ], [ -8.390965522159522, 40.156638549164207 ] ] ] } },
{ "type": "Feature", "properties": { "fid": 1909, "Population": 0 }, "geometry": { "type": "Polygon", "coordinates": [ [ [ -8.38742801561561, 40.156638549164207 ], [ -8.387220403618612, 40.153952309938006 ], [ -8.383682984637751, 40.153952309938006 ], [ -8.3838905090717, 40.156638549164207 ], [ -8.38742801561561, 40.156638549164207 ] ] ] } },
{ "type": "Feature", "properties": { "fid": 1910, "Population": 27 }, "geometry": { "type": "Polygon", "coordinates": [ [ [ -8.3838905090717, 40.156638549164207 ], [ -8.383682984637751, 40.153952309938006 ], [ -8.380145565656891, 40.153952309938006 ], [ -8.380353002527787, 40.156638549164207 ], [ -8.3838905090717, 40.156638549164207 ] ] ] } },
{ "type": "Feature", "properties": { "fid": 1911, "Population": 4 }, "geometry": { "type": "Polygon", "coordinates": [ [ [ -8.380353002527787, 40.156638549164207 ], [ -8.380145565656891, 40.153952309938006 ], [ -8.376608146676032, 40.153952309938006 ], [ -8.376815495983875, 40.156638549164207 ], [ -8.380353002527787, 40.156638549164207 ] ] ] } },
{ "type": "Feature", "properties": { "fid": 1912, "Population": 2 }, "geometry": { "type": "Polygon", "coordinates": [ [ [ -8.376815495983875, 40.156638549164207 ], [ -8.376608146676032, 40.153952309938006 ], [ -8.373070727695172, 40.153952309938006 ], [ -8.373277989439963, 40.156638549164207 ], [ -8.376815495983875, 40.156638549164207 ] ] ] } },
{ "type": "Feature", "properties": { "fid": 1913, "Population": 2 }, "geometry": { "type": "Polygon", "coordinates": [ [ [ -8.366202976352138, 40.156638549164207 ], [ -8.365995889733451, 40.153952309938006 ], [ -8.362458470752593, 40.153952309938006 ], [ -8.362665469808226, 40.156638549164207 ], [ -8.366202976352138, 40.156638549164207 ] ] ] } },
{ "type": "Feature", "properties": { "fid": 1914, "Population": 22 }, "geometry": { "type": "Polygon", "coordinates": [ [ [ -8.355590456720403, 40.156638549164207 ], [ -8.355383632790874, 40.153952309938006 ], [ -8.351846213810013, 40.153952309938006 ], [ -8.352052950176489, 40.156638549164207 ], [ -8.355590456720403, 40.156638549164207 ] ] ] } },
{ "type": "Feature", "properties": { "fid": 1915, "Population": 13 }, "geometry": { "type": "Polygon", "coordinates": [ [ [ -8.352052950176489, 40.156638549164207 ], [ -8.351846213810013, 40.153952309938006 ], [ -8.348308794829153, 40.153952309938006 ], [ -8.348515443632577, 40.156638549164207 ], [ -8.352052950176489, 40.156638549164207 ] ] ] } },
{ "type": "Feature", "properties": { "fid": 1916, "Population": 28 }, "geometry": { "type": "Polygon", "coordinates": [ [ [ -8.348515443632577, 40.156638549164207 ], [ -8.348308794829153, 40.153952309938006 ], [ -8.344771375848294, 40.153952309938006 ], [ -8.344977937088666, 40.156638549164207 ], [ -8.348515443632577, 40.156638549164207 ] ] ] } },
{ "type": "Feature", "properties": { "fid": 1917, "Population": 11 }, "geometry": { "type": "Polygon", "coordinates": [ [ [ -8.344977937088666, 40.156638549164207 ], [ -8.344771375848294, 40.153952309938006 ], [ -8.341233956867434, 40.153952309938006 ], [ -8.341440430544754, 40.156638549164207 ], [ -8.344977937088666, 40.156638549164207 ] ] ] } },
{ "type": "Feature", "properties": { "fid": 1918, "Population": 6 }, "geometry": { "type": "Polygon", "coordinates": [ [ [ -8.341440430544754, 40.156638549164207 ], [ -8.341233956867434, 40.153952309938006 ], [ -8.337696537886574, 40.153952309938006 ], [ -8.337902924000842, 40.156638549164207 ], [ -8.341440430544754, 40.156638549164207 ] ] ] } },
{ "type": "Feature", "properties": { "fid": 1919, "Population": 14 }, "geometry": { "type": "Polygon", "coordinates": [ [ [ -8.337902924000842, 40.156638549164207 ], [ -8.337696537886574, 40.153952309938006 ], [ -8.334159118905713, 40.153952309938006 ], [ -8.334365417456929, 40.156638549164207 ], [ -8.337902924000842, 40.156638549164207 ] ] ] } },
{ "type": "Feature", "properties": { "fid": 1920, "Population": 26 }, "geometry": { "type": "Polygon", "coordinates": [ [ [ -8.334365417456929, 40.156638549164207 ], [ -8.334159118905713, 40.153952309938006 ], [ -8.330621699924855, 40.153952309938006 ], [ -8.330827910913017, 40.156638549164207 ], [ -8.334365417456929, 40.156638549164207 ] ] ] } },
{ "type": "Feature", "properties": { "fid": 1921, "Population": 14 }, "geometry": { "type": "Polygon", "coordinates": [ [ [ -8.330827910913017, 40.156638549164207 ], [ -8.330621699924855, 40.153952309938006 ], [ -8.327084280943994, 40.153952309938006 ], [ -8.327290404369105, 40.156638549164207 ], [ -8.330827910913017, 40.156638549164207 ] ] ] } },
{ "type": "Feature", "properties": { "fid": 1922, "Population": 17 }, "geometry": { "type": "Polygon", "coordinates": [ [ [ -8.327290404369105, 40.156638549164207 ], [ -8.327084280943994, 40.153952309938006 ], [ -8.323546861963134, 40.153952309938006 ], [ -8.323752897825193, 40.156638549164207 ], [ -8.327290404369105, 40.156638549164207 ] ] ] } },
{ "type": "Feature", "properties": { "fid": 1923, "Population": 13 }, "geometry": { "type": "Polygon", "coordinates": [ [ [ -8.323752897825193, 40.156638549164207 ], [ -8.323546861963134, 40.153952309938006 ], [ -8.316472024001417, 40.153952309938006 ], [ -8.31667788473737, 40.156638549164207 ], [ -8.323752897825193, 40.156638549164207 ] ] ] } },
{ "type": "Feature", "properties": { "fid": 1924, "Population": 12 }, "geometry": { "type": "Polygon", "coordinates": [ [ [ -8.31667788473737, 40.156638549164207 ], [ -8.316472024001417, 40.153952309938006 ], [ -8.312934605020557, 40.153952309938006 ], [ -8.313140378193458, 40.156638549164207 ], [ -8.31667788473737, 40.156638549164207 ] ] ] } },
{ "type": "Feature", "properties": { "fid": 1925, "Population": 3 }, "geometry": { "type": "Polygon", "coordinates": [ [ [ -8.313140378193458, 40.156638549164207 ], [ -8.312934605020557, 40.153952309938006 ], [ -8.309397186039696, 40.153952309938006 ], [ -8.309602871649545, 40.156638549164207 ], [ -8.313140378193458, 40.156638549164207 ] ] ] } },
{ "type": "Feature", "properties": { "fid": 1926, "Population": 1 }, "geometry": { "type": "Polygon", "coordinates": [ [ [ -8.525390770828183, 40.156638549164207 ], [ -8.524968745755025, 40.151266110476712 ], [ -8.521431414325251, 40.151266110476712 ], [ -8.521853264284271, 40.156638549164207 ], [ -8.525390770828183, 40.156638549164207 ] ] ] } },
{ "type": "Feature", "properties": { "fid": 1927, "Population": 6 }, "geometry": { "type": "Polygon", "coordinates": [ [ [ -8.535792000814723, 40.153952309938006 ], [ -8.535580740044347, 40.151266110476712 ], [ -8.532043408614573, 40.151266110476712 ], [ -8.532254581833863, 40.153952309938006 ], [ -8.535792000814723, 40.153952309938006 ] ] ] } },
{ "type": "Feature", "properties": { "fid": 1928, "Population": 12 }, "geometry": { "type": "Polygon", "coordinates": [ [ [ -8.532254581833863, 40.153952309938006 ], [ -8.532043408614573, 40.151266110476712 ], [ -8.528506077184799, 40.151266110476712 ], [ -8.528717162853006, 40.153952309938006 ], [ -8.532254581833863, 40.153952309938006 ] ] ] } },
{ "type": "Feature", "properties": { "fid": 1929, "Population": 5 }, "geometry": { "type": "Polygon", "coordinates": [ [ [ -8.528717162853006, 40.153952309938006 ], [ -8.528506077184799, 40.151266110476712 ], [ -8.524968745755025, 40.151266110476712 ], [ -8.525179743872146, 40.153952309938006 ], [ -8.528717162853006, 40.153952309938006 ] ] ] } },
{ "type": "Feature", "properties": { "fid": 1930, "Population": 32 }, "geometry": { "type": "Polygon", "coordinates": [ [ [ -8.521642324891285, 40.153952309938006 ], [ -8.521431414325251, 40.151266110476712 ], [ -8.517894082895477, 40.151266110476712 ], [ -8.518104905910425, 40.153952309938006 ], [ -8.521642324891285, 40.153952309938006 ] ] ] } },
{ "type": "Feature", "properties": { "fid": 1931, "Population": 52 }, "geometry": { "type": "Polygon", "coordinates": [ [ [ -8.518104905910425, 40.153952309938006 ], [ -8.517894082895477, 40.151266110476712 ], [ -8.514356751465703, 40.151266110476712 ], [ -8.514567486929565, 40.153952309938006 ], [ -8.518104905910425, 40.153952309938006 ] ] ] } },
{ "type": "Feature", "properties": { "fid": 1932, "Population": 5 }, "geometry": { "type": "Polygon", "coordinates": [ [ [ -8.514567486929565, 40.153952309938006 ], [ -8.514356751465703, 40.151266110476712 ], [ -8.510819420035929, 40.151266110476712 ], [ -8.511030067948706, 40.153952309938006 ], [ -8.514567486929565, 40.153952309938006 ] ] ] } },
{ "type": "Feature", "properties": { "fid": 1933, "Population": 1 }, "geometry": { "type": "Polygon", "coordinates": [ [ [ -8.496880392025266, 40.153952309938006 ], [ -8.496670094316835, 40.151266110476712 ], [ -8.493132762887061, 40.151266110476712 ], [ -8.493342973044406, 40.153952309938006 ], [ -8.496880392025266, 40.153952309938006 ] ] ] } },
{ "type": "Feature", "properties": { "fid": 1934, "Population": 1 }, "geometry": { "type": "Polygon", "coordinates": [ [ [ -8.489805554063546, 40.153952309938006 ], [ -8.489595431457287, 40.151266110476712 ], [ -8.486058100027511, 40.151266110476712 ], [ -8.486268135082685, 40.153952309938006 ], [ -8.489805554063546, 40.153952309938006 ] ] ] } },
{ "type": "Feature", "properties": { "fid": 1935, "Population": 2 }, "geometry": { "type": "Polygon", "coordinates": [ [ [ -8.472118459159248, 40.153952309938006 ], [ -8.471908774308417, 40.151266110476712 ], [ -8.468371442878643, 40.151266110476712 ], [ -8.468581040178389, 40.153952309938006 ], [ -8.472118459159248, 40.153952309938006 ] ] ] } },
{ "type": "Feature", "properties": { "fid": 1936, "Population": 28 }, "geometry": { "type": "Polygon", "coordinates": [ [ [ -8.468581040178389, 40.153952309938006 ], [ -8.468371442878643, 40.151266110476712 ], [ -8.464834111448869, 40.151266110476712 ], [ -8.465043621197529, 40.153952309938006 ], [ -8.468581040178389, 40.153952309938006 ] ] ] } },
{ "type": "Feature", "properties": { "fid": 1937, "Population": 51 }, "geometry": { "type": "Polygon", "coordinates": [ [ [ -8.465043621197529, 40.153952309938006 ], [ -8.464834111448869, 40.151266110476712 ], [ -8.461296780019095, 40.151266110476712 ], [ -8.461506202216668, 40.153952309938006 ], [ -8.465043621197529, 40.153952309938006 ] ] ] } },
{ "type": "Feature", "properties": { "fid": 1938, "Population": 6 }, "geometry": { "type": "Polygon", "coordinates": [ [ [ -8.461506202216668, 40.153952309938006 ], [ -8.461296780019095, 40.151266110476712 ], [ -8.457759448589321, 40.151266110476712 ], [ -8.457968783235808, 40.153952309938006 ], [ -8.461506202216668, 40.153952309938006 ] ] ] } },
{ "type": "Feature", "properties": { "fid": 1939, "Population": 1 }, "geometry": { "type": "Polygon", "coordinates": [ [ [ -8.440281688331508, 40.153952309938006 ], [ -8.440072791440452, 40.151266110476712 ], [ -8.436535460010678, 40.151266110476712 ], [ -8.436744269350649, 40.153952309938006 ], [ -8.440281688331508, 40.153952309938006 ] ] ] } },
{ "type": "Feature", "properties": { "fid": 1940, "Population": 0 }, "geometry": { "type": "Polygon", "coordinates": [ [ [ -8.436744269350649, 40.153952309938006 ], [ -8.436535460010678, 40.151266110476712 ], [ -8.432998128580905, 40.151266110476712 ], [ -8.433206850369789, 40.153952309938006 ], [ -8.436744269350649, 40.153952309938006 ] ] ] } },
{ "type": "Feature", "properties": { "fid": 1941, "Population": 39 }, "geometry": { "type": "Polygon", "coordinates": [ [ [ -8.433206850369789, 40.153952309938006 ], [ -8.432998128580905, 40.151266110476712 ], [ -8.429460797151132, 40.151266110476712 ], [ -8.429669431388929, 40.153952309938006 ], [ -8.433206850369789, 40.153952309938006 ] ] ] } },
{ "type": "Feature", "properties": { "fid": 1942, "Population": 4 }, "geometry": { "type": "Polygon", "coordinates": [ [ [ -8.429669431388929, 40.153952309938006 ], [ -8.429460797151132, 40.151266110476712 ], [ -8.425923465721356, 40.151266110476712 ], [ -8.426132012408068, 40.153952309938006 ], [ -8.429669431388929, 40.153952309938006 ] ] ] } },
{ "type": "Feature", "properties": { "fid": 1943, "Population": 7 }, "geometry": { "type": "Polygon", "coordinates": [ [ [ -8.415519755465491, 40.153952309938006 ], [ -8.415311471432034, 40.151266110476712 ], [ -8.411774140002262, 40.151266110476712 ], [ -8.41198233648463, 40.153952309938006 ], [ -8.415519755465491, 40.153952309938006 ] ] ] } },
{ "type": "Feature", "properties": { "fid": 1944, "Population": 2 }, "geometry": { "type": "Polygon", "coordinates": [ [ [ -8.41198233648463, 40.153952309938006 ], [ -8.411774140002262, 40.151266110476712 ], [ -8.408236808572488, 40.151266110476712 ], [ -8.40844491750377, 40.153952309938006 ], [ -8.41198233648463, 40.153952309938006 ] ] ] } },
{ "type": "Feature", "properties": { "fid": 1945, "Population": 28 }, "geometry": { "type": "Polygon", "coordinates": [ [ [ -8.401370079542051, 40.153952309938006 ], [ -8.40116214571294, 40.151266110476712 ], [ -8.397624814283166, 40.151266110476712 ], [ -8.397832660561191, 40.153952309938006 ], [ -8.401370079542051, 40.153952309938006 ] ] ] } },
{ "type": "Feature", "properties": { "fid": 1946, "Population": 29 }, "geometry": { "type": "Polygon", "coordinates": [ [ [ -8.397832660561191, 40.153952309938006 ], [ -8.397624814283166, 40.151266110476712 ], [ -8.394087482853392, 40.151266110476712 ], [ -8.39429524158033, 40.153952309938006 ], [ -8.397832660561191, 40.153952309938006 ] ] ] } },
{ "type": "Feature", "properties": { "fid": 1947, "Population": 18 }, "geometry": { "type": "Polygon", "coordinates": [ [ [ -8.39429524158033, 40.153952309938006 ], [ -8.394087482853392, 40.151266110476712 ], [ -8.390550151423618, 40.151266110476712 ], [ -8.390757822599472, 40.153952309938006 ], [ -8.39429524158033, 40.153952309938006 ] ] ] } },
{ "type": "Feature", "properties": { "fid": 1948, "Population": 5 }, "geometry": { "type": "Polygon", "coordinates": [ [ [ -8.390757822599472, 40.153952309938006 ], [ -8.390550151423618, 40.151266110476712 ], [ -8.387012819993844, 40.151266110476712 ], [ -8.387220403618612, 40.153952309938006 ], [ -8.390757822599472, 40.153952309938006 ] ] ] } },
{ "type": "Feature", "properties": { "fid": 1949, "Population": 1 }, "geometry": { "type": "Polygon", "coordinates": [ [ [ -8.387220403618612, 40.153952309938006 ], [ -8.387012819993844, 40.151266110476712 ], [ -8.38347548856407, 40.151266110476712 ], [ -8.383682984637751, 40.153952309938006 ], [ -8.387220403618612, 40.153952309938006 ] ] ] } },
{ "type": "Feature", "properties": { "fid": 1950, "Population": 25 }, "geometry": { "type": "Polygon", "coordinates": [ [ [ -8.383682984637751, 40.153952309938006 ], [ -8.38347548856407, 40.151266110476712 ], [ -8.379938157134296, 40.151266110476712 ], [ -8.380145565656891, 40.153952309938006 ], [ -8.383682984637751, 40.153952309938006 ] ] ] } },
{ "type": "Feature", "properties": { "fid": 1951, "Population": 2 }, "geometry": { "type": "Polygon", "coordinates": [ [ [ -8.380145565656891, 40.153952309938006 ], [ -8.379938157134296, 40.151266110476712 ], [ -8.376400825704522, 40.151266110476712 ], [ -8.376608146676032, 40.153952309938006 ], [ -8.380145565656891, 40.153952309938006 ] ] ] } },
{ "type": "Feature", "properties": { "fid": 1952, "Population": 2 }, "geometry": { "type": "Polygon", "coordinates": [ [ [ -8.355383632790874, 40.153952309938006 ], [ -8.355176837125878, 40.151266110476712 ], [ -8.351639505696104, 40.151266110476712 ], [ -8.351846213810013, 40.153952309938006 ], [ -8.355383632790874, 40.153952309938006 ] ] ] } },
{ "type": "Feature", "properties": { "fid": 1953, "Population": 82 }, "geometry": { "type": "Polygon", "coordinates": [ [ [ -8.351846213810013, 40.153952309938006 ], [ -8.351639505696104, 40.151266110476712 ], [ -8.34810217426633, 40.151266110476712 ], [ -8.348308794829153, 40.153952309938006 ], [ -8.351846213810013, 40.153952309938006 ] ] ] } },
{ "type": "Feature", "properties": { "fid": 1954, "Population": 85 }, "geometry": { "type": "Polygon", "coordinates": [ [ [ -8.348308794829153, 40.153952309938006 ], [ -8.34810217426633, 40.151266110476712 ], [ -8.344564842836558, 40.151266110476712 ], [ -8.344771375848294, 40.153952309938006 ], [ -8.348308794829153, 40.153952309938006 ] ] ] } },
{ "type": "Feature", "properties": { "fid": 1955, "Population": 45 }, "geometry": { "type": "Polygon", "coordinates": [ [ [ -8.344771375848294, 40.153952309938006 ], [ -8.344564842836558, 40.151266110476712 ], [ -8.341027511406784, 40.151266110476712 ], [ -8.341233956867434, 40.153952309938006 ], [ -8.344771375848294, 40.153952309938006 ] ] ] } },
{ "type": "Feature", "properties": { "fid": 1956, "Population": 68 }, "geometry": { "type": "Polygon", "coordinates": [ [ [ -8.334159118905713, 40.153952309938006 ], [ -8.333952848547236, 40.151266110476712 ], [ -8.33041551711746, 40.151266110476712 ], [ -8.330621699924855, 40.153952309938006 ], [ -8.334159118905713, 40.153952309938006 ] ] ] } },
{ "type": "Feature", "properties": { "fid": 1957, "Population": 19 }, "geometry": { "type": "Polygon", "coordinates": [ [ [ -8.330621699924855, 40.153952309938006 ], [ -8.33041551711746, 40.151266110476712 ], [ -8.326878185687686, 40.151266110476712 ], [ -8.327084280943994, 40.153952309938006 ], [ -8.330621699924855, 40.153952309938006 ] ] ] } },
{ "type": "Feature", "properties": { "fid": 1958, "Population": 1 }, "geometry": { "type": "Polygon", "coordinates": [ [ [ -8.323546861963134, 40.153952309938006 ], [ -8.323340854257914, 40.151266110476712 ], [ -8.316266191398368, 40.151266110476712 ], [ -8.316472024001417, 40.153952309938006 ], [ -8.323546861963134, 40.153952309938006 ] ] ] } },
{ "type": "Feature", "properties": { "fid": 1959, "Population": 0 }, "geometry": { "type": "Polygon", "coordinates": [ [ [ -8.412398814822165, 40.15932482816013 ], [ -8.41198233648463, 40.153952309938006 ], [ -8.40844491750377, 40.153952309938006 ], [ -8.408028728080431, 40.148579950775499 ], [ -8.400954240299125, 40.148579950775499 ], [ -8.401786032465367, 40.15932482816013 ], [ -8.412398814822165, 40.15932482816013 ] ] ] } },
{ "type": "Feature", "properties": { "fid": 1960, "Population": 9 }, "geometry": { "type": "Polygon", "coordinates": [ [ [ -8.419057174446349, 40.153952309938006 ], [ -8.418640459752387, 40.148579950775499 ], [ -8.415103215861736, 40.148579950775499 ], [ -8.415519755465491, 40.153952309938006 ], [ -8.419057174446349, 40.153952309938006 ] ] ] } },
{ "type": "Feature", "properties": { "fid": 1961, "Population": 0 }, "geometry": { "type": "Polygon", "coordinates": [ [ [ -8.327084280943994, 40.153952309938006 ], [ -8.326672118595429, 40.148579950775499 ], [ -8.323134874704776, 40.148579950775499 ], [ -8.323546861963134, 40.153952309938006 ], [ -8.327084280943994, 40.153952309938006 ] ] ] } },
{ "type": "Feature", "properties": { "fid": 1962, "Population": 7 }, "geometry": { "type": "Polygon", "coordinates": [ [ [ -8.539118071474121, 40.151266110476712 ], [ -8.538906752034565, 40.148579950775499 ], [ -8.535369508143914, 40.148579950775499 ], [ -8.535580740044347, 40.151266110476712 ], [ -8.539118071474121, 40.151266110476712 ] ] ] } },
{ "type": "Feature", "properties": { "fid": 1963, "Population": 2 }, "geometry": { "type": "Polygon", "coordinates": [ [ [ -8.535580740044347, 40.151266110476712 ], [ -8.535369508143914, 40.148579950775499 ], [ -8.531832264253261, 40.148579950775499 ], [ -8.532043408614573, 40.151266110476712 ], [ -8.535580740044347, 40.151266110476712 ] ] ] } },
{ "type": "Feature", "properties": { "fid": 1964, "Population": 27 }, "geometry": { "type": "Polygon", "coordinates": [ [ [ -8.532043408614573, 40.151266110476712 ], [ -8.531832264253261, 40.148579950775499 ], [ -8.528295020362608, 40.148579950775499 ], [ -8.528506077184799, 40.151266110476712 ], [ -8.532043408614573, 40.151266110476712 ] ] ] } },
{ "type": "Feature", "properties": { "fid": 1965, "Population": 23 }, "geometry": { "type": "Polygon", "coordinates": [ [ [ -8.528506077184799, 40.151266110476712 ], [ -8.528295020362608, 40.148579950775499 ], [ -8.524757776471956, 40.148579950775499 ], [ -8.524968745755025, 40.151266110476712 ], [ -8.528506077184799, 40.151266110476712 ] ] ] } },
{ "type": "Feature", "properties": { "fid": 1966, "Population": 62 }, "geometry": { "type": "Polygon", "coordinates": [ [ [ -8.524968745755025, 40.151266110476712 ], [ -8.524757776471956, 40.148579950775499 ], [ -8.521220532581303, 40.148579950775499 ], [ -8.521431414325251, 40.151266110476712 ], [ -8.524968745755025, 40.151266110476712 ] ] ] } },
{ "type": "Feature", "properties": { "fid": 1967, "Population": 35 }, "geometry": { "type": "Polygon", "coordinates": [ [ [ -8.521431414325251, 40.151266110476712 ], [ -8.521220532581303, 40.148579950775499 ], [ -8.517683288690652, 40.148579950775499 ], [ -8.517894082895477, 40.151266110476712 ], [ -8.521431414325251, 40.151266110476712 ] ] ] } },
{ "type": "Feature", "properties": { "fid": 1968, "Population": 13 }, "geometry": { "type": "Polygon", "coordinates": [ [ [ -8.517894082895477, 40.151266110476712 ], [ -8.517683288690652, 40.148579950775499 ], [ -8.5141460448, 40.148579950775499 ], [ -8.514356751465703, 40.151266110476712 ], [ -8.517894082895477, 40.151266110476712 ] ] ] } },
{ "type": "Feature", "properties": { "fid": 1969, "Population": 1 }, "geometry": { "type": "Polygon", "coordinates": [ [ [ -8.510819420035929, 40.151266110476712 ], [ -8.510608800909345, 40.148579950775499 ], [ -8.507071557018694, 40.148579950775499 ], [ -8.507282088606155, 40.151266110476712 ], [ -8.510819420035929, 40.151266110476712 ] ] ] } },
{ "type": "Feature", "properties": { "fid": 1970, "Population": 14 }, "geometry": { "type": "Polygon", "coordinates": [ [ [ -8.471908774308417, 40.151266110476712 ], [ -8.471699118112172, 40.148579950775499 ], [ -8.46816187422152, 40.148579950775499 ], [ -8.468371442878643, 40.151266110476712 ], [ -8.471908774308417, 40.151266110476712 ] ] ] } },
{ "type": "Feature", "properties": { "fid": 1971, "Population": 49 }, "geometry": { "type": "Polygon", "coordinates": [ [ [ -8.468371442878643, 40.151266110476712 ], [ -8.46816187422152, 40.148579950775499 ], [ -8.464624630330867, 40.148579950775499 ], [ -8.464834111448869, 40.151266110476712 ], [ -8.468371442878643, 40.151266110476712 ] ] ] } },
{ "type": "Feature", "properties": { "fid": 1972, "Population": 4 }, "geometry": { "type": "Polygon", "coordinates": [ [ [ -8.464834111448869, 40.151266110476712 ], [ -8.464624630330867, 40.148579950775499 ], [ -8.461087386440214, 40.148579950775499 ], [ -8.461296780019095, 40.151266110476712 ], [ -8.464834111448869, 40.151266110476712 ] ] ] } },
{ "type": "Feature", "properties": { "fid": 1973, "Population": 1 }, "geometry": { "type": "Polygon", "coordinates": [ [ [ -8.4471474543, 40.151266110476712 ], [ -8.446938410877607, 40.148579950775499 ], [ -8.443401166986954, 40.148579950775499 ], [ -8.443610122870226, 40.151266110476712 ], [ -8.4471474543, 40.151266110476712 ] ] ] } },
{ "type": "Feature", "properties": { "fid": 1974, "Population": 34 }, "geometry": { "type": "Polygon", "coordinates": [ [ [ -8.440072791440452, 40.151266110476712 ], [ -8.439863923096301, 40.148579950775499 ], [ -8.436326679205649, 40.148579950775499 ], [ -8.436535460010678, 40.151266110476712 ], [ -8.440072791440452, 40.151266110476712 ] ] ] } },
{ "type": "Feature", "properties": { "fid": 1975, "Population": 2 }, "geometry": { "type": "Polygon", "coordinates": [ [ [ -8.436535460010678, 40.151266110476712 ], [ -8.436326679205649, 40.148579950775499 ], [ -8.432789435314996, 40.148579950775499 ], [ -8.432998128580905, 40.151266110476712 ], [ -8.436535460010678, 40.151266110476712 ] ] ] } },
{ "type": "Feature", "properties": { "fid": 1976, "Population": 10 }, "geometry": { "type": "Polygon", "coordinates": [ [ [ -8.432998128580905, 40.151266110476712 ], [ -8.432789435314996, 40.148579950775499 ], [ -8.429252191424345, 40.148579950775499 ], [ -8.429460797151132, 40.151266110476712 ], [ -8.432998128580905, 40.151266110476712 ] ] ] } },
{ "type": "Feature", "properties": { "fid": 1977, "Population": 6 }, "geometry": { "type": "Polygon", "coordinates": [ [ [ -8.425923465721356, 40.151266110476712 ], [ -8.425714947533693, 40.148579950775499 ], [ -8.422177703643039, 40.148579950775499 ], [ -8.422386134291582, 40.151266110476712 ], [ -8.425923465721356, 40.151266110476712 ] ] ] } },
{ "type": "Feature", "properties": { "fid": 1978, "Population": 20 }, "geometry": { "type": "Polygon", "coordinates": [ [ [ -8.415311471432034, 40.151266110476712 ], [ -8.415103215861736, 40.148579950775499 ], [ -8.411565971971083, 40.148579950775499 ], [ -8.411774140002262, 40.151266110476712 ], [ -8.415311471432034, 40.151266110476712 ] ] ] } },
{ "type": "Feature", "properties": { "fid": 1979, "Population": 3 }, "geometry": { "type": "Polygon", "coordinates": [ [ [ -8.411774140002262, 40.151266110476712 ], [ -8.411565971971083, 40.148579950775499 ], [ -8.408028728080431, 40.148579950775499 ], [ -8.408236808572488, 40.151266110476712 ], [ -8.411774140002262, 40.151266110476712 ] ] ] } },
{ "type": "Feature", "properties": { "fid": 1980, "Population": 15 }, "geometry": { "type": "Polygon", "coordinates": [ [ [ -8.40116214571294, 40.151266110476712 ], [ -8.400954240299125, 40.148579950775499 ], [ -8.397416996408474, 40.148579950775499 ], [ -8.397624814283166, 40.151266110476712 ], [ -8.40116214571294, 40.151266110476712 ] ] ] } },
{ "type": "Feature", "properties": { "fid": 1981, "Population": 2 }, "geometry": { "type": "Polygon", "coordinates": [ [ [ -8.397624814283166, 40.151266110476712 ], [ -8.397416996408474, 40.148579950775499 ], [ -8.393879752517821, 40.148579950775499 ], [ -8.394087482853392, 40.151266110476712 ], [ -8.397624814283166, 40.151266110476712 ] ] ] } },
{ "type": "Feature", "properties": { "fid": 1982, "Population": 1 }, "geometry": { "type": "Polygon", "coordinates": [ [ [ -8.394087482853392, 40.151266110476712 ], [ -8.393879752517821, 40.148579950775499 ], [ -8.386805264736518, 40.148579950775499 ], [ -8.387012819993844, 40.151266110476712 ], [ -8.394087482853392, 40.151266110476712 ] ] ] } },
{ "type": "Feature", "properties": { "fid": 1983, "Population": 30 }, "geometry": { "type": "Polygon", "coordinates": [ [ [ -8.351639505696104, 40.151266110476712 ], [ -8.351432825829994, 40.148579950775499 ], [ -8.347895581939342, 40.148579950775499 ], [ -8.34810217426633, 40.151266110476712 ], [ -8.351639505696104, 40.151266110476712 ] ] ] } },
{ "type": "Feature", "properties": { "fid": 1984, "Population": 13 }, "geometry": { "type": "Polygon", "coordinates": [ [ [ -8.34810217426633, 40.151266110476712 ], [ -8.347895581939342, 40.148579950775499 ], [ -8.344358338048689, 40.148579950775499 ], [ -8.344564842836558, 40.151266110476712 ], [ -8.34810217426633, 40.151266110476712 ] ] ] } },
{ "type": "Feature", "properties": { "fid": 1985, "Population": 1 }, "geometry": { "type": "Polygon", "coordinates": [ [ [ -8.344564842836558, 40.151266110476712 ], [ -8.344358338048689, 40.148579950775499 ], [ -8.340821094158038, 40.148579950775499 ], [ -8.341027511406784, 40.151266110476712 ], [ -8.344564842836558, 40.151266110476712 ] ] ] } },
{ "type": "Feature", "properties": { "fid": 1986, "Population": 1 }, "geometry": { "type": "Polygon", "coordinates": [ [ [ -8.33749017997701, 40.151266110476712 ], [ -8.337283850267386, 40.148579950775499 ], [ -8.333746606376732, 40.148579950775499 ], [ -8.333952848547236, 40.151266110476712 ], [ -8.33749017997701, 40.151266110476712 ] ] ] } },
{ "type": "Feature", "properties": { "fid": 1987, "Population": 33 }, "geometry": { "type": "Polygon", "coordinates": [ [ [ -8.333952848547236, 40.151266110476712 ], [ -8.333746606376732, 40.148579950775499 ], [ -8.33020936248608, 40.148579950775499 ], [ -8.33041551711746, 40.151266110476712 ], [ -8.333952848547236, 40.151266110476712 ] ] ] } },
{ "type": "Feature", "properties": { "fid": 1988, "Population": 2 }, "geometry": { "type": "Polygon", "coordinates": [ [ [ -8.323340854257914, 40.151266110476712 ], [ -8.323134874704776, 40.148579950775499 ], [ -8.319597630814124, 40.148579950775499 ], [ -8.31980352282814, 40.151266110476712 ], [ -8.323340854257914, 40.151266110476712 ] ] ] } },
{ "type": "Feature", "properties": { "fid": 1989, "Population": 12 }, "geometry": { "type": "Polygon", "coordinates": [ [ [ -8.443610122870226, 40.151266110476712 ], [ -8.443192239657721, 40.145893830829515 ], [ -8.439655083294229, 40.145893830829515 ], [ -8.440072791440452, 40.151266110476712 ], [ -8.443610122870226, 40.151266110476712 ] ] ] } },
{ "type": "Feature", "properties": { "fid": 1990, "Population": 76 }, "geometry": { "type": "Polygon", "coordinates": [ [ [ -8.429460797151132, 40.151266110476712 ], [ -8.429043614203749, 40.145893830829515 ], [ -8.425506457840255, 40.145893830829515 ], [ -8.425923465721356, 40.151266110476712 ], [ -8.429460797151132, 40.151266110476712 ] ] ] } },
{ "type": "Feature", "properties": { "fid": 1991, "Population": 11 }, "geometry": { "type": "Polygon", "coordinates": [ [ [ -8.33041551711746, 40.151266110476712 ], [ -8.330003236025945, 40.145893830829515 ], [ -8.326466079662453, 40.145893830829515 ], [ -8.326878185687686, 40.151266110476712 ], [ -8.33041551711746, 40.151266110476712 ] ] ] } },
{ "type": "Feature", "properties": { "fid": 1992, "Population": 0 }, "geometry": { "type": "Polygon", "coordinates": [ [ [ -8.316472024001417, 40.153952309938006 ], [ -8.316266191398368, 40.151266110476712 ], [ -8.31980352282814, 40.151266110476712 ], [ -8.319597630814124, 40.148579950775499 ], [ -8.31252314303282, 40.148579950775499 ], [ -8.312317454208481, 40.145893830829515 ], [ -8.308780297844988, 40.145893830829515 ], [ -8.309397186039696, 40.153952309938006 ], [ -8.316472024001417, 40.153952309938006 ] ] ] } },
{ "type": "Feature", "properties": { "fid": 1993, "Population": 11 }, "geometry": { "type": "Polygon", "coordinates": [ [ [ -8.535369508143914, 40.148579950775499 ], [ -8.535158305108538, 40.145893830829515 ], [ -8.531621148745044, 40.145893830829515 ], [ -8.531832264253261, 40.148579950775499 ], [ -8.535369508143914, 40.148579950775499 ] ] ] } },
{ "type": "Feature", "properties": { "fid": 1994, "Population": 23 }, "geometry": { "type": "Polygon", "coordinates": [ [ [ -8.531832264253261, 40.148579950775499 ], [ -8.531621148745044, 40.145893830829515 ], [ -8.528083992381553, 40.145893830829515 ], [ -8.528295020362608, 40.148579950775499 ], [ -8.531832264253261, 40.148579950775499 ] ] ] } },
{ "type": "Feature", "properties": { "fid": 1995, "Population": 51 }, "geometry": { "type": "Polygon", "coordinates": [ [ [ -8.528295020362608, 40.148579950775499 ], [ -8.528083992381553, 40.145893830829515 ], [ -8.524546836018059, 40.145893830829515 ], [ -8.524757776471956, 40.148579950775499 ], [ -8.528295020362608, 40.148579950775499 ] ] ] } },
{ "type": "Feature", "properties": { "fid": 1996, "Population": 7 }, "geometry": { "type": "Polygon", "coordinates": [ [ [ -8.524757776471956, 40.148579950775499 ], [ -8.524546836018059, 40.145893830829515 ], [ -8.521009679654567, 40.145893830829515 ], [ -8.521220532581303, 40.148579950775499 ], [ -8.524757776471956, 40.148579950775499 ] ] ] } },
{ "type": "Feature", "properties": { "fid": 1997, "Population": 2 }, "geometry": { "type": "Polygon", "coordinates": [ [ [ -8.471699118112172, 40.148579950775499 ], [ -8.471489490565666, 40.145893830829515 ], [ -8.467952334202172, 40.145893830829515 ], [ -8.46816187422152, 40.148579950775499 ], [ -8.471699118112172, 40.148579950775499 ] ] ] } },
{ "type": "Feature", "properties": { "fid": 1998, "Population": 4 }, "geometry": { "type": "Polygon", "coordinates": [ [ [ -8.46816187422152, 40.148579950775499 ], [ -8.467952334202172, 40.145893830829515 ], [ -8.464415177838678, 40.145893830829515 ], [ -8.464624630330867, 40.148579950775499 ], [ -8.46816187422152, 40.148579950775499 ] ] ] } },
{ "type": "Feature", "properties": { "fid": 1999, "Population": 22 }, "geometry": { "type": "Polygon", "coordinates": [ [ [ -8.464624630330867, 40.148579950775499 ], [ -8.464415177838678, 40.145893830829515 ], [ -8.460878021475187, 40.145893830829515 ], [ -8.461087386440214, 40.148579950775499 ], [ -8.464624630330867, 40.148579950775499 ] ] ] } },
{ "type": "Feature", "properties": { "fid": 2000, "Population": 5 }, "geometry": { "type": "Polygon", "coordinates": [ [ [ -8.461087386440214, 40.148579950775499 ], [ -8.460878021475187, 40.145893830829515 ], [ -8.457340865111693, 40.145893830829515 ], [ -8.457550142549563, 40.148579950775499 ], [ -8.461087386440214, 40.148579950775499 ] ] ] } },
{ "type": "Feature", "properties": { "fid": 2001, "Population": 30 }, "geometry": { "type": "Polygon", "coordinates": [ [ [ -8.439863923096301, 40.148579950775499 ], [ -8.439655083294229, 40.145893830829515 ], [ -8.436117926930734, 40.145893830829515 ], [ -8.436326679205649, 40.148579950775499 ], [ -8.439863923096301, 40.148579950775499 ] ] ] } },
{ "type": "Feature", "properties": { "fid": 2002, "Population": 1 }, "geometry": { "type": "Polygon", "coordinates": [ [ [ -8.436326679205649, 40.148579950775499 ], [ -8.436117926930734, 40.145893830829515 ], [ -8.432580770567242, 40.145893830829515 ], [ -8.432789435314996, 40.148579950775499 ], [ -8.436326679205649, 40.148579950775499 ] ] ] } },
{ "type": "Feature", "properties": { "fid": 2003, "Population": 9 }, "geometry": { "type": "Polygon", "coordinates": [ [ [ -8.425714947533693, 40.148579950775499 ], [ -8.425506457840255, 40.145893830829515 ], [ -8.421969301476764, 40.145893830829515 ], [ -8.422177703643039, 40.148579950775499 ], [ -8.425714947533693, 40.148579950775499 ] ] ] } },
{ "type": "Feature", "properties": { "fid": 2004, "Population": 38 }, "geometry": { "type": "Polygon", "coordinates": [ [ [ -8.415103215861736, 40.148579950775499 ], [ -8.414894988749777, 40.145893830829515 ], [ -8.411357832386285, 40.145893830829515 ], [ -8.411565971971083, 40.148579950775499 ], [ -8.415103215861736, 40.148579950775499 ] ] ] } },
{ "type": "Feature", "properties": { "fid": 2005, "Population": 62 }, "geometry": { "type": "Polygon", "coordinates": [ [ [ -8.411565971971083, 40.148579950775499 ], [ -8.411357832386285, 40.145893830829515 ], [ -8.407820676022791, 40.145893830829515 ], [ -8.408028728080431, 40.148579950775499 ], [ -8.411565971971083, 40.148579950775499 ] ] ] } },
{ "type": "Feature", "properties": { "fid": 2006, "Population": 25 }, "geometry": { "type": "Polygon", "coordinates": [ [ [ -8.408028728080431, 40.148579950775499 ], [ -8.407820676022791, 40.145893830829515 ], [ -8.404283519659298, 40.145893830829515 ], [ -8.404491484189778, 40.148579950775499 ], [ -8.408028728080431, 40.148579950775499 ] ] ] } },
{ "type": "Feature", "properties": { "fid": 2007, "Population": 47 }, "geometry": { "type": "Polygon", "coordinates": [ [ [ -8.404491484189778, 40.148579950775499 ], [ -8.404283519659298, 40.145893830829515 ], [ -8.400746363295806, 40.145893830829515 ], [ -8.400954240299125, 40.148579950775499 ], [ -8.404491484189778, 40.148579950775499 ] ] ] } },
{ "type": "Feature", "properties": { "fid": 2008, "Population": 1 }, "geometry": { "type": "Polygon", "coordinates": [ [ [ -8.400954240299125, 40.148579950775499 ], [ -8.400746363295806, 40.145893830829515 ], [ -8.397209206932311, 40.145893830829515 ], [ -8.397416996408474, 40.148579950775499 ], [ -8.400954240299125, 40.148579950775499 ] ] ] } },
{ "type": "Feature", "properties": { "fid": 2009, "Population": 41 }, "geometry": { "type": "Polygon", "coordinates": [ [ [ -8.393879752517821, 40.148579950775499 ], [ -8.393672050568819, 40.145893830829515 ], [ -8.390134894205326, 40.145893830829515 ], [ -8.390342508627169, 40.148579950775499 ], [ -8.393879752517821, 40.148579950775499 ] ] ] } },
{ "type": "Feature", "properties": { "fid": 2010, "Population": 75 }, "geometry": { "type": "Polygon", "coordinates": [ [ [ -8.390342508627169, 40.148579950775499 ], [ -8.390134894205326, 40.145893830829515 ], [ -8.386597737841832, 40.145893830829515 ], [ -8.386805264736518, 40.148579950775499 ], [ -8.390342508627169, 40.148579950775499 ] ] ] } },
{ "type": "Feature", "properties": { "fid": 2011, "Population": 14 }, "geometry": { "type": "Polygon", "coordinates": [ [ [ -8.386805264736518, 40.148579950775499 ], [ -8.386597737841832, 40.145893830829515 ], [ -8.38306058147834, 40.145893830829515 ], [ -8.383268020845865, 40.148579950775499 ], [ -8.386805264736518, 40.148579950775499 ] ] ] } },
{ "type": "Feature", "properties": { "fid": 2012, "Population": 9 }, "geometry": { "type": "Polygon", "coordinates": [ [ [ -8.383268020845865, 40.148579950775499 ], [ -8.38306058147834, 40.145893830829515 ], [ -8.379523425114847, 40.145893830829515 ], [ -8.379730776955213, 40.148579950775499 ], [ -8.383268020845865, 40.148579950775499 ] ] ] } },
{ "type": "Feature", "properties": { "fid": 2013, "Population": 19 }, "geometry": { "type": "Polygon", "coordinates": [ [ [ -8.337283850267386, 40.148579950775499 ], [ -8.337077548752932, 40.145893830829515 ], [ -8.333540392389439, 40.145893830829515 ], [ -8.333746606376732, 40.148579950775499 ], [ -8.337283850267386, 40.148579950775499 ] ] ] } },
{ "type": "Feature", "properties": { "fid": 2014, "Population": 24 }, "geometry": { "type": "Polygon", "coordinates": [ [ [ -8.333746606376732, 40.148579950775499 ], [ -8.333540392389439, 40.145893830829515 ], [ -8.330003236025945, 40.145893830829515 ], [ -8.33020936248608, 40.148579950775499 ], [ -8.333746606376732, 40.148579950775499 ] ] ] } },
{ "type": "Feature", "properties": { "fid": 2015, "Population": 6 }, "geometry": { "type": "Polygon", "coordinates": [ [ [ -8.326672118595429, 40.148579950775499 ], [ -8.326466079662453, 40.145893830829515 ], [ -8.32292892329896, 40.145893830829515 ], [ -8.323134874704776, 40.148579950775499 ], [ -8.326672118595429, 40.148579950775499 ] ] ] } },
{ "type": "Feature", "properties": { "fid": 2016, "Population": 39 }, "geometry": { "type": "Polygon", "coordinates": [ [ [ -8.323134874704776, 40.148579950775499 ], [ -8.32292892329896, 40.145893830829515 ], [ -8.319391766935468, 40.145893830829515 ], [ -8.319597630814124, 40.148579950775499 ], [ -8.323134874704776, 40.148579950775499 ] ] ] } },
{ "type": "Feature", "properties": { "fid": 2017, "Population": 30 }, "geometry": { "type": "Polygon", "coordinates": [ [ [ -8.319597630814124, 40.148579950775499 ], [ -8.319391766935468, 40.145893830829515 ], [ -8.315854610571975, 40.145893830829515 ], [ -8.316060386923471, 40.148579950775499 ], [ -8.319597630814124, 40.148579950775499 ] ] ] } },
{ "type": "Feature", "properties": { "fid": 2018, "Population": 3 }, "geometry": { "type": "Polygon", "coordinates": [ [ [ -8.316060386923471, 40.148579950775499 ], [ -8.315854610571975, 40.145893830829515 ], [ -8.312317454208481, 40.145893830829515 ], [ -8.31252314303282, 40.148579950775499 ], [ -8.316060386923471, 40.148579950775499 ] ] ] } },
{ "type": "Feature", "properties": { "fid": 2019, "Population": 0 }, "geometry": { "type": "Polygon", "coordinates": [ [ [ -8.543078303547745, 40.156638549164207 ], [ -8.542021268629943, 40.14320775063397 ], [ -8.534947130933354, 40.14320775063397 ], [ -8.535369508143914, 40.148579950775499 ], [ -8.538906752034565, 40.148579950775499 ], [ -8.539118071474121, 40.151266110476712 ], [ -8.535580740044347, 40.151266110476712 ], [ -8.535792000814723, 40.153952309938006 ], [ -8.539329419795584, 40.153952309938006 ], [ -8.539540797003832, 40.156638549164207 ], [ -8.543078303547745, 40.156638549164207 ] ] ] } },
{ "type": "Feature", "properties": { "fid": 2020, "Population": 0 }, "geometry": { "type": "Polygon", "coordinates": [ [ [ -8.458387538368292, 40.15932482816013 ], [ -8.457759448589321, 40.151266110476712 ], [ -8.461296780019095, 40.151266110476712 ], [ -8.461087386440214, 40.148579950775499 ], [ -8.457550142549563, 40.148579950775499 ], [ -8.457340865111693, 40.145893830829515 ], [ -8.453803708748199, 40.145893830829515 ], [ -8.453594547422593, 40.14320775063397 ], [ -8.439446272029418, 40.14320775063397 ], [ -8.439655083294229, 40.145893830829515 ], [ -8.443192239657721, 40.145893830829515 ], [ -8.443401166986954, 40.148579950775499 ], [ -8.446938410877607, 40.148579950775499 ], [ -8.4471474543, 40.151266110476712 ], [ -8.440072791440452, 40.151266110476712 ], [ -8.440281688331508, 40.153952309938006 ], [ -8.436744269350649, 40.153952309938006 ], [ -8.437161973654694, 40.15932482816013 ], [ -8.444237161892561, 40.15932482816013 ], [ -8.444028120318205, 40.156638549164207 ], [ -8.451103133406029, 40.156638549164207 ], [ -8.451312350130426, 40.15932482816013 ], [ -8.458387538368292, 40.15932482816013 ] ] ] } },
{ "type": "Feature", "properties": { "fid": 2021, "Population": 0 }, "geometry": { "type": "Polygon", "coordinates": [ [ [ -8.373277989439963, 40.156638549164207 ], [ -8.373070727695172, 40.153952309938006 ], [ -8.376608146676032, 40.153952309938006 ], [ -8.376400825704522, 40.151266110476712 ], [ -8.387012819993844, 40.151266110476712 ], [ -8.386805264736518, 40.148579950775499 ], [ -8.379730776955213, 40.148579950775499 ], [ -8.379523425114847, 40.145893830829515 ], [ -8.375986268751355, 40.145893830829515 ], [ -8.375779032760125, 40.14320775063397 ], [ -8.336871275428891, 40.14320775063397 ], [ -8.33749017997701, 40.151266110476712 ], [ -8.333952848547236, 40.151266110476712 ], [ -8.334159118905713, 40.153952309938006 ], [ -8.341233956867434, 40.153952309938006 ], [ -8.340821094158038, 40.148579950775499 ], [ -8.351432825829994, 40.148579950775499 ], [ -8.351639505696104, 40.151266110476712 ], [ -8.355176837125878, 40.151266110476712 ], [ -8.355590456720403, 40.156638549164207 ], [ -8.362665469808226, 40.156638549164207 ], [ -8.362458470752593, 40.153952309938006 ], [ -8.365995889733451, 40.153952309938006 ], [ -8.366202976352138, 40.156638549164207 ], [ -8.373277989439963, 40.156638549164207 ] ] ] } },
{ "type": "Feature", "properties": { "fid": 2022, "Population": 0 }, "geometry": { "type": "Polygon", "coordinates": [ [ [ -8.49649957587261, 40.194250076350187 ], [ -8.496288934236539, 40.191563279908145 ], [ -8.49982758018999, 40.191563279908145 ], [ -8.499616879634432, 40.188876523298674 ], [ -8.503155437869085, 40.188876523298674 ], [ -8.502944678413154, 40.186189806516929 ], [ -8.506483148941001, 40.186189806516929 ], [ -8.505640048496717, 40.175443337570343 ], [ -8.509178168317222, 40.175443337570343 ], [ -8.508967377586581, 40.172756819854627 ], [ -8.516043441933846, 40.172756819854627 ], [ -8.51646540282462, 40.17812989508959 ], [ -8.512927195345258, 40.17812989508959 ], [ -8.513349096269861, 40.183503129558041 ], [ -8.516887479102891, 40.183503129558041 ], [ -8.517098560524536, 40.186189806516929 ], [ -8.520637031052383, 40.186189806516929 ], [ -8.520425861935921, 40.183503129558041 ], [ -8.523964244768951, 40.183503129558041 ], [ -8.524175501580228, 40.186189806516929 ], [ -8.527713972108074, 40.186189806516929 ], [ -8.528136747817602, 40.191563279908145 ], [ -8.535214039724503, 40.191563279908145 ], [ -8.534579393268041, 40.183503129558041 ], [ -8.541656158934101, 40.183503129558041 ], [ -8.541867854219456, 40.186189806516929 ], [ -8.545406324747301, 40.186189806516929 ], [ -8.544771062659519, 40.17812989508959 ], [ -8.537694647700794, 40.17812989508959 ], [ -8.537483126881272, 40.175443337570343 ], [ -8.541021246701778, 40.175443337570343 ], [ -8.540809667149276, 40.172756819854627 ], [ -8.533733602802009, 40.172756819854627 ], [ -8.533522227440276, 40.170070341937631 ], [ -8.529984282901536, 40.170070341937631 ], [ -8.529350592982439, 40.162011146930588 ], [ -8.532888274688363, 40.162011146930588 ], [ -8.532677014865881, 40.15932482816013 ], [ -8.525601826628016, 40.15932482816013 ], [ -8.526024024778563, 40.164697505480447 ], [ -8.515410716863899, 40.164697505480447 ], [ -8.514989044271216, 40.15932482816013 ], [ -8.522064232509083, 40.15932482816013 ], [ -8.521642324891285, 40.153952309938006 ], [ -8.518104905910425, 40.153952309938006 ], [ -8.518315757740361, 40.156638549164207 ], [ -8.511240744652536, 40.156638549164207 ], [ -8.510819420035929, 40.151266110476712 ], [ -8.514356751465703, 40.151266110476712 ], [ -8.5141460448, 40.148579950775499 ], [ -8.521220532581303, 40.148579950775499 ], [ -8.521009679654567, 40.145893830829515 ], [ -8.517472523291074, 40.145893830829515 ], [ -8.517261786691884, 40.14320775063397 ], [ -8.471279891664063, 40.14320775063397 ], [ -8.472328172669503, 40.156638549164207 ], [ -8.468790666125589, 40.156638549164207 ], [ -8.46900032072509, 40.15932482816013 ], [ -8.465462726606157, 40.15932482816013 ], [ -8.465881946595477, 40.164697505480447 ], [ -8.480033023815025, 40.164697505480447 ], [ -8.480243027233298, 40.167383903814525 ], [ -8.48731874106495, 40.167383903814525 ], [ -8.487108562424801, 40.164697505480447 ], [ -8.490646331729687, 40.164697505480447 ], [ -8.490436094217277, 40.162011146930588 ], [ -8.4939737759232, 40.162011146930588 ], [ -8.495025689035197, 40.175443337570343 ], [ -8.491487569214692, 40.175443337570343 ], [ -8.491908360486461, 40.180816492417215 ], [ -8.495446655636664, 40.180816492417215 ], [ -8.495657182104711, 40.183503129558041 ], [ -8.492118799271681, 40.183503129558041 ], [ -8.492960842188365, 40.194250076350187 ], [ -8.49649957587261, 40.194250076350187 ] ], [ [ -8.522908393824057, 40.170070341937631 ], [ -8.519370449285317, 40.170070341937631 ], [ -8.519159453307378, 40.167383903814525 ], [ -8.522697310223203, 40.167383903814525 ], [ -8.522908393824057, 40.170070341937631 ] ], [ [ -8.51166218445282, 40.162011146930588 ], [ -8.504586821040972, 40.162011146930588 ], [ -8.504165731564711, 40.156638549164207 ], [ -8.511240744652536, 40.156638549164207 ], [ -8.51166218445282, 40.162011146930588 ] ], [ [ -8.496880392025266, 40.153952309938006 ], [ -8.493342973044406, 40.153952309938006 ], [ -8.493132762887061, 40.151266110476712 ], [ -8.496670094316835, 40.151266110476712 ], [ -8.496880392025266, 40.153952309938006 ] ], [ [ -8.489805554063546, 40.153952309938006 ], [ -8.486268135082685, 40.153952309938006 ], [ -8.486058100027511, 40.151266110476712 ], [ -8.489595431457287, 40.151266110476712 ], [ -8.489805554063546, 40.153952309938006 ] ], [ [ -8.510819420035929, 40.151266110476712 ], [ -8.507282088606155, 40.151266110476712 ], [ -8.507071557018694, 40.148579950775499 ], [ -8.510608800909345, 40.148579950775499 ], [ -8.510819420035929, 40.151266110476712 ] ] ] } },
{ "type": "Feature", "properties": { "fid": 2023, "Population": 1 }, "geometry": { "type": "Polygon", "coordinates": [ [ [ -8.535158305108538, 40.145893830829515 ], [ -8.534947130933354, 40.14320775063397 ], [ -8.527872993236766, 40.14320775063397 ], [ -8.528083992381553, 40.145893830829515 ], [ -8.535158305108538, 40.145893830829515 ] ] ] } },
{ "type": "Feature", "properties": { "fid": 2024, "Population": 6 }, "geometry": { "type": "Polygon", "coordinates": [ [ [ -8.528083992381553, 40.145893830829515 ], [ -8.527872993236766, 40.14320775063397 ], [ -8.520798855540178, 40.14320775063397 ], [ -8.521009679654567, 40.145893830829515 ], [ -8.528083992381553, 40.145893830829515 ] ] ] } },
{ "type": "Feature", "properties": { "fid": 2025, "Population": 1 }, "geometry": { "type": "Polygon", "coordinates": [ [ [ -8.521009679654567, 40.145893830829515 ], [ -8.520798855540178, 40.14320775063397 ], [ -8.517261786691884, 40.14320775063397 ], [ -8.517472523291074, 40.145893830829515 ], [ -8.521009679654567, 40.145893830829515 ] ] ] } },
{ "type": "Feature", "properties": { "fid": 2026, "Population": 15 }, "geometry": { "type": "Polygon", "coordinates": [ [ [ -8.471489490565666, 40.145893830829515 ], [ -8.471279891664063, 40.14320775063397 ], [ -8.467742822815769, 40.14320775063397 ], [ -8.467952334202172, 40.145893830829515 ], [ -8.471489490565666, 40.145893830829515 ] ] ] } },
{ "type": "Feature", "properties": { "fid": 2027, "Population": 24 }, "geometry": { "type": "Polygon", "coordinates": [ [ [ -8.467952334202172, 40.145893830829515 ], [ -8.467742822815769, 40.14320775063397 ], [ -8.464205753967475, 40.14320775063397 ], [ -8.464415177838678, 40.145893830829515 ], [ -8.467952334202172, 40.145893830829515 ] ] ] } },
{ "type": "Feature", "properties": { "fid": 2028, "Population": 16 }, "geometry": { "type": "Polygon", "coordinates": [ [ [ -8.464415177838678, 40.145893830829515 ], [ -8.464205753967475, 40.14320775063397 ], [ -8.460668685119181, 40.14320775063397 ], [ -8.460878021475187, 40.145893830829515 ], [ -8.464415177838678, 40.145893830829515 ] ] ] } },
{ "type": "Feature", "properties": { "fid": 2029, "Population": 19 }, "geometry": { "type": "Polygon", "coordinates": [ [ [ -8.460878021475187, 40.145893830829515 ], [ -8.460668685119181, 40.14320775063397 ], [ -8.457131616270887, 40.14320775063397 ], [ -8.457340865111693, 40.145893830829515 ], [ -8.460878021475187, 40.145893830829515 ] ] ] } },
{ "type": "Feature", "properties": { "fid": 2030, "Population": 3 }, "geometry": { "type": "Polygon", "coordinates": [ [ [ -8.457340865111693, 40.145893830829515 ], [ -8.457131616270887, 40.14320775063397 ], [ -8.453594547422593, 40.14320775063397 ], [ -8.453803708748199, 40.145893830829515 ], [ -8.457340865111693, 40.145893830829515 ] ] ] } },
{ "type": "Feature", "properties": { "fid": 2031, "Population": 21 }, "geometry": { "type": "Polygon", "coordinates": [ [ [ -8.439655083294229, 40.145893830829515 ], [ -8.439446272029418, 40.14320775063397 ], [ -8.435909203181124, 40.14320775063397 ], [ -8.436117926930734, 40.145893830829515 ], [ -8.439655083294229, 40.145893830829515 ] ] ] } },
{ "type": "Feature", "properties": { "fid": 2032, "Population": 0 }, "geometry": { "type": "Polygon", "coordinates": [ [ [ -8.432789435314996, 40.148579950775499 ], [ -8.432580770567242, 40.145893830829515 ], [ -8.436117926930734, 40.145893830829515 ], [ -8.435909203181124, 40.14320775063397 ], [ -8.428835065484535, 40.14320775063397 ], [ -8.429252191424345, 40.148579950775499 ], [ -8.432789435314996, 40.148579950775499 ] ] ] } },
{ "type": "Feature", "properties": { "fid": 2033, "Population": 1 }, "geometry": { "type": "Polygon", "coordinates": [ [ [ -8.429043614203749, 40.145893830829515 ], [ -8.428835065484535, 40.14320775063397 ], [ -8.425297996636241, 40.14320775063397 ], [ -8.425506457840255, 40.145893830829515 ], [ -8.429043614203749, 40.145893830829515 ] ] ] } },
{ "type": "Feature", "properties": { "fid": 2034, "Population": 0 }, "geometry": { "type": "Polygon", "coordinates": [ [ [ -8.426340587598645, 40.156638549164207 ], [ -8.425923465721356, 40.151266110476712 ], [ -8.422386134291582, 40.151266110476712 ], [ -8.421969301476764, 40.145893830829515 ], [ -8.425506457840255, 40.145893830829515 ], [ -8.425297996636241, 40.14320775063397 ], [ -8.414686790091359, 40.14320775063397 ], [ -8.415103215861736, 40.148579950775499 ], [ -8.418640459752387, 40.148579950775499 ], [ -8.41926557451082, 40.156638549164207 ], [ -8.426340587598645, 40.156638549164207 ] ] ] } },
{ "type": "Feature", "properties": { "fid": 2035, "Population": 13 }, "geometry": { "type": "Polygon", "coordinates": [ [ [ -8.414894988749777, 40.145893830829515 ], [ -8.414686790091359, 40.14320775063397 ], [ -8.411149721243065, 40.14320775063397 ], [ -8.411357832386285, 40.145893830829515 ], [ -8.414894988749777, 40.145893830829515 ] ] ] } },
{ "type": "Feature", "properties": { "fid": 2036, "Population": 63 }, "geometry": { "type": "Polygon", "coordinates": [ [ [ -8.411357832386285, 40.145893830829515 ], [ -8.411149721243065, 40.14320775063397 ], [ -8.407612652394771, 40.14320775063397 ], [ -8.407820676022791, 40.145893830829515 ], [ -8.411357832386285, 40.145893830829515 ] ] ] } },
{ "type": "Feature", "properties": { "fid": 2037, "Population": 27 }, "geometry": { "type": "Polygon", "coordinates": [ [ [ -8.407820676022791, 40.145893830829515 ], [ -8.407612652394771, 40.14320775063397 ], [ -8.404075583546478, 40.14320775063397 ], [ -8.404283519659298, 40.145893830829515 ], [ -8.407820676022791, 40.145893830829515 ] ] ] } },
{ "type": "Feature", "properties": { "fid": 2038, "Population": 21 }, "geometry": { "type": "Polygon", "coordinates": [ [ [ -8.404283519659298, 40.145893830829515 ], [ -8.404075583546478, 40.14320775063397 ], [ -8.400538514698184, 40.14320775063397 ], [ -8.400746363295806, 40.145893830829515 ], [ -8.404283519659298, 40.145893830829515 ] ] ] } },
{ "type": "Feature", "properties": { "fid": 2039, "Population": 0 }, "geometry": { "type": "Polygon", "coordinates": [ [ [ -8.397416996408474, 40.148579950775499 ], [ -8.397209206932311, 40.145893830829515 ], [ -8.400746363295806, 40.145893830829515 ], [ -8.400538514698184, 40.14320775063397 ], [ -8.393464377001596, 40.14320775063397 ], [ -8.393879752517821, 40.148579950775499 ], [ -8.397416996408474, 40.148579950775499 ] ] ] } },
{ "type": "Feature", "properties": { "fid": 2040, "Population": 76 }, "geometry": { "type": "Polygon", "coordinates": [ [ [ -8.393672050568819, 40.145893830829515 ], [ -8.393464377001596, 40.14320775063397 ], [ -8.389927308153302, 40.14320775063397 ], [ -8.390134894205326, 40.145893830829515 ], [ -8.393672050568819, 40.145893830829515 ] ] ] } },
{ "type": "Feature", "properties": { "fid": 2041, "Population": 45 }, "geometry": { "type": "Polygon", "coordinates": [ [ [ -8.390134894205326, 40.145893830829515 ], [ -8.389927308153302, 40.14320775063397 ], [ -8.386390239305008, 40.14320775063397 ], [ -8.386597737841832, 40.145893830829515 ], [ -8.390134894205326, 40.145893830829515 ] ] ] } },
{ "type": "Feature", "properties": { "fid": 2042, "Population": 5 }, "geometry": { "type": "Polygon", "coordinates": [ [ [ -8.386597737841832, 40.145893830829515 ], [ -8.386390239305008, 40.14320775063397 ], [ -8.382853170456714, 40.14320775063397 ], [ -8.38306058147834, 40.145893830829515 ], [ -8.386597737841832, 40.145893830829515 ] ] ] } },
{ "type": "Feature", "properties": { "fid": 2043, "Population": 16 }, "geometry": { "type": "Polygon", "coordinates": [ [ [ -8.38306058147834, 40.145893830829515 ], [ -8.382853170456714, 40.14320775063397 ], [ -8.375779032760125, 40.14320775063397 ], [ -8.375986268751355, 40.145893830829515 ], [ -8.38306058147834, 40.145893830829515 ] ] ] } },
{ "type": "Feature", "properties": { "fid": 2044, "Population": 8 }, "geometry": { "type": "Polygon", "coordinates": [ [ [ -8.337077548752932, 40.145893830829515 ], [ -8.336871275428891, 40.14320775063397 ], [ -8.333334206580597, 40.14320775063397 ], [ -8.333540392389439, 40.145893830829515 ], [ -8.337077548752932, 40.145893830829515 ] ] ] } },
{ "type": "Feature", "properties": { "fid": 2045, "Population": 71 }, "geometry": { "type": "Polygon", "coordinates": [ [ [ -8.333540392389439, 40.145893830829515 ], [ -8.333334206580597, 40.14320775063397 ], [ -8.329797137732303, 40.14320775063397 ], [ -8.330003236025945, 40.145893830829515 ], [ -8.333540392389439, 40.145893830829515 ] ] ] } },
{ "type": "Feature", "properties": { "fid": 2046, "Population": 23 }, "geometry": { "type": "Polygon", "coordinates": [ [ [ -8.330003236025945, 40.145893830829515 ], [ -8.329797137732303, 40.14320775063397 ], [ -8.326260068884009, 40.14320775063397 ], [ -8.326466079662453, 40.145893830829515 ], [ -8.330003236025945, 40.145893830829515 ] ] ] } },
{ "type": "Feature", "properties": { "fid": 2047, "Population": 1 }, "geometry": { "type": "Polygon", "coordinates": [ [ [ -8.326466079662453, 40.145893830829515 ], [ -8.326260068884009, 40.14320775063397 ], [ -8.322723000035714, 40.14320775063397 ], [ -8.32292892329896, 40.145893830829515 ], [ -8.326466079662453, 40.145893830829515 ] ] ] } },
{ "type": "Feature", "properties": { "fid": 2048, "Population": 5 }, "geometry": { "type": "Polygon", "coordinates": [ [ [ -8.32292892329896, 40.145893830829515 ], [ -8.322723000035714, 40.14320775063397 ], [ -8.319185931187421, 40.14320775063397 ], [ -8.319391766935468, 40.145893830829515 ], [ -8.32292892329896, 40.145893830829515 ] ] ] } },
{ "type": "Feature", "properties": { "fid": 2049, "Population": 42 }, "geometry": { "type": "Polygon", "coordinates": [ [ [ -8.319391766935468, 40.145893830829515 ], [ -8.319185931187421, 40.14320775063397 ], [ -8.315648862339128, 40.14320775063397 ], [ -8.315854610571975, 40.145893830829515 ], [ -8.319391766935468, 40.145893830829515 ] ] ] } },
{ "type": "Feature", "properties": { "fid": 2050, "Population": 24 }, "geometry": { "type": "Polygon", "coordinates": [ [ [ -8.315854610571975, 40.145893830829515 ], [ -8.315648862339128, 40.14320775063397 ], [ -8.312111793490834, 40.14320775063397 ], [ -8.312317454208481, 40.145893830829515 ], [ -8.315854610571975, 40.145893830829515 ] ] ] } },
{ "type": "Feature", "properties": { "fid": 2051, "Population": 1 }, "geometry": { "type": "Polygon", "coordinates": [ [ [ -8.312317454208481, 40.145893830829515 ], [ -8.312111793490834, 40.14320775063397 ], [ -8.30857472464254, 40.14320775063397 ], [ -8.308780297844988, 40.145893830829515 ], [ -8.312317454208481, 40.145893830829515 ] ] ] } }
]
}
