{
"type": "FeatureCollection",
"name": "Coimbra_historic_spots",
"crs": { "type": "name", "properties": { "name": "urn:ogc:def:crs:OGC:1.3:CRS84" } },
"features": [
{ "type": "Feature", "properties": { "full_id": "n148174689", "osm_id": "148174689", "osm_type": "node", "historic": "memorial", "support": null, "indoor": null, "display": null, "amenity": null, "short_protection_title": null, "ref:pc": null, "protection_title": null, "pc:inscription_date": null, "heritage:website": null, "heritage:operator": null, "heritage": null, "tomb": null, "location": null, "level": null, "door": null, "addr:postcode": null, "addr:street": null, "addr:housenumber": null, "disused": null, "access": null, "inscription:right": null, "inscription:left": null, "inscription:front": null, "artist:wikidata": null, "architect:wikidata": null, "architect": null, "religion": null, "denomination": null, "barrier": null, "wikidata": null, "entrance": null, "start_date": null, "name:etymology": null, "material": null, "inscription": null, "wikimedia_commons": null, "tourism": null, "name:hu": null, "artwork_type": null, "artist_name": null, "subject:wikipedia": null, "subject:wikidata": null, "name:etymology:wikidata": null, "addr:city": null, "name": "Rainha Santa Isabel", "memorial": "statue" }, "geometry": { "type": "Point", "coordinates": [ -8.4369209, 40.2028519 ] } },
{ "type": "Feature", "properties": { "full_id": "n763388519", "osm_id": "763388519", "osm_type": "node", "historic": "memorial", "support": null, "indoor": null, "display": null, "amenity": null, "short_protection_title": null, "ref:pc": null, "protection_title": null, "pc:inscription_date": null, "heritage:website": null, "heritage:operator": null, "heritage": null, "tomb": null, "location": null, "level": null, "door": null, "addr:postcode": null, "addr:street": null, "addr:housenumber": null, "disused": null, "access": null, "inscription:right": null, "inscription:left": null, "inscription:front": null, "artist:wikidata": null, "architect:wikidata": null, "architect": null, "religion": null, "denomination": null, "barrier": null, "wikidata": null, "entrance": null, "start_date": null, "name:etymology": null, "material": null, "inscription": null, "wikimedia_commons": null, "tourism": null, "name:hu": null, "artwork_type": null, "artist_name": null, "subject:wikipedia": null, "subject:wikidata": null, "name:etymology:wikidata": null, "addr:city": null, "name": "Estátua aos Heróis do Ultramar", "memorial": "statue" }, "geometry": { "type": "Point", "coordinates": [ -8.4075938, 40.2058978 ] } },
{ "type": "Feature", "properties": { "full_id": "n1276546625", "osm_id": "1276546625", "osm_type": "node", "historic": "ruins", "support": null, "indoor": null, "display": null, "amenity": null, "short_protection_title": null, "ref:pc": null, "protection_title": null, "pc:inscription_date": null, "heritage:website": null, "heritage:operator": null, "heritage": null, "tomb": null, "location": null, "level": null, "door": null, "addr:postcode": null, "addr:street": null, "addr:housenumber": null, "disused": null, "access": null, "inscription:right": null, "inscription:left": null, "inscription:front": null, "artist:wikidata": null, "architect:wikidata": null, "architect": null, "religion": null, "denomination": null, "barrier": null, "wikidata": null, "entrance": null, "start_date": null, "name:etymology": null, "material": null, "inscription": null, "wikimedia_commons": null, "tourism": null, "name:hu": null, "artwork_type": null, "artist_name": null, "subject:wikipedia": null, "subject:wikidata": null, "name:etymology:wikidata": null, "addr:city": "Coimbra", "name": "Pátio da Inquisição", "memorial": null }, "geometry": { "type": "Point", "coordinates": [ -8.4289769, 40.2123241 ] } },
{ "type": "Feature", "properties": { "full_id": "n1306837146", "osm_id": "1306837146", "osm_type": "node", "historic": "memorial", "support": null, "indoor": null, "display": null, "amenity": null, "short_protection_title": null, "ref:pc": null, "protection_title": null, "pc:inscription_date": null, "heritage:website": null, "heritage:operator": null, "heritage": null, "tomb": null, "location": null, "level": null, "door": null, "addr:postcode": null, "addr:street": null, "addr:housenumber": null, "disused": null, "access": null, "inscription:right": null, "inscription:left": null, "inscription:front": null, "artist:wikidata": null, "architect:wikidata": null, "architect": null, "religion": null, "denomination": null, "barrier": null, "wikidata": null, "entrance": null, "start_date": null, "name:etymology": null, "material": null, "inscription": null, "wikimedia_commons": null, "tourism": null, "name:hu": null, "artwork_type": null, "artist_name": null, "subject:wikipedia": null, "subject:wikidata": null, "name:etymology:wikidata": null, "addr:city": null, "name": "Estátua Avelar Brotero", "memorial": "statue" }, "geometry": { "type": "Point", "coordinates": [ -8.4204349, 40.2059574 ] } },
{ "type": "Feature", "properties": { "full_id": "n1306837149", "osm_id": "1306837149", "osm_type": "node", "historic": "memorial", "support": null, "indoor": null, "display": null, "amenity": null, "short_protection_title": null, "ref:pc": null, "protection_title": null, "pc:inscription_date": null, "heritage:website": null, "heritage:operator": null, "heritage": null, "tomb": null, "location": null, "level": null, "door": null, "addr:postcode": null, "addr:street": null, "addr:housenumber": null, "disused": null, "access": null, "inscription:right": null, "inscription:left": null, "inscription:front": null, "artist:wikidata": null, "architect:wikidata": null, "architect": null, "religion": null, "denomination": null, "barrier": null, "wikidata": null, "entrance": null, "start_date": null, "name:etymology": null, "material": null, "inscription": null, "wikimedia_commons": null, "tourism": null, "name:hu": null, "artwork_type": null, "artist_name": null, "subject:wikipedia": "en:Pope John Paul II", "subject:wikidata": "Q989", "name:etymology:wikidata": "Q989", "addr:city": null, "name": "João Paulo II", "memorial": "statue" }, "geometry": { "type": "Point", "coordinates": [ -8.420028, 40.2068826 ] } },
{ "type": "Feature", "properties": { "full_id": "n1306837151", "osm_id": "1306837151", "osm_type": "node", "historic": "memorial", "support": null, "indoor": null, "display": null, "amenity": null, "short_protection_title": null, "ref:pc": null, "protection_title": null, "pc:inscription_date": null, "heritage:website": null, "heritage:operator": null, "heritage": null, "tomb": null, "location": null, "level": null, "door": null, "addr:postcode": null, "addr:street": null, "addr:housenumber": null, "disused": null, "access": null, "inscription:right": null, "inscription:left": null, "inscription:front": null, "artist:wikidata": null, "architect:wikidata": null, "architect": null, "religion": null, "denomination": null, "barrier": null, "wikidata": null, "entrance": null, "start_date": null, "name:etymology": null, "material": null, "inscription": null, "wikimedia_commons": "File:Francisco Franco D João III Coimbra 2 IMG 0272.jpg", "tourism": "artwork", "name:hu": "III. János", "artwork_type": "statue", "artist_name": "Franciso Franco", "subject:wikipedia": null, "subject:wikidata": null, "name:etymology:wikidata": null, "addr:city": null, "name": "Dom João III", "memorial": "statue" }, "geometry": { "type": "Point", "coordinates": [ -8.4259469, 40.2072163 ] } },
{ "type": "Feature", "properties": { "full_id": "n1306837152", "osm_id": "1306837152", "osm_type": "node", "historic": "memorial", "support": null, "indoor": null, "display": null, "amenity": null, "short_protection_title": null, "ref:pc": null, "protection_title": null, "pc:inscription_date": null, "heritage:website": null, "heritage:operator": null, "heritage": null, "tomb": null, "location": null, "level": null, "door": null, "addr:postcode": null, "addr:street": null, "addr:housenumber": null, "disused": null, "access": null, "inscription:right": null, "inscription:left": null, "inscription:front": null, "artist:wikidata": null, "architect:wikidata": null, "architect": null, "religion": null, "denomination": null, "barrier": null, "wikidata": null, "entrance": null, "start_date": null, "name:etymology": null, "material": null, "inscription": null, "wikimedia_commons": null, "tourism": null, "name:hu": null, "artwork_type": null, "artist_name": null, "subject:wikipedia": null, "subject:wikidata": null, "name:etymology:wikidata": null, "addr:city": null, "name": "Estátua de Dom Dinis", "memorial": "statue" }, "geometry": { "type": "Point", "coordinates": [ -8.4231666, 40.2080219 ] } },
{ "type": "Feature", "properties": { "full_id": "n1370374805", "osm_id": "1370374805", "osm_type": "node", "historic": "memorial", "support": null, "indoor": null, "display": null, "amenity": null, "short_protection_title": null, "ref:pc": null, "protection_title": null, "pc:inscription_date": null, "heritage:website": null, "heritage:operator": null, "heritage": null, "tomb": null, "location": null, "level": null, "door": null, "addr:postcode": null, "addr:street": null, "addr:housenumber": null, "disused": null, "access": null, "inscription:right": null, "inscription:left": null, "inscription:front": null, "artist:wikidata": null, "architect:wikidata": null, "architect": null, "religion": null, "denomination": null, "barrier": null, "wikidata": null, "entrance": null, "start_date": "2005-09-11", "name:etymology": "Manuel Alegre", "material": "bronze;stone", "inscription": "A Manuel Alegre//Na comemoração dos 40 anos//de vida literária do poeta//Homenagem da Cidade//Coimbra 11 de Setembro de 2005", "wikimedia_commons": null, "tourism": null, "name:hu": null, "artwork_type": null, "artist_name": null, "subject:wikipedia": null, "subject:wikidata": null, "name:etymology:wikidata": "Q737410", "addr:city": null, "name": "Manuel Alegre", "memorial": "statue" }, "geometry": { "type": "Point", "coordinates": [ -8.4267661, 40.2038764 ] } },
{ "type": "Feature", "properties": { "full_id": "n1370528627", "osm_id": "1370528627", "osm_type": "node", "historic": null, "support": null, "indoor": null, "display": null, "amenity": null, "short_protection_title": null, "ref:pc": null, "protection_title": null, "pc:inscription_date": null, "heritage:website": null, "heritage:operator": null, "heritage": null, "tomb": null, "location": null, "level": null, "door": null, "addr:postcode": null, "addr:street": null, "addr:housenumber": null, "disused": null, "access": null, "inscription:right": null, "inscription:left": null, "inscription:front": null, "artist:wikidata": null, "architect:wikidata": null, "architect": null, "religion": null, "denomination": null, "barrier": null, "wikidata": null, "entrance": "main", "start_date": null, "name:etymology": null, "material": null, "inscription": null, "wikimedia_commons": null, "tourism": null, "name:hu": null, "artwork_type": null, "artist_name": null, "subject:wikipedia": null, "subject:wikidata": null, "name:etymology:wikidata": null, "addr:city": null, "name": null, "memorial": null }, "geometry": { "type": "Point", "coordinates": [ -8.4293817, 40.2094686 ] } },
{ "type": "Feature", "properties": { "full_id": "n2117270107", "osm_id": "2117270107", "osm_type": "node", "historic": "university", "support": null, "indoor": null, "display": null, "amenity": null, "short_protection_title": null, "ref:pc": null, "protection_title": null, "pc:inscription_date": null, "heritage:website": null, "heritage:operator": null, "heritage": null, "tomb": null, "location": null, "level": null, "door": null, "addr:postcode": null, "addr:street": null, "addr:housenumber": null, "disused": null, "access": null, "inscription:right": null, "inscription:left": null, "inscription:front": null, "artist:wikidata": null, "architect:wikidata": null, "architect": null, "religion": null, "denomination": null, "barrier": null, "wikidata": "Q368643", "entrance": null, "start_date": null, "name:etymology": null, "material": null, "inscription": null, "wikimedia_commons": null, "tourism": "attraction", "name:hu": null, "artwork_type": null, "artist_name": null, "subject:wikipedia": null, "subject:wikidata": null, "name:etymology:wikidata": null, "addr:city": null, "name": "Universidade de Coimbra", "memorial": null }, "geometry": { "type": "Point", "coordinates": [ -8.425999, 40.207399 ] } },
{ "type": "Feature", "properties": { "full_id": "n2118736318", "osm_id": "2118736318", "osm_type": "node", "historic": null, "support": null, "indoor": null, "display": null, "amenity": null, "short_protection_title": null, "ref:pc": null, "protection_title": null, "pc:inscription_date": null, "heritage:website": null, "heritage:operator": null, "heritage": null, "tomb": null, "location": null, "level": null, "door": null, "addr:postcode": null, "addr:street": null, "addr:housenumber": null, "disused": null, "access": null, "inscription:right": null, "inscription:left": null, "inscription:front": null, "artist:wikidata": null, "architect:wikidata": null, "architect": null, "religion": null, "denomination": null, "barrier": null, "wikidata": null, "entrance": "yes", "start_date": null, "name:etymology": null, "material": null, "inscription": null, "wikimedia_commons": null, "tourism": null, "name:hu": null, "artwork_type": null, "artist_name": null, "subject:wikipedia": null, "subject:wikidata": null, "name:etymology:wikidata": null, "addr:city": null, "name": null, "memorial": null }, "geometry": { "type": "Point", "coordinates": [ -8.4256052, 40.207381 ] } },
{ "type": "Feature", "properties": { "full_id": "n2310492435", "osm_id": "2310492435", "osm_type": "node", "historic": "memorial", "support": null, "indoor": null, "display": null, "amenity": null, "short_protection_title": null, "ref:pc": null, "protection_title": null, "pc:inscription_date": null, "heritage:website": null, "heritage:operator": null, "heritage": null, "tomb": null, "location": null, "level": null, "door": null, "addr:postcode": null, "addr:street": null, "addr:housenumber": null, "disused": null, "access": null, "inscription:right": null, "inscription:left": null, "inscription:front": null, "artist:wikidata": null, "architect:wikidata": null, "architect": null, "religion": null, "denomination": null, "barrier": null, "wikidata": null, "entrance": null, "start_date": null, "name:etymology": null, "material": null, "inscription": "falte-me sonho um dia | e a vida é como se morte | Vitorino Nemésio | Casaréus", "wikimedia_commons": null, "tourism": null, "name:hu": null, "artwork_type": null, "artist_name": null, "subject:wikipedia": null, "subject:wikidata": null, "name:etymology:wikidata": null, "addr:city": null, "name": "Vitorino Nemésio - Casaréus", "memorial": "plaque" }, "geometry": { "type": "Point", "coordinates": [ -8.391586, 40.2135652 ] } },
{ "type": "Feature", "properties": { "full_id": "n2598781418", "osm_id": "2598781418", "osm_type": "node", "historic": "memorial", "support": null, "indoor": null, "display": null, "amenity": null, "short_protection_title": null, "ref:pc": null, "protection_title": null, "pc:inscription_date": null, "heritage:website": null, "heritage:operator": null, "heritage": null, "tomb": null, "location": null, "level": null, "door": null, "addr:postcode": null, "addr:street": null, "addr:housenumber": null, "disused": null, "access": null, "inscription:right": null, "inscription:left": null, "inscription:front": null, "artist:wikidata": null, "architect:wikidata": null, "architect": null, "religion": null, "denomination": null, "barrier": null, "wikidata": null, "entrance": null, "start_date": null, "name:etymology": null, "material": null, "inscription": null, "wikimedia_commons": null, "tourism": null, "name:hu": null, "artwork_type": null, "artist_name": null, "subject:wikipedia": null, "subject:wikidata": null, "name:etymology:wikidata": null, "addr:city": null, "name": "António José de Almeida", "memorial": "bust" }, "geometry": { "type": "Point", "coordinates": [ -8.4255303, 40.2135481 ] } },
{ "type": "Feature", "properties": { "full_id": "n2599946982", "osm_id": "2599946982", "osm_type": "node", "historic": "memorial", "support": null, "indoor": null, "display": null, "amenity": null, "short_protection_title": null, "ref:pc": null, "protection_title": null, "pc:inscription_date": null, "heritage:website": null, "heritage:operator": null, "heritage": null, "tomb": null, "location": null, "level": null, "door": null, "addr:postcode": null, "addr:street": null, "addr:housenumber": null, "disused": null, "access": null, "inscription:right": null, "inscription:left": null, "inscription:front": null, "artist:wikidata": null, "architect:wikidata": null, "architect": null, "religion": null, "denomination": null, "barrier": null, "wikidata": null, "entrance": null, "start_date": null, "name:etymology": null, "material": null, "inscription": null, "wikimedia_commons": null, "tourism": null, "name:hu": null, "artwork_type": null, "artist_name": null, "subject:wikipedia": "pt:Lúcia de Jesus dos Santos", "subject:wikidata": "Q231103", "name:etymology:wikidata": null, "addr:city": null, "name": "Memorial Irmã Lúcia", "memorial": "statue" }, "geometry": { "type": "Point", "coordinates": [ -8.4153568, 40.2067787 ] } },
{ "type": "Feature", "properties": { "full_id": "n2625101085", "osm_id": "2625101085", "osm_type": "node", "historic": "wayside_shrine", "support": null, "indoor": null, "display": null, "amenity": null, "short_protection_title": null, "ref:pc": null, "protection_title": null, "pc:inscription_date": null, "heritage:website": null, "heritage:operator": null, "heritage": null, "tomb": null, "location": null, "level": null, "door": null, "addr:postcode": null, "addr:street": null, "addr:housenumber": null, "disused": null, "access": null, "inscription:right": null, "inscription:left": null, "inscription:front": null, "artist:wikidata": null, "architect:wikidata": null, "architect": null, "religion": "christian", "denomination": "roman_catholic", "barrier": "gate", "wikidata": null, "entrance": null, "start_date": null, "name:etymology": null, "material": null, "inscription": null, "wikimedia_commons": null, "tourism": null, "name:hu": null, "artwork_type": null, "artist_name": null, "subject:wikipedia": null, "subject:wikidata": null, "name:etymology:wikidata": null, "addr:city": null, "name": null, "memorial": null }, "geometry": { "type": "Point", "coordinates": [ -8.4329954, 40.2153414 ] } },
{ "type": "Feature", "properties": { "full_id": "n2648335803", "osm_id": "2648335803", "osm_type": "node", "historic": "memorial", "support": null, "indoor": null, "display": null, "amenity": null, "short_protection_title": null, "ref:pc": null, "protection_title": null, "pc:inscription_date": null, "heritage:website": null, "heritage:operator": null, "heritage": null, "tomb": null, "location": null, "level": null, "door": null, "addr:postcode": null, "addr:street": null, "addr:housenumber": null, "disused": null, "access": null, "inscription:right": null, "inscription:left": null, "inscription:front": null, "artist:wikidata": null, "architect:wikidata": null, "architect": null, "religion": null, "denomination": null, "barrier": null, "wikidata": null, "entrance": null, "start_date": null, "name:etymology": null, "material": null, "inscription": null, "wikimedia_commons": null, "tourism": "artwork", "name:hu": null, "artwork_type": "sculpture", "artist_name": null, "subject:wikipedia": null, "subject:wikidata": null, "name:etymology:wikidata": null, "addr:city": null, "name": "Robert S. S. Baden-Powell", "memorial": null }, "geometry": { "type": "Point", "coordinates": [ -8.4363788, 40.1972252 ] } },
{ "type": "Feature", "properties": { "full_id": "n2695249320", "osm_id": "2695249320", "osm_type": "node", "historic": "memorial", "support": null, "indoor": null, "display": null, "amenity": null, "short_protection_title": null, "ref:pc": null, "protection_title": null, "pc:inscription_date": null, "heritage:website": null, "heritage:operator": null, "heritage": null, "tomb": null, "location": null, "level": null, "door": null, "addr:postcode": null, "addr:street": null, "addr:housenumber": null, "disused": null, "access": null, "inscription:right": null, "inscription:left": null, "inscription:front": null, "artist:wikidata": null, "architect:wikidata": null, "architect": null, "religion": null, "denomination": null, "barrier": null, "wikidata": null, "entrance": null, "start_date": null, "name:etymology": null, "material": null, "inscription": null, "wikimedia_commons": null, "tourism": null, "name:hu": null, "artwork_type": null, "artist_name": null, "subject:wikipedia": null, "subject:wikidata": null, "name:etymology:wikidata": null, "addr:city": null, "name": "Padre Américo Monteiro Aguiar", "memorial": "bust" }, "geometry": { "type": "Point", "coordinates": [ -8.4123381, 40.209032 ] } },
{ "type": "Feature", "properties": { "full_id": "n2695310135", "osm_id": "2695310135", "osm_type": "node", "historic": "memorial", "support": null, "indoor": null, "display": null, "amenity": null, "short_protection_title": null, "ref:pc": null, "protection_title": null, "pc:inscription_date": null, "heritage:website": null, "heritage:operator": null, "heritage": null, "tomb": null, "location": null, "level": null, "door": null, "addr:postcode": null, "addr:street": null, "addr:housenumber": null, "disused": null, "access": null, "inscription:right": null, "inscription:left": null, "inscription:front": null, "artist:wikidata": null, "architect:wikidata": null, "architect": null, "religion": null, "denomination": null, "barrier": null, "wikidata": null, "entrance": null, "start_date": null, "name:etymology": null, "material": null, "inscription": null, "wikimedia_commons": null, "tourism": null, "name:hu": null, "artwork_type": null, "artist_name": null, "subject:wikipedia": null, "subject:wikidata": null, "name:etymology:wikidata": null, "addr:city": null, "name": "António Nobre", "memorial": "bust" }, "geometry": { "type": "Point", "coordinates": [ -8.4164495, 40.2043165 ] } },
{ "type": "Feature", "properties": { "full_id": "n2695310214", "osm_id": "2695310214", "osm_type": "node", "historic": "memorial", "support": null, "indoor": null, "display": null, "amenity": null, "short_protection_title": null, "ref:pc": null, "protection_title": null, "pc:inscription_date": null, "heritage:website": null, "heritage:operator": null, "heritage": null, "tomb": null, "location": null, "level": null, "door": null, "addr:postcode": null, "addr:street": null, "addr:housenumber": null, "disused": null, "access": null, "inscription:right": null, "inscription:left": null, "inscription:front": null, "artist:wikidata": null, "architect:wikidata": null, "architect": null, "religion": null, "denomination": null, "barrier": null, "wikidata": null, "entrance": null, "start_date": null, "name:etymology": null, "material": null, "inscription": null, "wikimedia_commons": null, "tourism": null, "name:hu": null, "artwork_type": null, "artist_name": null, "subject:wikipedia": null, "subject:wikidata": null, "name:etymology:wikidata": null, "addr:city": null, "name": "João de Deus", "memorial": null }, "geometry": { "type": "Point", "coordinates": [ -8.4149755, 40.2053405 ] } },
{ "type": "Feature", "properties": { "full_id": "n3037438940", "osm_id": "3037438940", "osm_type": "node", "historic": "memorial", "support": null, "indoor": null, "display": null, "amenity": null, "short_protection_title": null, "ref:pc": null, "protection_title": null, "pc:inscription_date": null, "heritage:website": null, "heritage:operator": null, "heritage": null, "tomb": null, "location": null, "level": null, "door": null, "addr:postcode": null, "addr:street": null, "addr:housenumber": null, "disused": null, "access": null, "inscription:right": "Arquit.//J. Segurado", "inscription:left": "Escult.//D. de Macedo", "inscription:front": "A Antero de Quental", "artist:wikidata": "Q5279234", "architect:wikidata": "Q10293606", "architect": "Jorge Segurado", "religion": null, "denomination": null, "barrier": null, "wikidata": null, "entrance": null, "start_date": null, "name:etymology": "Antero de Quental", "material": null, "inscription": "A Antero de Quental", "wikimedia_commons": null, "tourism": null, "name:hu": null, "artwork_type": null, "artist_name": "Diogo de Macedo", "subject:wikipedia": null, "subject:wikidata": null, "name:etymology:wikidata": "Q467494", "addr:city": null, "name": "Antero de Quental", "memorial": "bust" }, "geometry": { "type": "Point", "coordinates": [ -8.4271408, 40.204146 ] } },
{ "type": "Feature", "properties": { "full_id": "n3143817554", "osm_id": "3143817554", "osm_type": "node", "historic": "memorial", "support": null, "indoor": null, "display": null, "amenity": null, "short_protection_title": null, "ref:pc": null, "protection_title": null, "pc:inscription_date": null, "heritage:website": null, "heritage:operator": null, "heritage": null, "tomb": null, "location": null, "level": null, "door": null, "addr:postcode": null, "addr:street": null, "addr:housenumber": null, "disused": null, "access": null, "inscription:right": null, "inscription:left": null, "inscription:front": null, "artist:wikidata": null, "architect:wikidata": null, "architect": null, "religion": null, "denomination": null, "barrier": null, "wikidata": null, "entrance": null, "start_date": null, "name:etymology": null, "material": null, "inscription": null, "wikimedia_commons": null, "tourism": null, "name:hu": null, "artwork_type": null, "artist_name": null, "subject:wikipedia": null, "subject:wikidata": null, "name:etymology:wikidata": null, "addr:city": null, "name": "Bissaya Barreto", "memorial": "statue" }, "geometry": { "type": "Point", "coordinates": [ -8.4349579, 40.203352 ] } },
{ "type": "Feature", "properties": { "full_id": "n3496226629", "osm_id": "3496226629", "osm_type": "node", "historic": "city_gate", "support": null, "indoor": null, "display": null, "amenity": null, "short_protection_title": null, "ref:pc": null, "protection_title": null, "pc:inscription_date": null, "heritage:website": null, "heritage:operator": null, "heritage": null, "tomb": null, "location": null, "level": null, "door": null, "addr:postcode": null, "addr:street": null, "addr:housenumber": null, "disused": null, "access": "yes", "inscription:right": null, "inscription:left": null, "inscription:front": null, "artist:wikidata": null, "architect:wikidata": null, "architect": null, "religion": null, "denomination": null, "barrier": "sally_port", "wikidata": null, "entrance": "main", "start_date": null, "name:etymology": null, "material": null, "inscription": null, "wikimedia_commons": null, "tourism": null, "name:hu": null, "artwork_type": null, "artist_name": null, "subject:wikipedia": null, "subject:wikidata": null, "name:etymology:wikidata": null, "addr:city": null, "name": "Porta Férrea da Universidade de Coimbra", "memorial": null }, "geometry": { "type": "Point", "coordinates": [ -8.425668, 40.2077855 ] } },
{ "type": "Feature", "properties": { "full_id": "n3784060652", "osm_id": "3784060652", "osm_type": "node", "historic": "memorial", "support": null, "indoor": null, "display": null, "amenity": null, "short_protection_title": null, "ref:pc": null, "protection_title": null, "pc:inscription_date": null, "heritage:website": null, "heritage:operator": null, "heritage": null, "tomb": null, "location": null, "level": null, "door": null, "addr:postcode": null, "addr:street": null, "addr:housenumber": null, "disused": null, "access": null, "inscription:right": null, "inscription:left": null, "inscription:front": null, "artist:wikidata": null, "architect:wikidata": null, "architect": null, "religion": null, "denomination": null, "barrier": null, "wikidata": null, "entrance": null, "start_date": null, "name:etymology": null, "material": null, "inscription": null, "wikimedia_commons": null, "tourism": null, "name:hu": null, "artwork_type": null, "artist_name": null, "subject:wikipedia": null, "subject:wikidata": null, "name:etymology:wikidata": null, "addr:city": null, "name": "Eça de Queirós", "memorial": "bust" }, "geometry": { "type": "Point", "coordinates": [ -8.4159425, 40.2045881 ] } },
{ "type": "Feature", "properties": { "full_id": "n3995964109", "osm_id": "3995964109", "osm_type": "node", "historic": "pillory", "support": null, "indoor": null, "display": null, "amenity": null, "short_protection_title": null, "ref:pc": null, "protection_title": null, "pc:inscription_date": null, "heritage:website": null, "heritage:operator": null, "heritage": null, "tomb": null, "location": null, "level": null, "door": null, "addr:postcode": null, "addr:street": null, "addr:housenumber": null, "disused": "yes", "access": null, "inscription:right": null, "inscription:left": null, "inscription:front": null, "artist:wikidata": null, "architect:wikidata": null, "architect": null, "religion": null, "denomination": null, "barrier": null, "wikidata": "Q10348098", "entrance": null, "start_date": "C16", "name:etymology": null, "material": null, "inscription": null, "wikimedia_commons": null, "tourism": "attraction", "name:hu": null, "artwork_type": null, "artist_name": null, "subject:wikipedia": null, "subject:wikidata": null, "name:etymology:wikidata": null, "addr:city": null, "name": "Pelourinho de Coimbra", "memorial": null }, "geometry": { "type": "Point", "coordinates": [ -8.4158845, 40.209401 ] } },
{ "type": "Feature", "properties": { "full_id": "n4250901389", "osm_id": "4250901389", "osm_type": "node", "historic": "memorial", "support": null, "indoor": null, "display": null, "amenity": null, "short_protection_title": null, "ref:pc": null, "protection_title": null, "pc:inscription_date": null, "heritage:website": null, "heritage:operator": null, "heritage": null, "tomb": null, "location": null, "level": null, "door": null, "addr:postcode": null, "addr:street": null, "addr:housenumber": null, "disused": null, "access": null, "inscription:right": null, "inscription:left": null, "inscription:front": null, "artist:wikidata": null, "architect:wikidata": null, "architect": null, "religion": null, "denomination": null, "barrier": null, "wikidata": null, "entrance": null, "start_date": null, "name:etymology": null, "material": null, "inscription": null, "wikimedia_commons": null, "tourism": null, "name:hu": null, "artwork_type": null, "artist_name": null, "subject:wikipedia": null, "subject:wikidata": null, "name:etymology:wikidata": null, "addr:city": null, "name": "Coimbra Aos Seus Mortos na Grande Guerra", "memorial": "war_memorial" }, "geometry": { "type": "Point", "coordinates": [ -8.4216908, 40.2105231 ] } },
{ "type": "Feature", "properties": { "full_id": "n5176145958", "osm_id": "5176145958", "osm_type": "node", "historic": "memorial", "support": null, "indoor": null, "display": null, "amenity": null, "short_protection_title": null, "ref:pc": null, "protection_title": null, "pc:inscription_date": null, "heritage:website": null, "heritage:operator": null, "heritage": null, "tomb": null, "location": null, "level": null, "door": null, "addr:postcode": null, "addr:street": null, "addr:housenumber": null, "disused": null, "access": null, "inscription:right": null, "inscription:left": null, "inscription:front": null, "artist:wikidata": null, "architect:wikidata": null, "architect": null, "religion": null, "denomination": null, "barrier": null, "wikidata": null, "entrance": null, "start_date": null, "name:etymology": null, "material": null, "inscription": null, "wikimedia_commons": null, "tourism": null, "name:hu": null, "artwork_type": null, "artist_name": null, "subject:wikipedia": null, "subject:wikidata": null, "name:etymology:wikidata": null, "addr:city": null, "name": "Cindazunda", "memorial": "statue" }, "geometry": { "type": "Point", "coordinates": [ -8.4336539, 40.2134489 ] } },
{ "type": "Feature", "properties": { "full_id": "n5640665637", "osm_id": "5640665637", "osm_type": "node", "historic": "wayside_cross", "support": null, "indoor": null, "display": null, "amenity": null, "short_protection_title": null, "ref:pc": null, "protection_title": null, "pc:inscription_date": null, "heritage:website": null, "heritage:operator": null, "heritage": null, "tomb": null, "location": null, "level": null, "door": null, "addr:postcode": null, "addr:street": null, "addr:housenumber": null, "disused": null, "access": null, "inscription:right": null, "inscription:left": null, "inscription:front": null, "artist:wikidata": null, "architect:wikidata": null, "architect": null, "religion": null, "denomination": null, "barrier": null, "wikidata": null, "entrance": null, "start_date": null, "name:etymology": null, "material": null, "inscription": null, "wikimedia_commons": null, "tourism": null, "name:hu": null, "artwork_type": null, "artist_name": null, "subject:wikipedia": null, "subject:wikidata": null, "name:etymology:wikidata": null, "addr:city": null, "name": "Cruz da Póvoa", "memorial": null }, "geometry": { "type": "Point", "coordinates": [ -8.4542991, 40.1978074 ] } },
{ "type": "Feature", "properties": { "full_id": "n6077842613", "osm_id": "6077842613", "osm_type": "node", "historic": null, "support": null, "indoor": null, "display": null, "amenity": null, "short_protection_title": null, "ref:pc": null, "protection_title": null, "pc:inscription_date": null, "heritage:website": null, "heritage:operator": null, "heritage": null, "tomb": null, "location": null, "level": null, "door": null, "addr:postcode": null, "addr:street": null, "addr:housenumber": null, "disused": null, "access": null, "inscription:right": null, "inscription:left": null, "inscription:front": null, "artist:wikidata": null, "architect:wikidata": null, "architect": null, "religion": null, "denomination": null, "barrier": null, "wikidata": null, "entrance": "yes", "start_date": null, "name:etymology": null, "material": null, "inscription": null, "wikimedia_commons": null, "tourism": null, "name:hu": null, "artwork_type": null, "artist_name": null, "subject:wikipedia": null, "subject:wikidata": null, "name:etymology:wikidata": null, "addr:city": null, "name": null, "memorial": null }, "geometry": { "type": "Point", "coordinates": [ -8.4334264, 40.2026561 ] } },
{ "type": "Feature", "properties": { "full_id": "n6077842625", "osm_id": "6077842625", "osm_type": "node", "historic": null, "support": null, "indoor": null, "display": null, "amenity": null, "short_protection_title": null, "ref:pc": null, "protection_title": null, "pc:inscription_date": null, "heritage:website": null, "heritage:operator": null, "heritage": null, "tomb": null, "location": null, "level": null, "door": null, "addr:postcode": null, "addr:street": null, "addr:housenumber": null, "disused": null, "access": null, "inscription:right": null, "inscription:left": null, "inscription:front": null, "artist:wikidata": null, "architect:wikidata": null, "architect": null, "religion": null, "denomination": null, "barrier": null, "wikidata": null, "entrance": "yes", "start_date": null, "name:etymology": null, "material": null, "inscription": null, "wikimedia_commons": null, "tourism": null, "name:hu": null, "artwork_type": null, "artist_name": null, "subject:wikipedia": null, "subject:wikidata": null, "name:etymology:wikidata": null, "addr:city": null, "name": null, "memorial": null }, "geometry": { "type": "Point", "coordinates": [ -8.4333792, 40.2028861 ] } },
{ "type": "Feature", "properties": { "full_id": "n6831870669", "osm_id": "6831870669", "osm_type": "node", "historic": null, "support": null, "indoor": null, "display": null, "amenity": null, "short_protection_title": null, "ref:pc": null, "protection_title": null, "pc:inscription_date": null, "heritage:website": null, "heritage:operator": null, "heritage": null, "tomb": null, "location": null, "level": null, "door": null, "addr:postcode": null, "addr:street": null, "addr:housenumber": null, "disused": null, "access": null, "inscription:right": null, "inscription:left": null, "inscription:front": null, "artist:wikidata": null, "architect:wikidata": null, "architect": null, "religion": null, "denomination": null, "barrier": null, "wikidata": null, "entrance": "yes", "start_date": null, "name:etymology": null, "material": null, "inscription": null, "wikimedia_commons": null, "tourism": null, "name:hu": null, "artwork_type": null, "artist_name": null, "subject:wikipedia": null, "subject:wikidata": null, "name:etymology:wikidata": null, "addr:city": null, "name": null, "memorial": null }, "geometry": { "type": "Point", "coordinates": [ -8.4337299, 40.2026327 ] } },
{ "type": "Feature", "properties": { "full_id": "n7259078416", "osm_id": "7259078416", "osm_type": "node", "historic": "memorial", "support": null, "indoor": null, "display": null, "amenity": null, "short_protection_title": null, "ref:pc": null, "protection_title": null, "pc:inscription_date": null, "heritage:website": null, "heritage:operator": null, "heritage": null, "tomb": null, "location": null, "level": null, "door": null, "addr:postcode": null, "addr:street": null, "addr:housenumber": null, "disused": null, "access": null, "inscription:right": null, "inscription:left": null, "inscription:front": null, "artist:wikidata": null, "architect:wikidata": null, "architect": null, "religion": null, "denomination": null, "barrier": null, "wikidata": null, "entrance": null, "start_date": null, "name:etymology": null, "material": null, "inscription": null, "wikimedia_commons": null, "tourism": "artwork", "name:hu": null, "artwork_type": "statue", "artist_name": null, "subject:wikipedia": null, "subject:wikidata": null, "name:etymology:wikidata": null, "addr:city": null, "name": "São João", "memorial": null }, "geometry": { "type": "Point", "coordinates": [ -8.4111078, 40.2185668 ] } },
{ "type": "Feature", "properties": { "full_id": "n7285446901", "osm_id": "7285446901", "osm_type": "node", "historic": "memorial", "support": null, "indoor": null, "display": null, "amenity": null, "short_protection_title": null, "ref:pc": null, "protection_title": null, "pc:inscription_date": null, "heritage:website": null, "heritage:operator": null, "heritage": null, "tomb": null, "location": null, "level": null, "door": null, "addr:postcode": null, "addr:street": null, "addr:housenumber": null, "disused": null, "access": null, "inscription:right": null, "inscription:left": null, "inscription:front": null, "artist:wikidata": null, "architect:wikidata": null, "architect": null, "religion": null, "denomination": null, "barrier": null, "wikidata": null, "entrance": null, "start_date": null, "name:etymology": null, "material": null, "inscription": "Homenagem | Augusto da Silva Louro | Músico de viola | 1902-1927 | 10-11-2002 Os Salatinas", "wikimedia_commons": null, "tourism": null, "name:hu": null, "artwork_type": null, "artist_name": null, "subject:wikipedia": null, "subject:wikidata": null, "name:etymology:wikidata": null, "addr:city": null, "name": "Augusto da Silva Louro", "memorial": "plaque" }, "geometry": { "type": "Point", "coordinates": [ -8.4262229, 40.2095043 ] } },
{ "type": "Feature", "properties": { "full_id": "n8638724960", "osm_id": "8638724960", "osm_type": "node", "historic": "wayside_shrine", "support": null, "indoor": null, "display": null, "amenity": null, "short_protection_title": null, "ref:pc": null, "protection_title": null, "pc:inscription_date": null, "heritage:website": null, "heritage:operator": null, "heritage": null, "tomb": null, "location": null, "level": null, "door": null, "addr:postcode": null, "addr:street": null, "addr:housenumber": null, "disused": null, "access": null, "inscription:right": null, "inscription:left": null, "inscription:front": null, "artist:wikidata": null, "architect:wikidata": null, "architect": null, "religion": null, "denomination": null, "barrier": null, "wikidata": null, "entrance": null, "start_date": null, "name:etymology": null, "material": null, "inscription": null, "wikimedia_commons": null, "tourism": null, "name:hu": null, "artwork_type": null, "artist_name": null, "subject:wikipedia": null, "subject:wikidata": null, "name:etymology:wikidata": null, "addr:city": null, "name": "Nicho Nossa Senhora da Conceição", "memorial": null }, "geometry": { "type": "Point", "coordinates": [ -8.3969797, 40.1852289 ] } },
{ "type": "Feature", "properties": { "full_id": "n8849582270", "osm_id": "8849582270", "osm_type": "node", "historic": "pillory", "support": null, "indoor": null, "display": null, "amenity": null, "short_protection_title": null, "ref:pc": null, "protection_title": null, "pc:inscription_date": null, "heritage:website": null, "heritage:operator": null, "heritage": null, "tomb": null, "location": null, "level": null, "door": null, "addr:postcode": null, "addr:street": null, "addr:housenumber": null, "disused": null, "access": null, "inscription:right": null, "inscription:left": null, "inscription:front": null, "artist:wikidata": null, "architect:wikidata": null, "architect": null, "religion": null, "denomination": null, "barrier": null, "wikidata": null, "entrance": null, "start_date": null, "name:etymology": null, "material": null, "inscription": null, "wikimedia_commons": null, "tourism": "attraction", "name:hu": null, "artwork_type": null, "artist_name": null, "subject:wikipedia": null, "subject:wikidata": null, "name:etymology:wikidata": null, "addr:city": null, "name": "Pelourinho", "memorial": null }, "geometry": { "type": "Point", "coordinates": [ -8.4293702, 40.2084306 ] } },
{ "type": "Feature", "properties": { "full_id": "n8905830757", "osm_id": "8905830757", "osm_type": "node", "historic": null, "support": null, "indoor": null, "display": null, "amenity": null, "short_protection_title": null, "ref:pc": null, "protection_title": null, "pc:inscription_date": null, "heritage:website": null, "heritage:operator": null, "heritage": null, "tomb": null, "location": null, "level": null, "door": null, "addr:postcode": null, "addr:street": "Rua Martins de Carvalho", "addr:housenumber": "7", "disused": null, "access": null, "inscription:right": null, "inscription:left": null, "inscription:front": null, "artist:wikidata": null, "architect:wikidata": null, "architect": null, "religion": null, "denomination": null, "barrier": null, "wikidata": null, "entrance": "yes", "start_date": null, "name:etymology": null, "material": null, "inscription": null, "wikimedia_commons": null, "tourism": null, "name:hu": null, "artwork_type": null, "artist_name": null, "subject:wikipedia": null, "subject:wikidata": null, "name:etymology:wikidata": null, "addr:city": null, "name": null, "memorial": null }, "geometry": { "type": "Point", "coordinates": [ -8.428022, 40.2109014 ] } },
{ "type": "Feature", "properties": { "full_id": "n9708264189", "osm_id": "9708264189", "osm_type": "node", "historic": "archaeological_site", "support": null, "indoor": null, "display": null, "amenity": null, "short_protection_title": null, "ref:pc": null, "protection_title": null, "pc:inscription_date": null, "heritage:website": null, "heritage:operator": null, "heritage": null, "tomb": null, "location": null, "level": null, "door": null, "addr:postcode": null, "addr:street": null, "addr:housenumber": null, "disused": null, "access": null, "inscription:right": null, "inscription:left": null, "inscription:front": null, "artist:wikidata": null, "architect:wikidata": null, "architect": null, "religion": null, "denomination": null, "barrier": null, "wikidata": null, "entrance": null, "start_date": null, "name:etymology": null, "material": null, "inscription": null, "wikimedia_commons": null, "tourism": "attraction", "name:hu": null, "artwork_type": null, "artist_name": null, "subject:wikipedia": null, "subject:wikidata": null, "name:etymology:wikidata": null, "addr:city": null, "name": "Banhos judaicos medievais (Mikveh)", "memorial": null }, "geometry": { "type": "Point", "coordinates": [ -8.4289659, 40.2104457 ] } },
{ "type": "Feature", "properties": { "full_id": "n9725829111", "osm_id": "9725829111", "osm_type": "node", "historic": "memorial", "support": null, "indoor": null, "display": null, "amenity": null, "short_protection_title": null, "ref:pc": null, "protection_title": null, "pc:inscription_date": null, "heritage:website": null, "heritage:operator": null, "heritage": null, "tomb": null, "location": null, "level": null, "door": null, "addr:postcode": null, "addr:street": null, "addr:housenumber": null, "disused": null, "access": null, "inscription:right": null, "inscription:left": null, "inscription:front": null, "artist:wikidata": null, "architect:wikidata": null, "architect": null, "religion": null, "denomination": null, "barrier": null, "wikidata": null, "entrance": null, "start_date": null, "name:etymology": null, "material": null, "inscription": "No 2º andar deste prédio viveu,| de 1940 até finais da década,| o estudante e cantor | José Afonso | Homenagem da Câmara Municipal Coimbra | 2 de Agosto de 2009", "wikimedia_commons": null, "tourism": null, "name:hu": null, "artwork_type": null, "artist_name": null, "subject:wikipedia": null, "subject:wikidata": null, "name:etymology:wikidata": null, "addr:city": null, "name": "José Afonso", "memorial": "plaque" }, "geometry": { "type": "Point", "coordinates": [ -8.4107902, 40.2109998 ] } },
{ "type": "Feature", "properties": { "full_id": "n9789395995", "osm_id": "9789395995", "osm_type": "node", "historic": null, "support": null, "indoor": null, "display": null, "amenity": null, "short_protection_title": null, "ref:pc": null, "protection_title": null, "pc:inscription_date": null, "heritage:website": null, "heritage:operator": null, "heritage": null, "tomb": null, "location": null, "level": null, "door": null, "addr:postcode": null, "addr:street": null, "addr:housenumber": null, "disused": null, "access": null, "inscription:right": null, "inscription:left": null, "inscription:front": null, "artist:wikidata": null, "architect:wikidata": null, "architect": null, "religion": null, "denomination": null, "barrier": null, "wikidata": null, "entrance": "main", "start_date": null, "name:etymology": null, "material": null, "inscription": null, "wikimedia_commons": null, "tourism": null, "name:hu": null, "artwork_type": null, "artist_name": null, "subject:wikipedia": null, "subject:wikidata": null, "name:etymology:wikidata": null, "addr:city": null, "name": null, "memorial": null }, "geometry": { "type": "Point", "coordinates": [ -8.4335336, 40.198231 ] } },
{ "type": "Feature", "properties": { "full_id": "n9791624979", "osm_id": "9791624979", "osm_type": "node", "historic": "memorial", "support": null, "indoor": null, "display": null, "amenity": null, "short_protection_title": null, "ref:pc": null, "protection_title": null, "pc:inscription_date": null, "heritage:website": null, "heritage:operator": null, "heritage": null, "tomb": null, "location": null, "level": null, "door": null, "addr:postcode": null, "addr:street": null, "addr:housenumber": null, "disused": null, "access": null, "inscription:right": null, "inscription:left": null, "inscription:front": null, "artist:wikidata": null, "architect:wikidata": null, "architect": null, "religion": null, "denomination": null, "barrier": null, "wikidata": null, "entrance": null, "start_date": null, "name:etymology": null, "material": null, "inscription": "Fernando Pessoa, Poeta, 1888-1935. Tudo vale a pena se a alma não é pequena (Mensagem).", "wikimedia_commons": null, "tourism": null, "name:hu": null, "artwork_type": null, "artist_name": null, "subject:wikipedia": null, "subject:wikidata": null, "name:etymology:wikidata": null, "addr:city": null, "name": "Fernando Pessoa", "memorial": "stone" }, "geometry": { "type": "Point", "coordinates": [ -8.407412, 40.2147967 ] } },
{ "type": "Feature", "properties": { "full_id": "n9797680212", "osm_id": "9797680212", "osm_type": "node", "historic": null, "support": null, "indoor": null, "display": null, "amenity": null, "short_protection_title": null, "ref:pc": null, "protection_title": null, "pc:inscription_date": null, "heritage:website": null, "heritage:operator": null, "heritage": null, "tomb": null, "location": null, "level": null, "door": null, "addr:postcode": null, "addr:street": null, "addr:housenumber": null, "disused": null, "access": null, "inscription:right": null, "inscription:left": null, "inscription:front": null, "artist:wikidata": null, "architect:wikidata": null, "architect": null, "religion": null, "denomination": null, "barrier": null, "wikidata": null, "entrance": "yes", "start_date": null, "name:etymology": null, "material": null, "inscription": null, "wikimedia_commons": null, "tourism": null, "name:hu": null, "artwork_type": null, "artist_name": null, "subject:wikipedia": null, "subject:wikidata": null, "name:etymology:wikidata": null, "addr:city": null, "name": null, "memorial": null }, "geometry": { "type": "Point", "coordinates": [ -8.4371745, 40.2032321 ] } },
{ "type": "Feature", "properties": { "full_id": "n9928074563", "osm_id": "9928074563", "osm_type": "node", "historic": null, "support": null, "indoor": null, "display": null, "amenity": null, "short_protection_title": null, "ref:pc": null, "protection_title": null, "pc:inscription_date": null, "heritage:website": null, "heritage:operator": null, "heritage": null, "tomb": null, "location": null, "level": null, "door": null, "addr:postcode": null, "addr:street": null, "addr:housenumber": null, "disused": null, "access": null, "inscription:right": null, "inscription:left": null, "inscription:front": null, "artist:wikidata": null, "architect:wikidata": null, "architect": null, "religion": null, "denomination": null, "barrier": null, "wikidata": null, "entrance": "yes", "start_date": null, "name:etymology": null, "material": null, "inscription": null, "wikimedia_commons": null, "tourism": null, "name:hu": null, "artwork_type": null, "artist_name": null, "subject:wikipedia": null, "subject:wikidata": null, "name:etymology:wikidata": null, "addr:city": null, "name": null, "memorial": null }, "geometry": { "type": "Point", "coordinates": [ -8.4307849, 40.2132147 ] } },
{ "type": "Feature", "properties": { "full_id": "n9928074564", "osm_id": "9928074564", "osm_type": "node", "historic": null, "support": null, "indoor": null, "display": null, "amenity": null, "short_protection_title": null, "ref:pc": null, "protection_title": null, "pc:inscription_date": null, "heritage:website": null, "heritage:operator": null, "heritage": null, "tomb": null, "location": null, "level": null, "door": null, "addr:postcode": null, "addr:street": "Rua da Sofia", "addr:housenumber": "114", "disused": null, "access": null, "inscription:right": null, "inscription:left": null, "inscription:front": null, "artist:wikidata": null, "architect:wikidata": null, "architect": null, "religion": null, "denomination": null, "barrier": null, "wikidata": null, "entrance": "yes", "start_date": null, "name:etymology": null, "material": null, "inscription": null, "wikimedia_commons": null, "tourism": null, "name:hu": null, "artwork_type": null, "artist_name": null, "subject:wikipedia": null, "subject:wikidata": null, "name:etymology:wikidata": null, "addr:city": null, "name": null, "memorial": null }, "geometry": { "type": "Point", "coordinates": [ -8.430651, 40.2130631 ] } },
{ "type": "Feature", "properties": { "full_id": "n9928074584", "osm_id": "9928074584", "osm_type": "node", "historic": null, "support": null, "indoor": null, "display": null, "amenity": null, "short_protection_title": null, "ref:pc": null, "protection_title": null, "pc:inscription_date": null, "heritage:website": null, "heritage:operator": null, "heritage": null, "tomb": null, "location": null, "level": null, "door": null, "addr:postcode": null, "addr:street": "Rua da Sofia", "addr:housenumber": "100", "disused": null, "access": null, "inscription:right": null, "inscription:left": null, "inscription:front": null, "artist:wikidata": null, "architect:wikidata": null, "architect": null, "religion": null, "denomination": null, "barrier": null, "wikidata": null, "entrance": null, "start_date": null, "name:etymology": null, "material": null, "inscription": null, "wikimedia_commons": null, "tourism": null, "name:hu": null, "artwork_type": null, "artist_name": null, "subject:wikipedia": null, "subject:wikidata": null, "name:etymology:wikidata": null, "addr:city": null, "name": null, "memorial": null }, "geometry": { "type": "Point", "coordinates": [ -8.4302952, 40.212669 ] } },
{ "type": "Feature", "properties": { "full_id": "n9928074585", "osm_id": "9928074585", "osm_type": "node", "historic": null, "support": null, "indoor": null, "display": null, "amenity": null, "short_protection_title": null, "ref:pc": null, "protection_title": null, "pc:inscription_date": null, "heritage:website": null, "heritage:operator": null, "heritage": null, "tomb": null, "location": null, "level": null, "door": null, "addr:postcode": null, "addr:street": "Rua da Sofia", "addr:housenumber": "98", "disused": null, "access": null, "inscription:right": null, "inscription:left": null, "inscription:front": null, "artist:wikidata": null, "architect:wikidata": null, "architect": null, "religion": null, "denomination": null, "barrier": null, "wikidata": null, "entrance": null, "start_date": null, "name:etymology": null, "material": null, "inscription": null, "wikimedia_commons": null, "tourism": null, "name:hu": null, "artwork_type": null, "artist_name": null, "subject:wikipedia": null, "subject:wikidata": null, "name:etymology:wikidata": null, "addr:city": null, "name": null, "memorial": null }, "geometry": { "type": "Point", "coordinates": [ -8.4302466, 40.2126148 ] } },
{ "type": "Feature", "properties": { "full_id": "n9928074586", "osm_id": "9928074586", "osm_type": "node", "historic": null, "support": null, "indoor": null, "display": null, "amenity": null, "short_protection_title": null, "ref:pc": null, "protection_title": null, "pc:inscription_date": null, "heritage:website": null, "heritage:operator": null, "heritage": null, "tomb": null, "location": null, "level": null, "door": null, "addr:postcode": null, "addr:street": "Rua da Sofia", "addr:housenumber": "96", "disused": null, "access": null, "inscription:right": null, "inscription:left": null, "inscription:front": null, "artist:wikidata": null, "architect:wikidata": null, "architect": null, "religion": null, "denomination": null, "barrier": null, "wikidata": null, "entrance": null, "start_date": null, "name:etymology": null, "material": null, "inscription": null, "wikimedia_commons": null, "tourism": null, "name:hu": null, "artwork_type": null, "artist_name": null, "subject:wikipedia": null, "subject:wikidata": null, "name:etymology:wikidata": null, "addr:city": null, "name": null, "memorial": null }, "geometry": { "type": "Point", "coordinates": [ -8.4301847, 40.2125458 ] } },
{ "type": "Feature", "properties": { "full_id": "n9928074588", "osm_id": "9928074588", "osm_type": "node", "historic": null, "support": null, "indoor": null, "display": null, "amenity": null, "short_protection_title": null, "ref:pc": null, "protection_title": null, "pc:inscription_date": null, "heritage:website": null, "heritage:operator": null, "heritage": null, "tomb": null, "location": null, "level": null, "door": null, "addr:postcode": null, "addr:street": "Rua da Sofia", "addr:housenumber": "94", "disused": null, "access": "private", "inscription:right": null, "inscription:left": null, "inscription:front": null, "artist:wikidata": null, "architect:wikidata": null, "architect": null, "religion": null, "denomination": null, "barrier": null, "wikidata": null, "entrance": "staircase", "start_date": null, "name:etymology": null, "material": null, "inscription": null, "wikimedia_commons": null, "tourism": null, "name:hu": null, "artwork_type": null, "artist_name": null, "subject:wikipedia": null, "subject:wikidata": null, "name:etymology:wikidata": null, "addr:city": null, "name": null, "memorial": null }, "geometry": { "type": "Point", "coordinates": [ -8.4301116, 40.2124597 ] } },
{ "type": "Feature", "properties": { "full_id": "n9928558790", "osm_id": "9928558790", "osm_type": "node", "historic": null, "support": null, "indoor": null, "display": null, "amenity": null, "short_protection_title": null, "ref:pc": null, "protection_title": null, "pc:inscription_date": null, "heritage:website": null, "heritage:operator": null, "heritage": null, "tomb": null, "location": null, "level": null, "door": null, "addr:postcode": null, "addr:street": "Rua da Sofia", "addr:housenumber": "85", "disused": null, "access": null, "inscription:right": null, "inscription:left": null, "inscription:front": null, "artist:wikidata": null, "architect:wikidata": null, "architect": null, "religion": null, "denomination": null, "barrier": null, "wikidata": null, "entrance": null, "start_date": null, "name:etymology": null, "material": null, "inscription": null, "wikimedia_commons": null, "tourism": null, "name:hu": null, "artwork_type": null, "artist_name": null, "subject:wikipedia": null, "subject:wikidata": null, "name:etymology:wikidata": null, "addr:city": null, "name": null, "memorial": null }, "geometry": { "type": "Point", "coordinates": [ -8.4301277, 40.2122858 ] } },
{ "type": "Feature", "properties": { "full_id": "n9928558791", "osm_id": "9928558791", "osm_type": "node", "historic": null, "support": null, "indoor": null, "display": null, "amenity": null, "short_protection_title": null, "ref:pc": null, "protection_title": null, "pc:inscription_date": null, "heritage:website": null, "heritage:operator": null, "heritage": null, "tomb": null, "location": null, "level": null, "door": null, "addr:postcode": null, "addr:street": "Rua da Sofia", "addr:housenumber": "83", "disused": null, "access": null, "inscription:right": null, "inscription:left": null, "inscription:front": null, "artist:wikidata": null, "architect:wikidata": null, "architect": null, "religion": null, "denomination": null, "barrier": null, "wikidata": null, "entrance": null, "start_date": null, "name:etymology": null, "material": null, "inscription": null, "wikimedia_commons": null, "tourism": null, "name:hu": null, "artwork_type": null, "artist_name": null, "subject:wikipedia": null, "subject:wikidata": null, "name:etymology:wikidata": null, "addr:city": null, "name": null, "memorial": null }, "geometry": { "type": "Point", "coordinates": [ -8.4301101, 40.2122661 ] } },
{ "type": "Feature", "properties": { "full_id": "n9928558792", "osm_id": "9928558792", "osm_type": "node", "historic": null, "support": null, "indoor": null, "display": null, "amenity": null, "short_protection_title": null, "ref:pc": null, "protection_title": null, "pc:inscription_date": null, "heritage:website": null, "heritage:operator": null, "heritage": null, "tomb": null, "location": null, "level": null, "door": null, "addr:postcode": null, "addr:street": "Rua da Sofia", "addr:housenumber": "81", "disused": null, "access": null, "inscription:right": null, "inscription:left": null, "inscription:front": null, "artist:wikidata": null, "architect:wikidata": null, "architect": null, "religion": null, "denomination": null, "barrier": null, "wikidata": null, "entrance": null, "start_date": null, "name:etymology": null, "material": null, "inscription": null, "wikimedia_commons": null, "tourism": null, "name:hu": null, "artwork_type": null, "artist_name": null, "subject:wikipedia": null, "subject:wikidata": null, "name:etymology:wikidata": null, "addr:city": null, "name": null, "memorial": null }, "geometry": { "type": "Point", "coordinates": [ -8.4300815, 40.2122342 ] } },
{ "type": "Feature", "properties": { "full_id": "n9928558793", "osm_id": "9928558793", "osm_type": "node", "historic": null, "support": null, "indoor": null, "display": null, "amenity": null, "short_protection_title": null, "ref:pc": null, "protection_title": null, "pc:inscription_date": null, "heritage:website": null, "heritage:operator": null, "heritage": null, "tomb": null, "location": null, "level": null, "door": null, "addr:postcode": null, "addr:street": "Rua da Sofia", "addr:housenumber": "79", "disused": null, "access": null, "inscription:right": null, "inscription:left": null, "inscription:front": null, "artist:wikidata": null, "architect:wikidata": null, "architect": null, "religion": null, "denomination": null, "barrier": null, "wikidata": null, "entrance": null, "start_date": null, "name:etymology": null, "material": null, "inscription": null, "wikimedia_commons": null, "tourism": null, "name:hu": null, "artwork_type": null, "artist_name": null, "subject:wikipedia": null, "subject:wikidata": null, "name:etymology:wikidata": null, "addr:city": null, "name": null, "memorial": null }, "geometry": { "type": "Point", "coordinates": [ -8.430065, 40.2122158 ] } },
{ "type": "Feature", "properties": { "full_id": "n9928558794", "osm_id": "9928558794", "osm_type": "node", "historic": null, "support": null, "indoor": null, "display": null, "amenity": null, "short_protection_title": null, "ref:pc": null, "protection_title": null, "pc:inscription_date": null, "heritage:website": null, "heritage:operator": null, "heritage": null, "tomb": null, "location": null, "level": null, "door": null, "addr:postcode": null, "addr:street": "Rua da Sofia", "addr:housenumber": "77", "disused": null, "access": null, "inscription:right": null, "inscription:left": null, "inscription:front": null, "artist:wikidata": null, "architect:wikidata": null, "architect": null, "religion": null, "denomination": null, "barrier": null, "wikidata": null, "entrance": null, "start_date": null, "name:etymology": null, "material": null, "inscription": null, "wikimedia_commons": null, "tourism": null, "name:hu": null, "artwork_type": null, "artist_name": null, "subject:wikipedia": null, "subject:wikidata": null, "name:etymology:wikidata": null, "addr:city": null, "name": null, "memorial": null }, "geometry": { "type": "Point", "coordinates": [ -8.4300452, 40.2121937 ] } },
{ "type": "Feature", "properties": { "full_id": "n9928558795", "osm_id": "9928558795", "osm_type": "node", "historic": null, "support": null, "indoor": null, "display": null, "amenity": null, "short_protection_title": null, "ref:pc": null, "protection_title": null, "pc:inscription_date": null, "heritage:website": null, "heritage:operator": null, "heritage": null, "tomb": null, "location": null, "level": null, "door": null, "addr:postcode": null, "addr:street": "Rua da Sofia", "addr:housenumber": "75", "disused": null, "access": null, "inscription:right": null, "inscription:left": null, "inscription:front": null, "artist:wikidata": null, "architect:wikidata": null, "architect": null, "religion": null, "denomination": null, "barrier": null, "wikidata": null, "entrance": null, "start_date": null, "name:etymology": null, "material": null, "inscription": null, "wikimedia_commons": null, "tourism": null, "name:hu": null, "artwork_type": null, "artist_name": null, "subject:wikipedia": null, "subject:wikidata": null, "name:etymology:wikidata": null, "addr:city": null, "name": null, "memorial": null }, "geometry": { "type": "Point", "coordinates": [ -8.4300196, 40.2121651 ] } },
{ "type": "Feature", "properties": { "full_id": "n9928558796", "osm_id": "9928558796", "osm_type": "node", "historic": null, "support": null, "indoor": null, "display": null, "amenity": null, "short_protection_title": null, "ref:pc": null, "protection_title": null, "pc:inscription_date": null, "heritage:website": null, "heritage:operator": null, "heritage": null, "tomb": null, "location": null, "level": null, "door": null, "addr:postcode": null, "addr:street": "Rua da Sofia", "addr:housenumber": "73", "disused": null, "access": null, "inscription:right": null, "inscription:left": null, "inscription:front": null, "artist:wikidata": null, "architect:wikidata": null, "architect": null, "religion": null, "denomination": null, "barrier": null, "wikidata": null, "entrance": null, "start_date": null, "name:etymology": null, "material": null, "inscription": null, "wikimedia_commons": null, "tourism": null, "name:hu": null, "artwork_type": null, "artist_name": null, "subject:wikipedia": null, "subject:wikidata": null, "name:etymology:wikidata": null, "addr:city": null, "name": null, "memorial": null }, "geometry": { "type": "Point", "coordinates": [ -8.4300033, 40.212147 ] } },
{ "type": "Feature", "properties": { "full_id": "n9934207816", "osm_id": "9934207816", "osm_type": "node", "historic": null, "support": null, "indoor": null, "display": null, "amenity": null, "short_protection_title": null, "ref:pc": null, "protection_title": null, "pc:inscription_date": null, "heritage:website": null, "heritage:operator": null, "heritage": null, "tomb": null, "location": null, "level": null, "door": null, "addr:postcode": null, "addr:street": "Rua João de Ruão", "addr:housenumber": "7", "disused": null, "access": null, "inscription:right": null, "inscription:left": null, "inscription:front": null, "artist:wikidata": null, "architect:wikidata": null, "architect": null, "religion": null, "denomination": null, "barrier": null, "wikidata": null, "entrance": null, "start_date": null, "name:etymology": null, "material": null, "inscription": null, "wikimedia_commons": null, "tourism": null, "name:hu": null, "artwork_type": null, "artist_name": null, "subject:wikipedia": null, "subject:wikidata": null, "name:etymology:wikidata": null, "addr:city": null, "name": null, "memorial": null }, "geometry": { "type": "Point", "coordinates": [ -8.4311515, 40.2131033 ] } },
{ "type": "Feature", "properties": { "full_id": "n9964681228", "osm_id": "9964681228", "osm_type": "node", "historic": "memorial", "support": null, "indoor": null, "display": null, "amenity": null, "short_protection_title": null, "ref:pc": null, "protection_title": null, "pc:inscription_date": null, "heritage:website": null, "heritage:operator": null, "heritage": null, "tomb": null, "location": null, "level": null, "door": null, "addr:postcode": null, "addr:street": null, "addr:housenumber": null, "disused": null, "access": null, "inscription:right": null, "inscription:left": null, "inscription:front": null, "artist:wikidata": null, "architect:wikidata": null, "architect": null, "religion": null, "denomination": null, "barrier": null, "wikidata": null, "entrance": null, "start_date": null, "name:etymology": null, "material": "bronze", "inscription": "Professor Elysio de Moura\n1877 - 1977", "wikimedia_commons": null, "tourism": null, "name:hu": null, "artwork_type": null, "artist_name": null, "subject:wikipedia": null, "subject:wikidata": null, "name:etymology:wikidata": null, "addr:city": null, "name": "Elysio de Moura", "memorial": "bust" }, "geometry": { "type": "Point", "coordinates": [ -8.4107626, 40.2207517 ] } },
{ "type": "Feature", "properties": { "full_id": "n9970169310", "osm_id": "9970169310", "osm_type": "node", "historic": "wayside_cross", "support": null, "indoor": null, "display": null, "amenity": null, "short_protection_title": null, "ref:pc": null, "protection_title": null, "pc:inscription_date": null, "heritage:website": null, "heritage:operator": null, "heritage": null, "tomb": null, "location": null, "level": null, "door": null, "addr:postcode": null, "addr:street": null, "addr:housenumber": null, "disused": null, "access": null, "inscription:right": null, "inscription:left": null, "inscription:front": null, "artist:wikidata": null, "architect:wikidata": null, "architect": null, "religion": null, "denomination": null, "barrier": null, "wikidata": null, "entrance": null, "start_date": null, "name:etymology": null, "material": "stone", "inscription": null, "wikimedia_commons": null, "tourism": null, "name:hu": null, "artwork_type": null, "artist_name": null, "subject:wikipedia": null, "subject:wikidata": null, "name:etymology:wikidata": null, "addr:city": null, "name": null, "memorial": null }, "geometry": { "type": "Point", "coordinates": [ -8.4329929, 40.2153445 ] } },
{ "type": "Feature", "properties": { "full_id": "n10009232283", "osm_id": "10009232283", "osm_type": "node", "historic": "wayside_cross", "support": null, "indoor": null, "display": null, "amenity": null, "short_protection_title": null, "ref:pc": null, "protection_title": null, "pc:inscription_date": null, "heritage:website": null, "heritage:operator": null, "heritage": null, "tomb": null, "location": null, "level": null, "door": null, "addr:postcode": null, "addr:street": null, "addr:housenumber": null, "disused": null, "access": null, "inscription:right": null, "inscription:left": null, "inscription:front": null, "artist:wikidata": null, "architect:wikidata": null, "architect": null, "religion": null, "denomination": null, "barrier": null, "wikidata": null, "entrance": null, "start_date": null, "name:etymology": null, "material": null, "inscription": null, "wikimedia_commons": null, "tourism": null, "name:hu": null, "artwork_type": null, "artist_name": null, "subject:wikipedia": null, "subject:wikidata": null, "name:etymology:wikidata": null, "addr:city": null, "name": null, "memorial": null }, "geometry": { "type": "Point", "coordinates": [ -8.4066659, 40.212029 ] } },
{ "type": "Feature", "properties": { "full_id": "n10096748185", "osm_id": "10096748185", "osm_type": "node", "historic": "memorial", "support": null, "indoor": null, "display": null, "amenity": null, "short_protection_title": null, "ref:pc": null, "protection_title": null, "pc:inscription_date": null, "heritage:website": null, "heritage:operator": null, "heritage": null, "tomb": null, "location": null, "level": null, "door": null, "addr:postcode": null, "addr:street": null, "addr:housenumber": null, "disused": null, "access": null, "inscription:right": null, "inscription:left": null, "inscription:front": null, "artist:wikidata": null, "architect:wikidata": null, "architect": null, "religion": null, "denomination": null, "barrier": null, "wikidata": null, "entrance": null, "start_date": null, "name:etymology": null, "material": null, "inscription": "Babaou Maison Surréaliste|[1942-1946]|República Estudantil do Escritor|Ruben A", "wikimedia_commons": null, "tourism": null, "name:hu": null, "artwork_type": null, "artist_name": null, "subject:wikipedia": null, "subject:wikidata": null, "name:etymology:wikidata": null, "addr:city": null, "name": "Babaou Maison Surréaliste - Ruben A", "memorial": "plaque" }, "geometry": { "type": "Point", "coordinates": [ -8.4178134, 40.2059941 ] } },
{ "type": "Feature", "properties": { "full_id": "n10117726073", "osm_id": "10117726073", "osm_type": "node", "historic": null, "support": null, "indoor": null, "display": null, "amenity": null, "short_protection_title": null, "ref:pc": null, "protection_title": null, "pc:inscription_date": null, "heritage:website": null, "heritage:operator": null, "heritage": null, "tomb": null, "location": null, "level": null, "door": null, "addr:postcode": "3000-153", "addr:street": "Terreiro da Erva", "addr:housenumber": "52", "disused": null, "access": null, "inscription:right": null, "inscription:left": null, "inscription:front": null, "artist:wikidata": null, "architect:wikidata": null, "architect": null, "religion": null, "denomination": null, "barrier": null, "wikidata": null, "entrance": null, "start_date": null, "name:etymology": null, "material": null, "inscription": null, "wikimedia_commons": null, "tourism": null, "name:hu": null, "artwork_type": null, "artist_name": null, "subject:wikipedia": null, "subject:wikidata": null, "name:etymology:wikidata": null, "addr:city": "Coimbra", "name": null, "memorial": null }, "geometry": { "type": "Point", "coordinates": [ -8.4302689, 40.2121791 ] } },
{ "type": "Feature", "properties": { "full_id": "n10117726086", "osm_id": "10117726086", "osm_type": "node", "historic": null, "support": null, "indoor": null, "display": null, "amenity": null, "short_protection_title": null, "ref:pc": null, "protection_title": null, "pc:inscription_date": null, "heritage:website": null, "heritage:operator": null, "heritage": null, "tomb": null, "location": null, "level": null, "door": null, "addr:postcode": "3000-153", "addr:street": "Terreiro da Erva", "addr:housenumber": "53", "disused": null, "access": null, "inscription:right": null, "inscription:left": null, "inscription:front": null, "artist:wikidata": null, "architect:wikidata": null, "architect": null, "religion": null, "denomination": null, "barrier": null, "wikidata": null, "entrance": null, "start_date": null, "name:etymology": null, "material": null, "inscription": null, "wikimedia_commons": null, "tourism": null, "name:hu": null, "artwork_type": null, "artist_name": null, "subject:wikipedia": null, "subject:wikidata": null, "name:etymology:wikidata": null, "addr:city": "Coimbra", "name": null, "memorial": null }, "geometry": { "type": "Point", "coordinates": [ -8.4302905, 40.2122073 ] } },
{ "type": "Feature", "properties": { "full_id": "n10435045013", "osm_id": "10435045013", "osm_type": "node", "historic": "memorial", "support": null, "indoor": null, "display": null, "amenity": null, "short_protection_title": null, "ref:pc": null, "protection_title": null, "pc:inscription_date": null, "heritage:website": null, "heritage:operator": null, "heritage": null, "tomb": null, "location": null, "level": null, "door": null, "addr:postcode": null, "addr:street": null, "addr:housenumber": null, "disused": null, "access": null, "inscription:right": null, "inscription:left": null, "inscription:front": null, "artist:wikidata": null, "architect:wikidata": null, "architect": null, "religion": null, "denomination": null, "barrier": null, "wikidata": null, "entrance": null, "start_date": "1997-11-18", "name:etymology": null, "material": null, "inscription": "\"... as tardes ou os serões em casa do Cochofel. Nessas tertúlias se atearam muitas das labaredas da minha geração\" | Fernando Namora | Homenagem do Município de Coimbra ao movimento neo-realista coimbrão. | 18 de Novembro de 1997", "wikimedia_commons": null, "tourism": null, "name:hu": null, "artwork_type": null, "artist_name": null, "subject:wikipedia": null, "subject:wikidata": null, "name:etymology:wikidata": null, "addr:city": null, "name": "Movimento Neo-Realista Coimbrão", "memorial": "plaque" }, "geometry": { "type": "Point", "coordinates": [ -8.4272566, 40.2097883 ] } },
{ "type": "Feature", "properties": { "full_id": "n10435045016", "osm_id": "10435045016", "osm_type": "node", "historic": "memorial", "support": null, "indoor": null, "display": null, "amenity": null, "short_protection_title": null, "ref:pc": null, "protection_title": null, "pc:inscription_date": null, "heritage:website": null, "heritage:operator": null, "heritage": null, "tomb": null, "location": null, "level": null, "door": null, "addr:postcode": null, "addr:street": null, "addr:housenumber": null, "disused": null, "access": null, "inscription:right": null, "inscription:left": null, "inscription:front": null, "artist:wikidata": null, "architect:wikidata": null, "architect": null, "religion": null, "denomination": null, "barrier": null, "wikidata": null, "entrance": null, "start_date": null, "name:etymology": null, "material": null, "inscription": "Nesta casa reuniam os | \"Divodignos\" | estudantes da Universidade de Coimbra que em 1828 combateram pela liberdade.", "wikimedia_commons": null, "tourism": null, "name:hu": null, "artwork_type": null, "artist_name": null, "subject:wikipedia": null, "subject:wikidata": null, "name:etymology:wikidata": null, "addr:city": null, "name": "Divodignos", "memorial": "plaque" }, "geometry": { "type": "Point", "coordinates": [ -8.4270111, 40.209771 ] } },
{ "type": "Feature", "properties": { "full_id": "n10435045020", "osm_id": "10435045020", "osm_type": "node", "historic": "memorial", "support": null, "indoor": null, "display": null, "amenity": null, "short_protection_title": null, "ref:pc": null, "protection_title": null, "pc:inscription_date": null, "heritage:website": null, "heritage:operator": null, "heritage": null, "tomb": null, "location": null, "level": null, "door": null, "addr:postcode": null, "addr:street": null, "addr:housenumber": null, "disused": null, "access": null, "inscription:right": null, "inscription:left": null, "inscription:front": null, "artist:wikidata": null, "architect:wikidata": null, "architect": null, "religion": null, "denomination": null, "barrier": null, "wikidata": null, "entrance": null, "start_date": "1985", "name:etymology": null, "material": null, "inscription": "Nesta casa viveu enquanto estudante o escritor | Eça de Queirós | Homenagem da Câmara Municipal no 150º aniversário do seu nascimento. 23 de Novembro de 1985.", "wikimedia_commons": null, "tourism": null, "name:hu": null, "artwork_type": null, "artist_name": null, "subject:wikipedia": null, "subject:wikidata": null, "name:etymology:wikidata": null, "addr:city": null, "name": "Eça de Queirós", "memorial": "plaque" }, "geometry": { "type": "Point", "coordinates": [ -8.4270625, 40.2097373 ] } },
{ "type": "Feature", "properties": { "full_id": "n10538053148", "osm_id": "10538053148", "osm_type": "node", "historic": "memorial", "support": null, "indoor": null, "display": null, "amenity": null, "short_protection_title": null, "ref:pc": null, "protection_title": null, "pc:inscription_date": null, "heritage:website": null, "heritage:operator": null, "heritage": null, "tomb": null, "location": null, "level": null, "door": null, "addr:postcode": null, "addr:street": null, "addr:housenumber": null, "disused": null, "access": null, "inscription:right": null, "inscription:left": null, "inscription:front": null, "artist:wikidata": null, "architect:wikidata": null, "architect": null, "religion": null, "denomination": null, "barrier": null, "wikidata": null, "entrance": null, "start_date": "2006-04-28", "name:etymology": null, "material": null, "inscription": "Nesta casa viveu José Bonifácio de Andrade e Silva, estudante e professor da Universidade de Coimbra (1783 a 1819) e patriarca da independência do Brasil.|Coimbra, 28 de Abril de 2006", "wikimedia_commons": null, "tourism": null, "name:hu": null, "artwork_type": null, "artist_name": null, "subject:wikipedia": null, "subject:wikidata": null, "name:etymology:wikidata": null, "addr:city": null, "name": "José Bonifácio de Andrade e Silva", "memorial": "plaque" }, "geometry": { "type": "Point", "coordinates": [ -8.4421459, 40.2141732 ] } },
{ "type": "Feature", "properties": { "full_id": "n10713406761", "osm_id": "10713406761", "osm_type": "node", "historic": null, "support": null, "indoor": null, "display": null, "amenity": null, "short_protection_title": null, "ref:pc": null, "protection_title": null, "pc:inscription_date": null, "heritage:website": null, "heritage:operator": null, "heritage": null, "tomb": null, "location": null, "level": null, "door": null, "addr:postcode": null, "addr:street": null, "addr:housenumber": null, "disused": null, "access": null, "inscription:right": null, "inscription:left": null, "inscription:front": null, "artist:wikidata": null, "architect:wikidata": null, "architect": null, "religion": null, "denomination": null, "barrier": null, "wikidata": null, "entrance": "yes", "start_date": null, "name:etymology": null, "material": null, "inscription": null, "wikimedia_commons": null, "tourism": null, "name:hu": null, "artwork_type": null, "artist_name": null, "subject:wikipedia": null, "subject:wikidata": null, "name:etymology:wikidata": null, "addr:city": null, "name": null, "memorial": null }, "geometry": { "type": "Point", "coordinates": [ -8.4359725, 40.2033466 ] } },
{ "type": "Feature", "properties": { "full_id": "n10830486737", "osm_id": "10830486737", "osm_type": "node", "historic": "memorial", "support": null, "indoor": null, "display": null, "amenity": null, "short_protection_title": null, "ref:pc": null, "protection_title": null, "pc:inscription_date": null, "heritage:website": null, "heritage:operator": null, "heritage": null, "tomb": null, "location": null, "level": null, "door": null, "addr:postcode": null, "addr:street": null, "addr:housenumber": null, "disused": null, "access": null, "inscription:right": null, "inscription:left": null, "inscription:front": null, "artist:wikidata": null, "architect:wikidata": null, "architect": null, "religion": null, "denomination": null, "barrier": null, "wikidata": null, "entrance": null, "start_date": null, "name:etymology": null, "material": null, "inscription": "Sardinheira portuguesa| vais ficar sempre a meu lado | vou poder sentir mais presa | a Coimbra, voz do fado. | L.A.T.A./93", "wikimedia_commons": null, "tourism": null, "name:hu": null, "artwork_type": null, "artist_name": null, "subject:wikipedia": null, "subject:wikidata": null, "name:etymology:wikidata": null, "addr:city": null, "name": "Sardinheira Portuguesa", "memorial": "plaque" }, "geometry": { "type": "Point", "coordinates": [ -8.4264905, 40.2092928 ] } },
{ "type": "Feature", "properties": { "full_id": "n10840468137", "osm_id": "10840468137", "osm_type": "node", "historic": "memorial", "support": null, "indoor": null, "display": null, "amenity": null, "short_protection_title": null, "ref:pc": null, "protection_title": null, "pc:inscription_date": null, "heritage:website": null, "heritage:operator": null, "heritage": null, "tomb": null, "location": null, "level": null, "door": null, "addr:postcode": null, "addr:street": null, "addr:housenumber": null, "disused": null, "access": null, "inscription:right": null, "inscription:left": null, "inscription:front": null, "artist:wikidata": null, "architect:wikidata": null, "architect": null, "religion": null, "denomination": null, "barrier": null, "wikidata": null, "entrance": null, "start_date": "1985", "name:etymology": null, "material": null, "inscription": "Nesta casa viveu o estudante brasileiro | Lucas Junot | 1902-1968 | Licenciado em ciências mathemáticas | em 26 de julho de 1927, e que enobreceu | o \"Fado de Coimbra\" | Homenagem dos seus colegas do Brasil | 26-7-1970", "wikimedia_commons": null, "tourism": null, "name:hu": null, "artwork_type": null, "artist_name": null, "subject:wikipedia": null, "subject:wikidata": null, "name:etymology:wikidata": null, "addr:city": null, "name": "Lucas Junot", "memorial": "plaque" }, "geometry": { "type": "Point", "coordinates": [ -8.4275503, 40.2090025 ] } },
{ "type": "Feature", "properties": { "full_id": "n10840468138", "osm_id": "10840468138", "osm_type": "node", "historic": "memorial", "support": null, "indoor": null, "display": null, "amenity": null, "short_protection_title": null, "ref:pc": null, "protection_title": null, "pc:inscription_date": null, "heritage:website": null, "heritage:operator": null, "heritage": null, "tomb": null, "location": null, "level": null, "door": null, "addr:postcode": null, "addr:street": null, "addr:housenumber": null, "disused": null, "access": null, "inscription:right": null, "inscription:left": null, "inscription:front": null, "artist:wikidata": null, "architect:wikidata": null, "architect": null, "religion": null, "denomination": null, "barrier": null, "wikidata": null, "entrance": null, "start_date": "1985", "name:etymology": null, "material": null, "inscription": "Neste prédio habitou | enquanto escolar de direito | o poeta e cantor presencista | Edmundo de Bettencourt | Homenagem da Academia de Coimbra | aos trovadores presencistas | da década de oiro | 25-11-1989", "wikimedia_commons": null, "tourism": null, "name:hu": null, "artwork_type": null, "artist_name": null, "subject:wikipedia": null, "subject:wikidata": null, "name:etymology:wikidata": null, "addr:city": null, "name": "Edmundo Bettencourt", "memorial": "plaque" }, "geometry": { "type": "Point", "coordinates": [ -8.4275575, 40.2090145 ] } },
{ "type": "Feature", "properties": { "full_id": "n10840468146", "osm_id": "10840468146", "osm_type": "node", "historic": null, "support": null, "indoor": null, "display": null, "amenity": null, "short_protection_title": null, "ref:pc": null, "protection_title": null, "pc:inscription_date": null, "heritage:website": null, "heritage:operator": null, "heritage": null, "tomb": null, "location": null, "level": null, "door": null, "addr:postcode": null, "addr:street": null, "addr:housenumber": null, "disused": null, "access": null, "inscription:right": null, "inscription:left": null, "inscription:front": null, "artist:wikidata": null, "architect:wikidata": null, "architect": null, "religion": null, "denomination": null, "barrier": null, "wikidata": null, "entrance": "yes", "start_date": null, "name:etymology": null, "material": null, "inscription": null, "wikimedia_commons": null, "tourism": null, "name:hu": null, "artwork_type": null, "artist_name": null, "subject:wikipedia": null, "subject:wikidata": null, "name:etymology:wikidata": null, "addr:city": null, "name": null, "memorial": null }, "geometry": { "type": "Point", "coordinates": [ -8.4282825, 40.2098979 ] } },
{ "type": "Feature", "properties": { "full_id": "n11026945952", "osm_id": "11026945952", "osm_type": "node", "historic": "memorial", "support": null, "indoor": null, "display": null, "amenity": null, "short_protection_title": null, "ref:pc": null, "protection_title": null, "pc:inscription_date": null, "heritage:website": null, "heritage:operator": null, "heritage": null, "tomb": null, "location": null, "level": null, "door": null, "addr:postcode": null, "addr:street": null, "addr:housenumber": null, "disused": null, "access": null, "inscription:right": null, "inscription:left": null, "inscription:front": null, "artist:wikidata": null, "architect:wikidata": null, "architect": null, "religion": null, "denomination": null, "barrier": null, "wikidata": null, "entrance": null, "start_date": null, "name:etymology": null, "material": null, "inscription": "Alberto Vilaça | 1929-2007 | Escritor, Militante, Advogado | Membro da Comissão de Toponímia | Viveu nesta casa | Homenagem da Câmara M. Coimbra | 8-11-2008", "wikimedia_commons": null, "tourism": null, "name:hu": null, "artwork_type": null, "artist_name": null, "subject:wikipedia": null, "subject:wikidata": null, "name:etymology:wikidata": null, "addr:city": null, "name": "Alberto Vilaça", "memorial": "plaque" }, "geometry": { "type": "Point", "coordinates": [ -8.4338776, 40.2034951 ] } },
{ "type": "Feature", "properties": { "full_id": "n11050238932", "osm_id": "11050238932", "osm_type": "node", "historic": null, "support": null, "indoor": null, "display": null, "amenity": null, "short_protection_title": null, "ref:pc": null, "protection_title": null, "pc:inscription_date": null, "heritage:website": null, "heritage:operator": null, "heritage": null, "tomb": null, "location": null, "level": null, "door": null, "addr:postcode": null, "addr:street": null, "addr:housenumber": null, "disused": null, "access": null, "inscription:right": null, "inscription:left": null, "inscription:front": null, "artist:wikidata": null, "architect:wikidata": null, "architect": null, "religion": null, "denomination": null, "barrier": "gate", "wikidata": null, "entrance": null, "start_date": null, "name:etymology": null, "material": null, "inscription": null, "wikimedia_commons": null, "tourism": null, "name:hu": null, "artwork_type": null, "artist_name": null, "subject:wikipedia": null, "subject:wikidata": null, "name:etymology:wikidata": null, "addr:city": null, "name": null, "memorial": null }, "geometry": { "type": "Point", "coordinates": [ -8.4312639, 40.2137461 ] } },
{ "type": "Feature", "properties": { "full_id": "n11077895324", "osm_id": "11077895324", "osm_type": "node", "historic": "memorial", "support": null, "indoor": null, "display": null, "amenity": null, "short_protection_title": null, "ref:pc": null, "protection_title": null, "pc:inscription_date": null, "heritage:website": null, "heritage:operator": null, "heritage": null, "tomb": null, "location": null, "level": null, "door": null, "addr:postcode": null, "addr:street": null, "addr:housenumber": null, "disused": null, "access": null, "inscription:right": null, "inscription:left": null, "inscription:front": null, "artist:wikidata": null, "architect:wikidata": null, "architect": null, "religion": null, "denomination": null, "barrier": null, "wikidata": null, "entrance": null, "start_date": null, "name:etymology": null, "material": "stone", "inscription": "50º Aniversário de \"O Despertar\" | 2-3-917 — 2-3-967 | Coimbra", "wikimedia_commons": null, "tourism": null, "name:hu": null, "artwork_type": null, "artist_name": null, "subject:wikipedia": null, "subject:wikidata": null, "name:etymology:wikidata": null, "addr:city": null, "name": "50º aniversário de \"O Despertar\"", "memorial": "plaque" }, "geometry": { "type": "Point", "coordinates": [ -8.4288198, 40.2118247 ] } },
{ "type": "Feature", "properties": { "full_id": "n11077895325", "osm_id": "11077895325", "osm_type": "node", "historic": "memorial", "support": null, "indoor": null, "display": null, "amenity": null, "short_protection_title": null, "ref:pc": null, "protection_title": null, "pc:inscription_date": null, "heritage:website": null, "heritage:operator": null, "heritage": null, "tomb": null, "location": null, "level": null, "door": null, "addr:postcode": null, "addr:street": null, "addr:housenumber": null, "disused": null, "access": null, "inscription:right": null, "inscription:left": null, "inscription:front": null, "artist:wikidata": null, "architect:wikidata": null, "architect": null, "religion": null, "denomination": null, "barrier": null, "wikidata": null, "entrance": null, "start_date": null, "name:etymology": null, "material": "stone", "inscription": "\"O Despertar\" | 76 anos depois: por Coimbra, sempre vale a pena! | Comemorações das Bodas de Diamante | 1917-1993 | 2 de Março", "wikimedia_commons": null, "tourism": null, "name:hu": null, "artwork_type": null, "artist_name": null, "subject:wikipedia": null, "subject:wikidata": null, "name:etymology:wikidata": null, "addr:city": null, "name": "O Despertar", "memorial": "plaque" }, "geometry": { "type": "Point", "coordinates": [ -8.4287908, 40.2118802 ] } },
{ "type": "Feature", "properties": { "full_id": "n11198934157", "osm_id": "11198934157", "osm_type": "node", "historic": "memorial", "support": null, "indoor": null, "display": null, "amenity": null, "short_protection_title": null, "ref:pc": null, "protection_title": null, "pc:inscription_date": null, "heritage:website": null, "heritage:operator": null, "heritage": null, "tomb": null, "location": null, "level": null, "door": null, "addr:postcode": null, "addr:street": null, "addr:housenumber": null, "disused": null, "access": null, "inscription:right": null, "inscription:left": null, "inscription:front": null, "artist:wikidata": null, "architect:wikidata": null, "architect": null, "religion": null, "denomination": null, "barrier": null, "wikidata": null, "entrance": null, "start_date": "1987", "name:etymology": null, "material": null, "inscription": "Nesta casa viveu | o trovador da liberdade | José Afonso (o Zeca) | Em cada esquina um amigo | Em cada rosto igualdade | O povo é quem mais ordena | Dentro de ti ó cidade | Comissão promotora das comemorações | populares do 25 de Abril 1987", "wikimedia_commons": null, "tourism": null, "name:hu": null, "artwork_type": null, "artist_name": null, "subject:wikipedia": null, "subject:wikidata": null, "name:etymology:wikidata": null, "addr:city": null, "name": "José Afonso", "memorial": "plaque" }, "geometry": { "type": "Point", "coordinates": [ -8.4275336, 40.208734 ] } },
{ "type": "Feature", "properties": { "full_id": "n11297275292", "osm_id": "11297275292", "osm_type": "node", "historic": "wayside_shrine", "support": null, "indoor": null, "display": null, "amenity": null, "short_protection_title": null, "ref:pc": null, "protection_title": null, "pc:inscription_date": null, "heritage:website": null, "heritage:operator": null, "heritage": null, "tomb": null, "location": null, "level": null, "door": null, "addr:postcode": null, "addr:street": null, "addr:housenumber": null, "disused": null, "access": null, "inscription:right": null, "inscription:left": null, "inscription:front": null, "artist:wikidata": null, "architect:wikidata": null, "architect": null, "religion": "christian", "denomination": "catholic", "barrier": null, "wikidata": null, "entrance": null, "start_date": null, "name:etymology": null, "material": null, "inscription": null, "wikimedia_commons": null, "tourism": null, "name:hu": null, "artwork_type": null, "artist_name": null, "subject:wikipedia": null, "subject:wikidata": null, "name:etymology:wikidata": null, "addr:city": null, "name": null, "memorial": null }, "geometry": { "type": "Point", "coordinates": [ -8.4281678, 40.2144224 ] } },
{ "type": "Feature", "properties": { "full_id": "n11397237343", "osm_id": "11397237343", "osm_type": "node", "historic": "memorial", "support": null, "indoor": null, "display": null, "amenity": null, "short_protection_title": null, "ref:pc": null, "protection_title": null, "pc:inscription_date": null, "heritage:website": null, "heritage:operator": null, "heritage": null, "tomb": null, "location": null, "level": null, "door": null, "addr:postcode": null, "addr:street": null, "addr:housenumber": null, "disused": null, "access": null, "inscription:right": null, "inscription:left": null, "inscription:front": null, "artist:wikidata": null, "architect:wikidata": null, "architect": null, "religion": null, "denomination": null, "barrier": null, "wikidata": null, "entrance": null, "start_date": "1990", "name:etymology": null, "material": "stone", "inscription": "Junto deste portão | realizou-se durante décadas | a \"Feira dos Lázaros\" no Largo do Castelo | da velha Alta de Coimbra | Lembrança do | Grupo Folclórico de Coimbra | e | \"Salatinas\" | 24 Março 1990", "wikimedia_commons": null, "tourism": null, "name:hu": null, "artwork_type": null, "artist_name": null, "subject:wikipedia": null, "subject:wikidata": null, "name:etymology:wikidata": null, "addr:city": null, "name": "Portão da Feira dos Lázaros", "memorial": "plaque" }, "geometry": { "type": "Point", "coordinates": [ -8.4097575, 40.2193267 ] } },
{ "type": "Feature", "properties": { "full_id": "n11397237384", "osm_id": "11397237384", "osm_type": "node", "historic": "yes", "support": null, "indoor": null, "display": null, "amenity": null, "short_protection_title": null, "ref:pc": null, "protection_title": null, "pc:inscription_date": null, "heritage:website": null, "heritage:operator": null, "heritage": null, "tomb": null, "location": null, "level": null, "door": null, "addr:postcode": null, "addr:street": null, "addr:housenumber": null, "disused": null, "access": null, "inscription:right": null, "inscription:left": null, "inscription:front": null, "artist:wikidata": null, "architect:wikidata": null, "architect": null, "religion": null, "denomination": null, "barrier": "gate", "wikidata": null, "entrance": null, "start_date": null, "name:etymology": null, "material": null, "inscription": "Hospitaes da Universidade", "wikimedia_commons": null, "tourism": null, "name:hu": null, "artwork_type": null, "artist_name": null, "subject:wikipedia": null, "subject:wikidata": null, "name:etymology:wikidata": null, "addr:city": null, "name": null, "memorial": null }, "geometry": { "type": "Point", "coordinates": [ -8.4097551, 40.2193488 ] } },
{ "type": "Feature", "properties": { "full_id": "n11548841222", "osm_id": "11548841222", "osm_type": "node", "historic": null, "support": null, "indoor": null, "display": null, "amenity": null, "short_protection_title": null, "ref:pc": null, "protection_title": null, "pc:inscription_date": null, "heritage:website": null, "heritage:operator": null, "heritage": null, "tomb": null, "location": null, "level": null, "door": null, "addr:postcode": "3000-421", "addr:street": "Adro de Cima", "addr:housenumber": "13", "disused": null, "access": null, "inscription:right": null, "inscription:left": null, "inscription:front": null, "artist:wikidata": null, "architect:wikidata": null, "architect": null, "religion": null, "denomination": null, "barrier": null, "wikidata": null, "entrance": "home", "start_date": null, "name:etymology": null, "material": null, "inscription": null, "wikimedia_commons": null, "tourism": null, "name:hu": null, "artwork_type": null, "artist_name": null, "subject:wikipedia": null, "subject:wikidata": null, "name:etymology:wikidata": null, "addr:city": null, "name": null, "memorial": null }, "geometry": { "type": "Point", "coordinates": [ -8.4296005, 40.2079942 ] } },
{ "type": "Feature", "properties": { "full_id": "n11563096616", "osm_id": "11563096616", "osm_type": "node", "historic": "wayside_shrine", "support": null, "indoor": null, "display": null, "amenity": null, "short_protection_title": null, "ref:pc": null, "protection_title": null, "pc:inscription_date": null, "heritage:website": null, "heritage:operator": null, "heritage": null, "tomb": null, "location": null, "level": null, "door": null, "addr:postcode": null, "addr:street": null, "addr:housenumber": null, "disused": null, "access": null, "inscription:right": null, "inscription:left": null, "inscription:front": null, "artist:wikidata": null, "architect:wikidata": null, "architect": null, "religion": "christian", "denomination": "catholic", "barrier": null, "wikidata": null, "entrance": null, "start_date": null, "name:etymology": null, "material": null, "inscription": null, "wikimedia_commons": null, "tourism": null, "name:hu": null, "artwork_type": null, "artist_name": null, "subject:wikipedia": null, "subject:wikidata": null, "name:etymology:wikidata": null, "addr:city": null, "name": null, "memorial": null }, "geometry": { "type": "Point", "coordinates": [ -8.4190018, 40.2121555 ] } },
{ "type": "Feature", "properties": { "full_id": "n11612506612", "osm_id": "11612506612", "osm_type": "node", "historic": "wayside_shrine", "support": null, "indoor": null, "display": null, "amenity": null, "short_protection_title": null, "ref:pc": null, "protection_title": null, "pc:inscription_date": null, "heritage:website": null, "heritage:operator": null, "heritage": null, "tomb": null, "location": null, "level": null, "door": null, "addr:postcode": null, "addr:street": null, "addr:housenumber": null, "disused": null, "access": null, "inscription:right": null, "inscription:left": null, "inscription:front": null, "artist:wikidata": null, "architect:wikidata": null, "architect": null, "religion": "christian", "denomination": "catholic", "barrier": null, "wikidata": null, "entrance": null, "start_date": null, "name:etymology": null, "material": null, "inscription": null, "wikimedia_commons": null, "tourism": null, "name:hu": null, "artwork_type": null, "artist_name": null, "subject:wikipedia": null, "subject:wikidata": null, "name:etymology:wikidata": null, "addr:city": null, "name": null, "memorial": null }, "geometry": { "type": "Point", "coordinates": [ -8.4406697, 40.1970279 ] } },
{ "type": "Feature", "properties": { "full_id": "n11695976098", "osm_id": "11695976098", "osm_type": "node", "historic": "memorial", "support": null, "indoor": null, "display": null, "amenity": null, "short_protection_title": null, "ref:pc": null, "protection_title": null, "pc:inscription_date": null, "heritage:website": null, "heritage:operator": null, "heritage": null, "tomb": null, "location": null, "level": null, "door": null, "addr:postcode": null, "addr:street": null, "addr:housenumber": null, "disused": null, "access": null, "inscription:right": null, "inscription:left": null, "inscription:front": null, "artist:wikidata": null, "architect:wikidata": null, "architect": null, "religion": null, "denomination": null, "barrier": null, "wikidata": null, "entrance": null, "start_date": "2016-07-04", "name:etymology": "António Arnaut", "material": "bronze;marble", "inscription": "“Todo o fruto é vontade da semente.”//António Arnaut//Fundador do Serviço Nacional de Saúde//4 de Julho de 2016//Homenagem da//Câmara Municipal de Coimbra", "wikimedia_commons": null, "tourism": null, "name:hu": null, "artwork_type": null, "artist_name": null, "subject:wikipedia": null, "subject:wikidata": null, "name:etymology:wikidata": "Q4777527", "addr:city": null, "name": "António Arnaut", "memorial": "bust" }, "geometry": { "type": "Point", "coordinates": [ -8.4274008, 40.2043562 ] } },
{ "type": "Feature", "properties": { "full_id": "n11938308745", "osm_id": "11938308745", "osm_type": "node", "historic": null, "support": null, "indoor": null, "display": null, "amenity": null, "short_protection_title": null, "ref:pc": null, "protection_title": null, "pc:inscription_date": null, "heritage:website": null, "heritage:operator": null, "heritage": null, "tomb": null, "location": null, "level": null, "door": null, "addr:postcode": null, "addr:street": null, "addr:housenumber": null, "disused": null, "access": null, "inscription:right": null, "inscription:left": null, "inscription:front": null, "artist:wikidata": null, "architect:wikidata": null, "architect": null, "religion": null, "denomination": null, "barrier": null, "wikidata": null, "entrance": "main", "start_date": null, "name:etymology": null, "material": null, "inscription": null, "wikimedia_commons": null, "tourism": null, "name:hu": null, "artwork_type": null, "artist_name": null, "subject:wikipedia": null, "subject:wikidata": null, "name:etymology:wikidata": null, "addr:city": null, "name": null, "memorial": null }, "geometry": { "type": "Point", "coordinates": [ -8.4319932, 40.2143605 ] } },
{ "type": "Feature", "properties": { "full_id": "n12007553369", "osm_id": "12007553369", "osm_type": "node", "historic": "monument", "support": null, "indoor": null, "display": null, "amenity": null, "short_protection_title": null, "ref:pc": null, "protection_title": null, "pc:inscription_date": null, "heritage:website": null, "heritage:operator": null, "heritage": null, "tomb": null, "location": null, "level": null, "door": null, "addr:postcode": null, "addr:street": null, "addr:housenumber": null, "disused": null, "access": null, "inscription:right": null, "inscription:left": null, "inscription:front": null, "artist:wikidata": null, "architect:wikidata": null, "architect": null, "religion": null, "denomination": null, "barrier": null, "wikidata": null, "entrance": null, "start_date": null, "name:etymology": null, "material": null, "inscription": null, "wikimedia_commons": null, "tourism": null, "name:hu": null, "artwork_type": null, "artist_name": null, "subject:wikipedia": null, "subject:wikidata": null, "name:etymology:wikidata": null, "addr:city": null, "name": "Barca Serrana", "memorial": null }, "geometry": { "type": "Point", "coordinates": [ -8.4278766, 40.204959 ] } },
{ "type": "Feature", "properties": { "full_id": "n12577837192", "osm_id": "12577837192", "osm_type": "node", "historic": null, "support": null, "indoor": null, "display": null, "amenity": null, "short_protection_title": null, "ref:pc": null, "protection_title": null, "pc:inscription_date": null, "heritage:website": null, "heritage:operator": null, "heritage": null, "tomb": null, "location": null, "level": "0", "door": "double", "addr:postcode": null, "addr:street": null, "addr:housenumber": null, "disused": null, "access": null, "inscription:right": null, "inscription:left": null, "inscription:front": null, "artist:wikidata": null, "architect:wikidata": null, "architect": null, "religion": null, "denomination": null, "barrier": null, "wikidata": null, "entrance": "main", "start_date": null, "name:etymology": null, "material": "stone", "inscription": null, "wikimedia_commons": null, "tourism": "artwork", "name:hu": null, "artwork_type": "sculpture", "artist_name": null, "subject:wikipedia": null, "subject:wikidata": null, "name:etymology:wikidata": null, "addr:city": null, "name": null, "memorial": null }, "geometry": { "type": "Point", "coordinates": [ -8.4251233, 40.2090247 ] } },
{ "type": "Feature", "properties": { "full_id": "n12593540264", "osm_id": "12593540264", "osm_type": "node", "historic": "tomb", "support": null, "indoor": null, "display": null, "amenity": null, "short_protection_title": null, "ref:pc": null, "protection_title": null, "pc:inscription_date": null, "heritage:website": null, "heritage:operator": null, "heritage": null, "tomb": "yes", "location": "indoor", "level": null, "door": null, "addr:postcode": null, "addr:street": null, "addr:housenumber": null, "disused": null, "access": null, "inscription:right": null, "inscription:left": null, "inscription:front": null, "artist:wikidata": null, "architect:wikidata": null, "architect": null, "religion": null, "denomination": null, "barrier": null, "wikidata": null, "entrance": null, "start_date": null, "name:etymology": null, "material": null, "inscription": null, "wikimedia_commons": null, "tourism": null, "name:hu": null, "artwork_type": null, "artist_name": null, "subject:wikipedia": null, "subject:wikidata": null, "name:etymology:wikidata": null, "addr:city": null, "name": "Túmulo de Sancho I", "memorial": null }, "geometry": { "type": "Point", "coordinates": [ -8.4285642, 40.2109374 ] } },
{ "type": "Feature", "properties": { "full_id": "n12593540265", "osm_id": "12593540265", "osm_type": "node", "historic": "tomb", "support": null, "indoor": null, "display": null, "amenity": null, "short_protection_title": null, "ref:pc": null, "protection_title": null, "pc:inscription_date": null, "heritage:website": null, "heritage:operator": null, "heritage": null, "tomb": "yes", "location": "indoor", "level": null, "door": null, "addr:postcode": null, "addr:street": null, "addr:housenumber": null, "disused": null, "access": null, "inscription:right": null, "inscription:left": null, "inscription:front": null, "artist:wikidata": null, "architect:wikidata": null, "architect": null, "religion": null, "denomination": null, "barrier": null, "wikidata": null, "entrance": null, "start_date": null, "name:etymology": null, "material": null, "inscription": null, "wikimedia_commons": null, "tourism": null, "name:hu": null, "artwork_type": null, "artist_name": null, "subject:wikipedia": null, "subject:wikidata": null, "name:etymology:wikidata": null, "addr:city": null, "name": "Túmulo de Dom Afonso Henriques", "memorial": null }, "geometry": { "type": "Point", "coordinates": [ -8.4285683, 40.2109732 ] } },
{ "type": "Feature", "properties": { "full_id": "n12621255572", "osm_id": "12621255572", "osm_type": "node", "historic": "tomb", "support": null, "indoor": null, "display": null, "amenity": null, "short_protection_title": "MN", "ref:pc": "16870740", "protection_title": "Monumento Nacional", "pc:inscription_date": "1910-06-23", "heritage:website": "https://servicos.dgpc.gov.pt/pesquisapatrimonioimovel/detalhes.php?code=16870740", "heritage:operator": "pc", "heritage": "2", "tomb": "sarcophagus", "location": null, "level": null, "door": null, "addr:postcode": null, "addr:street": null, "addr:housenumber": null, "disused": null, "access": null, "inscription:right": null, "inscription:left": null, "inscription:front": null, "artist:wikidata": null, "architect:wikidata": null, "architect": null, "religion": null, "denomination": null, "barrier": null, "wikidata": null, "entrance": null, "start_date": null, "name:etymology": null, "material": "stone", "inscription": "AQUI : JAZ : HUM : QUE : EM : OUTRO : TEMPO : FOY : GRANDE : BAROM : / SABEDOR : E MUITO : ELOQUENTE : AUONDADO : E RICO : E AG(ORA) / HE : PEQUENA : CINZA : ENCARADA : EM : ESTE : MOIMENTO : / E COM : EL : JAZ : HUUM : SEU : SOBRINHO : DOS : QUAES : HUU", "wikimedia_commons": null, "tourism": null, "name:hu": null, "artwork_type": null, "artist_name": null, "subject:wikipedia": null, "subject:wikidata": null, "name:etymology:wikidata": null, "addr:city": null, "name": "Túmulo de Dom Sesnando", "memorial": null }, "geometry": { "type": "Point", "coordinates": [ -8.4268931, 40.2086836 ] } },
{ "type": "Feature", "properties": { "full_id": "n12952813450", "osm_id": "12952813450", "osm_type": "node", "historic": null, "support": null, "indoor": null, "display": null, "amenity": null, "short_protection_title": null, "ref:pc": null, "protection_title": null, "pc:inscription_date": null, "heritage:website": null, "heritage:operator": null, "heritage": null, "tomb": null, "location": null, "level": null, "door": null, "addr:postcode": null, "addr:street": null, "addr:housenumber": null, "disused": null, "access": null, "inscription:right": null, "inscription:left": null, "inscription:front": null, "artist:wikidata": null, "architect:wikidata": null, "architect": null, "religion": null, "denomination": null, "barrier": null, "wikidata": null, "entrance": "yes", "start_date": null, "name:etymology": null, "material": null, "inscription": null, "wikimedia_commons": null, "tourism": null, "name:hu": null, "artwork_type": null, "artist_name": null, "subject:wikipedia": null, "subject:wikidata": null, "name:etymology:wikidata": null, "addr:city": null, "name": null, "memorial": null }, "geometry": { "type": "Point", "coordinates": [ -8.4258377, 40.2078998 ] } },
{ "type": "Feature", "properties": { "full_id": "n13165678344", "osm_id": "13165678344", "osm_type": "node", "historic": "memorial", "support": null, "indoor": null, "display": null, "amenity": null, "short_protection_title": null, "ref:pc": null, "protection_title": null, "pc:inscription_date": null, "heritage:website": null, "heritage:operator": null, "heritage": null, "tomb": null, "location": null, "level": null, "door": null, "addr:postcode": null, "addr:street": null, "addr:housenumber": null, "disused": null, "access": null, "inscription:right": null, "inscription:left": null, "inscription:front": null, "artist:wikidata": null, "architect:wikidata": null, "architect": null, "religion": null, "denomination": null, "barrier": null, "wikidata": null, "entrance": null, "start_date": null, "name:etymology": null, "material": "bronze", "inscription": null, "wikimedia_commons": null, "tourism": null, "name:hu": null, "artwork_type": null, "artist_name": null, "subject:wikipedia": null, "subject:wikidata": null, "name:etymology:wikidata": null, "addr:city": null, "name": "Bissaya Barreto", "memorial": "bust" }, "geometry": { "type": "Point", "coordinates": [ -8.4346767, 40.2028871 ] } },
{ "type": "Feature", "properties": { "full_id": "n13265742597", "osm_id": "13265742597", "osm_type": "node", "historic": "memorial", "support": null, "indoor": null, "display": null, "amenity": null, "short_protection_title": null, "ref:pc": null, "protection_title": null, "pc:inscription_date": null, "heritage:website": null, "heritage:operator": null, "heritage": null, "tomb": null, "location": null, "level": null, "door": null, "addr:postcode": null, "addr:street": null, "addr:housenumber": null, "disused": null, "access": null, "inscription:right": null, "inscription:left": null, "inscription:front": null, "artist:wikidata": null, "architect:wikidata": null, "architect": null, "religion": null, "denomination": null, "barrier": null, "wikidata": null, "entrance": null, "start_date": "2025-06-25", "name:etymology": null, "material": "bronze", "inscription": null, "wikimedia_commons": null, "tourism": null, "name:hu": null, "artwork_type": null, "artist_name": "Taimuraz Kazbekovitch Zangiev", "subject:wikipedia": null, "subject:wikidata": null, "name:etymology:wikidata": null, "addr:city": null, "name": "Addak", "memorial": "bust" }, "geometry": { "type": "Point", "coordinates": [ -8.4287073, 40.2061787 ] } },
{ "type": "Feature", "properties": { "full_id": "n13339793322", "osm_id": "13339793322", "osm_type": "node", "historic": null, "support": "wall", "indoor": "no", "display": "analog", "amenity": "clock", "short_protection_title": null, "ref:pc": null, "protection_title": null, "pc:inscription_date": null, "heritage:website": null, "heritage:operator": null, "heritage": null, "tomb": null, "location": null, "level": null, "door": null, "addr:postcode": null, "addr:street": null, "addr:housenumber": null, "disused": null, "access": null, "inscription:right": null, "inscription:left": null, "inscription:front": null, "artist:wikidata": null, "architect:wikidata": null, "architect": null, "religion": null, "denomination": null, "barrier": null, "wikidata": null, "entrance": null, "start_date": null, "name:etymology": null, "material": null, "inscription": null, "wikimedia_commons": null, "tourism": null, "name:hu": null, "artwork_type": null, "artist_name": null, "subject:wikipedia": null, "subject:wikidata": null, "name:etymology:wikidata": null, "addr:city": null, "name": null, "memorial": null }, "geometry": { "type": "Point", "coordinates": [ -8.4281517, 40.20993 ] } }
]
}
