{
"type": "FeatureCollection",
"name": "Coimbra_autonomous_vehicle_path",
"crs": { "type": "name", "properties": { "name": "urn:ogc:def:crs:OGC:1.3:CRS84" } },
"features": [
{ "type": "Feature", "properties": { "begin": "0", "end": "4822" }, "geometry": { "type": "LineString", "coordinates": [ [ -8.418211488333332, 40.186607786666663 ], [ -8.418210971666666, 40.186607186666663 ], [ -8.418210421666666, 40.18660659333333 ], [ -8.418209931666667, 40.186605601666663 ], [ -8.418209331666667, 40.186604988333329 ], [ -8.418208701666666, 40.186604421666665 ], [ -8.418208013333333, 40.186603823333328 ], [ -8.418207375, 40.186603235 ], [ -8.41820678, 40.18660257 ], [ -8.418206096666665, 40.186601811666662 ], [ -8.418205333333333, 40.18660108 ], [ -8.418204591666665, 40.186600295 ], [ -8.418203806666666, 40.18659941 ], [ -8.4182025, 40.186599571666662 ], [ -8.418201675, 40.186598635 ], [ -8.418200593333333, 40.18659804666666 ], [ -8.418199603333333, 40.186597028333331 ], [ -8.418198501666666, 40.186596005 ], [ -8.418197295, 40.18659506 ], [ -8.418196333333333, 40.18659388 ], [ -8.41819521, 40.186592755 ], [ -8.418193816666665, 40.186592001666661 ], [ -8.418192555, 40.186590943333329 ], [ -8.418191221666666, 40.186589875 ], [ -8.418189898333333, 40.18658877666666 ], [ -8.418188545, 40.186587645 ], [ -8.41818709, 40.186586595 ], [ -8.41818559, 40.186585456666663 ], [ -8.41818411, 40.186584368333328 ], [ -8.418182706666666, 40.18658332166666 ], [ -8.418181188333334, 40.186582235 ], [ -8.418179688333332, 40.186581263333331 ], [ -8.418178205, 40.186580158333328 ], [ -8.418176713333333, 40.18657917 ], [ -8.418175153333333, 40.186578138333331 ], [ -8.418173716666667, 40.186577101666664 ], [ -8.418172118333333, 40.186576175 ], [ -8.418170483333332, 40.186575268333328 ], [ -8.418168853333333, 40.186574343333334 ], [ -8.418167226666666, 40.186573428333332 ], [ -8.418165703333333, 40.18657248 ], [ -8.41816403, 40.186571663333332 ], [ -8.418162448333332, 40.18657077 ], [ -8.418160825, 40.186569945 ], [ -8.418159161666667, 40.186569083333332 ], [ -8.418157593333333, 40.186568278333333 ], [ -8.418156038333333, 40.18656743166666 ], [ -8.418154453333333, 40.186566583333331 ], [ -8.418152875, 40.186565768333331 ], [ -8.418151293333333, 40.186564855 ], [ -8.418149663333333, 40.186564033333333 ], [ -8.418147941666666, 40.186563275 ], [ -8.418146198333332, 40.186562383333332 ], [ -8.418144433333334, 40.186561565 ], [ -8.418142558333333, 40.186560603333326 ], [ -8.418140608333333, 40.186559695 ], [ -8.41813866, 40.186558803333327 ], [ -8.418136586666666, 40.186557863333327 ], [ -8.418134575, 40.186556936666662 ], [ -8.418132476666665, 40.186556085 ], [ -8.418130385, 40.1865551 ], [ -8.418128325, 40.186554246666667 ], [ -8.418126203333333, 40.186553446666665 ], [ -8.41812405, 40.186552595 ], [ -8.41812183, 40.18655167 ], [ -8.41811948, 40.18655085 ], [ -8.418117263333333, 40.18654992 ], [ -8.418114813333332, 40.186549081666662 ], [ -8.418112433333333, 40.186548146666667 ], [ -8.41811006, 40.18654723 ], [ -8.418107616666665, 40.186546153333332 ], [ -8.418105261666666, 40.18654507 ], [ -8.418102813333332, 40.186544123333327 ], [ -8.41810024, 40.186543286666662 ], [ -8.418097811666666, 40.186542253333329 ], [ -8.418095318333332, 40.186541216666662 ], [ -8.418092708333333, 40.186540318333329 ], [ -8.418090255, 40.18653926 ], [ -8.418087631666666, 40.18653835833333 ], [ -8.418085028333333, 40.186537423333327 ], [ -8.418082386666667, 40.186536405 ], [ -8.41807964, 40.186535506666665 ], [ -8.418076905, 40.186534605 ], [ -8.418074243333333, 40.186533645 ], [ -8.418071483333332, 40.186532743333331 ], [ -8.418068683333333, 40.186531781666666 ], [ -8.418065903333332, 40.186530891666663 ], [ -8.418063136666666, 40.186529875 ], [ -8.418060255, 40.186528938333332 ], [ -8.418057428333332, 40.186528028333328 ], [ -8.41805449, 40.186527098333329 ], [ -8.418051563333332, 40.186526108333332 ], [ -8.418048595, 40.186525146666661 ], [ -8.41804561, 40.186524203333327 ], [ -8.41804258, 40.186523276666662 ], [ -8.418039543333332, 40.18652230833333 ], [ -8.418036433333333, 40.186521348333329 ], [ -8.418033265, 40.186520335 ], [ -8.41803007, 40.186519406666662 ], [ -8.418026901666666, 40.186518451666664 ], [ -8.418023635, 40.186517545 ], [ -8.418020378333333, 40.18651657 ], [ -8.418017103333332, 40.186515591666662 ], [ -8.41801384, 40.186514588333331 ], [ -8.418010488333334, 40.186513606666665 ], [ -8.418007196666666, 40.186512636666663 ], [ -8.418003905, 40.186511726666666 ], [ -8.418000516666666, 40.186510795 ], [ -8.417997211666666, 40.186509755 ], [ -8.417993758333333, 40.186508823333327 ], [ -8.417990435, 40.186507935 ], [ -8.417987208333333, 40.186506903333331 ], [ -8.417983918333332, 40.186505935 ], [ -8.41798053, 40.186505013333331 ], [ -8.417977263333333, 40.186504026666661 ], [ -8.417974045, 40.18650304 ], [ -8.41797082, 40.186502158333333 ], [ -8.417967653333333, 40.186501176666667 ], [ -8.417964518333333, 40.18650032666666 ], [ -8.417961381666666, 40.186499463333327 ], [ -8.417958458333333, 40.18649853 ], [ -8.417955336666665, 40.18649769 ], [ -8.41795246, 40.186496776666665 ], [ -8.417949538333334, 40.18649594 ], [ -8.417946631666666, 40.186495138333328 ], [ -8.417943866666667, 40.18649425 ], [ -8.417941158333333, 40.186493471666665 ], [ -8.417938483333332, 40.18649272333333 ], [ -8.417935918333333, 40.186491915 ], [ -8.417933436666667, 40.186491205 ], [ -8.41793118, 40.186490496666664 ], [ -8.417928928333334, 40.186489843333327 ], [ -8.41792679, 40.186489185 ], [ -8.417924808333332, 40.186488531666662 ], [ -8.417922926666666, 40.186487895 ], [ -8.4179211, 40.18648734 ], [ -8.417919405, 40.186486763333328 ], [ -8.417917761666667, 40.186486275 ], [ -8.417916266666666, 40.186485773333331 ], [ -8.417914886666667, 40.186485291666663 ], [ -8.417913585, 40.18648488 ], [ -8.41791234, 40.186484506666666 ], [ -8.417911176666665, 40.186484125 ], [ -8.417910231666665, 40.186483753333327 ], [ -8.417909323333333, 40.186483438333333 ], [ -8.417908503333333, 40.186483175 ], [ -8.417907821666667, 40.186482915 ], [ -8.417907166666666, 40.18648274 ], [ -8.41790669, 40.186482543333327 ], [ -8.417906503333333, 40.186482491666666 ], [ -8.417906418333333, 40.186482455 ], [ -8.417906433333332, 40.18648246 ], [ -8.417906516666665, 40.186482486666662 ], [ -8.41790655, 40.18648251 ], [ -8.417906486666666, 40.186482466666661 ], [ -8.417906501666666, 40.186482465 ], [ -8.417906516666665, 40.18648248 ], [ -8.417906501666666, 40.186482476666662 ], [ -8.41790651, 40.186482498333334 ], [ -8.4179065, 40.186482496666663 ], [ -8.417906505, 40.186482481666665 ], [ -8.417906508333333, 40.186482476666662 ], [ -8.417906495, 40.186482483333329 ], [ -8.41790652, 40.186482471666665 ], [ -8.417906501666666, 40.186482476666662 ], [ -8.417906516666665, 40.18648250166666 ], [ -8.417906541666666, 40.186482466666661 ], [ -8.417906565, 40.186482455 ], [ -8.417906531666667, 40.186482486666662 ], [ -8.417906553333333, 40.18648246 ], [ -8.417906543333332, 40.186482488333333 ], [ -8.417906546666666, 40.186482488333333 ], [ -8.417906568333333, 40.186482436666665 ], [ -8.417906551666666, 40.186482446666666 ], [ -8.417906551666666, 40.18648245666666 ], [ -8.417906546666666, 40.186482466666661 ], [ -8.417906555, 40.186482463333327 ], [ -8.417906568333333, 40.186482431666661 ], [ -8.41790659, 40.186482445 ], [ -8.417906593333333, 40.186482438333329 ], [ -8.417906591666666, 40.18648245666666 ], [ -8.41790658, 40.186482416666664 ], [ -8.417906565, 40.18648242 ], [ -8.417906505, 40.186482425 ], [ -8.417906421666666, 40.186482365 ], [ -8.417906231666667, 40.186482316666662 ], [ -8.417905911666667, 40.18648223 ], [ -8.417905413333333, 40.186482021666663 ], [ -8.417904796666667, 40.18648177666666 ], [ -8.417904041666667, 40.186481498333329 ], [ -8.417902976666666, 40.186481145 ], [ -8.417901856666665, 40.186480793333331 ], [ -8.417900525, 40.186480391666663 ], [ -8.417899111666665, 40.18647988666666 ], [ -8.41789764, 40.18647935 ], [ -8.417896033333333, 40.18647878 ], [ -8.417894208333333, 40.186478241666663 ], [ -8.417892456666666, 40.186477543333332 ], [ -8.417890521666665, 40.186476923333331 ], [ -8.417888496666666, 40.186476238333327 ], [ -8.417886431666666, 40.18647552 ], [ -8.417884191666666, 40.18647485333333 ], [ -8.417881966666666, 40.18647412833333 ], [ -8.417879603333333, 40.18647337 ], [ -8.41787738, 40.186472576666667 ], [ -8.417874995, 40.186471766666664 ], [ -8.417872488333332, 40.186471015 ], [ -8.417869945, 40.186470081666663 ], [ -8.417867391666666, 40.1864693 ], [ -8.41786479, 40.186468481666665 ], [ -8.417862268333332, 40.18646766 ], [ -8.417859571666666, 40.186466876666664 ], [ -8.417856933333333, 40.186465996666662 ], [ -8.417854278333333, 40.186465141666666 ], [ -8.417851531666667, 40.186464266666661 ], [ -8.417848688333333, 40.186463426666663 ], [ -8.417845946666667, 40.186462551666665 ], [ -8.417843161666665, 40.186461605 ], [ -8.417840388333333, 40.1864608 ], [ -8.417837576666667, 40.186459925 ], [ -8.417816258333334, 40.186478635 ], [ -8.417813355, 40.186477821666664 ], [ -8.417810516666666, 40.186476845 ], [ -8.417807581666667, 40.186476123333328 ], [ -8.417804716666666, 40.186475241666663 ], [ -8.417801906666666, 40.186474333333329 ], [ -8.41781758, 40.186450835 ], [ -8.417814773333333, 40.186450105 ], [ -8.417811906666666, 40.186449251666666 ], [ -8.417809033333333, 40.18644853 ], [ -8.417806228333333, 40.18644775833333 ], [ -8.417803433333333, 40.186446938333333 ], [ -8.417800245, 40.186446155 ], [ -8.417797411666665, 40.186445428333329 ], [ -8.417794743333333, 40.186444675 ], [ -8.417792003333332, 40.186443891666663 ], [ -8.41778927, 40.18644312 ], [ -8.417786455, 40.18644243833333 ], [ -8.417783998333332, 40.186441053333333 ], [ -8.417780945, 40.186440308333331 ], [ -8.417777605, 40.186439386666663 ], [ -8.417774106666666, 40.186438401666663 ], [ -8.417770271666667, 40.186437338333327 ], [ -8.417766323333332, 40.18643608 ], [ -8.417761991666666, 40.18643484333333 ], [ -8.417757508333333, 40.186433393333331 ], [ -8.417752548333333, 40.186432021666661 ], [ -8.41774754, 40.186430258333331 ], [ -8.417742508333333, 40.186428296666662 ], [ -8.417737256666666, 40.186426103333332 ], [ -8.417732226666667, 40.186424416666661 ], [ -8.417726801666666, 40.186421853333329 ], [ -8.41772118, 40.18641922 ], [ -8.417715431666666, 40.186416421666664 ], [ -8.417709395, 40.186413493333333 ], [ -8.417703378333332, 40.186410526666663 ], [ -8.417697533333333, 40.186407091666666 ], [ -8.417691153333333, 40.186403943333332 ], [ -8.417684605, 40.186400681666662 ], [ -8.417677888333333, 40.186397486666664 ], [ -8.417671115, 40.186394298333333 ], [ -8.417663988333333, 40.186391101666665 ], [ -8.417657238333332, 40.186387835 ], [ -8.417649855, 40.18638477 ], [ -8.417642418333333, 40.186381786666665 ], [ -8.417634721666666, 40.186378826666662 ], [ -8.417626926666665, 40.186376026666665 ], [ -8.41761907, 40.18637323 ], [ -8.417611338333332, 40.186369606666666 ], [ -8.417603291666666, 40.18636686666666 ], [ -8.41759518, 40.186364265 ], [ -8.417586985, 40.186361668333333 ], [ -8.417578696666666, 40.186359005 ], [ -8.417570506666666, 40.18635641 ], [ -8.417562095, 40.186353916666661 ], [ -8.417553553333333, 40.186351135 ], [ -8.417545243333333, 40.186348556666665 ], [ -8.417537066666666, 40.186345978333328 ], [ -8.417528715, 40.186343478333328 ], [ -8.417520526666666, 40.18634097 ], [ -8.417512223333333, 40.18633841 ], [ -8.417503661666666, 40.186335286666662 ], [ -8.417495426666665, 40.186332816666663 ], [ -8.417487141666665, 40.186330441666662 ], [ -8.417478991666666, 40.18632795 ], [ -8.4174707, 40.186325591666666 ], [ -8.417462443333333, 40.18632328 ], [ -8.417453993333332, 40.186321253333332 ], [ -8.417445691666666, 40.18631894833333 ], [ -8.417437363333333, 40.18631656 ], [ -8.417428963333332, 40.186314336666662 ], [ -8.417420693333332, 40.186311926666662 ], [ -8.41741231, 40.186309746666666 ], [ -8.417404668333333, 40.18630591 ], [ -8.417396286666666, 40.186303701666667 ], [ -8.417388, 40.1863015 ], [ -8.417379556666667, 40.186299386666661 ], [ -8.417371316666665, 40.186297235 ], [ -8.41736296, 40.186295305 ], [ -8.417354933333332, 40.18629324 ], [ -8.41734699, 40.18629126 ], [ -8.417339095, 40.186289291666661 ], [ -8.417331386666666, 40.18628742833333 ], [ -8.417323971666667, 40.186285541666663 ], [ -8.417316523333334, 40.1862839 ], [ -8.417309488333332, 40.18628208 ], [ -8.41730168, 40.186281476666665 ], [ -8.417295141666665, 40.186279825 ], [ -8.41728871, 40.186278265 ], [ -8.417282615, 40.186276658333327 ], [ -8.417276748333332, 40.186275356666663 ], [ -8.417271203333332, 40.18627360666666 ], [ -8.417265818333332, 40.186272255 ], [ -8.417260445, 40.18627101 ], [ -8.417255256666666, 40.186269775 ], [ -8.417250305, 40.18626848 ], [ -8.41724524, 40.186267403333332 ], [ -8.417240731666666, 40.18626483 ], [ -8.417235918333333, 40.186263655 ], [ -8.417230996666666, 40.186262465 ], [ -8.417226221666667, 40.186261396666666 ], [ -8.41722125, 40.186260136666661 ], [ -8.417216586666665, 40.186258325 ], [ -8.417211486666666, 40.186257153333329 ], [ -8.417206341666667, 40.186255938333332 ], [ -8.417201096666666, 40.186254606666665 ], [ -8.417195633333332, 40.186253435 ], [ -8.41719011, 40.186252071666665 ], [ -8.417184378333333, 40.186250778333331 ], [ -8.41717847, 40.186249488333331 ], [ -8.417172393333333, 40.186248123333328 ], [ -8.417166315, 40.186246603333331 ], [ -8.417159941666666, 40.18624523 ], [ -8.417153553333332, 40.186243715 ], [ -8.417146996666666, 40.186242243333332 ], [ -8.417140313333332, 40.186240705 ], [ -8.41713248, 40.186240478333332 ], [ -8.417125515, 40.186239018333332 ], [ -8.417118366666665, 40.18623759 ], [ -8.417111096666666, 40.186236216666664 ], [ -8.417103878333332, 40.186234871666663 ], [ -8.417096721666667, 40.186232875 ], [ -8.417089113333333, 40.186231523333333 ], [ -8.417081363333333, 40.186230056666666 ], [ -8.41707356, 40.18622879 ], [ -8.417065705, 40.186227573333333 ], [ -8.417057745, 40.186226298333331 ], [ -8.417049748333334, 40.186224781666667 ], [ -8.417041671666667, 40.18622361 ], [ -8.417033401666666, 40.186222395 ], [ -8.417025193333332, 40.186221106666665 ], [ -8.417016761666666, 40.186219978333327 ], [ -8.417008436666666, 40.186218858333334 ], [ -8.417000146666666, 40.18621734 ], [ -8.416991716666667, 40.186216188333333 ], [ -8.416983073333332, 40.18621534166666 ], [ -8.416974576666666, 40.186214228333327 ], [ -8.416966016666667, 40.186213368333327 ], [ -8.416957356666666, 40.18621241 ], [ -8.416948778333333, 40.186211185 ], [ -8.416940061666667, 40.186210503333328 ], [ -8.416931448333333, 40.18620974 ], [ -8.416922761666665, 40.186209041666665 ], [ -8.416913938333332, 40.186208303333331 ], [ -8.416905215, 40.186207716666665 ], [ -8.416896161666665, 40.186207976666665 ], [ -8.41688739, 40.186207416666662 ], [ -8.416878711666666, 40.186206766666665 ], [ -8.416869898333333, 40.18620623333333 ], [ -8.416861193333332, 40.186205575 ], [ -8.41685233, 40.18620505 ], [ -8.416843556666667, 40.186204918333331 ], [ -8.416834786666666, 40.186204371666662 ], [ -8.416826021666665, 40.186203753333331 ], [ -8.416817193333333, 40.18620315166666 ], [ -8.416808533333333, 40.186202421666664 ], [ -8.416799825, 40.186201718333329 ], [ -8.416790983333332, 40.186201453333332 ], [ -8.41678228, 40.18620073333333 ], [ -8.416773488333332, 40.18620009666666 ], [ -8.416764735, 40.18619938 ], [ -8.416755916666666, 40.186198803333333 ], [ -8.416747136666666, 40.186198205 ], [ -8.416738611666666, 40.18619699833333 ], [ -8.416729951666666, 40.186196485 ], [ -8.416721105, 40.186196001666666 ], [ -8.416712408333332, 40.186195543333334 ], [ -8.416703558333333, 40.186195081666661 ], [ -8.416694776666667, 40.18619473166666 ], [ -8.416686015, 40.186194313333331 ], [ -8.416677091666665, 40.186194018333332 ], [ -8.416668358333332, 40.186193645 ], [ -8.416659485, 40.186193358333327 ], [ -8.416650636666667, 40.186193021666661 ], [ -8.416641791666667, 40.186192808333331 ], [ -8.416633086666668, 40.186192576666663 ], [ -8.416624191666667, 40.186192371666664 ], [ -8.416615375, 40.186192265 ], [ -8.416606461666667, 40.186192193333333 ], [ -8.416597668333333, 40.18619207 ], [ -8.416588766666667, 40.186192078333328 ], [ -8.416579698333333, 40.186192378333331 ], [ -8.416570793333333, 40.18619240333333 ], [ -8.416561855, 40.186192358333329 ], [ -8.416552981666667, 40.186192343333332 ], [ -8.416544048333334, 40.18619236666666 ], [ -8.416535098333334, 40.186192346666665 ], [ -8.416526225, 40.18619252 ], [ -8.416517176666668, 40.186192525 ], [ -8.416508106666667, 40.18619255 ], [ -8.416499071666667, 40.186192588333327 ], [ -8.41648996, 40.186192468333331 ], [ -8.416480851666668, 40.186192406666663 ], [ -8.41647188, 40.186192251666661 ], [ -8.416462778333333, 40.186192046666662 ], [ -8.4164536, 40.186191748333329 ], [ -8.416444375, 40.186191371666666 ], [ -8.416435158333334, 40.186190985 ], [ -8.416425888333334, 40.18619055833333 ], [ -8.416416606666667, 40.186190021666661 ], [ -8.416407265, 40.186189363333327 ], [ -8.416397965, 40.18618868 ], [ -8.416388708333333, 40.186187975 ], [ -8.416379335, 40.186187125 ], [ -8.416370111666668, 40.186186335 ], [ -8.416360823333333, 40.186185553333331 ], [ -8.416351458333335, 40.18618478 ], [ -8.416342123333333, 40.18618405 ], [ -8.416332731666667, 40.186183368333332 ], [ -8.416323446666667, 40.186182753333327 ], [ -8.416314093333334, 40.186182115 ], [ -8.416304728333333, 40.186181915 ], [ -8.416295306666667, 40.186181461666663 ], [ -8.416285978333333, 40.18618104 ], [ -8.416276656666668, 40.18618056333333 ], [ -8.416267408333333, 40.18618036 ], [ -8.416258128333334, 40.186179903333333 ], [ -8.416248836666668, 40.186179713333331 ], [ -8.416239645, 40.186179481666663 ], [ -8.416230435, 40.186179335 ], [ -8.416221316666666, 40.18617919 ], [ -8.41621222, 40.186179071666665 ], [ -8.416203158333333, 40.186179021666661 ], [ -8.416194605, 40.186178503333331 ], [ -8.416185716666668, 40.186178613333333 ], [ -8.416176683333333, 40.18617845666666 ], [ -8.416167748333333, 40.186178585 ], [ -8.416158778333333, 40.186178551666664 ], [ -8.416149725, 40.186178688333328 ], [ -8.416140691666667, 40.186178781666662 ], [ -8.416131605, 40.186178871666662 ], [ -8.416122611666667, 40.186179026666665 ], [ -8.416113583333333, 40.186179188333327 ], [ -8.416104581666668, 40.186179256666662 ], [ -8.416095543333334, 40.186179376666665 ], [ -8.41606919, 40.186204328333332 ], [ -8.416060036666668, 40.186204595 ], [ -8.416051093333333, 40.186204731666663 ], [ -8.416042041666667, 40.18620490666666 ], [ -8.41603258, 40.18620529 ], [ -8.416023365, 40.186205478333328 ], [ -8.41601404, 40.18620567 ], [ -8.416018888333333, 40.186190295 ], [ -8.416009453333334, 40.18619048 ], [ -8.416000078333333, 40.186190671666665 ], [ -8.41599054, 40.186190701666661 ], [ -8.41598104, 40.186190845 ], [ -8.415972375, 40.186188471666661 ], [ -8.415962866666668, 40.186188536666663 ], [ -8.415953181666668, 40.186188675 ], [ -8.4159435, 40.186188753333333 ], [ -8.415933796666668, 40.18618892833333 ], [ -8.415924111666667, 40.186188946666661 ], [ -8.415914156666666, 40.18618834 ], [ -8.415904365, 40.18618849833333 ], [ -8.415894536666666, 40.186188553333331 ], [ -8.415884656666668, 40.186188753333333 ], [ -8.415874806666666, 40.186188801666667 ], [ -8.41586489, 40.18618886 ], [ -8.415854998333334, 40.186189193333327 ], [ -8.415845878333334, 40.186186863333333 ], [ -8.415835906666667, 40.186187206666666 ], [ -8.415825925, 40.186187335 ], [ -8.415815996666668, 40.186187498333332 ], [ -8.415806075, 40.18618775 ], [ -8.41579714, 40.186187536666665 ], [ -8.415787261666667, 40.186187798333329 ], [ -8.415777513333333, 40.186187956666664 ], [ -8.415767656666667, 40.18618828 ], [ -8.415757936666667, 40.186188546666664 ], [ -8.415748278333334, 40.18618867833333 ], [ -8.415739503333334, 40.186187443333331 ], [ -8.41572992, 40.186187685 ], [ -8.415720293333333, 40.186187911666664 ], [ -8.415710795, 40.18618811 ], [ -8.415701203333334, 40.186188306666665 ], [ -8.415691668333334, 40.186188535 ], [ -8.415681905, 40.186188775 ], [ -8.415672223333333, 40.186188951666665 ], [ -8.41566261, 40.186188966666663 ], [ -8.415652948333333, 40.186189128333332 ], [ -8.415643328333333, 40.186189206666661 ], [ -8.41563361, 40.186189183333333 ], [ -8.415623538333334, 40.18618958166666 ], [ -8.415613776666667, 40.186189666666664 ], [ -8.415604085, 40.186189738333333 ], [ -8.415594353333333, 40.18618987666666 ], [ -8.415584566666666, 40.186189855 ], [ -8.415574791666668, 40.186190063333328 ], [ -8.415564888333334, 40.186190156666662 ], [ -8.415555096666667, 40.186190371666662 ], [ -8.415545305, 40.186190528333327 ], [ -8.415535445, 40.186190631666662 ], [ -8.415525896666667, 40.186190485 ], [ -8.415515966666668, 40.186190626666665 ], [ -8.415505815, 40.186191245 ], [ -8.41549589, 40.18619139 ], [ -8.415486028333333, 40.186191401666662 ], [ -8.415476103333333, 40.186191361666666 ], [ -8.415466016666667, 40.18619133833333 ], [ -8.415456151666667, 40.186191246666667 ], [ -8.415447098333333, 40.186189886666661 ], [ -8.415437273333334, 40.186189818333332 ], [ -8.415427323333335, 40.18618966 ], [ -8.415417091666667, 40.186189525 ], [ -8.415407193333333, 40.186189526666666 ], [ -8.415397128333334, 40.186189485 ], [ -8.415386158333334, 40.186191045 ], [ -8.415376078333333, 40.186191035 ], [ -8.415366186666667, 40.186190865 ], [ -8.415356075, 40.186190731666663 ], [ -8.415346056666667, 40.186190675 ], [ -8.41533603, 40.186190496666661 ], [ -8.415325268333333, 40.186191951666665 ], [ -8.415315263333333, 40.186191716666663 ], [ -8.415305121666668, 40.18619158 ], [ -8.415295063333334, 40.186191378333334 ], [ -8.41528503, 40.186191201666666 ], [ -8.415274973333334, 40.186190985 ], [ -8.415264905, 40.1861908 ], [ -8.415254873333334, 40.186190573333327 ], [ -8.415244941666668, 40.186190465 ], [ -8.415236058333333, 40.186188005 ], [ -8.41522602, 40.18618781 ], [ -8.4152159, 40.186187715 ], [ -8.415205958333333, 40.186187456666666 ], [ -8.415195915, 40.18618766 ], [ -8.415185876666667, 40.186187581666665 ], [ -8.415175858333333, 40.186187405 ], [ -8.415165898333333, 40.186187231666665 ], [ -8.415155841666667, 40.186187141666665 ], [ -8.415145456666666, 40.186187105 ], [ -8.415135466666667, 40.186187016666665 ], [ -8.415125528333334, 40.18618694 ], [ -8.415115565, 40.186186901666666 ], [ -8.415105566666668, 40.186186843333331 ], [ -8.415095511666667, 40.18618681 ], [ -8.415085626666666, 40.18618667 ], [ -8.415075531666668, 40.186186655 ], [ -8.415065501666668, 40.186186696666667 ], [ -8.415055571666667, 40.18618671 ], [ -8.41504556, 40.186186701666664 ], [ -8.415035541666667, 40.186186765 ], [ -8.415025555, 40.186187141666665 ], [ -8.415015581666667, 40.186187073333329 ], [ -8.415005466666667, 40.186187175 ], [ -8.41499549, 40.186187215 ], [ -8.414985471666666, 40.186187221666664 ], [ -8.414975458333334, 40.186187281666662 ], [ -8.41496553, 40.186187273333331 ], [ -8.414955506666667, 40.18618729833333 ], [ -8.414945565, 40.186187181666661 ], [ -8.414935785, 40.186187158333333 ], [ -8.414925795, 40.186187203333333 ], [ -8.414915935, 40.186187071666666 ], [ -8.414905815, 40.18618791 ], [ -8.414895913333334, 40.186187778333327 ], [ -8.414885995, 40.186187721666663 ], [ -8.414876126666668, 40.18618768333333 ], [ -8.4148663, 40.18618764 ], [ -8.414856536666667, 40.186187548333329 ], [ -8.414846701666667, 40.186187488333331 ], [ -8.414836525, 40.186187991666664 ], [ -8.414826786666668, 40.186187946666664 ], [ -8.414816941666666, 40.186187833333328 ], [ -8.414807151666666, 40.186187885 ], [ -8.414797488333333, 40.186187785 ], [ -8.41478768, 40.186187793333332 ], [ -8.41477824, 40.186186735 ], [ -8.414768526666666, 40.186186636666662 ], [ -8.414758853333334, 40.186186683333332 ], [ -8.414749248333333, 40.18618665 ], [ -8.414739646666668, 40.186186603333333 ], [ -8.414729935, 40.18618663 ], [ -8.414720593333334, 40.186186315 ], [ -8.414711, 40.186186306666663 ], [ -8.414701371666666, 40.186186353333333 ], [ -8.414691851666667, 40.186186525 ], [ -8.41468238, 40.186186625 ], [ -8.41467283, 40.186186731666666 ], [ -8.41466345, 40.186186508333329 ], [ -8.414653906666667, 40.186186486666664 ], [ -8.414644515, 40.186186753333331 ], [ -8.414635068333334, 40.186186783333333 ], [ -8.414625643333334, 40.18618683 ], [ -8.414616225, 40.186186895 ], [ -8.414606406666667, 40.186187303333327 ], [ -8.414597125, 40.186187395 ], [ -8.414587733333335, 40.186187438333327 ], [ -8.414578393333334, 40.186187496666662 ], [ -8.4145691, 40.186187548333329 ], [ -8.414559795, 40.186187678333333 ], [ -8.414550525, 40.18618771 ], [ -8.414541256666666, 40.186187711666662 ], [ -8.414532011666667, 40.186187841666666 ], [ -8.414522805, 40.186187835 ], [ -8.414513515, 40.186188011666665 ], [ -8.414504176666666, 40.186188123333331 ], [ -8.414494798333333, 40.18618856 ], [ -8.414485435, 40.186188755 ], [ -8.414476256666667, 40.186188836666666 ], [ -8.414466913333333, 40.18618886 ], [ -8.414457736666668, 40.186188986666664 ], [ -8.414448298333333, 40.186189111666664 ], [ -8.414438906666668, 40.186189165 ], [ -8.414429493333333, 40.186189258333329 ], [ -8.414420033333334, 40.18618929 ], [ -8.41441068, 40.186189468333332 ], [ -8.414401175, 40.18618965 ], [ -8.414391586666667, 40.186189686666665 ], [ -8.414381895, 40.18618989 ], [ -8.414372171666667, 40.18619001166666 ], [ -8.414362478333334, 40.186190175 ], [ -8.414352623333334, 40.18619044 ], [ -8.414342805, 40.186190798333328 ], [ -8.414332863333334, 40.186191031666667 ], [ -8.414322776666667, 40.186191065 ], [ -8.41431271, 40.186191298333327 ], [ -8.414302501666667, 40.186191421666663 ], [ -8.414292303333333, 40.18619149 ], [ -8.41428193, 40.186191613333328 ], [ -8.414271471666668, 40.186191655 ], [ -8.414261268333334, 40.186190895 ], [ -8.414250626666668, 40.186190993333327 ], [ -8.414240046666666, 40.186190928333332 ], [ -8.414229308333333, 40.186190991666663 ], [ -8.414218455, 40.18619107833333 ], [ -8.414207633333334, 40.186191098333332 ], [ -8.414196843333334, 40.186190935 ], [ -8.414185871666668, 40.186190946666663 ], [ -8.414174866666666, 40.186190888333329 ], [ -8.414163846666668, 40.186190905 ], [ -8.414152658333334, 40.186190918333331 ], [ -8.41414176, 40.186190916666661 ], [ -8.414130648333334, 40.186190518333333 ], [ -8.414119455, 40.186190455 ], [ -8.414108285, 40.186190371666662 ], [ -8.414096928333334, 40.186190423333329 ], [ -8.414085553333333, 40.186190475 ], [ -8.414074115, 40.186190468333329 ], [ -8.41406277, 40.18619022 ], [ -8.414051308333333, 40.1861902 ], [ -8.414039713333334, 40.186190148333331 ], [ -8.414028325, 40.18619012833333 ], [ -8.414016796666667, 40.186190105 ], [ -8.414005046666666, 40.186190113333332 ], [ -8.413993376666667, 40.186190065 ], [ -8.413981775, 40.186189991666666 ], [ -8.413970083333334, 40.18618992 ], [ -8.413958353333333, 40.18618979666666 ], [ -8.413946735, 40.186189846666664 ], [ -8.413935, 40.186189918333334 ], [ -8.413923063333334, 40.186190338333333 ], [ -8.413911345, 40.1861903 ], [ -8.413899633333333, 40.18619043 ], [ -8.413887995, 40.186190453333332 ], [ -8.41387622, 40.186190525 ], [ -8.413864463333333, 40.186190581666665 ], [ -8.413852533333333, 40.186191055 ], [ -8.41384087, 40.186191125 ], [ -8.413829013333334, 40.18619133 ], [ -8.413817358333334, 40.18619158833333 ], [ -8.413805406666667, 40.186191781666665 ], [ -8.413793588333334, 40.18619193 ], [ -8.413781776666667, 40.186192138333332 ], [ -8.413769931666668, 40.18619233 ], [ -8.413757905, 40.186192568333333 ], [ -8.413746083333333, 40.18619272 ], [ -8.413734178333334, 40.186192868333329 ], [ -8.413722176666667, 40.18619314 ], [ -8.413696361666666, 40.18621365 ], [ -8.413684528333334, 40.186213713333331 ], [ -8.413672588333334, 40.18621388333333 ], [ -8.413660625, 40.186213935 ], [ -8.41364884, 40.186214038333333 ], [ -8.413637233333334, 40.186214076666666 ], [ -8.413635788333334, 40.186197961666664 ], [ -8.413624318333333, 40.186197815 ], [ -8.413613046666667, 40.186197863333327 ], [ -8.413601798333334, 40.186197743333331 ], [ -8.413590691666666, 40.186197716666662 ], [ -8.413579801666668, 40.18619765166666 ], [ -8.413568635, 40.186198361666662 ], [ -8.413557923333334, 40.18619838 ], [ -8.413547503333334, 40.186198181666661 ], [ -8.413537121666668, 40.186197883333328 ], [ -8.413526786666667, 40.18619775 ], [ -8.413516921666668, 40.186197615 ], [ -8.41350656, 40.18619528833333 ], [ -8.413496686666667, 40.186195205 ], [ -8.413486958333333, 40.186194975 ], [ -8.413477328333334, 40.186194701666665 ], [ -8.413467875, 40.186194588333329 ], [ -8.413458498333334, 40.18619430166666 ], [ -8.413449286666667, 40.18619406 ], [ -8.413440193333333, 40.186193886666665 ], [ -8.413431123333334, 40.186193578333331 ], [ -8.413422406666667, 40.18619331 ], [ -8.413413571666666, 40.186192941666661 ], [ -8.413405003333335, 40.186192535 ], [ -8.413387608333334, 40.186208993333331 ], [ -8.413379316666667, 40.18620838333333 ], [ -8.413370913333333, 40.186207605 ], [ -8.413362866666667, 40.186206683333332 ], [ -8.413354683333333, 40.18620584 ], [ -8.41334675, 40.186204976666666 ], [ -8.413347581666667, 40.186191525 ], [ -8.413339696666666, 40.186190423333329 ], [ -8.413332016666667, 40.186189178333329 ], [ -8.413324375, 40.186187996666661 ], [ -8.4133168, 40.18618675 ], [ -8.413309336666668, 40.186185536666663 ], [ -8.413302598333333, 40.186183146666664 ], [ -8.413295301666667, 40.186182108333327 ], [ -8.41328805, 40.18618123 ], [ -8.413280926666667, 40.186180455 ], [ -8.41327385, 40.186179826666667 ], [ -8.413266805, 40.186179181666667 ], [ -8.413261061666667, 40.186178361666663 ], [ -8.413254258333334, 40.18617794666666 ], [ -8.413247608333334, 40.186177746666665 ], [ -8.413241156666666, 40.18617749 ], [ -8.413235068333334, 40.186177195 ], [ -8.413229355, 40.186177276666662 ], [ -8.41322398, 40.18617715 ], [ -8.413218923333334, 40.186177096666661 ], [ -8.413214328333334, 40.186177136666664 ], [ -8.413211995, 40.186173241666665 ], [ -8.413208033333333, 40.18617335 ], [ -8.413204486666666, 40.186173291666663 ], [ -8.413200535, 40.186173645 ], [ -8.413197651666668, 40.186173708333328 ], [ -8.413195143333335, 40.186173761666666 ], [ -8.413192838333334, 40.186173771666667 ], [ -8.41319093, 40.186173856666663 ], [ -8.413189411666668, 40.18617386166666 ], [ -8.41318905, 40.186172836666664 ], [ -8.413188155, 40.186172836666664 ], [ -8.413187526666666, 40.186172881666664 ], [ -8.413187196666668, 40.186172866666666 ], [ -8.41318713, 40.18617287 ], [ -8.413187193333334, 40.18617287 ], [ -8.413186038333334, 40.186175413333331 ], [ -8.413186023333333, 40.186175423333331 ], [ -8.41318602, 40.186175413333331 ], [ -8.41318605, 40.18617540333333 ], [ -8.413186023333333, 40.186175408333327 ], [ -8.413186035, 40.186175385 ], [ -8.413186501666667, 40.186174921666662 ], [ -8.413186525, 40.186174921666662 ], [ -8.413186501666667, 40.186174921666662 ], [ -8.413186508333334, 40.186174911666662 ], [ -8.413186511666668, 40.186174913333332 ], [ -8.413186516666666, 40.186174923333333 ], [ -8.413186275, 40.18617558 ], [ -8.413186285, 40.186175591666661 ], [ -8.413186245, 40.186175588333327 ], [ -8.413186248333334, 40.18617558 ], [ -8.413186255, 40.186175591666661 ], [ -8.413186285, 40.186175596666665 ], [ -8.41318624, 40.186175561666666 ], [ -8.413186488333334, 40.186176036666666 ], [ -8.41318649, 40.18617604 ], [ -8.413186493333333, 40.186176036666666 ], [ -8.413186486666667, 40.186176028333328 ], [ -8.413186486666667, 40.186176028333328 ], [ -8.413186511666668, 40.186176068333332 ], [ -8.413186941666668, 40.186176188333327 ], [ -8.413186935, 40.186176208333329 ], [ -8.413186976666667, 40.186176176666663 ], [ -8.41318696, 40.186176175 ], [ -8.413186968333333, 40.18617618 ], [ -8.41318693, 40.1861762 ], [ -8.41318735, 40.186176196666665 ], [ -8.413187351666666, 40.186176178333334 ], [ -8.41318735, 40.18617619 ], [ -8.413187356666667, 40.186176161666666 ], [ -8.413187356666667, 40.186176211666663 ], [ -8.413187591666667, 40.186176418333332 ], [ -8.413187613333333, 40.18617643 ], [ -8.413187588333333, 40.186176431666667 ], [ -8.413187596666667, 40.186176446666664 ], [ -8.413187595, 40.186176443333331 ], [ -8.41318761, 40.186176431666667 ], [ -8.413187606666668, 40.186176415 ], [ -8.413187643333334, 40.186176435 ], [ -8.413187616666667, 40.186176431666667 ], [ -8.413188036666668, 40.18617655 ], [ -8.413188061666666, 40.186176548333329 ], [ -8.413188051666667, 40.186176536666665 ], [ -8.413188071666667, 40.186176533333331 ], [ -8.413188775, 40.186175633333328 ], [ -8.413188766666668, 40.186175636666661 ], [ -8.413188776666667, 40.186175643333328 ], [ -8.41318879, 40.186175641666665 ], [ -8.413188795, 40.186175636666661 ], [ -8.413188816666667, 40.186175721666665 ], [ -8.413188841666667, 40.186175728333332 ], [ -8.41318883, 40.186175716666661 ], [ -8.413188831666668, 40.186175745 ], [ -8.413188831666668, 40.186175725 ], [ -8.413188815, 40.186175726666661 ], [ -8.41318894, 40.186175615 ], [ -8.413188853333335, 40.186175641666665 ], [ -8.413188783333334, 40.18617562666666 ], [ -8.413188623333333, 40.18617566 ], [ -8.413188453333333, 40.186175643333328 ], [ -8.413188141666668, 40.186175641666665 ], [ -8.413187923333334, 40.186175053333329 ], [ -8.413187495, 40.186175051666666 ], [ -8.413186861666667, 40.186175065 ], [ -8.413186138333334, 40.186175076666665 ], [ -8.413185278333334, 40.18617510666666 ], [ -8.413184253333334, 40.186175123333328 ], [ -8.413183045, 40.186175158333327 ], [ -8.413181808333334, 40.18617512 ], [ -8.413180031666666, 40.18617566333333 ], [ -8.41317853, 40.18617571 ], [ -8.413176746666666, 40.18617575166666 ], [ -8.413174958333334, 40.186175723333328 ], [ -8.413173011666666, 40.18617576 ], [ -8.413170898333334, 40.186176113333332 ], [ -8.413168681666667, 40.186176143333327 ], [ -8.413166356666666, 40.186176196666665 ], [ -8.413163865, 40.186176153333328 ], [ -8.413161221666668, 40.18617618333333 ], [ -8.413158531666667, 40.18617627166666 ], [ -8.413155841666667, 40.186176365 ], [ -8.413152785, 40.186176421666666 ], [ -8.413149671666668, 40.186176538333328 ], [ -8.413146406666668, 40.186176583333328 ], [ -8.413142965, 40.18617671 ], [ -8.41313941, 40.18617683 ], [ -8.413136203333334, 40.186175991666666 ], [ -8.413132486666667, 40.186176206666666 ], [ -8.413128453333334, 40.18617639666666 ], [ -8.41312441, 40.186176653333327 ], [ -8.413120201666667, 40.1861769 ], [ -8.413115976666667, 40.186177178333331 ], [ -8.413111916666667, 40.186176601666666 ], [ -8.413107436666667, 40.186176808333329 ], [ -8.413102826666668, 40.186177206666663 ], [ -8.413098151666667, 40.18617755333333 ], [ -8.413093431666667, 40.186177998333328 ], [ -8.41308855, 40.186178433333332 ], [ -8.41308364, 40.18617885 ], [ -8.413078183333333, 40.186179651666663 ], [ -8.413073108333334, 40.186180128333334 ], [ -8.41306798, 40.186180703333328 ], [ -8.413062703333333, 40.186181225 ], [ -8.413057376666668, 40.186181745 ], [ -8.413052066666667, 40.186181781666662 ], [ -8.413046536666666, 40.18618246 ], [ -8.413041108333333, 40.18618304 ], [ -8.413035505, 40.186183731666667 ], [ -8.413029806666668, 40.186184415 ], [ -8.413024258333333, 40.18618501 ], [ -8.41301824, 40.186186066666664 ], [ -8.413012433333334, 40.186186793333327 ], [ -8.413006666666668, 40.186187453333332 ], [ -8.41300075, 40.186188231666662 ], [ -8.412994766666667, 40.186188978333327 ], [ -8.412988816666667, 40.186189635 ], [ -8.412982991666667, 40.186189705 ], [ -8.41297692, 40.1861904 ], [ -8.412970781666667, 40.186191071666663 ], [ -8.412964505, 40.186191765 ], [ -8.41295837, 40.186192338333328 ], [ -8.412952066666668, 40.186192991666665 ], [ -8.412945738333333, 40.186193323333327 ], [ -8.412939345, 40.186193898333329 ], [ -8.412932816666666, 40.18619438333333 ], [ -8.412926311666666, 40.186194861666664 ], [ -8.41291974, 40.186195301666665 ], [ -8.41291305, 40.18619576333333 ], [ -8.412906301666666, 40.186196128333329 ], [ -8.412899565, 40.186196493333327 ], [ -8.412892746666667, 40.186196698333333 ], [ -8.412885896666667, 40.18619707 ], [ -8.412879041666667, 40.18619727 ], [ -8.412872118333334, 40.186197453333328 ], [ -8.412865156666667, 40.186197545 ], [ -8.412858238333333, 40.18619765 ], [ -8.412851185, 40.186197701666664 ], [ -8.412844165, 40.186197781666664 ], [ -8.41283711, 40.18619785 ], [ -8.412829975, 40.186197846666666 ], [ -8.412822775, 40.186197848333329 ], [ -8.412815665, 40.186197978333333 ], [ -8.412808546666668, 40.18619792 ], [ -8.412801408333333, 40.186198008333328 ], [ -8.412794181666667, 40.186198035 ], [ -8.412786896666667, 40.186198161666667 ], [ -8.412779505, 40.186198315 ], [ -8.41277228, 40.186198413333329 ], [ -8.412764988333334, 40.186198485 ], [ -8.412757725, 40.186198513333331 ], [ -8.412750426666667, 40.186198608333328 ], [ -8.412743131666668, 40.186198651666665 ], [ -8.412735763333334, 40.186198675 ], [ -8.412728443333334, 40.186198705 ], [ -8.412721085, 40.186198823333328 ], [ -8.412713648333334, 40.18619889833333 ], [ -8.41270626, 40.186198993333328 ], [ -8.412698838333334, 40.18619909 ], [ -8.412691308333335, 40.186198975 ], [ -8.41268381, 40.18619902166666 ], [ -8.41267634, 40.18619912 ], [ -8.412668775, 40.18619915666666 ], [ -8.412661275, 40.186199316666666 ], [ -8.412653691666668, 40.18619936 ], [ -8.41264624, 40.186199128333328 ], [ -8.412638665, 40.18619916 ], [ -8.412631041666668, 40.186199296666665 ], [ -8.41262338, 40.186199336666661 ], [ -8.412615676666666, 40.186199435 ], [ -8.412607926666666, 40.186199475 ], [ -8.412600198333333, 40.186199415 ], [ -8.412592408333333, 40.186199423333328 ], [ -8.412584613333333, 40.186199491666663 ], [ -8.412576793333333, 40.186199526666663 ], [ -8.412568911666668, 40.186199555 ], [ -8.412561041666667, 40.186199591666664 ], [ -8.41255305, 40.18619971 ], [ -8.412545096666667, 40.18619967 ], [ -8.41253706, 40.186199688333332 ], [ -8.412529105, 40.186199715 ], [ -8.412520993333334, 40.186199676666661 ], [ -8.412512961666668, 40.186199636666665 ], [ -8.412504791666667, 40.186199675 ], [ -8.412496618333334, 40.186199696666662 ], [ -8.412488473333333, 40.186199726666665 ], [ -8.41248024, 40.186199825 ], [ -8.412471966666667, 40.186199758333331 ], [ -8.412463766666667, 40.18619984 ], [ -8.412442146666667, 40.18621976666666 ], [ -8.412433773333333, 40.1862198 ], [ -8.412425406666667, 40.186219913333332 ], [ -8.412417091666667, 40.186220003333332 ], [ -8.412408706666668, 40.186220101666663 ], [ -8.412400326666667, 40.186220203333328 ], [ -8.412402888333334, 40.186203946666666 ], [ -8.412394413333333, 40.186204045 ], [ -8.412385966666667, 40.18620417333333 ], [ -8.412377648333333, 40.1862042 ], [ -8.412369228333334, 40.186204441666661 ], [ -8.412360905, 40.186204501666666 ], [ -8.412353246666667, 40.18620443 ], [ -8.41234495, 40.186204546666666 ], [ -8.41233665, 40.18620469 ], [ -8.412328436666668, 40.186204856666663 ], [ -8.412320126666668, 40.186204965 ], [ -8.412312073333334, 40.186205023333329 ], [ -8.412303835, 40.186205458333333 ], [ -8.412295686666667, 40.18620548 ], [ -8.412287578333334, 40.186205531666666 ], [ -8.412279495, 40.186205568333328 ], [ -8.41227146, 40.186205608333331 ], [ -8.412263505, 40.186205586666667 ], [ -8.412255433333334, 40.186205693333328 ], [ -8.412248078333334, 40.186205911666661 ], [ -8.412240128333334, 40.18620595 ], [ -8.41223223, 40.186206021666663 ], [ -8.412224265, 40.18620608 ], [ -8.412216365, 40.18620603 ], [ -8.41220819, 40.18620705 ], [ -8.412200353333334, 40.18620704833333 ], [ -8.412192565, 40.186206958333329 ], [ -8.41218471, 40.18620705666666 ], [ -8.412176981666667, 40.18620705 ], [ -8.412169281666667, 40.186207146666661 ], [ -8.412162958333333, 40.186204511666666 ], [ -8.412155246666668, 40.18620451333333 ], [ -8.412147651666666, 40.186204491666665 ], [ -8.412139966666667, 40.18620448 ], [ -8.412132511666668, 40.18620429833333 ], [ -8.412124905, 40.186204288333329 ], [ -8.412117876666667, 40.186203458333331 ], [ -8.412110353333334, 40.18620331 ], [ -8.412102901666668, 40.18620331333333 ], [ -8.412095468333334, 40.186203128333332 ], [ -8.412087966666666, 40.186203026666661 ], [ -8.4120806, 40.186202871666666 ], [ -8.412073671666667, 40.18620229 ], [ -8.412066286666667, 40.186202166666661 ], [ -8.412058813333333, 40.186202061666663 ], [ -8.412051538333333, 40.186201881666662 ], [ -8.412044136666667, 40.186201705 ], [ -8.412036973333334, 40.186201508333333 ], [ -8.412029175, 40.186201541666662 ], [ -8.412021853333334, 40.186201506666663 ], [ -8.4120146, 40.186201315 ], [ -8.412007273333334, 40.186201116666666 ], [ -8.412000026666668, 40.186201116666666 ], [ -8.41199273, 40.186200665 ], [ -8.411986966666667, 40.186197751666661 ], [ -8.411979668333334, 40.186197493333331 ], [ -8.41197242, 40.186197165 ], [ -8.41196517, 40.186196853333328 ], [ -8.411957945, 40.18619661333333 ], [ -8.411950643333334, 40.186196385 ], [ -8.411945693333333, 40.18619232 ], [ -8.411938381666667, 40.186192085 ], [ -8.411931008333333, 40.186191736666665 ], [ -8.411923898333333, 40.186191355 ], [ -8.41191666, 40.186190978333329 ], [ -8.4119095, 40.186190508333333 ], [ -8.41190173, 40.18619102 ], [ -8.411894425, 40.186190546666666 ], [ -8.411887275, 40.18619004 ], [ -8.411880038333333, 40.186189541666664 ], [ -8.411872816666667, 40.186189 ], [ -8.411865555, 40.186188491666663 ], [ -8.411857231666668, 40.186189746666663 ], [ -8.411850135, 40.186189088333329 ], [ -8.411842926666667, 40.186188426666661 ], [ -8.411835618333333, 40.18618773666666 ], [ -8.411828381666668, 40.186187045 ], [ -8.411821025, 40.186186365 ], [ -8.41181363, 40.18618579 ], [ -8.411805636666667, 40.186186601666662 ], [ -8.411798186666667, 40.186186235 ], [ -8.411790786666668, 40.186185896666665 ], [ -8.411783336666668, 40.186185593333327 ], [ -8.411775813333334, 40.186185565 ], [ -8.411768216666667, 40.186185661666663 ], [ -8.411759775, 40.186186361666664 ], [ -8.41175234, 40.186186621666664 ], [ -8.411744691666668, 40.186187081666667 ], [ -8.411737055, 40.186187756666662 ], [ -8.411729071666667, 40.186188673333334 ], [ -8.411720298333334, 40.186190476666667 ], [ -8.411712461666667, 40.186191741666661 ], [ -8.411704736666668, 40.18619313 ], [ -8.411696863333333, 40.186194655 ], [ -8.411688996666667, 40.186196458333328 ], [ -8.411680998333333, 40.18619851166666 ], [ -8.41167275, 40.186200276666661 ], [ -8.411664741666668, 40.186202626666663 ], [ -8.411656746666667, 40.186205275 ], [ -8.411648913333334, 40.18620817 ], [ -8.411640933333334, 40.186211196666662 ], [ -8.411633088333334, 40.186214633333329 ], [ -8.411625116666666, 40.18621832 ], [ -8.41161728, 40.186222116666663 ], [ -8.411609281666667, 40.186226023333333 ], [ -8.411601426666667, 40.186230223333332 ], [ -8.411593623333333, 40.186234455 ], [ -8.411585688333334, 40.186238758333332 ], [ -8.411577673333333, 40.186243211666664 ], [ -8.411569393333334, 40.18624783833333 ], [ -8.411560948333333, 40.186252288333328 ], [ -8.411552643333334, 40.186256906666664 ], [ -8.411543946666667, 40.186261688333332 ], [ -8.411535356666667, 40.18626673833333 ], [ -8.411526698333335, 40.186271671666667 ], [ -8.41151791, 40.18627688 ], [ -8.411508966666666, 40.18628206333333 ], [ -8.411499843333333, 40.186287378333333 ], [ -8.411490431666667, 40.186292888333327 ], [ -8.411481021666667, 40.18629842666666 ], [ -8.411471353333333, 40.186304185 ], [ -8.41146153, 40.186310088333329 ], [ -8.41145181, 40.186316181666662 ], [ -8.41144166, 40.186322321666665 ], [ -8.411431896666667, 40.186329093333327 ], [ -8.411421841666668, 40.186335725 ], [ -8.411411805, 40.186342655 ], [ -8.411401766666668, 40.186349381666666 ], [ -8.411391475, 40.186356495 ], [ -8.411381023333334, 40.186363523333327 ], [ -8.411370621666666, 40.186370575 ], [ -8.41136058, 40.186377905 ], [ -8.411350673333335, 40.18638524 ], [ -8.411340915, 40.186392865 ], [ -8.411331361666667, 40.186400553333328 ], [ -8.411322415, 40.186408523333327 ], [ -8.411313668333333, 40.186416563333331 ], [ -8.411305271666667, 40.186424641666662 ], [ -8.411297491666668, 40.18643307 ], [ -8.411289756666667, 40.18644154166666 ], [ -8.411282681666666, 40.186449966666665 ], [ -8.411275903333333, 40.186458493333333 ], [ -8.411269258333334, 40.186467201666666 ], [ -8.411262996666666, 40.186475898333327 ], [ -8.411256781666667, 40.186484488333328 ], [ -8.411250516666668, 40.186493086666665 ], [ -8.41124439, 40.186501593333332 ], [ -8.411238518333334, 40.186510225 ], [ -8.411232581666667, 40.18651878666666 ], [ -8.411226683333334, 40.186527245 ], [ -8.411221078333334, 40.18653576 ], [ -8.411215368333334, 40.186544185 ], [ -8.411209565, 40.186552593333332 ], [ -8.411203813333334, 40.186560941666663 ], [ -8.411198095, 40.18656923333333 ], [ -8.411192376666667, 40.186577585 ], [ -8.411186555, 40.186585816666664 ], [ -8.411180821666667, 40.186593975 ], [ -8.411175243333334, 40.18660207833333 ], [ -8.411169373333333, 40.186610261666665 ], [ -8.411163475, 40.186618313333327 ], [ -8.411157671666667, 40.18662628 ], [ -8.411152021666666, 40.186634215 ], [ -8.411146036666667, 40.186642111666664 ], [ -8.411140441666667, 40.1866499 ], [ -8.4111348, 40.18665768 ], [ -8.411129021666667, 40.186665373333327 ], [ -8.411123358333334, 40.186673121666665 ], [ -8.41111774, 40.186680601666666 ], [ -8.411113568333334, 40.186687986666662 ], [ -8.41110822, 40.18669551833333 ], [ -8.411102791666668, 40.18670294333333 ], [ -8.41109752, 40.186710246666664 ], [ -8.41109211, 40.18671757 ], [ -8.411086868333333, 40.186724778333328 ], [ -8.411081648333333, 40.186731908333329 ], [ -8.41107662, 40.186738808333331 ], [ -8.411071436666667, 40.186745903333332 ], [ -8.41106632, 40.186752908333332 ], [ -8.411061108333334, 40.186759915 ], [ -8.411055946666668, 40.18676683 ], [ -8.411051473333334, 40.186773816666665 ], [ -8.411047115, 40.186780845 ], [ -8.411042845, 40.18678792 ], [ -8.411038775, 40.18679494 ], [ -8.411034748333334, 40.18680204333333 ], [ -8.411030853333333, 40.18680911 ], [ -8.411026986666666, 40.186816175 ], [ -8.4110231, 40.186823221666664 ], [ -8.411019221666667, 40.186830148333328 ], [ -8.411015205, 40.186837158333333 ], [ -8.411011231666667, 40.18684413 ], [ -8.411007361666668, 40.18685125333333 ], [ -8.411003313333334, 40.186858186666662 ], [ -8.410999166666667, 40.186865111666663 ], [ -8.41099485, 40.186871985 ], [ -8.410990246666668, 40.18687877833333 ], [ -8.410985526666668, 40.18688549 ], [ -8.410980541666667, 40.186892185 ], [ -8.410975388333334, 40.186898755 ], [ -8.410969855, 40.186905233333327 ], [ -8.410965295, 40.18691148 ], [ -8.410959091666667, 40.186917705 ], [ -8.410953138333333, 40.186923815 ], [ -8.410946663333334, 40.186929773333333 ], [ -8.410940378333335, 40.186935633333327 ], [ -8.410933763333334, 40.186941523333331 ], [ -8.410926738333334, 40.186947336666663 ], [ -8.410919785, 40.186953196666664 ], [ -8.410913193333334, 40.186959055 ], [ -8.410906238333334, 40.186964976666665 ], [ -8.410899331666666, 40.186970956666663 ], [ -8.410892573333333, 40.186976898333327 ], [ -8.410885398333333, 40.186982885 ], [ -8.410878875, 40.186989018333328 ], [ -8.410872306666667, 40.186995078333332 ], [ -8.410865895, 40.187001306666666 ], [ -8.410859548333333, 40.187007731666661 ], [ -8.410853305, 40.187014125 ], [ -8.41084755, 40.187020698333328 ], [ -8.410841791666668, 40.187027316666665 ], [ -8.410836271666668, 40.18703402 ], [ -8.410830771666667, 40.18704081833333 ], [ -8.410825883333334, 40.187047618333331 ], [ -8.410820951666667, 40.18705438833333 ], [ -8.41081629, 40.18706131166666 ], [ -8.410811248333333, 40.187068056666661 ], [ -8.41080696, 40.187075211666667 ], [ -8.410802648333334, 40.187082181666661 ], [ -8.410785361666667, 40.18710978 ], [ -8.410781208333333, 40.187116755 ], [ -8.410777191666668, 40.187123666666665 ], [ -8.410773308333333, 40.18713084 ], [ -8.410769368333334, 40.187137855 ], [ -8.410765645, 40.187144823333327 ], [ -8.410774116666667, 40.187130363333331 ], [ -8.410770503333334, 40.18713736 ], [ -8.410766953333333, 40.187144383333333 ], [ -8.410763505, 40.18715147 ], [ -8.410760148333333, 40.187158358333328 ], [ -8.410756761666667, 40.187165513333333 ], [ -8.410753813333333, 40.187172481666664 ], [ -8.41075066, 40.18717951833333 ], [ -8.41074744, 40.187186591666666 ], [ -8.410744603333333, 40.18719353 ], [ -8.410741633333334, 40.187200666666662 ], [ -8.410738695, 40.187207656666665 ], [ -8.410735211666667, 40.187215188333333 ], [ -8.410732288333334, 40.18722239 ], [ -8.410729706666666, 40.187229313333333 ], [ -8.410727101666668, 40.18723653666666 ], [ -8.410724673333334, 40.18724364 ], [ -8.410722315, 40.18725102 ], [ -8.410720071666667, 40.187258198333332 ], [ -8.410718126666668, 40.187265608333327 ], [ -8.410716168333334, 40.187273101666662 ], [ -8.410714675, 40.18728051 ], [ -8.410713243333333, 40.187288116666664 ], [ -8.410711753333334, 40.18729562 ], [ -8.41069842, 40.187323826666663 ], [ -8.410697345, 40.187331531666665 ], [ -8.410696496666667, 40.187339295 ], [ -8.410695661666667, 40.187347091666666 ], [ -8.410694995, 40.187355008333327 ], [ -8.410694233333334, 40.18736288 ], [ -8.410693661666667, 40.187370823333332 ], [ -8.410693428333333, 40.187378833333327 ], [ -8.410693386666667, 40.187386855 ], [ -8.410693335, 40.18739486 ], [ -8.410693863333334, 40.187402945 ], [ -8.410692541666666, 40.187413251666662 ], [ -8.410693111666667, 40.187421606666661 ], [ -8.410693476666667, 40.187429765 ], [ -8.410694936666667, 40.187437891666661 ], [ -8.410696976666667, 40.187446356666662 ], [ -8.410699045, 40.187454705 ], [ -8.410700611666668, 40.18746358833333 ], [ -8.41070258, 40.1874721 ], [ -8.410704483333333, 40.187480688333331 ], [ -8.410706335, 40.187489385 ], [ -8.410708128333333, 40.187498075 ], [ -8.410709946666667, 40.187506861666662 ], [ -8.41071212, 40.187515756666663 ], [ -8.41071361, 40.187524593333329 ], [ -8.410715333333334, 40.187533526666662 ], [ -8.410717215, 40.187542406666665 ], [ -8.41071884, 40.18755134 ], [ -8.41072015, 40.187560415 ], [ -8.410722006666667, 40.18756923 ], [ -8.410723586666666, 40.18757832 ], [ -8.41072423, 40.187587083333327 ], [ -8.410725595, 40.18759609 ], [ -8.410727096666667, 40.187605005 ], [ -8.410728165, 40.187613983333328 ], [ -8.4107292, 40.18762287 ], [ -8.41072943, 40.18763164 ], [ -8.410729756666667, 40.187640545 ], [ -8.410730305, 40.187649291666666 ], [ -8.410730393333333, 40.187658081666662 ], [ -8.41073047, 40.18766673333333 ], [ -8.41073023, 40.187675466666661 ], [ -8.410729838333333, 40.187684015 ], [ -8.410729341666666, 40.187692476666662 ], [ -8.410728873333333, 40.187700985 ], [ -8.410727675, 40.18770924333333 ], [ -8.410726465, 40.187717413333331 ], [ -8.410725185, 40.187725483333331 ], [ -8.410723576666667, 40.18773341833333 ], [ -8.410722051666667, 40.187741403333327 ], [ -8.41072036, 40.187749145 ], [ -8.410718548333334, 40.187756771666663 ], [ -8.41071696, 40.18776431 ], [ -8.410715023333333, 40.187771745 ], [ -8.410713331666667, 40.187779033333328 ], [ -8.410711233333334, 40.18778614666666 ], [ -8.410709095, 40.187793171666662 ], [ -8.41070698, 40.187800041666662 ], [ -8.410704475, 40.18780683 ], [ -8.410702288333333, 40.187813398333333 ], [ -8.410699751666668, 40.187819813333327 ], [ -8.410697386666667, 40.187826243333333 ], [ -8.410694851666667, 40.187832243333332 ], [ -8.410692368333335, 40.187838101666664 ], [ -8.41068972, 40.187843758333329 ], [ -8.410687088333333, 40.187849356666661 ], [ -8.410684348333334, 40.18785463166666 ], [ -8.410681901666667, 40.18785978333333 ], [ -8.410679331666667, 40.187864743333328 ], [ -8.410676651666668, 40.18786960833333 ], [ -8.41067404, 40.187874276666662 ], [ -8.410671521666668, 40.187878821666665 ], [ -8.41066874, 40.18788339333333 ], [ -8.410665915, 40.18788786 ], [ -8.410663058333334, 40.187892208333331 ], [ -8.41066013, 40.187896536666663 ], [ -8.41065718, 40.187900695 ], [ -8.41065404, 40.187904906666667 ], [ -8.410651141666667, 40.187908545 ], [ -8.410647643333334, 40.18791251 ], [ -8.410644083333334, 40.187916546666663 ], [ -8.410640936666667, 40.187919995 ], [ -8.410637216666666, 40.187923705 ], [ -8.410633396666666, 40.187927208333328 ], [ -8.410629573333333, 40.187930638333327 ], [ -8.410625485, 40.187933771666664 ], [ -8.410621585, 40.187936795 ], [ -8.410617175, 40.187939628333332 ], [ -8.410612541666667, 40.18794241 ], [ -8.4106075, 40.187944751666663 ], [ -8.410602836666667, 40.187947131666661 ], [ -8.41059805, 40.18794896666666 ], [ -8.410593036666667, 40.187950733333331 ], [ -8.41058756, 40.187952251666665 ], [ -8.410582146666666, 40.187953361666665 ], [ -8.410576425, 40.187954545 ], [ -8.410570775, 40.187955611666666 ], [ -8.410564696666667, 40.187956075 ], [ -8.41055863, 40.187956201666665 ], [ -8.410552331666667, 40.187956415 ], [ -8.410545826666667, 40.18795608833333 ], [ -8.410539358333335, 40.187955313333333 ], [ -8.410532456666667, 40.187954286666667 ], [ -8.410525765, 40.187952975 ], [ -8.410519106666667, 40.18795098 ], [ -8.410512183333333, 40.1879488 ], [ -8.410505295, 40.187945658333327 ], [ -8.410498563333334, 40.187942391666667 ], [ -8.410491291666666, 40.187938626666664 ], [ -8.410484363333333, 40.187934455 ], [ -8.410477396666668, 40.187930111666667 ], [ -8.41047043, 40.1879254 ], [ -8.410463291666668, 40.18792035 ], [ -8.410456145, 40.18791488 ], [ -8.41044893, 40.187909388333331 ], [ -8.410441513333334, 40.18790369 ], [ -8.410465151666667, 40.18788091 ], [ -8.410457753333334, 40.187874903333331 ], [ -8.41045009, 40.187868905 ], [ -8.410442631666667, 40.18786274666666 ], [ -8.410435106666666, 40.18785664 ], [ -8.410411015, 40.187847728333331 ], [ -8.41040361, 40.18784148333333 ], [ -8.410396146666667, 40.187835203333329 ], [ -8.410388605, 40.187828913333327 ], [ -8.410381133333333, 40.187822478333331 ], [ -8.410373573333334, 40.187816091666662 ], [ -8.41036607, 40.18780963166666 ], [ -8.410358593333333, 40.187803088333332 ], [ -8.410351223333334, 40.187796461666665 ], [ -8.41034376, 40.187789775 ], [ -8.410336348333333, 40.187783083333329 ], [ -8.410328926666667, 40.187776398333327 ], [ -8.410321288333334, 40.187769591666665 ], [ -8.410313948333334, 40.187762768333329 ], [ -8.410306421666666, 40.187755926666661 ], [ -8.410299083333333, 40.187749023333332 ], [ -8.410291445, 40.187742161666662 ], [ -8.410284056666667, 40.187735288333329 ], [ -8.41027646, 40.187728405 ], [ -8.410268851666666, 40.187721461666662 ], [ -8.410261223333334, 40.187714513333333 ], [ -8.410253686666668, 40.187707565 ], [ -8.410245948333333, 40.187700635 ], [ -8.410238248333334, 40.18769369333333 ], [ -8.410230746666667, 40.187686776666666 ], [ -8.410222988333334, 40.187679853333329 ], [ -8.410215208333334, 40.18767294 ], [ -8.410207398333334, 40.187665913333333 ], [ -8.41019969, 40.187658998333333 ], [ -8.410191953333333, 40.187651943333329 ], [ -8.410184051666667, 40.18764489 ], [ -8.410176376666668, 40.187637803333331 ], [ -8.410168605, 40.187630773333332 ], [ -8.41016073, 40.18762368 ], [ -8.410152988333333, 40.187616438333329 ], [ -8.410145173333333, 40.187609378333327 ], [ -8.410137265, 40.187602043333328 ], [ -8.41012933, 40.187594886666666 ], [ -8.410121366666667, 40.18758779 ], [ -8.410113511666667, 40.187580633333333 ], [ -8.410105528333334, 40.18757347166666 ], [ -8.410097605, 40.18756624 ], [ -8.410089641666668, 40.187558911666663 ], [ -8.410081816666667, 40.187551665 ], [ -8.410074001666667, 40.187544315 ], [ -8.410065911666667, 40.187536948333332 ], [ -8.410057945, 40.187529485 ], [ -8.410050068333334, 40.187522103333329 ], [ -8.410042095, 40.187514705 ], [ -8.410033993333334, 40.187507336666663 ], [ -8.41002589, 40.18749994 ], [ -8.41001777, 40.187492521666663 ], [ -8.41000973, 40.18748523666666 ], [ -8.410001688333333, 40.18747797 ], [ -8.409993903333334, 40.18747078 ], [ -8.409986178333334, 40.187463625 ], [ -8.409978385, 40.187456491666666 ], [ -8.409970586666667, 40.187449376666663 ], [ -8.409962856666667, 40.18744221 ], [ -8.409955035, 40.187435118333333 ], [ -8.409947213333334, 40.187427935 ], [ -8.409939276666668, 40.187420766666662 ], [ -8.409931426666667, 40.187413513333333 ], [ -8.409923533333334, 40.1874063 ], [ -8.40991558, 40.187398988333328 ], [ -8.409907571666666, 40.18739162 ], [ -8.409899675, 40.187384163333327 ], [ -8.409891808333334, 40.187376818333327 ], [ -8.409883946666667, 40.187369325 ], [ -8.409876035, 40.187361851666665 ], [ -8.409868126666668, 40.187354258333329 ], [ -8.409860168333333, 40.187346676666664 ], [ -8.409852171666667, 40.18733909 ], [ -8.40984411, 40.187331511666663 ], [ -8.409835956666667, 40.187323858333329 ], [ -8.409827891666668, 40.18731634 ], [ -8.409819635, 40.187308765 ], [ -8.409811406666668, 40.18730111833333 ], [ -8.40980319, 40.187293415 ], [ -8.409795045, 40.187285763333328 ], [ -8.409786778333334, 40.187278151666661 ], [ -8.409778401666667, 40.187270481666665 ], [ -8.409770033333334, 40.187262761666666 ], [ -8.409761661666668, 40.187255001666664 ], [ -8.409753468333333, 40.18724739 ], [ -8.409745283333333, 40.187239558333332 ], [ -8.409737116666667, 40.187231971666662 ], [ -8.409729031666666, 40.187224435 ], [ -8.40972118, 40.187216945 ], [ -8.409713365, 40.187209475 ], [ -8.409705523333333, 40.187202025 ], [ -8.409697691666667, 40.187194661666666 ], [ -8.409690025, 40.187187241666663 ], [ -8.409682441666668, 40.187179948333331 ], [ -8.409674703333334, 40.187172538333328 ], [ -8.40966688, 40.18716518 ], [ -8.409659231666668, 40.187157738333333 ], [ -8.409651536666667, 40.187150368333327 ], [ -8.40964373, 40.18714295 ], [ -8.4096358, 40.187135511666661 ], [ -8.409628088333333, 40.187128046666665 ], [ -8.409620206666666, 40.187120616666661 ], [ -8.409612311666667, 40.187113133333327 ], [ -8.409604431666667, 40.187105076666661 ], [ -8.409596533333334, 40.187097541666667 ], [ -8.409588715, 40.187090001666661 ], [ -8.409580776666667, 40.187082471666663 ], [ -8.409572695, 40.187074896666665 ], [ -8.40956478, 40.187067311666667 ], [ -8.409556818333334, 40.187059706666666 ], [ -8.409548761666667, 40.187052138333328 ], [ -8.409540675, 40.187044566666664 ], [ -8.409532561666667, 40.18703692166666 ], [ -8.409524418333334, 40.18702936 ], [ -8.409516196666667, 40.187021773333328 ], [ -8.409507876666668, 40.18701424333333 ], [ -8.409499546666668, 40.187006595 ], [ -8.409491241666666, 40.186999008333331 ], [ -8.409482935, 40.186991456666661 ], [ -8.409474531666667, 40.186983766666664 ], [ -8.40946594, 40.186976096666662 ], [ -8.409457638333334, 40.18696830166666 ], [ -8.409449116666668, 40.186960635 ], [ -8.409440573333333, 40.186952871666662 ], [ -8.409432015, 40.186945136666665 ], [ -8.409423468333333, 40.186937343333327 ], [ -8.409414938333335, 40.186929458333331 ], [ -8.40940636, 40.186921558333331 ], [ -8.409397836666667, 40.186913741666665 ], [ -8.409389416666667, 40.186905923333327 ], [ -8.409380718333333, 40.186898116666661 ], [ -8.409372426666668, 40.18689036 ], [ -8.409364071666667, 40.1868828 ], [ -8.40935557, 40.186875055 ], [ -8.409347156666668, 40.186867475 ], [ -8.409338818333334, 40.18685985 ], [ -8.409331881666667, 40.186855666666666 ], [ -8.409323723333333, 40.186848258333328 ], [ -8.409315795, 40.18684069166666 ], [ -8.409305315, 40.186836863333333 ], [ -8.409297363333334, 40.186829598333333 ], [ -8.409289428333334, 40.186822406666664 ], [ -8.40928148, 40.186815111666661 ], [ -8.409273401666667, 40.18680780166666 ], [ -8.409265258333333, 40.186800595 ], [ -8.4092574, 40.186793321666663 ], [ -8.40924937, 40.186785968333332 ], [ -8.409241285, 40.186778623333332 ], [ -8.409233265, 40.186771241666662 ], [ -8.409225215, 40.186763941666662 ], [ -8.409217175, 40.186756545 ], [ -8.409209001666667, 40.186749155 ], [ -8.409200865, 40.186741746666662 ], [ -8.409192855, 40.186734286666663 ], [ -8.409184783333334, 40.186726796666662 ], [ -8.409176706666667, 40.186719238333332 ], [ -8.409168485, 40.186711661666664 ], [ -8.409160438333334, 40.186704091666662 ], [ -8.409152398333333, 40.186696506666664 ], [ -8.409144178333333, 40.186688823333327 ], [ -8.409135878333334, 40.18668111 ], [ -8.40912759, 40.186673461666665 ], [ -8.409119458333334, 40.186665778333328 ], [ -8.409111165, 40.186658125 ], [ -8.40910286, 40.186650341666663 ], [ -8.409094368333333, 40.186642603333333 ], [ -8.409085895, 40.186634763333331 ], [ -8.409077443333334, 40.186627046666665 ], [ -8.409069003333334, 40.186619291666666 ], [ -8.409060363333333, 40.186611481666667 ], [ -8.409051736666667, 40.186603576666663 ], [ -8.409043096666666, 40.18659577333333 ], [ -8.40903453, 40.18658794 ], [ -8.409025763333334, 40.18657983833333 ], [ -8.409016918333334, 40.186571953333328 ], [ -8.40900793, 40.186563961666664 ], [ -8.408998995, 40.186556096666664 ], [ -8.408990218333333, 40.186548221666662 ], [ -8.408981283333334, 40.186540101666665 ], [ -8.40897255, 40.18653199 ], [ -8.408963733333334, 40.186523826666665 ], [ -8.40895488, 40.186515596666666 ], [ -8.408946093333334, 40.1865073 ], [ -8.408937415, 40.186498978333333 ], [ -8.408928808333334, 40.18649045 ], [ -8.408920216666667, 40.186482051666665 ], [ -8.408911686666666, 40.186473425 ], [ -8.408902975, 40.18646479 ], [ -8.408894091666667, 40.186455956666663 ], [ -8.40888568, 40.186447351666665 ], [ -8.408877591666666, 40.186438655 ], [ -8.408868828333334, 40.186429958333328 ], [ -8.40886013, 40.18642103 ], [ -8.408851528333333, 40.186412308333331 ], [ -8.408842773333333, 40.186403425 ], [ -8.408831928333333, 40.186394335 ], [ -8.408823298333333, 40.186385653333332 ], [ -8.40881412, 40.186376986666666 ], [ -8.40880477, 40.18636832 ], [ -8.408795803333334, 40.186359808333329 ], [ -8.4087861, 40.18635135 ], [ -8.408776203333334, 40.18634316 ], [ -8.408766213333333, 40.186334976666664 ], [ -8.408756471666667, 40.186326966666662 ], [ -8.408746146666667, 40.186319033333334 ], [ -8.40873605, 40.186311225 ], [ -8.40872575, 40.18630357833333 ], [ -8.408715423333334, 40.186296033333328 ], [ -8.408705325, 40.186288613333332 ], [ -8.408695088333333, 40.186281301666661 ], [ -8.408684855, 40.186274113333333 ], [ -8.408674781666667, 40.186267138333328 ], [ -8.408664618333333, 40.186260226666661 ], [ -8.40865458, 40.186253388333327 ], [ -8.408644433333334, 40.18624664666666 ], [ -8.408634256666668, 40.186239961666665 ], [ -8.408624285, 40.18623333666666 ], [ -8.40861459, 40.186226805 ], [ -8.4086045, 40.186220338333328 ], [ -8.408594591666667, 40.186213768333332 ], [ -8.408584736666667, 40.186207406666661 ], [ -8.408575048333333, 40.18620105 ], [ -8.408565221666667, 40.186194796666662 ], [ -8.408555681666668, 40.18618859 ], [ -8.408545758333334, 40.186182291666661 ], [ -8.408536213333333, 40.186176113333332 ], [ -8.408526763333334, 40.186170275 ], [ -8.408517435, 40.186164353333332 ], [ -8.408507725, 40.186158556666662 ], [ -8.408498475, 40.186152845 ], [ -8.40848915, 40.186147123333328 ], [ -8.408480131666668, 40.186141486666664 ], [ -8.408471026666668, 40.186135908333327 ], [ -8.408462201666667, 40.186130428333328 ], [ -8.408453443333334, 40.18612503 ], [ -8.408444726666668, 40.186119748333333 ], [ -8.408436058333333, 40.186114488333331 ], [ -8.408427643333333, 40.186109455 ], [ -8.408419346666667, 40.186104483333331 ], [ -8.408411236666668, 40.186099686666665 ], [ -8.408403273333334, 40.186095071666664 ], [ -8.40839518, 40.186090365 ], [ -8.408387286666667, 40.18608591 ], [ -8.408379793333333, 40.186081448333333 ], [ -8.408371696666666, 40.186076663333331 ], [ -8.408363441666667, 40.18607214 ], [ -8.408354928333333, 40.186067396666665 ], [ -8.408346455, 40.186062663333331 ], [ -8.408337675, 40.18605796833333 ], [ -8.408328913333333, 40.186053383333331 ], [ -8.408320183333334, 40.186048618333331 ], [ -8.408311006666667, 40.186043876666666 ], [ -8.408301945, 40.186039181666665 ], [ -8.40829281, 40.186034428333329 ], [ -8.408283605, 40.186029601666661 ], [ -8.408274066666667, 40.18602498833333 ], [ -8.408264905, 40.186020215 ], [ -8.408255433333334, 40.18601554 ], [ -8.40824568, 40.18601103 ], [ -8.408236013333333, 40.186006488333327 ], [ -8.40822607, 40.186002015 ], [ -8.408216185, 40.185997608333331 ], [ -8.408206228333334, 40.185993213333333 ], [ -8.408195931666667, 40.185988785 ], [ -8.408185995, 40.185984381666664 ], [ -8.408175393333334, 40.18598012333333 ], [ -8.408165276666667, 40.185975815 ], [ -8.408154675, 40.185971848333331 ], [ -8.408144158333334, 40.185967696666665 ], [ -8.408133523333333, 40.185963548333334 ], [ -8.408122631666666, 40.1859594 ], [ -8.408112258333334, 40.185955355 ], [ -8.408101503333334, 40.185951298333329 ], [ -8.408090573333334, 40.18594727666666 ], [ -8.408079955, 40.185943281666667 ], [ -8.408068986666667, 40.18593951166666 ], [ -8.408058355, 40.18593567833333 ], [ -8.408047381666668, 40.1859319 ], [ -8.408037363333333, 40.185928496666662 ], [ -8.408025701666666, 40.18592457 ], [ -8.408014838333333, 40.18592099 ], [ -8.408003906666668, 40.185917555 ], [ -8.407992805, 40.18591417333333 ], [ -8.407981845, 40.18591082166666 ], [ -8.407970758333335, 40.185907498333329 ], [ -8.407959785, 40.185904288333333 ], [ -8.407948626666666, 40.185901131666661 ], [ -8.407937958333333, 40.185898016666663 ], [ -8.407926626666667, 40.185894886666667 ], [ -8.40792106, 40.185893343333333 ], [ -8.407907441666667, 40.185890058333328 ], [ -8.407896301666668, 40.18588717 ], [ -8.407885293333333, 40.185884251666664 ], [ -8.407874153333333, 40.185881385 ], [ -8.40786323, 40.18587857 ], [ -8.40785259, 40.185874731666665 ], [ -8.407841491666668, 40.185872006666663 ], [ -8.407830503333333, 40.18586933 ], [ -8.407819486666668, 40.18586669 ], [ -8.407808611666667, 40.185864095 ], [ -8.407797723333333, 40.18586148666666 ], [ -8.407786808333334, 40.18585894 ], [ -8.40777598, 40.185856445 ], [ -8.40776521, 40.18585397166666 ], [ -8.40775452, 40.185851586666665 ], [ -8.407743926666667, 40.185849213333327 ], [ -8.407733298333333, 40.185847006666663 ], [ -8.407722768333334, 40.185844766666662 ], [ -8.407712401666666, 40.185842556666664 ], [ -8.407702085, 40.185840481666666 ], [ -8.40769183, 40.185838351666661 ], [ -8.407681568333334, 40.18583631833333 ], [ -8.407671393333334, 40.185834378333332 ], [ -8.407661313333334, 40.185832341666661 ], [ -8.407651325, 40.185830348333333 ], [ -8.407641401666668, 40.185828415 ], [ -8.407631415, 40.185826368333331 ], [ -8.407621463333333, 40.185824441666661 ], [ -8.407611471666668, 40.185822466666664 ], [ -8.40760165, 40.185820471666666 ], [ -8.407591685, 40.185818463333327 ], [ -8.407581645, 40.185816498333331 ], [ -8.407571783333333, 40.18581450833333 ], [ -8.407561765, 40.185812603333332 ], [ -8.407551888333334, 40.18581072 ], [ -8.407542036666667, 40.185808861666665 ], [ -8.407532175, 40.18580694 ], [ -8.407522368333334, 40.18580505 ], [ -8.407512486666667, 40.185803201666666 ], [ -8.407502716666666, 40.185801225 ], [ -8.407493053333333, 40.185799326666661 ], [ -8.407483311666667, 40.185797428333331 ], [ -8.407473596666668, 40.185795518333329 ], [ -8.407463965, 40.18579358 ], [ -8.407454263333333, 40.185791536666663 ], [ -8.407444606666667, 40.185789515 ], [ -8.407435011666667, 40.18578747 ], [ -8.407425348333334, 40.185785326666661 ], [ -8.407415648333334, 40.185783201666666 ], [ -8.407405836666667, 40.18578098166666 ], [ -8.40739621, 40.185778591666661 ], [ -8.407386631666666, 40.18577629 ], [ -8.407377203333334, 40.185773743333328 ], [ -8.407367631666666, 40.185771235 ], [ -8.407358045, 40.18576865 ], [ -8.407348541666668, 40.185765846666662 ], [ -8.407339181666668, 40.18576291 ], [ -8.407329775, 40.185759985 ], [ -8.4073206, 40.185757085 ], [ -8.407295483333334, 40.185777746666666 ], [ -8.407286625, 40.185774526666663 ], [ -8.407277843333334, 40.185771378333328 ], [ -8.407269296666668, 40.185767991666665 ], [ -8.40726105, 40.185764246666665 ], [ -8.407252926666667, 40.185760626666664 ], [ -8.407258415, 40.185738846666666 ], [ -8.407250915, 40.185734838333332 ], [ -8.40724334, 40.185731018333328 ], [ -8.407236041666668, 40.185727113333328 ], [ -8.40722885, 40.185723216666666 ], [ -8.407221608333334, 40.185719361666663 ], [ -8.407214558333333, 40.18571548 ], [ -8.407207268333334, 40.185711841666667 ], [ -8.407200073333334, 40.18570845666666 ], [ -8.407192931666668, 40.185705068333327 ], [ -8.407185618333333, 40.185702005 ], [ -8.407178315, 40.185699115 ], [ -8.407170853333334, 40.185696398333327 ], [ -8.407163316666667, 40.185693936666667 ], [ -8.407155751666666, 40.18569176 ], [ -8.407148121666667, 40.185689925 ], [ -8.407140325, 40.185688311666667 ], [ -8.407132756666668, 40.185687106666663 ], [ -8.407124948333333, 40.185686318333332 ], [ -8.407117323333333, 40.185686045 ], [ -8.407109943333333, 40.185686203333333 ], [ -8.407102751666667, 40.185686751666665 ], [ -8.407095611666668, 40.185687696666662 ], [ -8.407088688333333, 40.185689211666663 ], [ -8.407082123333334, 40.185691033333327 ], [ -8.407075923333334, 40.185693278333332 ], [ -8.407070383333334, 40.185695921666664 ], [ -8.40706515, 40.185698843333327 ], [ -8.407060393333333, 40.185702066666664 ], [ -8.407056073333333, 40.18570551 ], [ -8.407052398333335, 40.185709201666661 ], [ -8.40704898, 40.185713093333327 ], [ -8.407046176666666, 40.185717113333332 ], [ -8.407043755, 40.185721275 ], [ -8.407042093333335, 40.18572544 ], [ -8.407040721666666, 40.18572979333333 ], [ -8.407039728333334, 40.18573421833333 ], [ -8.40703915, 40.185738721666667 ], [ -8.40703922, 40.185743268333333 ], [ -8.40703969, 40.185747751666661 ], [ -8.407040571666666, 40.185752208333327 ], [ -8.407041906666667, 40.185756655 ], [ -8.407043711666667, 40.18576119 ], [ -8.407046093333333, 40.18576556666666 ], [ -8.407048886666667, 40.185769825 ], [ -8.407052145, 40.18577392 ], [ -8.407056028333333, 40.185777871666666 ], [ -8.407060368333333, 40.185781551666665 ], [ -8.407065275, 40.185784981666664 ], [ -8.40707047, 40.185788165 ], [ -8.407075906666668, 40.185791136666666 ], [ -8.40708702, 40.18578123333333 ], [ -8.40709342, 40.185783535 ], [ -8.407099965, 40.18578556833333 ], [ -8.40710599, 40.18578848 ], [ -8.407113, 40.185789963333328 ], [ -8.407120193333334, 40.185791295 ], [ -8.407127495, 40.185792521666663 ], [ -8.407134991666666, 40.185793611666661 ], [ -8.407142545, 40.18579467666666 ], [ -8.407149788333333, 40.185796968333328 ], [ -8.407157678333334, 40.185797885 ], [ -8.40716564, 40.185798765 ], [ -8.407173645, 40.185799636666665 ], [ -8.407181743333334, 40.18580016 ], [ -8.407189941666667, 40.185800886666662 ], [ -8.40719753, 40.18580382333333 ], [ -8.40720578, 40.185804523333331 ], [ -8.407214096666667, 40.185805191666667 ], [ -8.407222521666666, 40.185805901666662 ], [ -8.407230956666668, 40.1858065 ], [ -8.40723943, 40.185807285 ], [ -8.407247908333334, 40.185807933333329 ], [ -8.4072564, 40.18580867666666 ], [ -8.407264905, 40.185809363333327 ], [ -8.407273475, 40.185810033333333 ], [ -8.407281988333335, 40.185810586666662 ], [ -8.407290526666667, 40.185811313333332 ], [ -8.407299173333334, 40.185811776666661 ], [ -8.407307751666668, 40.185812258333328 ], [ -8.407316416666667, 40.185812613333333 ], [ -8.407325038333333, 40.185812936666665 ], [ -8.407333675, 40.185812955 ], [ -8.407342283333334, 40.185812846666664 ], [ -8.407350886666666, 40.185812433333332 ], [ -8.407359355, 40.185811863333328 ], [ -8.407367723333333, 40.185810948333327 ], [ -8.407376091666666, 40.185809866666666 ], [ -8.40738435, 40.18580841666666 ], [ -8.407392428333333, 40.185806505 ], [ -8.407400345, 40.185804501666667 ], [ -8.40740812, 40.18580214 ], [ -8.407415665, 40.185799381666662 ], [ -8.407423015, 40.18579644 ], [ -8.407430188333334, 40.185793148333332 ], [ -8.407437206666668, 40.185789601666663 ], [ -8.40744375, 40.185785731666662 ], [ -8.4074503, 40.185781603333332 ], [ -8.407456543333334, 40.185777091666665 ], [ -8.407462446666667, 40.185772158333329 ], [ -8.407468031666667, 40.185766945 ], [ -8.407473191666668, 40.185761391666666 ], [ -8.407478048333333, 40.185755578333328 ], [ -8.407482581666667, 40.185749485 ], [ -8.407486633333333, 40.185743151666664 ], [ -8.407490361666667, 40.185736733333329 ], [ -8.407493466666667, 40.185730136666663 ], [ -8.407496436666667, 40.185723498333331 ], [ -8.407499193333333, 40.185716628333331 ], [ -8.407501913333334, 40.185709803333332 ], [ -8.40750449, 40.185702771666662 ], [ -8.40750708, 40.185695708333327 ], [ -8.407509551666667, 40.18568851 ], [ -8.407511935, 40.18568117 ], [ -8.407514095, 40.185673776666661 ], [ -8.407516433333333, 40.185666456666667 ], [ -8.407518723333334, 40.185659168333331 ], [ -8.407521246666667, 40.18565189 ], [ -8.407523558333335, 40.185644896666666 ], [ -8.407526255, 40.185637758333328 ], [ -8.407529055, 40.185630756666662 ], [ -8.407531925, 40.185624073333329 ], [ -8.407534861666667, 40.18561738333333 ], [ -8.407538091666668, 40.185611091666665 ], [ -8.407541425, 40.185604795 ], [ -8.407544785, 40.185598773333332 ], [ -8.407548568333334, 40.185593065 ], [ -8.407552156666666, 40.185587496666663 ], [ -8.407555975, 40.185582076666662 ], [ -8.407560201666668, 40.185576821666665 ], [ -8.407564581666668, 40.185571515 ], [ -8.407569055, 40.185566243333326 ], [ -8.407573958333334, 40.18556117 ], [ -8.407579613333334, 40.185556426666665 ], [ -8.407585378333334, 40.185551443333331 ], [ -8.407591438333334, 40.18554675 ], [ -8.407598316666666, 40.185542385 ], [ -8.407605146666667, 40.1855382 ], [ -8.407612426666667, 40.1855343 ], [ -8.407619938333333, 40.185530735 ], [ -8.40762762, 40.185527345 ], [ -8.407635583333334, 40.185524231666662 ], [ -8.407643701666666, 40.185521531666666 ], [ -8.407652015, 40.185518918333329 ], [ -8.407660333333334, 40.185516755 ], [ -8.407668853333334, 40.185514606666665 ], [ -8.407677366666666, 40.18551268 ], [ -8.407685876666667, 40.185510691666664 ], [ -8.407694406666668, 40.1855088 ], [ -8.407702773333334, 40.18550699666666 ], [ -8.407711258333334, 40.185505113333328 ], [ -8.407719663333333, 40.185503223333328 ], [ -8.407727631666667, 40.185501095 ], [ -8.407735623333334, 40.185498823333333 ], [ -8.407743493333333, 40.185496466666663 ], [ -8.407750973333334, 40.18549404 ], [ -8.407758411666666, 40.185491376666661 ], [ -8.40776551, 40.185488716666661 ], [ -8.407772406666666, 40.18548586 ], [ -8.407779151666666, 40.185483195 ], [ -8.407785751666667, 40.185480525 ], [ -8.407792856666667, 40.185477476666662 ], [ -8.407799953333333, 40.185474518333329 ], [ -8.407807073333334, 40.185471411666661 ], [ -8.407814388333334, 40.185468275 ], [ -8.40782177, 40.185465188333332 ], [ -8.407829381666668, 40.185462165 ], [ -8.407837095, 40.185459226666666 ], [ -8.407845258333333, 40.18545708833333 ], [ -8.407851293333334, 40.185454613333327 ], [ -8.40785967, 40.185451891666666 ], [ -8.407868145, 40.185449245 ], [ -8.407876795, 40.185446656666663 ], [ -8.407885566666668, 40.18544421 ], [ -8.407894455, 40.185441666666662 ], [ -8.407903641666667, 40.185438323333329 ], [ -8.407912776666667, 40.185435715 ], [ -8.407921986666667, 40.185433098333327 ], [ -8.407931211666668, 40.185430535 ], [ -8.40794064, 40.185427881666662 ], [ -8.407950101666668, 40.185425301666662 ], [ -8.407959596666666, 40.185422858333332 ], [ -8.407969243333334, 40.18542030166666 ], [ -8.40797885, 40.185417863333328 ], [ -8.40798858, 40.185415251666662 ], [ -8.407998401666667, 40.185412766666666 ], [ -8.408008148333334, 40.18541011 ], [ -8.408017981666667, 40.185407553333327 ], [ -8.408027948333334, 40.185405106666664 ], [ -8.408037763333335, 40.1854025 ], [ -8.408047761666667, 40.185399921666665 ], [ -8.408057805, 40.185397341666665 ], [ -8.408067911666667, 40.185394783333329 ], [ -8.408076933333334, 40.185390811666664 ], [ -8.40808702, 40.185388163333329 ], [ -8.408097156666667, 40.185385685 ], [ -8.408107216666666, 40.185383223333332 ], [ -8.408117141666667, 40.185380606666662 ], [ -8.408127285, 40.185378196666662 ], [ -8.408137391666667, 40.185375666666665 ], [ -8.408147343333333, 40.185373201666664 ], [ -8.4081573, 40.185370725 ], [ -8.40816717, 40.185368268333328 ], [ -8.408177011666668, 40.18536582 ], [ -8.408186945, 40.18536340666666 ], [ -8.40819672, 40.18536084 ], [ -8.408206701666668, 40.185358445 ], [ -8.408216571666667, 40.185356243333331 ], [ -8.4082263, 40.18535414 ], [ -8.408236126666667, 40.185352226666666 ], [ -8.40824593, 40.18535026833333 ], [ -8.408255786666667, 40.185348515 ], [ -8.408265288333334, 40.18534681 ], [ -8.408275078333334, 40.18534508 ], [ -8.408284836666667, 40.185343413333328 ], [ -8.408294571666667, 40.185342025 ], [ -8.40830418, 40.185340651666664 ], [ -8.408313926666667, 40.185339413333331 ], [ -8.408323763333334, 40.185338335 ], [ -8.408333615, 40.185337336666663 ], [ -8.408343433333334, 40.185336411666661 ], [ -8.40835334, 40.185335426666661 ], [ -8.408363245, 40.185334566666661 ], [ -8.408373146666667, 40.185333605 ], [ -8.408383046666668, 40.185332501666664 ], [ -8.408392926666666, 40.185331471666665 ], [ -8.408402873333333, 40.185330181666664 ], [ -8.408412801666667, 40.185328873333333 ], [ -8.408422596666666, 40.185327506666667 ], [ -8.408432475, 40.185325978333331 ], [ -8.408442381666667, 40.185324378333327 ], [ -8.4084523, 40.185322803333328 ], [ -8.408462141666668, 40.18532094 ], [ -8.40847194, 40.185319058333327 ], [ -8.40848181, 40.185316976666662 ], [ -8.408491481666667, 40.185314728333331 ], [ -8.408501341666668, 40.185312616666664 ], [ -8.408511081666667, 40.18531038 ], [ -8.408520898333334, 40.185308105 ], [ -8.408530616666667, 40.185305775 ], [ -8.408540281666667, 40.185303388333331 ], [ -8.408550056666668, 40.185301028333328 ], [ -8.408559786666666, 40.185298601666666 ], [ -8.408569415, 40.18529634 ], [ -8.40857927, 40.185293873333329 ], [ -8.40858936, 40.185293101666666 ], [ -8.408599205, 40.185290773333328 ], [ -8.408608986666668, 40.18528843 ], [ -8.408618881666667, 40.185286268333329 ], [ -8.408628906666667, 40.185284006666663 ], [ -8.408638781666667, 40.185281733333333 ], [ -8.408648758333333, 40.185279815 ], [ -8.408658733333334, 40.185277666666664 ], [ -8.40866889, 40.185275505 ], [ -8.408678968333334, 40.18527344333333 ], [ -8.40868913, 40.185271283333329 ], [ -8.408699418333335, 40.185269281666663 ], [ -8.408709591666668, 40.185267186666664 ], [ -8.408719813333335, 40.185265146666666 ], [ -8.408730105, 40.185263185 ], [ -8.408740385, 40.185261188333328 ], [ -8.408750745, 40.185259383333332 ], [ -8.408760868333333, 40.185258408333333 ], [ -8.40877116, 40.18525657666666 ], [ -8.4087816, 40.185254833333332 ], [ -8.408791791666667, 40.185254296666663 ], [ -8.408802173333333, 40.18525270833333 ], [ -8.408812686666668, 40.185251213333331 ], [ -8.408823276666666, 40.18524995 ], [ -8.408833771666668, 40.18524861 ], [ -8.40884432, 40.185247518333327 ], [ -8.408854845, 40.185246951666663 ], [ -8.408865376666666, 40.185246088333329 ], [ -8.408876005, 40.18524516 ], [ -8.408886696666666, 40.185244541666663 ], [ -8.408897218333333, 40.185244101666662 ], [ -8.4089079, 40.185243721666666 ], [ -8.408918568333334, 40.185243836666665 ], [ -8.40892919, 40.185243701666664 ], [ -8.40893996, 40.185243728333333 ], [ -8.408950615, 40.18524369 ], [ -8.40896146, 40.1852437 ], [ -8.40897213, 40.185243828333327 ], [ -8.408982801666667, 40.18524404 ], [ -8.40899355, 40.185244376666667 ], [ -8.409004315, 40.18524482 ], [ -8.409015058333333, 40.185245286666664 ], [ -8.409025843333334, 40.18524601666666 ], [ -8.409036801666668, 40.18524677 ], [ -8.409047951666667, 40.185247361666661 ], [ -8.409059105, 40.18524822 ], [ -8.409070435, 40.18524889 ], [ -8.409082138333334, 40.185249651666666 ], [ -8.409093826666666, 40.185250505 ], [ -8.409105786666666, 40.185251228333328 ], [ -8.409117918333333, 40.185252173333332 ], [ -8.409130366666666, 40.185253051666663 ], [ -8.409143198333334, 40.185253818333329 ], [ -8.409156233333334, 40.185254878333332 ], [ -8.409169601666667, 40.185255811666664 ], [ -8.409183086666667, 40.185256801666661 ], [ -8.409196966666666, 40.185257803333329 ], [ -8.409210823333334, 40.185258991666664 ], [ -8.40922503, 40.185260036666662 ], [ -8.409239381666668, 40.185260893333329 ], [ -8.409253961666668, 40.18526208 ], [ -8.409268633333333, 40.185263083333332 ], [ -8.409283521666667, 40.185264158333332 ], [ -8.409298678333334, 40.185265096666662 ], [ -8.409313831666667, 40.185266163333331 ], [ -8.409329275, 40.185266816666662 ], [ -8.409344581666668, 40.185267621666661 ], [ -8.409360246666667, 40.185268326666666 ], [ -8.409376, 40.185268908333327 ], [ -8.409391865, 40.185269693333332 ], [ -8.409407718333334, 40.185270223333333 ], [ -8.409423783333335, 40.18527084 ], [ -8.409439796666668, 40.185271415 ], [ -8.409455961666668, 40.185272276666666 ], [ -8.409472155, 40.185273211666662 ], [ -8.40948831, 40.185274315 ], [ -8.409504535, 40.185275406666662 ], [ -8.409520655, 40.185276675 ], [ -8.409536796666668, 40.185277996666663 ], [ -8.409552945, 40.185279505 ], [ -8.409564616666668, 40.185280415 ], [ -8.409580831666666, 40.185281788333327 ], [ -8.409596833333334, 40.185283326666664 ], [ -8.409613023333334, 40.185284743333327 ], [ -8.409629186666667, 40.185286105 ], [ -8.409645441666667, 40.185287088333332 ], [ -8.40966179, 40.185289101666662 ], [ -8.409677803333334, 40.18528968 ], [ -8.409693905, 40.185289995 ], [ -8.409709873333334, 40.185289826666661 ], [ -8.4097256, 40.185289375 ], [ -8.409741443333333, 40.185288658333327 ], [ -8.409757331666667, 40.185287735 ], [ -8.40977259, 40.185287243333327 ], [ -8.409788078333333, 40.185286038333331 ], [ -8.409803188333333, 40.18528444 ], [ -8.409818518333333, 40.18528291 ], [ -8.409833541666668, 40.185281273333331 ], [ -8.40984851, 40.18527958833333 ], [ -8.40986333, 40.185278096666664 ], [ -8.409878105, 40.185276481666662 ], [ -8.409892725, 40.185275105 ], [ -8.409907256666667, 40.185273538333327 ], [ -8.4099217, 40.185271955 ], [ -8.409936086666667, 40.185270518333333 ], [ -8.409950391666667, 40.185269221666665 ], [ -8.409964596666667, 40.185268015 ], [ -8.409978746666667, 40.18526705 ], [ -8.409992865, 40.185266505 ], [ -8.410006731666668, 40.18526615 ], [ -8.41002057, 40.185266105 ], [ -8.410034283333333, 40.185266215 ], [ -8.410047868333333, 40.18526656 ], [ -8.410061178333335, 40.185267273333331 ], [ -8.410074183333334, 40.18526832 ], [ -8.410087048333335, 40.185269146666663 ], [ -8.410099488333334, 40.185269873333333 ], [ -8.410112161666667, 40.18527027333333 ], [ -8.410123978333333, 40.18527034 ], [ -8.410135936666666, 40.185270276666664 ], [ -8.410147988333334, 40.185269556666661 ], [ -8.41015913, 40.185269231666666 ], [ -8.41017046, 40.18526825666666 ], [ -8.41018137, 40.185267255 ], [ -8.410192283333334, 40.185266138333333 ], [ -8.410203201666667, 40.185264905 ], [ -8.410214083333333, 40.185263755 ], [ -8.410225011666666, 40.18526258666666 ], [ -8.410235908333334, 40.18526157 ], [ -8.410246671666666, 40.185260523333334 ], [ -8.410257573333334, 40.185259495 ], [ -8.410268403333333, 40.185258586666663 ], [ -8.410279188333334, 40.185257663333331 ], [ -8.410289903333334, 40.185256751666664 ], [ -8.410300636666667, 40.18525593333333 ], [ -8.410311241666667, 40.185255103333333 ], [ -8.410321936666667, 40.185254265 ], [ -8.410332535, 40.185253601666666 ], [ -8.410343168333334, 40.18525293 ], [ -8.410353743333333, 40.185252206666661 ], [ -8.410364275, 40.185251455 ], [ -8.41037475, 40.1852508 ], [ -8.410385306666667, 40.185250086666663 ], [ -8.410395743333334, 40.18524951 ], [ -8.410406145, 40.185248735 ], [ -8.410416493333333, 40.185248061666663 ], [ -8.410426986666668, 40.185247676666663 ], [ -8.410437528333334, 40.185247143333328 ], [ -8.410447916666667, 40.18524671 ], [ -8.410458386666667, 40.185246278333331 ], [ -8.41046871, 40.185245621666667 ], [ -8.410479086666667, 40.185245226666666 ], [ -8.410489528333335, 40.185244781666661 ], [ -8.410500055, 40.185244411666666 ], [ -8.410510291666666, 40.18524397 ], [ -8.410520796666667, 40.185243605 ], [ -8.410531231666667, 40.185243191666665 ], [ -8.410541576666667, 40.185242863333329 ], [ -8.410552003333335, 40.18524252 ], [ -8.410562416666666, 40.18524221 ], [ -8.410572758333334, 40.185241936666664 ], [ -8.410583258333334, 40.185241711666663 ], [ -8.410593683333333, 40.185241501666667 ], [ -8.41060415, 40.18524152 ], [ -8.410614615, 40.18524131 ], [ -8.410625111666667, 40.185241213333327 ], [ -8.41063584, 40.18524127 ], [ -8.410646378333334, 40.185241113333333 ], [ -8.410657071666668, 40.18524125 ], [ -8.410667796666667, 40.185241218333331 ], [ -8.41067838, 40.18524132 ], [ -8.410689088333333, 40.18524158333333 ], [ -8.410699998333333, 40.18524182 ], [ -8.410710496666667, 40.185242458333327 ], [ -8.410721458333335, 40.185242986666665 ], [ -8.410732925, 40.185243836666665 ], [ -8.410745475, 40.185245081666665 ], [ -8.410756446666667, 40.185246163333332 ], [ -8.41076731, 40.18524778 ], [ -8.410778108333334, 40.185249538333331 ], [ -8.410788658333333, 40.185251486666665 ], [ -8.410799615, 40.18525357 ], [ -8.410809381666667, 40.185256293333332 ], [ -8.410824578333333, 40.185257195 ], [ -8.410829465, 40.185262415 ], [ -8.410840705, 40.185265383333331 ], [ -8.410852803333334, 40.185267606666663 ], [ -8.410863343333334, 40.18527115 ], [ -8.41085292, 40.185298223333334 ], [ -8.410859106666667, 40.185302385 ], [ -8.410865126666668, 40.18530745 ], [ -8.41087043, 40.185312583333328 ], [ -8.410875273333334, 40.185318345 ], [ -8.410878496666667, 40.18532485 ], [ -8.4108815, 40.185330863333327 ], [ -8.410883036666666, 40.18533654 ], [ -8.410883308333334, 40.18534249333333 ], [ -8.410883901666667, 40.185347416666666 ], [ -8.410878361666667, 40.18536018 ], [ -8.410877575, 40.185366661666663 ], [ -8.410877198333333, 40.18537303 ], [ -8.41091163, 40.185383945 ], [ -8.410924991666667, 40.185391785 ], [ -8.410924313333334, 40.185398596666666 ], [ -8.410923628333334, 40.185405283333331 ], [ -8.410920581666668, 40.185411665 ], [ -8.410918905, 40.185418148333333 ], [ -8.410867603333333, 40.185420573333332 ], [ -8.41086588, 40.185427201666663 ], [ -8.410864058333333, 40.185433878333328 ], [ -8.410861786666667, 40.185440603333333 ], [ -8.41085844, 40.185446801666664 ], [ -8.410856343333334, 40.185453588333331 ], [ -8.4108543, 40.185460411666661 ], [ -8.41085222, 40.185467385 ], [ -8.410850093333334, 40.185474373333328 ], [ -8.410846895, 40.185481098333327 ], [ -8.410844401666667, 40.18548791833333 ], [ -8.410842486666667, 40.18549387 ], [ -8.410839901666668, 40.185500723333327 ], [ -8.410836915, 40.18550768 ], [ -8.410833991666667, 40.18551454833333 ], [ -8.4108311, 40.185521053333332 ], [ -8.410828075, 40.185527791666665 ], [ -8.410825191666667, 40.185534903333327 ], [ -8.41082218, 40.185541645 ], [ -8.410818986666667, 40.185548518333327 ], [ -8.41081612, 40.18555549 ], [ -8.410812808333334, 40.18556242 ], [ -8.41080952, 40.185569435 ], [ -8.410806386666668, 40.185576306666661 ], [ -8.410802878333334, 40.185583276666662 ], [ -8.410799246666667, 40.185590325 ], [ -8.410795843333334, 40.18559720166666 ], [ -8.410792138333333, 40.185604255 ], [ -8.410788465, 40.185611316666666 ], [ -8.410784765, 40.18561824166666 ], [ -8.4107809, 40.185625006666662 ], [ -8.410777265, 40.185631915 ], [ -8.410773608333333, 40.18563906666666 ], [ -8.410770003333333, 40.185646036666661 ], [ -8.410766415, 40.185653135 ], [ -8.410762801666667, 40.185660265 ], [ -8.41075938, 40.185667373333331 ], [ -8.410755936666668, 40.185674575 ], [ -8.410753241666667, 40.185681915 ], [ -8.410749745, 40.185689151666665 ], [ -8.41074665, 40.185696463333329 ], [ -8.410742915, 40.185704716666663 ], [ -8.41073957, 40.185712041666662 ], [ -8.410736401666666, 40.185719623333327 ], [ -8.410732646666666, 40.185726771666666 ], [ -8.410728158333333, 40.185734385 ], [ -8.410724425, 40.185740935 ], [ -8.410720125, 40.18574833 ], [ -8.410713723333334, 40.185755613333328 ], [ -8.410710568333334, 40.185763176666661 ], [ -8.410707486666666, 40.185770938333327 ], [ -8.410703405, 40.1857784 ], [ -8.410726091666668, 40.185788728333328 ], [ -8.410724891666668, 40.185796833333328 ], [ -8.410724075, 40.185804698333328 ], [ -8.410720593333334, 40.185812416666664 ], [ -8.410718553333334, 40.18582046 ], [ -8.410717533333333, 40.185828541666666 ], [ -8.41071183, 40.185835951666661 ], [ -8.410716303333334, 40.185844938333332 ], [ -8.41071732, 40.185853185 ], [ -8.410716195, 40.185861145 ], [ -8.410719673333334, 40.185869526666664 ], [ -8.41071531, 40.18587709 ], [ -8.41071639, 40.18588503 ], [ -8.410725143333334, 40.185893661666661 ], [ -8.410727066666666, 40.18590146 ], [ -8.410734388333333, 40.18590967 ], [ -8.410736745, 40.18591747666666 ], [ -8.410739376666667, 40.185924986666663 ], [ -8.410734745, 40.185931841666665 ], [ -8.410737936666667, 40.18593939 ], [ -8.410740916666667, 40.185946705 ], [ -8.41074323, 40.18595386 ], [ -8.410747285, 40.185961031666665 ], [ -8.410752068333334, 40.18596814833333 ], [ -8.410756715, 40.185975113333328 ], [ -8.410761621666667, 40.185982035 ], [ -8.410765695, 40.185988703333329 ], [ -8.410771085, 40.185995365 ], [ -8.410776851666666, 40.186001813333327 ], [ -8.410782728333334, 40.18600816 ], [ -8.41078887, 40.186014433333327 ], [ -8.410794628333333, 40.186020441666663 ], [ -8.41080133, 40.18602641 ], [ -8.410808111666666, 40.18603228833333 ], [ -8.410814996666668, 40.18603795 ], [ -8.41082192, 40.186043608333328 ], [ -8.410828631666668, 40.186049178333327 ], [ -8.410837661666667, 40.186054738333333 ], [ -8.410844603333334, 40.186060286666667 ], [ -8.410851621666668, 40.186065765 ], [ -8.410858443333334, 40.1860714 ], [ -8.410866465, 40.18607682 ], [ -8.410873401666667, 40.18608232 ], [ -8.410880296666667, 40.186087826666665 ], [ -8.41088729, 40.186093363333327 ], [ -8.410894218333334, 40.186098895 ], [ -8.410901996666666, 40.186104425 ], [ -8.410908851666667, 40.18610992833333 ], [ -8.410915603333335, 40.186115438333331 ], [ -8.410920205, 40.186121053333331 ], [ -8.410927205, 40.18612667666666 ], [ -8.41093309, 40.186132158333329 ], [ -8.410940011666668, 40.186137708333327 ], [ -8.410946965, 40.186143266666662 ], [ -8.410954143333333, 40.186148833333327 ], [ -8.410961135, 40.186154516666662 ], [ -8.410968161666666, 40.186160148333329 ], [ -8.410975361666667, 40.186165763333328 ], [ -8.410982443333333, 40.186171351666665 ], [ -8.41098957, 40.186177038333327 ], [ -8.410996868333333, 40.18618270333333 ], [ -8.41100405, 40.186188353333328 ], [ -8.411011361666667, 40.186193993333333 ], [ -8.411018661666667, 40.186199635 ], [ -8.411026051666667, 40.186205233333332 ], [ -8.411033381666668, 40.18621091833333 ], [ -8.41104051, 40.186216625 ], [ -8.411047845, 40.186222333333333 ], [ -8.411055323333334, 40.186227966666664 ], [ -8.411062625, 40.186233666666666 ], [ -8.41107005, 40.18623935 ], [ -8.411077326666668, 40.186245055 ], [ -8.41108468, 40.186250768333331 ], [ -8.411092121666668, 40.186256426666667 ], [ -8.41109937, 40.18626216 ], [ -8.411106753333334, 40.186267936666667 ], [ -8.41111415, 40.18627369666666 ], [ -8.411121426666668, 40.186279485 ], [ -8.41112882, 40.186285188333329 ], [ -8.411136048333333, 40.186291053333328 ], [ -8.411143301666668, 40.18629693 ], [ -8.411150555, 40.186302706666666 ], [ -8.411157705, 40.186308458333329 ], [ -8.411164903333333, 40.186314243333328 ], [ -8.411172261666668, 40.186319885 ], [ -8.411179358333333, 40.18632566 ], [ -8.411186328333335, 40.186331131666662 ], [ -8.411193355, 40.186336661666665 ], [ -8.411200038333334, 40.18634204833333 ], [ -8.411206603333333, 40.186347188333329 ], [ -8.411212948333334, 40.18635229 ], [ -8.411218861666667, 40.186357091666665 ], [ -8.411226178333333, 40.186361751666666 ], [ -8.411231836666667, 40.186366173333333 ], [ -8.411237156666667, 40.186370348333327 ], [ -8.411242195, 40.18637421166666 ], [ -8.411247793333334, 40.186377878333332 ], [ -8.41125227, 40.186381183333332 ], [ -8.411256828333334, 40.18638417166666 ], [ -8.411260753333334, 40.186386845 ], [ -8.411264706666667, 40.186389311666666 ], [ -8.411269033333333, 40.186391533333328 ], [ -8.411272476666667, 40.18639356 ], [ -8.41127594, 40.186395408333333 ], [ -8.411279328333334, 40.186397058333327 ], [ -8.41128268, 40.186398928333332 ], [ -8.411286843333334, 40.18640032 ], [ -8.411289671666667, 40.186401585 ], [ -8.411292325, 40.186402245 ], [ -8.411293703333333, 40.186402765 ], [ -8.411294456666667, 40.186403028333331 ], [ -8.411294901666666, 40.18640301833333 ], [ -8.411294733333333, 40.186402958333332 ], [ -8.41129475, 40.186402986666664 ], [ -8.411294773333333, 40.186402976666663 ], [ -8.411294788333334, 40.18640297333333 ], [ -8.41129481, 40.18640288 ], [ -8.411294661666666, 40.186402786666662 ], [ -8.41129452, 40.186402761666663 ], [ -8.411294743333334, 40.186402816666664 ], [ -8.411294685, 40.186402795 ], [ -8.411294703333335, 40.186402743333332 ], [ -8.411294706666666, 40.18640275833333 ], [ -8.41129475, 40.186402773333327 ], [ -8.411294766666668, 40.186402773333327 ], [ -8.411294786666668, 40.186402751666662 ], [ -8.411294673333334, 40.186402753333333 ], [ -8.411294693333334, 40.18640274 ], [ -8.411294706666666, 40.186402748333329 ], [ -8.411294793333333, 40.186402751666662 ], [ -8.411294851666668, 40.186402743333332 ], [ -8.411294741666667, 40.186402713333329 ], [ -8.411294773333333, 40.18640273 ], [ -8.411294835, 40.18640273 ], [ -8.41129489, 40.186402743333332 ], [ -8.411294936666668, 40.186402751666662 ], [ -8.411294821666667, 40.186402718333333 ], [ -8.41129485, 40.186402745 ], [ -8.411294911666667, 40.186402726666664 ], [ -8.411294926666667, 40.186402716666663 ], [ -8.411295003333334, 40.186402755 ], [ -8.411294893333334, 40.186402706666662 ], [ -8.4112949, 40.186402705 ], [ -8.411294998333334, 40.186402738333328 ], [ -8.411294933333334, 40.186402738333328 ], [ -8.411295028333333, 40.186402728333327 ], [ -8.411294911666667, 40.186402701666665 ], [ -8.411294995, 40.186402703333329 ], [ -8.411295028333333, 40.186402695 ], [ -8.411295091666666, 40.186402696666661 ], [ -8.411295148333334, 40.186402715 ], [ -8.411295098333333, 40.186402675 ], [ -8.411295135, 40.186402698333332 ], [ -8.411295146666667, 40.186402675 ], [ -8.411295176666666, 40.186402683333327 ], [ -8.411295146666667, 40.186402695 ], [ -8.411295073333333, 40.18640268 ], [ -8.411295085, 40.186402693333328 ], [ -8.411295041666667, 40.186402676666667 ], [ -8.411295066666668, 40.18640269 ], [ -8.411295061666667, 40.186402675 ], [ -8.411295008333333, 40.18640264166666 ], [ -8.411294983333333, 40.186402638333327 ], [ -8.411294966666667, 40.186402655 ], [ -8.411295005, 40.186402635 ], [ -8.411294983333333, 40.18640266 ], [ -8.411294945, 40.186402613333328 ], [ -8.411294973333334, 40.186402628333333 ], [ -8.411294983333333, 40.186402635 ], [ -8.411294976666667, 40.186402623333329 ], [ -8.411294996666667, 40.18640263 ], [ -8.411294971666667, 40.186402601666664 ], [ -8.411294988333333, 40.186402601666664 ], [ -8.41130347, 40.186386241666661 ], [ -8.411303441666668, 40.186386243333331 ], [ -8.411303461666668, 40.186386248333328 ], [ -8.411303453333334, 40.18638625 ], [ -8.411303231666666, 40.18638619 ], [ -8.411303028333334, 40.18638611 ], [ -8.411302855, 40.186386043333329 ], [ -8.411301955, 40.186385785 ], [ -8.411302016666667, 40.186385815 ], [ -8.4113022, 40.186385878333333 ], [ -8.411302568333333, 40.186386028333331 ], [ -8.411303075, 40.186386256666665 ], [ -8.41130374, 40.186386511666662 ], [ -8.411303913333334, 40.186387373333332 ], [ -8.411304966666666, 40.186387743333327 ], [ -8.411306225, 40.18638815 ], [ -8.411307786666667, 40.186388631666667 ], [ -8.411309586666667, 40.186389143333329 ], [ -8.411311718333334, 40.18638962833333 ], [ -8.411314013333334, 40.186390203333332 ], [ -8.411316558333334, 40.186390366666664 ], [ -8.411319468333334, 40.186390788333327 ], [ -8.411322636666666, 40.186391163333333 ], [ -8.411326118333333, 40.186391418333329 ], [ -8.411329841666667, 40.18639168666666 ], [ -8.411333983333334, 40.18639181 ], [ -8.411338318333334, 40.186391751666662 ], [ -8.411342608333333, 40.186389983333328 ], [ -8.411347441666667, 40.186389675 ], [ -8.411352613333333, 40.186389183333333 ], [ -8.411358003333333, 40.186388533333329 ], [ -8.411363606666667, 40.18638757 ], [ -8.411369426666667, 40.186386526666666 ], [ -8.411375168333334, 40.186385173333328 ], [ -8.411381333333333, 40.186383711666664 ], [ -8.411387625, 40.18638176333333 ], [ -8.41139415, 40.18637964 ], [ -8.411400893333333, 40.1863773 ], [ -8.411407766666667, 40.186374943333327 ], [ -8.411415078333334, 40.186372845 ], [ -8.411422011666668, 40.186370363333332 ], [ -8.411429273333333, 40.186367881666662 ], [ -8.411437011666667, 40.186365783333329 ], [ -8.411444658333334, 40.18636319 ], [ -8.41145246, 40.186360931666663 ], [ -8.411460535, 40.18635865 ], [ -8.411468553333334, 40.186356371666662 ], [ -8.411476405, 40.186353186666665 ], [ -8.41148457, 40.18635107 ], [ -8.411492953333333, 40.18634904333333 ], [ -8.411501376666667, 40.186347141666666 ], [ -8.411510055, 40.18634521 ], [ -8.411518916666667, 40.186343495 ], [ -8.411528, 40.186341848333328 ], [ -8.411537246666667, 40.186340488333329 ], [ -8.411546561666666, 40.186339156666662 ], [ -8.411556048333333, 40.1863379 ], [ -8.411565555, 40.18633695 ], [ -8.411575405, 40.186336231666665 ], [ -8.41158536, 40.186335695 ], [ -8.411596023333333, 40.186335316666664 ], [ -8.411606403333334, 40.18633526 ], [ -8.411616865, 40.186335428333329 ], [ -8.411627486666667, 40.186335626666661 ], [ -8.411638306666667, 40.186336043333327 ], [ -8.41164915, 40.18633664666666 ], [ -8.411660211666668, 40.186337276666663 ], [ -8.411671253333333, 40.18633814333333 ], [ -8.411682316666667, 40.186337938333331 ], [ -8.411693538333333, 40.18633866166666 ], [ -8.411704696666668, 40.186339311666664 ], [ -8.411715818333334, 40.186339826666661 ], [ -8.411727121666667, 40.186340431666665 ], [ -8.411738033333334, 40.18634065 ], [ -8.411749115, 40.186341378333331 ], [ -8.411760065, 40.186341835 ], [ -8.411771225, 40.18634218 ], [ -8.411782243333334, 40.186342675 ], [ -8.411793311666667, 40.186343061666662 ], [ -8.411804261666667, 40.1863434 ], [ -8.411815416666666, 40.186342311666664 ], [ -8.411826381666668, 40.18634252 ], [ -8.411837516666667, 40.186342815 ], [ -8.411848373333333, 40.18634314 ], [ -8.411859453333333, 40.186343403333332 ], [ -8.411870555, 40.18634355166666 ], [ -8.41188168, 40.186343765 ], [ -8.411892823333334, 40.18634436833333 ], [ -8.411904065, 40.18634450166666 ], [ -8.411915081666667, 40.186344736666662 ], [ -8.411926191666668, 40.18634479833333 ], [ -8.4119374, 40.18634487 ], [ -8.411948573333333, 40.18634509 ], [ -8.411959783333334, 40.18634453833333 ], [ -8.411971046666666, 40.186344711666663 ], [ -8.411982446666666, 40.186344806666661 ], [ -8.41199363, 40.18634488 ], [ -8.412005028333335, 40.186344971666664 ], [ -8.412016408333333, 40.186344928333327 ], [ -8.412027931666668, 40.186344688333328 ], [ -8.41203937, 40.186344725 ], [ -8.412050828333333, 40.186344711666663 ], [ -8.412062265, 40.18634466 ], [ -8.412073801666667, 40.186344586666664 ], [ -8.412085356666667, 40.186344655 ], [ -8.412096875, 40.186344646666662 ], [ -8.412108468333333, 40.186344705 ], [ -8.412120116666667, 40.186344918333333 ], [ -8.41213174, 40.18634408 ], [ -8.412143385, 40.186344273333333 ], [ -8.412155155, 40.186344388333332 ], [ -8.412166823333333, 40.186344933333331 ], [ -8.412178558333334, 40.18634529 ], [ -8.41219036, 40.186345438333333 ], [ -8.412202128333334, 40.186345788333327 ], [ -8.412214045, 40.18634581 ], [ -8.41222581, 40.186346018333332 ], [ -8.412237903333335, 40.186345985 ], [ -8.412249878333334, 40.186345975 ], [ -8.412261808333334, 40.186345955 ], [ -8.412273915, 40.18634598 ], [ -8.412286138333334, 40.186345816666666 ], [ -8.412298203333334, 40.186345926666661 ], [ -8.412310321666666, 40.186345905 ], [ -8.41232257, 40.186345883333331 ], [ -8.412334858333333, 40.186345853333329 ], [ -8.412347175, 40.18634595 ], [ -8.412359295, 40.186346018333332 ], [ -8.412371696666668, 40.186346048333327 ], [ -8.41238399, 40.18634606 ], [ -8.412396303333333, 40.186346106666662 ], [ -8.412408785, 40.18634613 ], [ -8.412421148333333, 40.18634623 ], [ -8.412433618333333, 40.186346203333329 ], [ -8.412446013333334, 40.18634616833333 ], [ -8.412458471666667, 40.18634613 ], [ -8.412470973333333, 40.186346028333332 ], [ -8.412483595, 40.186345806666665 ], [ -8.412496095, 40.186345748333331 ], [ -8.412508646666668, 40.18634557 ], [ -8.412521381666666, 40.186345348333333 ], [ -8.412534021666668, 40.186345065 ], [ -8.412546723333334, 40.18634505666666 ], [ -8.41255966, 40.186345098333327 ], [ -8.4125724, 40.18634471 ], [ -8.412585146666666, 40.186344695 ], [ -8.412597985, 40.18634428666666 ], [ -8.412610891666667, 40.186344393333329 ], [ -8.412623741666668, 40.186344405 ], [ -8.412636615, 40.18634446 ], [ -8.412649625, 40.186344551666664 ], [ -8.412662588333333, 40.186344446666666 ], [ -8.41267581, 40.186344465 ], [ -8.41268911, 40.186344445 ], [ -8.412702711666666, 40.186344533333333 ], [ -8.412716443333334, 40.186344506666664 ], [ -8.412730146666666, 40.186344616666666 ], [ -8.412744161666668, 40.186344666666663 ], [ -8.412758175, 40.186344685 ], [ -8.41277216, 40.186344805 ], [ -8.412786226666666, 40.186345016666664 ], [ -8.41280061, 40.186345171666666 ], [ -8.412814951666666, 40.186345475 ], [ -8.412829433333334, 40.186345628333328 ], [ -8.412844063333333, 40.186345803333332 ], [ -8.41285876, 40.186346005 ], [ -8.412873496666666, 40.18634613333333 ], [ -8.412888336666667, 40.186346311666661 ], [ -8.412903298333333, 40.18634657 ], [ -8.412918148333334, 40.18634682166666 ], [ -8.412933265, 40.186346995 ], [ -8.412948338333333, 40.186347273333332 ], [ -8.41296351, 40.186347473333328 ], [ -8.41297873, 40.18634784333333 ], [ -8.412994078333334, 40.186348078333332 ], [ -8.413009446666667, 40.186348403333326 ], [ -8.413024905, 40.186348596666662 ], [ -8.41304038, 40.186348905 ], [ -8.4130559, 40.186349195 ], [ -8.413071406666667, 40.186349616666661 ], [ -8.413087028333333, 40.186349996666664 ], [ -8.413102798333334, 40.186350301666664 ], [ -8.413118476666668, 40.186350936666663 ], [ -8.413134143333334, 40.186351628333327 ], [ -8.413149711666668, 40.186352436666667 ], [ -8.413165366666666, 40.1863535 ], [ -8.413180756666668, 40.186354703333329 ], [ -8.413196336666667, 40.186356176666663 ], [ -8.413211823333334, 40.186357663333332 ], [ -8.413227233333334, 40.18635938 ], [ -8.413242603333334, 40.186361251666661 ], [ -8.413257675, 40.186363143333331 ], [ -8.413272736666666, 40.186365348333332 ], [ -8.413287918333333, 40.186367703333332 ], [ -8.413302766666668, 40.186370171666667 ], [ -8.41331743, 40.186372675 ], [ -8.413331853333334, 40.18637539 ], [ -8.41334617, 40.186378273333332 ], [ -8.413360228333334, 40.18638122 ], [ -8.41337418, 40.186384385 ], [ -8.413387805, 40.186387575 ], [ -8.41340119, 40.186390923333327 ], [ -8.413414321666666, 40.186394411666662 ], [ -8.413427245, 40.186397828333327 ], [ -8.413440016666668, 40.186401346666663 ], [ -8.413452673333333, 40.186404778333333 ], [ -8.413465108333334, 40.18640823 ], [ -8.41347734, 40.186411668333328 ], [ -8.41348936, 40.186415158333332 ], [ -8.413501125, 40.186418981666662 ], [ -8.413512843333333, 40.18642254 ], [ -8.413524313333333, 40.186426245 ], [ -8.413535683333334, 40.186429876666665 ], [ -8.413546771666667, 40.186433608333331 ], [ -8.413557826666667, 40.186437235 ], [ -8.41356878, 40.186440865 ], [ -8.413579653333334, 40.186444511666664 ], [ -8.413590373333333, 40.186447995 ], [ -8.413600915, 40.186451521666662 ], [ -8.413611405, 40.18645523666666 ], [ -8.413621805, 40.186458903333332 ], [ -8.413632186666668, 40.186462356666667 ], [ -8.413642505, 40.18646579 ], [ -8.413652728333334, 40.186469163333328 ], [ -8.413662878333334, 40.186472563333332 ], [ -8.413673098333334, 40.186475925 ], [ -8.413683065, 40.186479273333333 ], [ -8.413693228333333, 40.186482596666664 ], [ -8.413703198333334, 40.186485905 ], [ -8.413713003333333, 40.18648952 ], [ -8.41372307, 40.186492978333327 ], [ -8.413732931666667, 40.186496256666665 ], [ -8.413742645, 40.186499736666661 ], [ -8.413752343333334, 40.186503258333332 ], [ -8.413761971666666, 40.186506788333332 ], [ -8.413771523333335, 40.186510325 ], [ -8.41378121, 40.18651384333333 ], [ -8.413790948333334, 40.186517308333329 ], [ -8.413800418333334, 40.18652079 ], [ -8.41381016, 40.18652406 ], [ -8.41381932, 40.186527898333331 ], [ -8.413828926666667, 40.18653119166666 ], [ -8.413838645, 40.186534291666661 ], [ -8.413848068333333, 40.186537671666663 ], [ -8.413857651666667, 40.186540955 ], [ -8.413867316666668, 40.186544398333332 ], [ -8.413876798333334, 40.186547846666663 ], [ -8.413885728333334, 40.186551558333328 ], [ -8.413895456666667, 40.186554493333333 ], [ -8.413904803333335, 40.18655854 ], [ -8.413914483333334, 40.186561528333328 ], [ -8.413924103333335, 40.186564651666664 ], [ -8.413933505, 40.186568366666663 ], [ -8.413945206666668, 40.186570526666664 ], [ -8.413955151666666, 40.186573511666666 ], [ -8.413964971666667, 40.186576306666666 ], [ -8.413973898333333, 40.186580596666666 ], [ -8.413983715, 40.186583648333333 ], [ -8.413992651666668, 40.186587713333331 ], [ -8.414001971666668, 40.186591316666664 ], [ -8.414013466666667, 40.18661059 ], [ -8.414022993333333, 40.186613816666664 ], [ -8.41403241, 40.18661727833333 ], [ -8.414041788333334, 40.186620945 ], [ -8.414051305, 40.186624428333332 ], [ -8.414062683333334, 40.18662333 ], [ -8.41407237, 40.186626698333328 ], [ -8.414081726666668, 40.186630273333328 ], [ -8.414089183333333, 40.186638505 ], [ -8.414098688333334, 40.186642071666661 ], [ -8.414106775, 40.18662811 ], [ -8.4141165, 40.18663072 ], [ -8.414126101666668, 40.186634158333327 ], [ -8.414135323333333, 40.186637703333332 ], [ -8.414144923333334, 40.186640815 ], [ -8.414154553333333, 40.186644188333332 ], [ -8.414164161666667, 40.186647485 ], [ -8.414173765, 40.186650683333333 ], [ -8.414183571666667, 40.186654021666662 ], [ -8.414192195, 40.186658231666662 ], [ -8.414202113333333, 40.18666139 ], [ -8.414211591666668, 40.186664658333328 ], [ -8.414221026666667, 40.18666802833333 ], [ -8.414230606666667, 40.186671786666665 ], [ -8.414240163333334, 40.186675063333333 ], [ -8.414249615, 40.186678616666661 ], [ -8.414261635, 40.186697645 ], [ -8.414271333333334, 40.186700745 ], [ -8.414280906666667, 40.186704008333329 ], [ -8.414290278333334, 40.186707521666662 ], [ -8.414299935, 40.186710711666663 ], [ -8.414309485, 40.18671392 ], [ -8.41431895, 40.186717105 ], [ -8.414325993333334, 40.186704875 ], [ -8.414335523333333, 40.186707978333331 ], [ -8.414345048333333, 40.186711383333332 ], [ -8.414354515, 40.186714261666665 ], [ -8.414366245, 40.186733526666664 ], [ -8.414371481666667, 40.186741685 ], [ -8.41438325, 40.186723953333328 ], [ -8.414392735, 40.186727181666662 ], [ -8.414402718333333, 40.18672986833333 ], [ -8.414411585, 40.186733851666666 ], [ -8.41442124, 40.186736948333333 ], [ -8.414431086666667, 40.186739866666663 ], [ -8.41444026, 40.186743568333327 ], [ -8.414450146666667, 40.18674656333333 ], [ -8.414459476666668, 40.186750198333328 ], [ -8.41446982, 40.186752761666661 ], [ -8.414479375, 40.186756076666661 ], [ -8.414488838333334, 40.186759741666663 ], [ -8.414498825, 40.186762768333331 ], [ -8.414507833333333, 40.186766826666663 ], [ -8.414518373333333, 40.186769351666662 ], [ -8.414528128333334, 40.186772728333331 ], [ -8.414538178333334, 40.186775893333333 ], [ -8.414547591666667, 40.186779505 ], [ -8.414557281666667, 40.186783066666663 ], [ -8.4145668, 40.18678677 ], [ -8.41457718, 40.18678989666666 ], [ -8.41458666, 40.18679358833333 ], [ -8.414596381666668, 40.186797191666663 ], [ -8.414606136666666, 40.186800703333333 ], [ -8.414616238333334, 40.186803926666663 ], [ -8.414626095, 40.186807491666663 ], [ -8.414636116666667, 40.186810718333327 ], [ -8.414645836666667, 40.186814435 ], [ -8.414655918333334, 40.186817823333328 ], [ -8.414665786666667, 40.186821301666662 ], [ -8.414675331666666, 40.186825043333329 ], [ -8.414685365, 40.186828526666666 ], [ -8.414695618333333, 40.186831775 ], [ -8.41470547, 40.186835346666662 ], [ -8.414715403333334, 40.186838806666664 ], [ -8.41472558, 40.186842058333333 ], [ -8.414735308333334, 40.186845613333332 ], [ -8.41474521, 40.18684897666666 ], [ -8.41475501, 40.186852306666665 ], [ -8.414764778333334, 40.18685554 ], [ -8.414774621666668, 40.186858823333331 ], [ -8.414784523333333, 40.186862113333333 ], [ -8.414793976666667, 40.186865515 ], [ -8.414803733333335, 40.186868708333328 ], [ -8.41481334, 40.186871978333329 ], [ -8.414822748333334, 40.186875395 ], [ -8.414832568333333, 40.18687841 ], [ -8.414841838333334, 40.18688181 ], [ -8.414851286666668, 40.186885056666661 ], [ -8.414860843333333, 40.18688804 ], [ -8.414870203333333, 40.186891251666665 ], [ -8.414879548333333, 40.18689434 ], [ -8.414888615, 40.186897625 ], [ -8.414897688333333, 40.186900755 ], [ -8.414906716666668, 40.186903756666666 ], [ -8.414915671666668, 40.186906726666663 ], [ -8.414924271666667, 40.18690972 ], [ -8.414932905, 40.186912551666666 ], [ -8.414941108333334, 40.186915496666664 ], [ -8.414946358333333, 40.186921611666662 ], [ -8.414954078333334, 40.186924728333331 ], [ -8.41496167, 40.186927691666661 ], [ -8.41496989, 40.18692989 ], [ -8.414977515, 40.186932471666665 ], [ -8.41498477, 40.18693508 ], [ -8.414991768333334, 40.186937785 ], [ -8.414998871666667, 40.186940021666665 ], [ -8.41500516, 40.186942733333332 ], [ -8.415011416666667, 40.186945216666665 ], [ -8.415018246666667, 40.186946895 ], [ -8.41502353, 40.186949593333331 ], [ -8.415029443333333, 40.186951533333328 ], [ -8.415035355, 40.186953106666664 ], [ -8.415040805, 40.186954925 ], [ -8.415045356666667, 40.186957386666663 ], [ -8.41505037, 40.186959191666666 ], [ -8.415055143333333, 40.1869611 ], [ -8.415059751666668, 40.18696310666666 ], [ -8.415065158333334, 40.18696404833333 ], [ -8.415069811666667, 40.186965755 ], [ -8.415074546666666, 40.186967256666662 ], [ -8.415079061666667, 40.186968973333329 ], [ -8.415083616666667, 40.186970678333331 ], [ -8.415088551666667, 40.18697204 ], [ -8.41509326, 40.18697364 ], [ -8.415097905, 40.186975376666666 ], [ -8.415102388333334, 40.186977275 ], [ -8.415107725, 40.18697837 ], [ -8.415112081666667, 40.186980545 ], [ -8.415117688333334, 40.186981435 ], [ -8.415122301666667, 40.186983526666666 ], [ -8.415127895, 40.18698474 ], [ -8.415132778333334, 40.186986863333331 ], [ -8.415138218333334, 40.186988521666663 ], [ -8.415143911666666, 40.18699011333333 ], [ -8.415149503333334, 40.18699183333333 ], [ -8.415154688333335, 40.186994065 ], [ -8.41516085, 40.186995333333329 ], [ -8.4151667, 40.186997143333329 ], [ -8.415173081666667, 40.186998453333331 ], [ -8.415178306666666, 40.187000848333327 ], [ -8.415184578333333, 40.18700228 ], [ -8.415191108333334, 40.187003741666665 ], [ -8.4151972, 40.187005513333332 ], [ -8.415203051666667, 40.187007696666662 ], [ -8.415209356666667, 40.18700938833333 ], [ -8.415215871666668, 40.187010858333331 ], [ -8.415222418333334, 40.187012513333329 ], [ -8.415228471666667, 40.187014633333327 ], [ -8.415234673333334, 40.18701669666666 ], [ -8.415241576666666, 40.187018071666664 ], [ -8.41524855, 40.187019406666664 ], [ -8.415254895, 40.187021478333328 ], [ -8.415261955, 40.187022926666664 ], [ -8.415268825, 40.187024653333332 ], [ -8.415276055, 40.187026086666663 ], [ -8.415283253333333, 40.18702755 ], [ -8.4152904, 40.18702915 ], [ -8.415297238333334, 40.187031041666664 ], [ -8.415304446666667, 40.187032556666665 ], [ -8.415311978333333, 40.187033871666664 ], [ -8.415319508333333, 40.18703515666666 ], [ -8.415326765, 40.187036728333332 ], [ -8.415333936666666, 40.187038391666661 ], [ -8.415341523333334, 40.187039691666662 ], [ -8.415349283333335, 40.187040866666663 ], [ -8.415357016666666, 40.187041996666665 ], [ -8.415364571666666, 40.187043345 ], [ -8.415372475, 40.187044336666666 ], [ -8.415380613333333, 40.187045225 ], [ -8.415387998333333, 40.18704658 ], [ -8.415395833333333, 40.187047768333329 ], [ -8.415403073333334, 40.187049366666663 ], [ -8.415411273333333, 40.187049895 ], [ -8.415418823333333, 40.187051041666663 ], [ -8.41542674, 40.187051575 ], [ -8.415434266666667, 40.18705272166666 ], [ -8.415441976666667, 40.18705336 ], [ -8.415449583333334, 40.187054081666666 ], [ -8.41545712, 40.187054791666661 ], [ -8.415464873333333, 40.187055356666662 ], [ -8.415471796666667, 40.187056573333329 ], [ -8.415479286666667, 40.187057098333327 ], [ -8.415486578333333, 40.187057985 ], [ -8.415494135, 40.187058323333332 ], [ -8.415501471666667, 40.187058931666662 ], [ -8.415508136666666, 40.18706013 ], [ -8.415515516666668, 40.18706066666666 ], [ -8.415522103333334, 40.187061943333333 ], [ -8.415529798333333, 40.187061915 ], [ -8.415536318333334, 40.18706311166666 ], [ -8.415543666666666, 40.187063381666661 ], [ -8.41555051, 40.187064253333332 ], [ -8.415575406666667, 40.187047513333333 ], [ -8.415582986666667, 40.187047598333329 ], [ -8.4155902, 40.187047933333332 ], [ -8.415597008333334, 40.18704845 ], [ -8.41560422, 40.187048805 ], [ -8.41561104, 40.187049221666662 ], [ -8.415618028333334, 40.187049563333332 ], [ -8.415625265, 40.187049643333332 ], [ -8.415632316666667, 40.187049685 ], [ -8.415639316666667, 40.187049866666662 ], [ -8.415646338333334, 40.187049975 ], [ -8.415653311666667, 40.187050191666664 ], [ -8.415660221666666, 40.187050308333333 ], [ -8.415667231666667, 40.18705052833333 ], [ -8.415674095, 40.187050521666663 ], [ -8.415680958333335, 40.187050656666663 ], [ -8.415687738333334, 40.187050881666664 ], [ -8.415694383333333, 40.18705105 ], [ -8.415700971666666, 40.187051346666664 ], [ -8.415707321666668, 40.187051371666662 ], [ -8.41571362, 40.187051621666662 ], [ -8.415719678333334, 40.187051821666664 ], [ -8.415725561666667, 40.187051986666667 ], [ -8.41573139, 40.187052241666663 ], [ -8.41573704, 40.187052305 ], [ -8.415742518333333, 40.187052481666662 ], [ -8.415747881666666, 40.187052615 ], [ -8.415752911666667, 40.187053316666663 ], [ -8.415757943333334, 40.187053301666666 ], [ -8.415762785, 40.187053535 ], [ -8.415767505, 40.187053598333328 ], [ -8.415772193333334, 40.187053605 ], [ -8.415776531666667, 40.187053645 ], [ -8.415780865, 40.18705381 ], [ -8.415785005, 40.187053786666667 ], [ -8.415789055, 40.18705398 ], [ -8.415792838333333, 40.187053933333331 ], [ -8.415796545, 40.187054015 ], [ -8.415800108333334, 40.187054031666662 ], [ -8.415803473333334, 40.187054108333328 ], [ -8.415806676666667, 40.187054193333331 ], [ -8.4158098, 40.187054228333331 ], [ -8.415812791666667, 40.187054346666663 ], [ -8.41581565, 40.18705431 ], [ -8.415818533333333, 40.18705427 ], [ -8.415821211666668, 40.187054346666663 ], [ -8.415823893333334, 40.187054386666667 ], [ -8.415826426666667, 40.187054493333328 ], [ -8.415829236666667, 40.187054545 ], [ -8.41583198, 40.187054583333328 ], [ -8.41583472, 40.187054606666663 ], [ -8.415837608333334, 40.18705454 ], [ -8.415840721666667, 40.187054573333327 ], [ -8.415843873333333, 40.18705464 ], [ -8.415847151666666, 40.187054746666661 ], [ -8.415850756666668, 40.18705469333333 ], [ -8.415854521666667, 40.187054701666661 ], [ -8.415858298333333, 40.187054606666663 ], [ -8.415862385, 40.187054721666662 ], [ -8.415866683333334, 40.187054673333328 ], [ -8.415871046666666, 40.187054678333332 ], [ -8.415875523333334, 40.187054928333332 ], [ -8.415880285, 40.187055035 ], [ -8.415885113333333, 40.18705486333333 ], [ -8.415890113333333, 40.187054843333328 ], [ -8.415895298333334, 40.187054958333327 ], [ -8.415900621666667, 40.187054905 ], [ -8.415905946666667, 40.187055378333334 ], [ -8.415911461666667, 40.187055391666661 ], [ -8.415917151666667, 40.187055368333333 ], [ -8.415922901666667, 40.18705546333333 ], [ -8.41592874, 40.187055496666666 ], [ -8.415934788333333, 40.18705559 ], [ -8.415940883333334, 40.18705562 ], [ -8.415947041666668, 40.187055785 ], [ -8.415953436666667, 40.187055776666661 ], [ -8.415959698333333, 40.18705568666666 ], [ -8.415966201666667, 40.187055828333328 ], [ -8.415972666666667, 40.187055905 ], [ -8.415979421666668, 40.18705606 ], [ -8.415986251666666, 40.187056143333329 ], [ -8.41599309, 40.18705610833333 ], [ -8.415999996666667, 40.18705626 ], [ -8.416007096666666, 40.187056406666663 ], [ -8.416014343333334, 40.187056683333331 ], [ -8.416021665, 40.187056788333329 ], [ -8.416029091666667, 40.187057065 ], [ -8.416036608333334, 40.187057293333332 ], [ -8.416044188333334, 40.187057483333327 ], [ -8.416051956666667, 40.187057595 ], [ -8.416059751666667, 40.187057778333333 ], [ -8.416067671666667, 40.187057903333333 ], [ -8.416075631666667, 40.187058015 ], [ -8.416083688333334, 40.187058018333332 ], [ -8.416091756666667, 40.18705804 ], [ -8.416099923333334, 40.187058005 ], [ -8.41610813, 40.187057958333327 ], [ -8.416116396666666, 40.187057921666664 ], [ -8.416124595, 40.187057788333327 ], [ -8.416132835, 40.18705779 ], [ -8.416141016666668, 40.187058278333332 ], [ -8.416149293333334, 40.18705814 ], [ -8.41615733, 40.187058021666665 ], [ -8.41616547, 40.187057991666663 ], [ -8.416173423333333, 40.1870577 ], [ -8.416181368333334, 40.187057683333329 ], [ -8.416189085, 40.187057533333331 ], [ -8.416196696666667, 40.187057626666665 ], [ -8.416204231666667, 40.18705744333333 ], [ -8.416211725, 40.18705741 ], [ -8.416219088333333, 40.187057231666664 ], [ -8.416226238333333, 40.18705724 ], [ -8.416233413333334, 40.187057051666663 ], [ -8.416240501666667, 40.18705704 ], [ -8.416247235, 40.187056986666661 ], [ -8.416253783333334, 40.187056875 ], [ -8.41626016, 40.187056953333332 ], [ -8.416266318333333, 40.187056853333331 ], [ -8.416272306666666, 40.18705685 ], [ -8.416278003333334, 40.187056803333327 ], [ -8.416283566666667, 40.187056701666663 ], [ -8.416288901666666, 40.187056423333331 ], [ -8.41629415, 40.187056085 ], [ -8.416299036666667, 40.18705567833333 ], [ -8.416303793333334, 40.187055138333328 ], [ -8.416308411666668, 40.187054626666665 ], [ -8.416312773333333, 40.18705403 ], [ -8.416317061666668, 40.18705332 ], [ -8.416321201666667, 40.187052538333333 ], [ -8.416325173333334, 40.187051676666663 ], [ -8.416329138333333, 40.18705083166666 ], [ -8.416333075, 40.187049866666662 ], [ -8.41633693, 40.187049038333328 ], [ -8.41634083, 40.187048175 ], [ -8.416344788333333, 40.187047155 ], [ -8.416348846666667, 40.187046063333327 ], [ -8.41635308, 40.187045021666663 ], [ -8.41635747, 40.187043928333331 ], [ -8.41636209, 40.187042758333327 ], [ -8.416366895, 40.187041585 ], [ -8.416372086666668, 40.187040235 ], [ -8.416377415, 40.187039051666666 ], [ -8.416383106666666, 40.187037735 ], [ -8.416389181666666, 40.187036488333327 ], [ -8.416395628333333, 40.187035138333329 ], [ -8.416402411666667, 40.187033853333332 ], [ -8.416409741666667, 40.18703264 ], [ -8.41641746, 40.187031205 ], [ -8.416425723333333, 40.187030068333328 ], [ -8.416434336666667, 40.187029071666664 ], [ -8.41644371, 40.187028158333327 ], [ -8.416453441666667, 40.187027281666666 ], [ -8.416463733333334, 40.18702673 ], [ -8.416474273333334, 40.187026403333327 ], [ -8.416485166666668, 40.18702638 ], [ -8.416496493333334, 40.187026408333331 ], [ -8.41650784, 40.18702696 ], [ -8.416519396666667, 40.187027913333331 ], [ -8.416531075, 40.187029165 ], [ -8.416542938333334, 40.187030806666662 ], [ -8.416554778333333, 40.187032791666667 ], [ -8.41656668, 40.187034961666662 ], [ -8.416578735, 40.187037428333333 ], [ -8.416590961666667, 40.187040166666662 ], [ -8.416603198333334, 40.187042916666663 ], [ -8.416615471666667, 40.187045753333329 ], [ -8.416627973333334, 40.187048428333327 ], [ -8.416640651666667, 40.187050683333332 ], [ -8.416653361666667, 40.187053128333332 ], [ -8.416666098333334, 40.18705555333333 ], [ -8.416679075, 40.187057743333327 ], [ -8.416691993333332, 40.187059948333328 ], [ -8.416704983333332, 40.187062108333329 ], [ -8.416718038333332, 40.18706416 ], [ -8.416731083333334, 40.187066316666666 ], [ -8.416744048333333, 40.187068551666663 ], [ -8.416757103333333, 40.187070716666661 ], [ -8.416770013333332, 40.187073068333333 ], [ -8.416782998333332, 40.187075238333328 ], [ -8.416795831666667, 40.187077571666663 ], [ -8.416808523333334, 40.187079568333331 ], [ -8.416821358333333, 40.187081893333328 ], [ -8.41683412, 40.18708424 ], [ -8.4168468, 40.187086663333332 ], [ -8.416859446666667, 40.187089078333329 ], [ -8.416872106666666, 40.187091516666662 ], [ -8.416884743333332, 40.18709406833333 ], [ -8.41689731, 40.187096641666663 ], [ -8.416909836666665, 40.187099256666663 ], [ -8.416922296666666, 40.187101853333331 ], [ -8.416934748333333, 40.18710453 ], [ -8.416947256666665, 40.187107236666662 ], [ -8.416959638333333, 40.187110016666665 ], [ -8.416971973333332, 40.187112506666665 ], [ -8.416984256666666, 40.18711549333333 ], [ -8.416996468333332, 40.187118533333333 ], [ -8.417008673333333, 40.187121508333327 ], [ -8.417020905, 40.187124613333332 ], [ -8.417032966666666, 40.18712774 ], [ -8.417044938333333, 40.187130933333329 ], [ -8.417056951666666, 40.187133841666665 ], [ -8.417068995, 40.187137031666666 ], [ -8.417080728333334, 40.187140621666664 ], [ -8.417092593333333, 40.187144036666666 ], [ -8.41710428, 40.187147771666666 ], [ -8.41711587, 40.187151515 ], [ -8.417127405, 40.187155305 ], [ -8.417138836666666, 40.18715835 ], [ -8.41715035, 40.187162306666664 ], [ -8.417161716666666, 40.187166375 ], [ -8.417172936666667, 40.187170501666664 ], [ -8.417184128333332, 40.187174703333334 ], [ -8.417195378333332, 40.187178925 ], [ -8.417206483333333, 40.18718321 ], [ -8.417217573333332, 40.187187511666664 ], [ -8.41722843, 40.187192186666664 ], [ -8.417239151666665, 40.187196975 ], [ -8.417250005, 40.187201566666666 ], [ -8.41726088, 40.18720614 ], [ -8.41727154, 40.18721097 ], [ -8.41728202, 40.187215978333327 ], [ -8.417292283333333, 40.187220926666662 ], [ -8.417302953333333, 40.187225185 ], [ -8.417312563333333, 40.187231191666662 ], [ -8.417322803333333, 40.187236395 ], [ -8.417332918333333, 40.187241506666666 ], [ -8.417342945, 40.18724659 ], [ -8.417352801666667, 40.187251856666663 ], [ -8.417362831666667, 40.187256881666663 ], [ -8.417372731666665, 40.187262115 ], [ -8.41738228, 40.187267578333334 ], [ -8.41739221, 40.187272578333328 ], [ -8.417401983333333, 40.187277708333333 ], [ -8.41741162, 40.18728301 ], [ -8.417421215, 40.187288216666666 ], [ -8.417430863333333, 40.18729343 ], [ -8.417440466666665, 40.187298758333327 ], [ -8.417450013333333, 40.18730392 ], [ -8.417459461666667, 40.187309173333333 ], [ -8.417469166666667, 40.187314185 ], [ -8.417478591666667, 40.187319485 ], [ -8.417488438333333, 40.187324231666665 ], [ -8.41749798, 40.187329295 ], [ -8.417507353333333, 40.18733458 ], [ -8.417516678333334, 40.18733987 ], [ -8.417525886666667, 40.18734516833333 ], [ -8.417535193333332, 40.18735040833333 ], [ -8.41754453, 40.18735546833333 ], [ -8.417553718333332, 40.187360683333331 ], [ -8.417562915, 40.18736585 ], [ -8.417571876666667, 40.187371096666666 ], [ -8.4175808, 40.187376403333332 ], [ -8.417589981666666, 40.18738162333333 ], [ -8.417598918333333, 40.187386425 ], [ -8.417607353333333, 40.187391576666663 ], [ -8.41761643, 40.187396876666661 ], [ -8.417624948333332, 40.187402093333333 ], [ -8.41763376, 40.18740722 ], [ -8.417642363333332, 40.187412456666664 ], [ -8.417650795, 40.187417696666664 ], [ -8.417659178333333, 40.187423025 ], [ -8.417667818333333, 40.187428176666664 ], [ -8.417676205, 40.18743361833333 ], [ -8.417684496666666, 40.187438941666663 ], [ -8.417692791666665, 40.18744433 ], [ -8.417701158333333, 40.187449735 ], [ -8.417709466666667, 40.187455166666666 ], [ -8.417717871666666, 40.18746054333333 ], [ -8.41772623, 40.187466061666662 ], [ -8.417734583333333, 40.187471725 ], [ -8.417742885, 40.187477436666661 ], [ -8.41775124, 40.18748317666666 ], [ -8.417759675, 40.187488858333332 ], [ -8.417768211666665, 40.187494698333332 ], [ -8.417776806666666, 40.187500438333331 ], [ -8.417785456666666, 40.187506258333329 ], [ -8.417794266666666, 40.187512093333332 ], [ -8.417803118333334, 40.187517918333327 ], [ -8.417811891666666, 40.187523893333328 ], [ -8.417820868333333, 40.187529825 ], [ -8.417829968333333, 40.18753561 ], [ -8.417838941666666, 40.187541633333332 ], [ -8.417847951666666, 40.187547705 ], [ -8.417857195, 40.18755364 ], [ -8.417866411666665, 40.187559655 ], [ -8.417875688333332, 40.187565655 ], [ -8.417884975, 40.187571606666666 ], [ -8.417894373333333, 40.187577611666661 ], [ -8.417903848333333, 40.187583576666661 ], [ -8.417913238333332, 40.187589605 ], [ -8.41792266, 40.187595533333329 ], [ -8.417932311666666, 40.187601548333333 ], [ -8.417941868333333, 40.187607508333329 ], [ -8.417951398333333, 40.187613606666666 ], [ -8.417960931666666, 40.187619568333332 ], [ -8.41797052, 40.187625555 ], [ -8.417980096666666, 40.187631506666662 ], [ -8.417989686666665, 40.187637526666663 ], [ -8.417999378333333, 40.187643513333327 ], [ -8.418008998333333, 40.18764935 ], [ -8.41801879, 40.187655153333331 ], [ -8.418028361666666, 40.187661161666661 ], [ -8.418038033333334, 40.187667153333329 ], [ -8.418047685, 40.187673146666661 ], [ -8.418057225, 40.187679201666661 ], [ -8.418066743333332, 40.187685248333331 ], [ -8.418076228333332, 40.18769136 ], [ -8.418085796666666, 40.187697305 ], [ -8.418095226666667, 40.187703511666662 ], [ -8.418104561666667, 40.187709776666665 ], [ -8.41811398, 40.187716053333332 ], [ -8.41812328, 40.187722356666661 ], [ -8.418132555, 40.187728766666666 ], [ -8.418141653333333, 40.18773526166666 ], [ -8.418150906666666, 40.187741805 ], [ -8.418159966666666, 40.18774835833333 ], [ -8.418168976666665, 40.187754981666664 ], [ -8.418177921666667, 40.187761693333329 ], [ -8.41818679, 40.18776849 ], [ -8.418195686666666, 40.18777519 ], [ -8.41820439, 40.18778210666666 ], [ -8.41821286, 40.187789138333329 ], [ -8.418221386666666, 40.187796133333329 ], [ -8.418229635, 40.187803423333328 ], [ -8.41823771, 40.18781078833333 ], [ -8.418245636666667, 40.18781815 ], [ -8.41825373, 40.187825463333333 ], [ -8.418261785, 40.187832921666661 ], [ -8.41826968, 40.18784032833333 ], [ -8.418277493333333, 40.18784780666666 ], [ -8.418285198333333, 40.187855331666661 ], [ -8.418292758333333, 40.187862975 ], [ -8.418300056666666, 40.187870723333333 ], [ -8.418307193333332, 40.18787859333333 ], [ -8.418314033333333, 40.187886653333329 ], [ -8.418320643333333, 40.187894748333328 ], [ -8.418327031666665, 40.187903048333332 ], [ -8.418332931666667, 40.187911538333331 ], [ -8.41833874, 40.187920058333333 ], [ -8.418344771666666, 40.187928505 ], [ -8.418350386666667, 40.187937025 ], [ -8.418356423333332, 40.187945601666662 ], [ -8.418361906666666, 40.18795423 ], [ -8.418367568333332, 40.187962963333327 ], [ -8.418373033333333, 40.187971748333332 ], [ -8.418378493333332, 40.187980581666665 ], [ -8.418383831666667, 40.187989503333327 ], [ -8.418388886666666, 40.187998478333327 ], [ -8.418393866666666, 40.18800757 ], [ -8.418398766666666, 40.188016821666665 ], [ -8.418403375, 40.188026028333333 ], [ -8.418407813333333, 40.188035275 ], [ -8.41841201, 40.188044741666666 ], [ -8.418416201666666, 40.188054071666663 ], [ -8.418420018333332, 40.188063548333332 ], [ -8.418423776666666, 40.188073081666666 ], [ -8.418427318333332, 40.188082648333328 ], [ -8.418430516666666, 40.18809227 ], [ -8.418433603333332, 40.188101978333329 ], [ -8.418436468333333, 40.188111733333329 ], [ -8.418439013333332, 40.188121506666661 ], [ -8.418441438333332, 40.18813124 ], [ -8.418443633333332, 40.188141086666661 ], [ -8.418445643333333, 40.188150923333332 ], [ -8.41844769, 40.188160806666666 ], [ -8.418449396666666, 40.18817061666666 ], [ -8.418451206666665, 40.188180556666666 ], [ -8.41845299, 40.188190325 ], [ -8.418454813333332, 40.188200198333327 ], [ -8.418456631666666, 40.18821015333333 ], [ -8.418458363333333, 40.188219925 ], [ -8.418460068333333, 40.188229691666663 ], [ -8.418461696666666, 40.188239528333327 ], [ -8.418463375, 40.18824932 ], [ -8.418464881666667, 40.18825914 ], [ -8.418466288333333, 40.188268861666664 ], [ -8.418467695, 40.188278655 ], [ -8.418469008333332, 40.188288421666662 ], [ -8.418470226666667, 40.188298233333327 ], [ -8.418471325, 40.188307931666664 ], [ -8.418472391666667, 40.188317656666662 ], [ -8.418473471666665, 40.18832742666666 ], [ -8.41847452, 40.188337173333331 ], [ -8.418475401666665, 40.188346863333329 ], [ -8.418476321666667, 40.188356563333329 ], [ -8.418477081666666, 40.188366333333327 ], [ -8.418477886666667, 40.188376061666666 ], [ -8.418478631666666, 40.188385715 ], [ -8.418479011666665, 40.188395421666662 ], [ -8.418479076666666, 40.188405185 ], [ -8.418478736666666, 40.18841486 ], [ -8.418478073333333, 40.188424596666664 ], [ -8.418476971666665, 40.188434273333328 ], [ -8.418475718333333, 40.188443915 ], [ -8.418474381666666, 40.188453573333327 ], [ -8.418473201666666, 40.18846327666666 ], [ -8.418472196666666, 40.18847291 ], [ -8.418471408333334, 40.188482595 ], [ -8.418470761666667, 40.188492448333328 ], [ -8.418470016666666, 40.188502205 ], [ -8.418469545, 40.18851175333333 ], [ -8.418469158333332, 40.188521581666663 ], [ -8.418468783333333, 40.188531218333331 ], [ -8.418468861666666, 40.18854095 ], [ -8.41846892, 40.18855035833333 ], [ -8.41846914, 40.188559861666661 ], [ -8.418469181666666, 40.188569375 ], [ -8.418469598333333, 40.188579078333333 ], [ -8.418470375, 40.188588633333332 ], [ -8.418471281666665, 40.18859818833333 ], [ -8.418472303333333, 40.188607778333328 ], [ -8.418473611666666, 40.18861715 ], [ -8.418475178333333, 40.188626721666665 ], [ -8.418476645, 40.188636095 ], [ -8.418478283333332, 40.188645586666667 ], [ -8.418480005, 40.18865501 ], [ -8.418481605, 40.188664423333329 ], [ -8.41848328, 40.188673793333329 ], [ -8.418484921666666, 40.188683156666663 ], [ -8.4184864, 40.188692525 ], [ -8.4184881, 40.188701966666663 ], [ -8.418489653333333, 40.188711233333329 ], [ -8.418491346666666, 40.18872069166666 ], [ -8.418492551666667, 40.188729956666663 ], [ -8.418494251666665, 40.188739275 ], [ -8.418495645, 40.188748618333328 ], [ -8.41849702, 40.188758083333333 ], [ -8.418498453333333, 40.18876729 ], [ -8.418499943333332, 40.188776706666665 ], [ -8.418501225, 40.18878597 ], [ -8.418502623333334, 40.188795306666663 ], [ -8.418503815, 40.188804668333333 ], [ -8.418505078333332, 40.188814015 ], [ -8.418506061666665, 40.188823233333331 ], [ -8.418507093333332, 40.188832605 ], [ -8.418508368333333, 40.188842006666661 ], [ -8.418509263333332, 40.188851235 ], [ -8.418510235, 40.18886056 ], [ -8.418511166666667, 40.18886988 ], [ -8.418512075, 40.18887919 ], [ -8.418512945, 40.188888481666666 ], [ -8.418513756666666, 40.18889794 ], [ -8.418514623333333, 40.188907253333333 ], [ -8.418515223333333, 40.188916563333329 ], [ -8.41851592, 40.188925953333332 ], [ -8.418516603333332, 40.188935185 ], [ -8.418517483333332, 40.188944768333329 ], [ -8.418517938333332, 40.188954003333329 ], [ -8.418518656666667, 40.188963601666664 ], [ -8.418518895, 40.18897286 ], [ -8.41851923, 40.188982195 ], [ -8.418519551666666, 40.188991556666664 ], [ -8.418520008333333, 40.189000973333329 ], [ -8.418520571666667, 40.18901039833333 ], [ -8.4185212, 40.189019726666665 ], [ -8.418521661666666, 40.189029098333329 ], [ -8.41852246, 40.1890385 ], [ -8.418523135, 40.189047945 ], [ -8.418523795, 40.189057285 ], [ -8.418524553333333, 40.189066526666664 ], [ -8.418525261666666, 40.189075941666665 ], [ -8.41852604, 40.189085253333332 ], [ -8.418526726666666, 40.189094488333332 ], [ -8.418527456666666, 40.18910328 ], [ -8.418528321666667, 40.189112628333334 ], [ -8.418530548333333, 40.189116935 ], [ -8.418531218333333, 40.189126336666661 ], [ -8.418532235, 40.189135505 ], [ -8.418533015, 40.189144683333332 ], [ -8.418533748333333, 40.189153716666667 ], [ -8.418534315, 40.189162888333328 ], [ -8.41853486, 40.189172113333328 ], [ -8.418535018333333, 40.18918116333333 ], [ -8.418535145, 40.189189961666663 ], [ -8.418535068333332, 40.189198715 ], [ -8.418534773333333, 40.189207286666665 ], [ -8.41853431, 40.18921555 ], [ -8.418533748333333, 40.189223793333333 ], [ -8.418532936666667, 40.1892318 ], [ -8.418532058333334, 40.189239573333332 ], [ -8.41853081, 40.189247186666663 ], [ -8.418529195, 40.189254676666664 ], [ -8.418527281666666, 40.189261903333332 ], [ -8.418524755, 40.189268875 ], [ -8.41852184, 40.189275525 ], [ -8.418518328333333, 40.189281905 ], [ -8.418514426666666, 40.189287938333329 ], [ -8.418510255, 40.18929361666666 ], [ -8.41850573, 40.189298998333328 ], [ -8.418500948333334, 40.189304281666665 ], [ -8.418495508333333, 40.189309216666665 ], [ -8.418489595, 40.189313758333327 ], [ -8.418483151666667, 40.189318095 ], [ -8.418476551666666, 40.189322283333333 ], [ -8.418469326666665, 40.189326138333328 ], [ -8.418461656666667, 40.18932973 ], [ -8.418453553333332, 40.18933290333333 ], [ -8.418445075, 40.189335845 ], [ -8.418436481666665, 40.18933847 ], [ -8.41842713, 40.189340448333333 ], [ -8.418417901666666, 40.18934212833333 ], [ -8.41840827, 40.189343658333328 ], [ -8.418398576666666, 40.18934478 ], [ -8.418388586666666, 40.189345551666662 ], [ -8.418378396666666, 40.189346136666664 ], [ -8.418368201666667, 40.189346155 ], [ -8.418358008333334, 40.189346316666665 ], [ -8.418347443333333, 40.189345966666664 ], [ -8.41833696, 40.189345558333329 ], [ -8.418326218333332, 40.189345021666661 ], [ -8.418315386666666, 40.189344223333329 ], [ -8.418304483333333, 40.189343566666665 ], [ -8.418293398333333, 40.189342885 ], [ -8.418282391666667, 40.18934209166666 ], [ -8.418271273333334, 40.189341453333327 ], [ -8.418259935, 40.189340705 ], [ -8.418248753333332, 40.18933990666666 ], [ -8.418237283333333, 40.189339243333329 ], [ -8.418225876666666, 40.18933852833333 ], [ -8.418214355, 40.189337888333327 ], [ -8.418202933333333, 40.189337188333333 ], [ -8.418191468333333, 40.18933631 ], [ -8.41817983, 40.189335288333332 ], [ -8.418168241666667, 40.189333943333331 ], [ -8.418156773333333, 40.189332578333328 ], [ -8.418145106666666, 40.189330918333333 ], [ -8.418133598333332, 40.189329113333329 ], [ -8.418121968333333, 40.189327246666664 ], [ -8.418110206666666, 40.189325625 ], [ -8.418098336666667, 40.189324171666662 ], [ -8.418086655, 40.189322806666667 ], [ -8.41807484, 40.189321855 ], [ -8.418062831666665, 40.18932094 ], [ -8.418050796666666, 40.18932031833333 ], [ -8.41803877, 40.189319781666661 ], [ -8.418026708333333, 40.189319523333332 ], [ -8.418014631666667, 40.18931937 ], [ -8.418002758333333, 40.189319311666665 ], [ -8.417990878333333, 40.189319381666664 ], [ -8.417978813333333, 40.189319648333331 ], [ -8.417966826666666, 40.189319871666662 ], [ -8.417954776666667, 40.189320163333328 ], [ -8.417942651666666, 40.189320391666662 ], [ -8.417930625, 40.189320725 ], [ -8.417918525, 40.189320991666662 ], [ -8.41790671, 40.189321305 ], [ -8.417894623333332, 40.189321636666662 ], [ -8.417882533333334, 40.189322031666663 ], [ -8.417870581666666, 40.18932238 ], [ -8.417858558333332, 40.189322703333332 ], [ -8.417846501666666, 40.189323171666665 ], [ -8.41783441, 40.189323641666661 ], [ -8.417822438333333, 40.189324201666665 ], [ -8.417810558333333, 40.189324841666661 ], [ -8.417798631666667, 40.189325386666667 ], [ -8.417786663333333, 40.189325858333333 ], [ -8.417774756666667, 40.189326225 ], [ -8.417762916666666, 40.189326653333332 ], [ -8.417751028333333, 40.189327101666663 ], [ -8.417739265, 40.189327333333331 ], [ -8.417727481666667, 40.18932776 ], [ -8.417715501666667, 40.189327845 ], [ -8.417703861666666, 40.18932817 ], [ -8.417692148333332, 40.189328458333328 ], [ -8.417680415, 40.18932899 ], [ -8.417668611666667, 40.189329595 ], [ -8.41765694, 40.189330308333332 ], [ -8.417645331666666, 40.189331151666664 ], [ -8.417633883333332, 40.18933222 ], [ -8.417622268333332, 40.189333521666661 ], [ -8.417610995, 40.18933482 ], [ -8.417599535, 40.189336323333329 ], [ -8.417588266666666, 40.189338015 ], [ -8.417577005, 40.189339776666664 ], [ -8.41756587, 40.189341703333334 ], [ -8.417554621666666, 40.18934359 ], [ -8.417543581666665, 40.189345621666661 ], [ -8.417532505, 40.189347525 ], [ -8.417521403333332, 40.189349413333332 ], [ -8.4175103, 40.189351288333327 ], [ -8.417499255, 40.189353066666662 ], [ -8.417488085, 40.18935484833333 ], [ -8.417476965, 40.189356655 ], [ -8.417465906666665, 40.189358141666666 ], [ -8.417454855, 40.189359825 ], [ -8.417443765, 40.189361416666664 ], [ -8.41743264, 40.189363066666665 ], [ -8.417421583333333, 40.189364753333329 ], [ -8.417410588333333, 40.189366448333331 ], [ -8.417399481666665, 40.189368235 ], [ -8.417388513333332, 40.189370063333328 ], [ -8.417377431666665, 40.18937186 ], [ -8.41736649, 40.18937377 ], [ -8.41735558, 40.18937572 ], [ -8.417344628333332, 40.189377576666665 ], [ -8.417333756666666, 40.189379611666666 ], [ -8.417322745, 40.189381603333331 ], [ -8.417311176666667, 40.189382805 ], [ -8.41730322, 40.189384415 ], [ -8.417292295, 40.18938601666666 ], [ -8.417281555, 40.18938812166666 ], [ -8.417270735, 40.189390355 ], [ -8.417259936666666, 40.189392601666661 ], [ -8.417249171666667, 40.18939482 ], [ -8.417238418333334, 40.189397095 ], [ -8.41722763, 40.189399443333329 ], [ -8.41721693, 40.189401851666666 ], [ -8.417206196666665, 40.189404233333327 ], [ -8.417195508333332, 40.189406726666661 ], [ -8.417184836666666, 40.189409203333327 ], [ -8.417174215, 40.189411725 ], [ -8.417163548333333, 40.189414256666666 ], [ -8.417152858333333, 40.18941688333333 ], [ -8.41714229, 40.18941949 ], [ -8.417131708333333, 40.189422155 ], [ -8.417121196666667, 40.189424866666663 ], [ -8.417110676666667, 40.189427583333327 ], [ -8.41710008, 40.189430401666662 ], [ -8.417089633333333, 40.18943324 ], [ -8.417079246666667, 40.189435991666663 ], [ -8.417068793333332, 40.18943891 ], [ -8.417058416666666, 40.18944187 ], [ -8.417048053333334, 40.18944480166666 ], [ -8.417037821666666, 40.189447746666666 ], [ -8.41702748, 40.18945071 ], [ -8.417017346666666, 40.18945369 ], [ -8.417007145, 40.18945674 ], [ -8.416996991666666, 40.189459911666667 ], [ -8.416987015, 40.189462906666662 ], [ -8.416977001666666, 40.189466051666663 ], [ -8.416966728333334, 40.189468985 ], [ -8.416956663333332, 40.189472106666663 ], [ -8.41694647, 40.189474768333334 ], [ -8.416936505, 40.189477733333327 ], [ -8.416926336666666, 40.189480466666666 ], [ -8.416916445, 40.18948354 ], [ -8.4169065, 40.18948653 ], [ -8.416896595, 40.18948955 ], [ -8.416886595, 40.189492568333328 ], [ -8.416876728333333, 40.189495548333333 ], [ -8.4168669, 40.189498543333329 ], [ -8.416856941666666, 40.189501566666664 ], [ -8.416847213333332, 40.189504618333331 ], [ -8.416837413333333, 40.189507746666663 ], [ -8.416827613333332, 40.18951083 ], [ -8.416818003333333, 40.189513895 ], [ -8.416808281666667, 40.18951687 ], [ -8.416798575, 40.189519953333331 ], [ -8.416789013333332, 40.189522958333328 ], [ -8.416779441666666, 40.189525906666667 ], [ -8.416769878333334, 40.189528936666662 ], [ -8.416760345, 40.189531813333332 ], [ -8.416750763333333, 40.189534643333332 ], [ -8.41674141, 40.189537735 ], [ -8.416731995, 40.189540606666661 ], [ -8.416722386666667, 40.189543248333329 ], [ -8.41671295, 40.189545975 ], [ -8.416703493333333, 40.189548528333333 ], [ -8.416694001666666, 40.189550783333331 ], [ -8.41668441, 40.189553245 ], [ -8.416674798333332, 40.189555213333328 ], [ -8.41666517, 40.18955705 ], [ -8.416655525, 40.189558988333332 ], [ -8.416645821666666, 40.189560481666661 ], [ -8.416636233333334, 40.189562016666663 ], [ -8.416626548333333, 40.1895635 ], [ -8.416617011666666, 40.189564508333333 ], [ -8.416607476666668, 40.189565496666667 ], [ -8.416597925, 40.189566081666662 ], [ -8.416588341666667, 40.189566668333327 ], [ -8.416578776666666, 40.189566936666665 ], [ -8.416569423333334, 40.189567105 ], [ -8.416559941666668, 40.189567323333328 ], [ -8.416550558333334, 40.189567543333332 ], [ -8.416541233333334, 40.189567905 ], [ -8.416531996666667, 40.189568065 ], [ -8.416522853333333, 40.189568331666663 ], [ -8.41651376, 40.18956858833333 ], [ -8.416504815, 40.189568896666664 ], [ -8.416495895, 40.189569305 ], [ -8.416487083333333, 40.189569736666662 ], [ -8.416478363333333, 40.189570366666665 ], [ -8.416469778333333, 40.18957105 ], [ -8.416461301666667, 40.189571786666662 ], [ -8.416452978333334, 40.189572633333327 ], [ -8.416444693333334, 40.18957386 ], [ -8.416436521666666, 40.189574913333331 ], [ -8.416428391666667, 40.18957595 ], [ -8.416420533333334, 40.189577261666663 ], [ -8.416412523333333, 40.189578491666666 ], [ -8.41640489, 40.189579935 ], [ -8.416397268333334, 40.189581573333328 ], [ -8.416389698333333, 40.189583045 ], [ -8.416382185, 40.189584918333331 ], [ -8.416374738333333, 40.18958724 ], [ -8.41636735, 40.189589451666663 ], [ -8.416360241666666, 40.189591761666662 ], [ -8.416353301666668, 40.189594326666665 ], [ -8.416346598333334, 40.189597185 ], [ -8.416339901666667, 40.189600003333332 ], [ -8.416333228333334, 40.189599363333329 ], [ -8.416327568333333, 40.189602865 ], [ -8.416322348333333, 40.189606596666664 ], [ -8.416317591666667, 40.189610555 ], [ -8.41631335, 40.18961466 ], [ -8.41630961, 40.18961908 ], [ -8.41630652, 40.189623531666662 ], [ -8.416303975, 40.189628121666665 ], [ -8.416302235, 40.189632851666666 ], [ -8.416301155, 40.18963762833333 ], [ -8.41630079, 40.189642621666664 ], [ -8.41630107, 40.189647566666665 ], [ -8.416302066666667, 40.189652638333328 ], [ -8.416303853333334, 40.189657496666662 ], [ -8.416306238333334, 40.189662176666666 ], [ -8.416309361666666, 40.189666635 ], [ -8.41631317, 40.189670861666663 ], [ -8.416317691666666, 40.189674891666662 ], [ -8.41632284, 40.189678465 ], [ -8.416328698333334, 40.189681435 ], [ -8.416334856666667, 40.189684153333332 ], [ -8.416339735, 40.189702783333331 ], [ -8.416346711666668, 40.18970432 ], [ -8.416353835, 40.18970526333333 ], [ -8.416361111666667, 40.189705745 ], [ -8.416368403333333, 40.189705481666664 ], [ -8.416377398333333, 40.189688596666663 ], [ -8.416384696666666, 40.189687588333328 ], [ -8.416391946666668, 40.18968615666666 ], [ -8.416399208333333, 40.18968448 ], [ -8.416406233333333, 40.189682283333333 ], [ -8.416413191666667, 40.18967993166666 ], [ -8.416420168333334, 40.189677531666661 ], [ -8.416427151666667, 40.189674815 ], [ -8.416434035, 40.189671865 ], [ -8.416440935, 40.189668951666661 ], [ -8.41644797, 40.189666073333328 ], [ -8.41645504, 40.18966318166666 ], [ -8.41646223, 40.189660278333328 ], [ -8.416469321666668, 40.18965734166666 ], [ -8.416476655, 40.189654388333331 ], [ -8.416483975, 40.18965146 ], [ -8.416491446666667, 40.189648468333331 ], [ -8.416498963333334, 40.18964553833333 ], [ -8.416506631666667, 40.189642575 ], [ -8.416514343333334, 40.18963958 ], [ -8.416522106666667, 40.18963666 ], [ -8.4165299, 40.189633631666666 ], [ -8.416537843333334, 40.18963053 ], [ -8.416545921666668, 40.189627521666665 ], [ -8.416553993333334, 40.18962432 ], [ -8.416562205, 40.189621108333327 ], [ -8.4165705, 40.189618113333331 ], [ -8.41657892, 40.18961484 ], [ -8.416587333333334, 40.189611415 ], [ -8.416595961666667, 40.189608013333327 ], [ -8.416604678333334, 40.189604601666666 ], [ -8.416613433333334, 40.189601131666663 ], [ -8.416622425, 40.189597703333327 ], [ -8.416631466666667, 40.189594231666661 ], [ -8.416640596666667, 40.189590668333331 ], [ -8.4166498, 40.189587141666664 ], [ -8.416659338333334, 40.189583513333332 ], [ -8.416668923333333, 40.18957987 ], [ -8.41667855, 40.189576213333332 ], [ -8.416688421666667, 40.18957258 ], [ -8.416698353333333, 40.189568926666666 ], [ -8.416708431666667, 40.189565248333331 ], [ -8.416718453333333, 40.189561445 ], [ -8.416728895, 40.189557663333332 ], [ -8.416739496666667, 40.189554108333333 ], [ -8.416749981666666, 40.18955025333333 ], [ -8.416761023333333, 40.189546768333329 ], [ -8.416772071666665, 40.189543161666663 ], [ -8.416783226666666, 40.189539525 ], [ -8.416794528333332, 40.18953591333333 ], [ -8.416805995, 40.189532315 ], [ -8.416817333333332, 40.189528816666666 ], [ -8.416829345, 40.189525281666661 ], [ -8.41684122, 40.189521806666662 ], [ -8.416853265, 40.18951840166666 ], [ -8.41686546, 40.189515018333331 ], [ -8.416877813333333, 40.189511745 ], [ -8.416890328333333, 40.18950844 ], [ -8.416903015, 40.189505141666665 ], [ -8.416915818333333, 40.189501955 ], [ -8.416928511666667, 40.189498806666663 ], [ -8.416941041666666, 40.189495691666664 ], [ -8.41695363, 40.189492598333331 ], [ -8.416966375, 40.189489261666665 ], [ -8.416978918333333, 40.189486178333333 ], [ -8.416991105, 40.189483145 ], [ -8.417003468333332, 40.189480223333327 ], [ -8.417015785, 40.189477143333328 ], [ -8.417028013333333, 40.18947416 ], [ -8.417040166666666, 40.189471196666666 ], [ -8.417052286666665, 40.189468293333327 ], [ -8.417064236666667, 40.189465375 ], [ -8.417076216666667, 40.189462503333331 ], [ -8.417088021666666, 40.189459575 ], [ -8.417099803333333, 40.189456795 ], [ -8.417111473333332, 40.189454015 ], [ -8.417123096666666, 40.189451236666663 ], [ -8.417134613333333, 40.189448451666664 ], [ -8.41714604, 40.189445863333333 ], [ -8.417157335, 40.189443226666661 ], [ -8.417168495, 40.18944059 ], [ -8.417179675, 40.189438063333327 ], [ -8.417190606666667, 40.189435548333329 ], [ -8.417201543333332, 40.189433063333333 ], [ -8.417212358333332, 40.189430678333331 ], [ -8.417222971666666, 40.18942835666666 ], [ -8.41723348, 40.18942603833333 ], [ -8.417244011666666, 40.18942373 ], [ -8.417254261666667, 40.189421585 ], [ -8.417264468333332, 40.189419363333329 ], [ -8.417274553333332, 40.189417248333328 ], [ -8.417284468333333, 40.189415235 ], [ -8.417294275, 40.189413205 ], [ -8.41730398, 40.189411308333327 ], [ -8.41731343, 40.189409426666664 ], [ -8.417322901666665, 40.189407536666664 ], [ -8.417332081666666, 40.18940581333333 ], [ -8.417341233333334, 40.189404041666663 ], [ -8.417350216666666, 40.18940259 ], [ -8.417359008333333, 40.189400888333331 ], [ -8.41736765, 40.189399468333328 ], [ -8.417376856666666, 40.189397946666666 ], [ -8.417386333333333, 40.18939636 ], [ -8.41739583, 40.18939472 ], [ -8.417405661666667, 40.189393196666664 ], [ -8.417415533333333, 40.189391636666663 ], [ -8.41742563, 40.189390083333329 ], [ -8.417435841666666, 40.189388586666666 ], [ -8.41744628, 40.189387098333327 ], [ -8.417456885, 40.18938567 ], [ -8.417467565, 40.189384256666663 ], [ -8.417478518333333, 40.189382863333329 ], [ -8.417489718333332, 40.189381551666663 ], [ -8.417500961666667, 40.1893802 ], [ -8.417512335, 40.189379078333332 ], [ -8.41752395, 40.189377883333329 ], [ -8.417535683333332, 40.189376653333333 ], [ -8.417547515, 40.189375545 ], [ -8.417559503333333, 40.189374343333327 ], [ -8.417571846666666, 40.189373193333331 ], [ -8.417584155, 40.1893721 ], [ -8.41759646, 40.18937094333333 ], [ -8.417608898333333, 40.18936981 ], [ -8.417621528333333, 40.189368741666662 ], [ -8.41763426, 40.18936768333333 ], [ -8.417646863333333, 40.1893667 ], [ -8.41765989, 40.189365806666665 ], [ -8.417672648333333, 40.189364768333327 ], [ -8.417685593333333, 40.189363881666665 ], [ -8.41769849, 40.189362988333329 ], [ -8.417711595, 40.18936213 ], [ -8.417724671666667, 40.189361276666666 ], [ -8.417737946666666, 40.1893604 ], [ -8.417751238333333, 40.18935964 ], [ -8.417764536666667, 40.18935884 ], [ -8.417777885, 40.1893581 ], [ -8.417791343333333, 40.189357343333327 ], [ -8.417804835, 40.189356663333328 ], [ -8.417818416666666, 40.189355998333333 ], [ -8.417832043333332, 40.189355445 ], [ -8.417845653333332, 40.189354876666663 ], [ -8.417859313333333, 40.189354331666664 ], [ -8.417872843333333, 40.189353803333333 ], [ -8.41788625, 40.189353231666665 ], [ -8.417899413333332, 40.189352873333327 ], [ -8.417912541666666, 40.189352441666664 ], [ -8.417925461666666, 40.18935208833333 ], [ -8.41793823, 40.18935171 ], [ -8.417950923333333, 40.18935133 ], [ -8.41796323, 40.189350791666662 ], [ -8.417975508333333, 40.18935054833333 ], [ -8.417987623333334, 40.189350273333332 ], [ -8.417999656666666, 40.189349995 ], [ -8.418011455, 40.18934983 ], [ -8.418023051666665, 40.189349565 ], [ -8.418034666666665, 40.189349333333332 ], [ -8.418046003333332, 40.189349093333327 ], [ -8.418057015, 40.189349035 ], [ -8.418067855, 40.189348908333329 ], [ -8.418078806666665, 40.189348676666661 ], [ -8.418088898333332, 40.189350366666666 ], [ -8.418099195, 40.189350326666663 ], [ -8.41810949, 40.18935037 ], [ -8.418119436666666, 40.189350415 ], [ -8.418129181666666, 40.18935051166666 ], [ -8.418138681666665, 40.18935071833333 ], [ -8.418148023333332, 40.189350916666662 ], [ -8.418157288333333, 40.189351251666665 ], [ -8.418166208333332, 40.18935149833333 ], [ -8.418175055, 40.189351903333332 ], [ -8.418183611666667, 40.1893522 ], [ -8.418192028333333, 40.189352598333329 ], [ -8.41820025, 40.189353043333327 ], [ -8.418208358333333, 40.18935347 ], [ -8.41821626, 40.18935398 ], [ -8.418224055, 40.18935446166666 ], [ -8.418231538333332, 40.189354931666664 ], [ -8.418238983333334, 40.18935547 ], [ -8.418246266666666, 40.189355995 ], [ -8.418253318333333, 40.189356641666663 ], [ -8.418260218333332, 40.189357128333327 ], [ -8.418266996666667, 40.18935773 ], [ -8.418273653333333, 40.189358205 ], [ -8.418280153333333, 40.18935877 ], [ -8.418286535, 40.189359305 ], [ -8.418292826666667, 40.189359805 ], [ -8.418298836666667, 40.189360423333333 ], [ -8.418304823333333, 40.189360955 ], [ -8.418310623333333, 40.18936144 ], [ -8.418316296666665, 40.18936209333333 ], [ -8.418321853333333, 40.18936253166666 ], [ -8.418327185, 40.189363141666661 ], [ -8.418332601666666, 40.189363696666661 ], [ -8.418337826666667, 40.189364203333326 ], [ -8.418342856666666, 40.189364805 ], [ -8.418347806666667, 40.18936536 ], [ -8.418352651666666, 40.189365895 ], [ -8.418357336666666, 40.189366336666666 ], [ -8.418361931666666, 40.189366933333332 ], [ -8.418366436666666, 40.189367428333327 ], [ -8.418370871666665, 40.189367958333328 ], [ -8.418375036666665, 40.189368525 ], [ -8.418379155, 40.189368995 ], [ -8.418383146666667, 40.189369375 ], [ -8.418387035, 40.189369761666661 ], [ -8.41839079, 40.18937017 ], [ -8.418394428333333, 40.189370481666664 ], [ -8.418397946666666, 40.189370915 ], [ -8.418401328333333, 40.189371191666666 ], [ -8.418404575, 40.189371571666662 ], [ -8.418407746666666, 40.189371868333332 ], [ -8.418410708333333, 40.189372155 ], [ -8.418413626666666, 40.189372425 ], [ -8.418416315, 40.189372665 ], [ -8.418418911666667, 40.189372855 ], [ -8.418421336666666, 40.189373133333333 ], [ -8.418423775, 40.189373316666661 ], [ -8.418426001666665, 40.189373463333332 ], [ -8.41842831, 40.189373595 ], [ -8.418430581666666, 40.189373776666663 ], [ -8.418433121666666, 40.189373876666664 ], [ -8.418435685, 40.189373888333328 ], [ -8.418438433333332, 40.189373966666665 ], [ -8.418441491666666, 40.18937398 ], [ -8.418444675, 40.189374046666664 ], [ -8.418448, 40.189374118333333 ], [ -8.418451475, 40.189374068333329 ], [ -8.418455011666666, 40.189373875 ], [ -8.418458608333333, 40.189373588333332 ], [ -8.418462228333333, 40.189373316666661 ], [ -8.418465945, 40.189372991666666 ], [ -8.418469643333333, 40.189372558333332 ], [ -8.418473656666666, 40.189372203333328 ], [ -8.418477556666666, 40.189371788333332 ], [ -8.418481576666666, 40.189371241666663 ], [ -8.418485571666666, 40.18937047 ], [ -8.418489681666665, 40.189369645 ], [ -8.418494071666666, 40.189368785 ], [ -8.418498508333332, 40.18936774 ], [ -8.418503163333332, 40.189366505 ], [ -8.418507741666666, 40.18936511166666 ], [ -8.418512533333333, 40.189363488333328 ], [ -8.418517246666665, 40.189361736666662 ], [ -8.418522013333332, 40.189359761666665 ], [ -8.418526723333333, 40.189357615 ], [ -8.418531506666666, 40.189355226666663 ], [ -8.418536055, 40.189352615 ], [ -8.418540645, 40.189349745 ], [ -8.418545155, 40.189346623333329 ], [ -8.418549566666666, 40.189343363333329 ], [ -8.41855393, 40.189339721666663 ], [ -8.418558095, 40.189335836666665 ], [ -8.418561983333333, 40.18933165833333 ], [ -8.41856582, 40.189327205 ], [ -8.418569431666667, 40.189322645 ], [ -8.418572931666667, 40.189317693333329 ], [ -8.418575936666667, 40.18931255333333 ], [ -8.418578533333333, 40.189307045 ], [ -8.418580963333334, 40.189301253333333 ], [ -8.418583103333333, 40.189295395 ], [ -8.418584678333334, 40.18928915 ], [ -8.418586101666666, 40.189282865 ], [ -8.418587453333332, 40.189276298333333 ], [ -8.418589013333333, 40.189269691666667 ], [ -8.4185904, 40.189262728333333 ], [ -8.418589615, 40.189255715 ], [ -8.418586531666666, 40.18924873 ], [ -8.418584196666666, 40.18924157 ], [ -8.41858605, 40.189233901666661 ], [ -8.418583973333332, 40.189226398333332 ], [ -8.418584801666666, 40.189218708333328 ], [ -8.41858381, 40.189210768333332 ], [ -8.418583411666667, 40.18920280166666 ], [ -8.418582921666665, 40.189194518333331 ], [ -8.418580766666667, 40.189186298333333 ], [ -8.418577078333334, 40.189178338333328 ], [ -8.418576446666666, 40.189169725 ], [ -8.418575488333333, 40.189161078333328 ], [ -8.418574025, 40.189152306666664 ], [ -8.41857279, 40.189143385 ], [ -8.418571868333332, 40.189134335 ], [ -8.418570705, 40.189125348333327 ], [ -8.418569, 40.18911618833333 ], [ -8.418567998333332, 40.189106971666661 ], [ -8.418567448333333, 40.189097613333331 ], [ -8.418566053333333, 40.189088335 ], [ -8.41856533, 40.189078841666664 ], [ -8.418564358333333, 40.189069286666665 ], [ -8.418563233333332, 40.18905986 ], [ -8.418563035, 40.189050188333333 ], [ -8.418562283333333, 40.18904061833333 ], [ -8.418561988333332, 40.18903083 ], [ -8.418561376666666, 40.189021125 ], [ -8.418561935, 40.189011291666667 ], [ -8.418556966666666, 40.189001723333327 ], [ -8.41855674, 40.188991905 ], [ -8.418556505, 40.188982096666663 ], [ -8.418553628333333, 40.188972163333332 ], [ -8.418554108333332, 40.188962118333329 ], [ -8.418554046666666, 40.18895225833333 ], [ -8.418553811666666, 40.188942111666663 ], [ -8.418551638333332, 40.188932101666666 ], [ -8.418551153333333, 40.188922056666662 ], [ -8.418549241666666, 40.188912153333327 ], [ -8.418548826666665, 40.188901996666665 ], [ -8.418546876666666, 40.188891941666661 ], [ -8.41854524, 40.188881816666665 ], [ -8.41854333, 40.188871791666664 ], [ -8.418541811666666, 40.188861681666666 ], [ -8.418539265, 40.188851678333329 ], [ -8.418538108333333, 40.188841473333333 ], [ -8.41853591, 40.188831433333327 ], [ -8.41853322, 40.18882131 ], [ -8.418531578333333, 40.18881120333333 ], [ -8.418529275, 40.188801256666665 ], [ -8.418527788333332, 40.188791135 ], [ -8.418526063333333, 40.18878109833333 ], [ -8.418523361666667, 40.188770868333329 ], [ -8.418521463333333, 40.188760776666662 ], [ -8.418519478333332, 40.188750635 ], [ -8.418516185, 40.18874059 ], [ -8.418514381666666, 40.188730396666664 ], [ -8.418512558333333, 40.188720258333333 ], [ -8.41851118, 40.188710075 ], [ -8.418508511666666, 40.188700026666666 ], [ -8.418505596666666, 40.188689935 ], [ -8.418504246666666, 40.188679791666665 ], [ -8.418502781666666, 40.188669528333328 ], [ -8.418501098333333, 40.188659403333332 ], [ -8.418498896666666, 40.18864919833333 ], [ -8.418496955, 40.18863908 ], [ -8.418494403333332, 40.188628876666662 ], [ -8.418492693333333, 40.188618718333331 ], [ -8.418490645, 40.18860857833333 ], [ -8.41848829, 40.1885984 ], [ -8.418486676666666, 40.188588161666665 ], [ -8.41848426, 40.188578025 ], [ -8.418482485, 40.18856773 ], [ -8.41848062, 40.188557558333329 ], [ -8.41847824, 40.188547358333331 ], [ -8.418476638333333, 40.18853707 ], [ -8.418474946666667, 40.188526881666661 ], [ -8.418473313333333, 40.188516698333331 ], [ -8.41847143, 40.188506451666662 ], [ -8.418468828333333, 40.188496193333329 ], [ -8.418529173333333, 40.18850664 ], [ -8.41852854, 40.188496311666661 ], [ -8.418527793333332, 40.18848589 ], [ -8.418526995, 40.188475478333331 ], [ -8.418526178333332, 40.188465148333329 ], [ -8.418524973333334, 40.188455078333327 ], [ -8.418524108333333, 40.188444765 ], [ -8.418523205, 40.188434368333333 ], [ -8.418522335, 40.188423998333327 ], [ -8.41852134, 40.188413695 ], [ -8.418520296666665, 40.188403311666661 ], [ -8.418514936666666, 40.188397181666666 ], [ -8.418513488333332, 40.188387115 ], [ -8.418512313333332, 40.1883769 ], [ -8.418511245, 40.188366505 ], [ -8.418510483333332, 40.18835571 ], [ -8.418509445, 40.188345371666664 ], [ -8.418508398333334, 40.188334885 ], [ -8.418507325, 40.18832444 ], [ -8.418506186666667, 40.18831402 ], [ -8.41850544, 40.188303131666665 ], [ -8.41850435, 40.188292676666663 ], [ -8.41850323, 40.188282313333332 ], [ -8.418502003333332, 40.188271838333328 ], [ -8.418500676666666, 40.18826141 ], [ -8.418497498333332, 40.18825289 ], [ -8.418496156666667, 40.188242595 ], [ -8.418494716666666, 40.188232308333333 ], [ -8.418493243333332, 40.188222006666663 ], [ -8.418494781666666, 40.188208985 ], [ -8.41849396, 40.18819823 ], [ -8.418493208333333, 40.188187898333332 ], [ -8.418492541666666, 40.188177581666665 ], [ -8.41849195, 40.188167338333329 ], [ -8.41849124, 40.18815697 ], [ -8.41849083, 40.188146563333333 ], [ -8.418490193333334, 40.188136271666664 ], [ -8.418489588333333, 40.188126161666666 ], [ -8.418488578333333, 40.18811608 ], [ -8.418487276666665, 40.188106126666661 ], [ -8.41848582, 40.18809597833333 ], [ -8.418483968333332, 40.188086263333332 ], [ -8.418481638333333, 40.188076575 ], [ -8.418478935, 40.188066721666665 ], [ -8.418476018333333, 40.188057355 ], [ -8.418472546666665, 40.188047878333329 ], [ -8.418468701666667, 40.188038625 ], [ -8.418464451666667, 40.18802937 ], [ -8.41845967, 40.188020275 ], [ -8.418454411666666, 40.188011356666664 ], [ -8.418448658333332, 40.188002825 ], [ -8.418439303333333, 40.187997475 ], [ -8.418433055, 40.187988975 ], [ -8.418426455, 40.187980518333333 ], [ -8.418419701666666, 40.187972116666664 ], [ -8.418412681666666, 40.187963963333331 ], [ -8.418405141666666, 40.18795605166666 ], [ -8.418397531666667, 40.18794798 ], [ -8.418389691666667, 40.187940218333331 ], [ -8.418380871666667, 40.187933226666665 ], [ -8.418372726666666, 40.187925546666662 ], [ -8.41836439, 40.187917936666665 ], [ -8.418355948333332, 40.187910313333333 ], [ -8.418347578333332, 40.187902865 ], [ -8.418339251666666, 40.18789524333333 ], [ -8.418331058333333, 40.187887556666666 ], [ -8.418324605, 40.18787842166666 ], [ -8.418316711666666, 40.187870888333329 ], [ -8.418309068333333, 40.187863375 ], [ -8.418301555, 40.18785598 ], [ -8.418295125, 40.18784772 ], [ -8.418287761666667, 40.187840508333331 ], [ -8.418280448333332, 40.187833473333328 ], [ -8.418273131666666, 40.187826565 ], [ -8.41826572, 40.187819913333328 ], [ -8.41825939, 40.187812446666662 ], [ -8.418252021666666, 40.187806016666663 ], [ -8.418244575, 40.187799815 ], [ -8.418237071666667, 40.187793735 ], [ -8.418229576666667, 40.187787803333329 ], [ -8.418222983333333, 40.187781193333329 ], [ -8.418215428333333, 40.18777569 ], [ -8.418208185, 40.18777008666666 ], [ -8.418200651666666, 40.187764786666662 ], [ -8.418193051666666, 40.187759546666662 ], [ -8.418185928333333, 40.18775379 ], [ -8.418178045, 40.18774878 ], [ -8.418170056666666, 40.187743616666666 ], [ -8.418161933333332, 40.187738336666662 ], [ -8.418153496666665, 40.187733116666664 ], [ -8.418145228333334, 40.187727411666664 ], [ -8.418136463333333, 40.187722111666666 ], [ -8.418127565, 40.187716658333329 ], [ -8.418118428333333, 40.187711228333328 ], [ -8.41810926, 40.187705716666663 ], [ -8.418100183333333, 40.187699946666662 ], [ -8.418090741666665, 40.187694326666666 ], [ -8.41808122, 40.187688636666664 ], [ -8.418071728333333, 40.18768299 ], [ -8.41806208, 40.187677261666664 ], [ -8.418052418333334, 40.187671383333331 ], [ -8.418042611666666, 40.1876655 ], [ -8.41803282, 40.187659758333332 ], [ -8.418022916666667, 40.18765391 ], [ -8.41801294, 40.187648033333332 ], [ -8.41800288, 40.187642006666664 ], [ -8.417992835, 40.18763617 ], [ -8.417982711666665, 40.18763023333333 ], [ -8.417972511666665, 40.187624431666663 ], [ -8.4179622, 40.187618493333332 ], [ -8.417952, 40.187612533333329 ], [ -8.417941633333333, 40.18760669 ], [ -8.417931226666665, 40.187600831666664 ], [ -8.417920806666666, 40.187594925 ], [ -8.417910323333333, 40.18758906 ], [ -8.417900025, 40.187583166666663 ], [ -8.417889453333332, 40.187577328333333 ], [ -8.41787892, 40.187571425 ], [ -8.417868396666666, 40.187565525 ], [ -8.417857896666666, 40.187559621666665 ], [ -8.417847326666665, 40.187553745 ], [ -8.417836761666667, 40.187547993333332 ], [ -8.417826143333333, 40.187542208333333 ], [ -8.417815621666666, 40.187536405 ], [ -8.417805185, 40.187530721666661 ], [ -8.417794855, 40.187525008333331 ], [ -8.417784423333332, 40.187519301666661 ], [ -8.417774108333333, 40.187513498333331 ], [ -8.41776393, 40.187507753333328 ], [ -8.41775377, 40.187502008333333 ], [ -8.417743741666666, 40.187496233333327 ], [ -8.417733656666666, 40.187490493333328 ], [ -8.417723745, 40.187484608333328 ], [ -8.417713843333333, 40.187478763333331 ], [ -8.417704045, 40.187473153333329 ], [ -8.417694325, 40.187467256666665 ], [ -8.417684738333334, 40.187461395 ], [ -8.417675161666667, 40.187455668333328 ], [ -8.417665685, 40.187449953333328 ], [ -8.417656091666666, 40.187444125 ], [ -8.417646673333333, 40.187438305 ], [ -8.417637258333333, 40.187432755 ], [ -8.417627603333333, 40.187427211666666 ], [ -8.417618113333333, 40.18742162 ], [ -8.417608893333332, 40.187416273333334 ], [ -8.417599488333332, 40.18741077833333 ], [ -8.417589823333333, 40.187405316666663 ], [ -8.417580228333332, 40.1874 ], [ -8.41757107, 40.18739465 ], [ -8.417561781666667, 40.187389345 ], [ -8.4175527, 40.187383648333331 ], [ -8.41754355, 40.187378123333332 ], [ -8.417534333333332, 40.18737275 ], [ -8.4175252, 40.18736731833333 ], [ -8.417516035, 40.18736172 ], [ -8.417507111666666, 40.187356286666663 ], [ -8.41749801, 40.187350831666663 ], [ -8.417488875, 40.187345375 ], [ -8.417479905, 40.187339911666662 ], [ -8.417470663333333, 40.187334483333331 ], [ -8.417461615, 40.187329056666663 ], [ -8.417452458333333, 40.187323725 ], [ -8.41744333, 40.187318331666667 ], [ -8.417434051666666, 40.187312918333333 ], [ -8.417424743333333, 40.187307613333331 ], [ -8.417415525, 40.18730216 ], [ -8.417406155, 40.18729685 ], [ -8.417396581666667, 40.18729171 ], [ -8.417387275, 40.187286458333332 ], [ -8.417377671666666, 40.18728132166666 ], [ -8.417368171666666, 40.187275998333327 ], [ -8.417358528333333, 40.187270776666665 ], [ -8.417348911666666, 40.187265726666666 ], [ -8.417339086666667, 40.187260635 ], [ -8.41732938, 40.18725552 ], [ -8.417319618333332, 40.18725040333333 ], [ -8.417309646666666, 40.187245473333327 ], [ -8.417299578333333, 40.187240615 ], [ -8.417289426666667, 40.187235858333331 ], [ -8.417279373333333, 40.187231206666667 ], [ -8.417269333333333, 40.187226268333333 ], [ -8.417259128333333, 40.187221565 ], [ -8.417248896666665, 40.187217058333331 ], [ -8.417238533333332, 40.18721245 ], [ -8.41722817, 40.187207998333328 ], [ -8.417217851666667, 40.187203528333328 ], [ -8.417207481666667, 40.187199191666664 ], [ -8.417196778333333, 40.18719493 ], [ -8.417186206666667, 40.187190896666664 ], [ -8.417175513333333, 40.18718694166666 ], [ -8.417164938333332, 40.187182851666662 ], [ -8.417154083333333, 40.187178893333332 ], [ -8.417143208333332, 40.187175101666661 ], [ -8.417132348333332, 40.187171316666664 ], [ -8.417121385, 40.187167753333327 ], [ -8.417110481666667, 40.187164033333332 ], [ -8.417099426666667, 40.187160473333329 ], [ -8.41708825, 40.187157123333328 ], [ -8.417077096666667, 40.187153701666666 ], [ -8.417065886666666, 40.18715036333333 ], [ -8.417054831666666, 40.187147063333327 ], [ -8.417043601666666, 40.187143775 ], [ -8.41703228, 40.18714058 ], [ -8.417020935, 40.187137485 ], [ -8.41700955, 40.187134418333329 ], [ -8.416998298333333, 40.187131276666662 ], [ -8.416986811666666, 40.187128465 ], [ -8.416975375, 40.187125596666661 ], [ -8.416963881666666, 40.18712288 ], [ -8.416952398333333, 40.187120075 ], [ -8.416941001666666, 40.187117345 ], [ -8.416929511666666, 40.18711477 ], [ -8.416917881666667, 40.1871124 ], [ -8.416906351666666, 40.187109995 ], [ -8.416894863333333, 40.187107586666663 ], [ -8.416883328333332, 40.187105423333328 ], [ -8.416871806666666, 40.187103216666664 ], [ -8.416860073333332, 40.187101193333334 ], [ -8.416848433333334, 40.187099213333333 ], [ -8.416836781666666, 40.187097228333329 ], [ -8.41682531, 40.187095203333328 ], [ -8.416813606666667, 40.187093331666667 ], [ -8.41680198, 40.187091605 ], [ -8.416790298333332, 40.187089781666664 ], [ -8.416778581666666, 40.18708809333333 ], [ -8.416766955, 40.187086321666662 ], [ -8.416755188333333, 40.187084678333328 ], [ -8.416743375, 40.18708295166666 ], [ -8.416731521666666, 40.187081341666662 ], [ -8.416719626666666, 40.187079845 ], [ -8.416707801666666, 40.187078273333327 ], [ -8.416695878333332, 40.187076813333327 ], [ -8.41668382, 40.187075483333331 ], [ -8.416671791666666, 40.187074278333327 ], [ -8.416659745, 40.18707304 ], [ -8.416647896666667, 40.187071706666664 ], [ -8.416635653333334, 40.187070785 ], [ -8.416623588333334, 40.187069751666662 ], [ -8.416611516666666, 40.187068816666667 ], [ -8.416599341666666, 40.187068006666664 ], [ -8.416587125, 40.187067296666662 ], [ -8.41657492, 40.18706664 ], [ -8.41656268, 40.187066078333331 ], [ -8.416550433333335, 40.18706555666666 ], [ -8.416538066666668, 40.187065175 ], [ -8.416525826666668, 40.187064736666663 ], [ -8.416513463333334, 40.187064411666661 ], [ -8.416501028333334, 40.187064211666666 ], [ -8.416488581666666, 40.187064068333328 ], [ -8.416476115, 40.187063985 ], [ -8.416463801666668, 40.187063725 ], [ -8.416451288333334, 40.187063718333327 ], [ -8.416438826666667, 40.187063705 ], [ -8.41642643, 40.187063706666663 ], [ -8.416414005, 40.187063611666666 ], [ -8.41640168, 40.187063516666662 ], [ -8.41638917, 40.187063506666661 ], [ -8.41637673, 40.187063438333332 ], [ -8.416364451666666, 40.187063386666665 ], [ -8.416351986666667, 40.187063311666662 ], [ -8.416339703333334, 40.187063228333329 ], [ -8.416327361666667, 40.187063058333329 ], [ -8.416315121666667, 40.187062928333333 ], [ -8.416302806666668, 40.187062845 ], [ -8.416290463333334, 40.18706272 ], [ -8.416278258333334, 40.18706267333333 ], [ -8.41626603, 40.187062485 ], [ -8.41625362, 40.187062453333333 ], [ -8.416241241666667, 40.187062478333331 ], [ -8.416228981666666, 40.187062486666662 ], [ -8.416216746666667, 40.187062301666664 ], [ -8.416204411666667, 40.187062305 ], [ -8.41619193, 40.18706255666666 ], [ -8.416179575, 40.18706249 ], [ -8.416167085, 40.187062615 ], [ -8.416154746666667, 40.18706258 ], [ -8.416142146666667, 40.18706275 ], [ -8.416129568333334, 40.187062953333331 ], [ -8.416116956666666, 40.187063035 ], [ -8.416104411666668, 40.187063205 ], [ -8.416091921666666, 40.187063263333329 ], [ -8.416079323333333, 40.18706336333333 ], [ -8.41606672, 40.187063386666665 ], [ -8.416054246666667, 40.187063366666663 ], [ -8.416041825, 40.187063573333333 ], [ -8.416029406666667, 40.187063418333331 ], [ -8.416017043333333, 40.18706345 ], [ -8.416013191666668, 40.187040473333333 ], [ -8.416000778333334, 40.18704051 ], [ -8.415988353333333, 40.187040483333327 ], [ -8.415975871666667, 40.187040416666662 ], [ -8.415963471666666, 40.18704030833333 ], [ -8.415951016666668, 40.18704018333333 ], [ -8.415938571666667, 40.187040095 ], [ -8.415926108333334, 40.18703994 ], [ -8.41591358, 40.187039786666666 ], [ -8.415901066666667, 40.18703974 ], [ -8.415889773333333, 40.187041296666663 ], [ -8.415877178333334, 40.187041148333329 ], [ -8.415864638333334, 40.187040988333329 ], [ -8.41585124, 40.187039445 ], [ -8.415838503333333, 40.187039296666661 ], [ -8.415825866666667, 40.187039085 ], [ -8.415813155, 40.187038985 ], [ -8.415800386666668, 40.187038786666662 ], [ -8.415787581666667, 40.187038583333333 ], [ -8.415774685, 40.18703837333333 ], [ -8.415761998333334, 40.18703936666666 ], [ -8.415749128333333, 40.187039136666662 ], [ -8.41573613, 40.187038838333329 ], [ -8.41572316, 40.187038456666663 ], [ -8.415710151666667, 40.187038111666666 ], [ -8.415697155, 40.187037765 ], [ -8.415684118333333, 40.187037221666664 ], [ -8.41567064, 40.18703597 ], [ -8.415657483333334, 40.18703549 ], [ -8.415644335, 40.187034903333327 ], [ -8.41563111, 40.187034283333332 ], [ -8.415617826666667, 40.187033621666664 ], [ -8.415604626666667, 40.18703300833333 ], [ -8.415590986666666, 40.187031196666666 ], [ -8.41557755, 40.18703043666666 ], [ -8.415564125, 40.187029563333333 ], [ -8.415550781666667, 40.187028573333329 ], [ -8.415537285, 40.18702772 ], [ -8.415523815, 40.187026635 ], [ -8.415510331666667, 40.187025435 ], [ -8.415496883333335, 40.187024255 ], [ -8.415483455, 40.187023088333333 ], [ -8.415469975, 40.187021866666662 ], [ -8.41545657, 40.187020508333333 ], [ -8.415443255, 40.18701904 ], [ -8.415429981666668, 40.187017471666664 ], [ -8.415416865, 40.18701594 ], [ -8.415403698333334, 40.18701420666666 ], [ -8.41539078, 40.18701244166666 ], [ -8.415377875, 40.187010505 ], [ -8.41536506, 40.187008585 ], [ -8.415352286666668, 40.187006591666666 ], [ -8.415339695, 40.187004495 ], [ -8.415327105, 40.187002421666662 ], [ -8.41531459, 40.187000186666666 ], [ -8.415302318333334, 40.186997928333327 ], [ -8.415290036666667, 40.186995558333329 ], [ -8.415277666666666, 40.186993253333327 ], [ -8.415265475, 40.18699071333333 ], [ -8.415253418333334, 40.186988216666663 ], [ -8.415241383333333, 40.186985645 ], [ -8.415229315, 40.18698297 ], [ -8.415217368333334, 40.186980215 ], [ -8.415205513333333, 40.186977361666663 ], [ -8.41519358, 40.186974478333333 ], [ -8.415181841666667, 40.186971535 ], [ -8.415170138333334, 40.186968468333333 ], [ -8.415158516666667, 40.186965398333328 ], [ -8.415146978333334, 40.186962198333333 ], [ -8.415135383333334, 40.186959035 ], [ -8.415123791666668, 40.18695361 ], [ -8.415112338333333, 40.186950313333327 ], [ -8.41510089, 40.186947063333328 ], [ -8.41508934, 40.186945658333329 ], [ -8.415077795, 40.186942296666665 ], [ -8.41506654, 40.186938866666665 ], [ -8.415055226666666, 40.186935455 ], [ -8.415043768333334, 40.186932038333332 ], [ -8.415032448333333, 40.186928553333331 ], [ -8.415021246666667, 40.18692510333333 ], [ -8.415009843333333, 40.186921273333333 ], [ -8.414998611666666, 40.186917806666663 ], [ -8.414987378333334, 40.18691415833333 ], [ -8.414976095, 40.186910553333327 ], [ -8.41496479, 40.186906833333332 ], [ -8.414953318333334, 40.186903048333328 ], [ -8.414941871666667, 40.186899238333332 ], [ -8.414930071666667, 40.18689467 ], [ -8.414918478333334, 40.186890805 ], [ -8.414906743333333, 40.186886821666661 ], [ -8.41489492, 40.186882733333327 ], [ -8.414883043333333, 40.186878715 ], [ -8.414871181666667, 40.186874628333328 ], [ -8.414859283333334, 40.186870458333331 ], [ -8.414847391666667, 40.186866215 ], [ -8.414835406666667, 40.186862015 ], [ -8.414823375, 40.186857696666664 ], [ -8.41481125, 40.186853601666662 ], [ -8.414799166666667, 40.1868491 ], [ -8.414786945, 40.186844895 ], [ -8.414774466666668, 40.186840461666662 ], [ -8.414762191666666, 40.186836025 ], [ -8.414749615, 40.186831818333332 ], [ -8.41473733, 40.186827538333333 ], [ -8.414725076666667, 40.186823248333333 ], [ -8.414712795, 40.186818925 ], [ -8.414700685, 40.18681458 ], [ -8.41468865, 40.186810335 ], [ -8.41467647, 40.186806101666662 ], [ -8.41466457, 40.186802356666661 ], [ -8.414652338333333, 40.18679803 ], [ -8.414640123333333, 40.186793743333332 ], [ -8.41462795, 40.186789478333331 ], [ -8.414615715, 40.186785111666666 ], [ -8.414603356666667, 40.186780995 ], [ -8.414591025, 40.18677675833333 ], [ -8.41457841, 40.186772616666666 ], [ -8.414566195, 40.186768263333327 ], [ -8.414553621666666, 40.186764145 ], [ -8.414541183333334, 40.186759865 ], [ -8.41452855, 40.186755681666661 ], [ -8.41451593, 40.186751268333332 ], [ -8.414503205, 40.18674698 ], [ -8.414490508333333, 40.186742685 ], [ -8.414477725, 40.186738381666665 ], [ -8.414464796666667, 40.18673399 ], [ -8.414451996666667, 40.18672968 ], [ -8.414439188333334, 40.186725091666666 ], [ -8.414426161666666, 40.186720485 ], [ -8.41441285, 40.186716553333333 ], [ -8.414399758333333, 40.186712301666667 ], [ -8.414386933333335, 40.18670786 ], [ -8.414374063333334, 40.18670351 ], [ -8.414361471666666, 40.186699035 ], [ -8.414348845, 40.18669469333333 ], [ -8.414336228333333, 40.186690421666661 ], [ -8.414323806666667, 40.186686115 ], [ -8.414311356666667, 40.186681843333332 ], [ -8.414298891666666, 40.186677536666664 ], [ -8.414286491666667, 40.186673326666664 ], [ -8.414274191666667, 40.186669003333328 ], [ -8.414261916666668, 40.186664763333333 ], [ -8.41424948, 40.186660535 ], [ -8.414237021666667, 40.186656238333327 ], [ -8.414224546666667, 40.186652048333329 ], [ -8.414211893333334, 40.186647646666664 ], [ -8.414199225, 40.186643341666667 ], [ -8.414186393333333, 40.186639075 ], [ -8.414174, 40.186634698333329 ], [ -8.414161695, 40.186630016666662 ], [ -8.414149293333333, 40.186625765 ], [ -8.414136575, 40.18662157 ], [ -8.414123875, 40.186617436666666 ], [ -8.414111411666667, 40.186613083333327 ], [ -8.414098916666667, 40.186608803333328 ], [ -8.414086358333334, 40.186604606666663 ], [ -8.41407371, 40.186600393333329 ], [ -8.414061236666667, 40.186596035 ], [ -8.414048525, 40.186591736666664 ], [ -8.414036253333334, 40.186587201666661 ], [ -8.414023438333334, 40.186583258333329 ], [ -8.414010938333334, 40.186579126666665 ], [ -8.413998463333334, 40.186574976666662 ], [ -8.413985926666667, 40.186570653333327 ], [ -8.413973298333334, 40.18656622 ], [ -8.413960451666666, 40.186561983333327 ], [ -8.413947765, 40.18655773166666 ], [ -8.413934798333333, 40.186553318333331 ], [ -8.413921948333334, 40.186549006666667 ], [ -8.413908896666667, 40.186544656666662 ], [ -8.413896053333334, 40.186540273333328 ], [ -8.41388329, 40.186535886666661 ], [ -8.41385733, 40.186557523333327 ], [ -8.413844818333335, 40.186553113333332 ], [ -8.413832391666666, 40.186548903333332 ], [ -8.41381989, 40.18654467333333 ], [ -8.413807475, 40.18654038 ], [ -8.413795081666667, 40.186536111666662 ], [ -8.413783088333334, 40.186531915 ], [ -8.413771021666667, 40.18652770833333 ], [ -8.41376638, 40.186509106666662 ], [ -8.413754478333333, 40.186505066666662 ], [ -8.413742511666667, 40.186501018333331 ], [ -8.413730776666666, 40.186496891666664 ], [ -8.413718976666667, 40.186492856666661 ], [ -8.413706988333333, 40.186488831666665 ], [ -8.413695301666667, 40.186483636666665 ], [ -8.41368345, 40.186479721666664 ], [ -8.413671748333334, 40.186475625 ], [ -8.41366005, 40.186471655 ], [ -8.413648466666666, 40.186467713333329 ], [ -8.413636998333335, 40.186463758333332 ], [ -8.413625615, 40.186459903333329 ], [ -8.413617488333333, 40.1864507 ], [ -8.413606196666667, 40.186447036666664 ], [ -8.413595201666666, 40.18644325 ], [ -8.413584485, 40.18643968833333 ], [ -8.413573913333334, 40.186436163333333 ], [ -8.413563466666668, 40.186432726666666 ], [ -8.413554038333334, 40.186429333333329 ], [ -8.413544318333333, 40.186426023333333 ], [ -8.413534771666667, 40.186422648333327 ], [ -8.413525435, 40.18641928 ], [ -8.41351642, 40.18641585 ], [ -8.41350744, 40.18641241 ], [ -8.413498751666667, 40.186408955 ], [ -8.413490278333335, 40.186405503333333 ], [ -8.4134821, 40.18640216 ], [ -8.413474181666666, 40.186398751666665 ], [ -8.413466133333333, 40.186396196666664 ], [ -8.413458908333334, 40.186392751666666 ], [ -8.413451896666666, 40.186389308333332 ], [ -8.413445198333333, 40.186385696666662 ], [ -8.413428146666668, 40.186401545 ], [ -8.413422063333334, 40.186397901666666 ], [ -8.413416216666667, 40.186394218333326 ], [ -8.413410761666666, 40.186390466666666 ], [ -8.413405633333333, 40.186386488333333 ], [ -8.413401013333333, 40.186382133333332 ], [ -8.413396661666667, 40.186377938333329 ], [ -8.413392871666668, 40.186373531666661 ], [ -8.413389541666668, 40.186369101666664 ], [ -8.413386351666666, 40.186364431666661 ], [ -8.41338374, 40.18635962 ], [ -8.413381638333334, 40.186354853333327 ], [ -8.413380136666667, 40.186350066666662 ], [ -8.413389903333334, 40.18632287 ], [ -8.413388508333334, 40.186317993333333 ], [ -8.413387268333334, 40.186313166666665 ], [ -8.413386038333334, 40.186308351666661 ], [ -8.413384733333334, 40.18630365 ], [ -8.413383358333334, 40.186299101666663 ], [ -8.41338209, 40.186294595 ], [ -8.413382281666667, 40.18629083166666 ], [ -8.413380906666667, 40.1862865 ], [ -8.413379413333333, 40.186281943333327 ], [ -8.41337774, 40.186277283333332 ], [ -8.41337575, 40.186272635 ], [ -8.413373561666667, 40.186267895 ], [ -8.41337187, 40.18626295 ], [ -8.413369131666666, 40.186258161666665 ], [ -8.413366223333334, 40.186253303333331 ], [ -8.413363058333333, 40.186248475 ], [ -8.413359403333335, 40.186243701666662 ], [ -8.413355196666666, 40.186239165 ], [ -8.413350958333334, 40.18623457333333 ], [ -8.41334649, 40.186230081666665 ], [ -8.413341316666667, 40.1862258 ], [ -8.413335686666667, 40.186221961666661 ], [ -8.413329665, 40.186218155 ], [ -8.413323703333333, 40.186214616666661 ], [ -8.4133173, 40.186212473333327 ], [ -8.41331135, 40.186209423333331 ], [ -8.413304835, 40.186207711666661 ], [ -8.413296746666667, 40.186205428333331 ], [ -8.413288988333333, 40.186203288333331 ], [ -8.413281683333334, 40.18620154 ], [ -8.413273383333333, 40.186200148333327 ], [ -8.413265728333334, 40.18619909 ], [ -8.413257448333333, 40.186198191666662 ], [ -8.413248861666666, 40.186197163333333 ], [ -8.4132403, 40.186196708333327 ], [ -8.413231556666666, 40.186196603333329 ], [ -8.413222646666666, 40.186196653333333 ], [ -8.413213663333334, 40.186196835 ], [ -8.41320453, 40.186197108333332 ], [ -8.413195188333333, 40.18619764 ], [ -8.413185788333333, 40.186198203333333 ], [ -8.413176233333333, 40.18619868333333 ], [ -8.413166603333334, 40.186199373333331 ], [ -8.413156751666667, 40.186199893333331 ], [ -8.413146586666667, 40.18620066166666 ], [ -8.4131363, 40.186201238333332 ], [ -8.413125515, 40.186201363333332 ], [ -8.413114421666666, 40.18620186166666 ], [ -8.413103175, 40.186202125 ], [ -8.413091445, 40.186202563333332 ], [ -8.413079671666667, 40.186202743333332 ], [ -8.413067653333334, 40.186202956666662 ], [ -8.413055205, 40.186203296666662 ], [ -8.413042843333333, 40.186203461666665 ], [ -8.4130303, 40.18620361833333 ], [ -8.413017545, 40.186203765 ], [ -8.413004718333333, 40.186203848333328 ], [ -8.412991685, 40.186203908333333 ], [ -8.41297872, 40.18620353 ], [ -8.412965671666667, 40.186203608333329 ], [ -8.412952498333334, 40.186203665 ], [ -8.412939423333334, 40.186203646666662 ], [ -8.412926216666667, 40.186203686666666 ], [ -8.412913061666668, 40.186203781666663 ], [ -8.412899865, 40.186203856666666 ], [ -8.412886845, 40.186203235 ], [ -8.412873621666668, 40.186203351666663 ], [ -8.41286038, 40.186203475 ], [ -8.412847175, 40.18620356 ], [ -8.412834061666667, 40.186203691666663 ], [ -8.41282093, 40.18620378 ], [ -8.41280785, 40.186203941666662 ], [ -8.412794875, 40.186204555 ], [ -8.412781796666668, 40.18620473 ], [ -8.412768835, 40.186204916666661 ], [ -8.412755828333333, 40.186205085 ], [ -8.412742931666667, 40.186205151666663 ], [ -8.412729968333334, 40.186205323333333 ], [ -8.412717116666666, 40.18620547 ], [ -8.412704326666667, 40.186205606666661 ], [ -8.412691453333334, 40.186205756666666 ], [ -8.412678711666667, 40.186205853333327 ], [ -8.412665981666667, 40.186206016666667 ], [ -8.41265333, 40.186206125 ], [ -8.412640755, 40.186206305 ], [ -8.41262814, 40.186206413333331 ], [ -8.412615595, 40.18620581 ], [ -8.41260304, 40.186205941666664 ], [ -8.41259047, 40.186205971666666 ], [ -8.41257796, 40.186206098333329 ], [ -8.41256538, 40.186206126666661 ], [ -8.412552871666668, 40.18620626 ], [ -8.412540526666668, 40.186206175 ], [ -8.412528033333334, 40.186206281666664 ], [ -8.412515593333334, 40.186206201666664 ], [ -8.412503121666667, 40.186206193333327 ], [ -8.412490721666668, 40.186206211666665 ], [ -8.412478341666667, 40.186206161666661 ], [ -8.412465928333333, 40.18620615 ], [ -8.412453546666667, 40.186205563333331 ], [ -8.412441196666666, 40.186205461666667 ], [ -8.412428775, 40.186205466666664 ], [ -8.412416498333334, 40.186205355 ], [ -8.412404183333333, 40.186205281666666 ], [ -8.41239189, 40.186205178333331 ], [ -8.412379666666666, 40.186205045 ], [ -8.412367365, 40.18620491 ], [ -8.412355095, 40.186204778333327 ], [ -8.412343031666667, 40.186204681666666 ], [ -8.41233079, 40.186204631666662 ], [ -8.412318728333334, 40.186204575 ], [ -8.41230667, 40.186204496666662 ], [ -8.412294711666666, 40.186203853333332 ], [ -8.412282718333334, 40.186203723333328 ], [ -8.412270845, 40.18620370666666 ], [ -8.412258905, 40.186203525 ], [ -8.412247063333334, 40.186203471666666 ], [ -8.41223536, 40.18620336666666 ], [ -8.412223651666666, 40.18620334 ], [ -8.412212098333333, 40.186203266666666 ], [ -8.412200495, 40.18620323 ], [ -8.412189046666667, 40.186202775 ], [ -8.412177718333334, 40.186202726666664 ], [ -8.412166593333334, 40.18620265 ], [ -8.412155578333333, 40.18620257 ], [ -8.41214458, 40.186202558333328 ], [ -8.412134071666667, 40.186201381666663 ], [ -8.41212336, 40.186201231666665 ], [ -8.412112778333334, 40.18620109 ], [ -8.412102273333334, 40.186200936666665 ], [ -8.412091995, 40.186200798333331 ], [ -8.412081746666667, 40.186200515 ], [ -8.412071781666667, 40.18620026833333 ], [ -8.412061773333333, 40.186199905 ], [ -8.41205183, 40.186199426666661 ], [ -8.412042001666666, 40.186198936666663 ], [ -8.412032356666668, 40.18619817 ], [ -8.412022738333334, 40.186197435 ], [ -8.412013288333334, 40.186196188333327 ], [ -8.412003943333334, 40.186195135 ], [ -8.411994641666666, 40.186194085 ], [ -8.411985438333334, 40.186192848333327 ], [ -8.411976373333333, 40.186191515 ], [ -8.411967363333334, 40.1861901 ], [ -8.411958355, 40.186188756666667 ], [ -8.411949923333333, 40.186185851666664 ], [ -8.411941073333333, 40.18618459 ], [ -8.41193226, 40.18618343 ], [ -8.411923471666666, 40.18618242 ], [ -8.41191478, 40.186181391666665 ], [ -8.411906176666667, 40.1861805 ], [ -8.411897546666667, 40.186179708333327 ], [ -8.411888958333334, 40.186178986666661 ], [ -8.411880526666668, 40.18617825 ], [ -8.411872355, 40.186177838333329 ], [ -8.411864251666668, 40.186177556666664 ], [ -8.411856311666668, 40.186177175 ], [ -8.411848915, 40.186176785 ], [ -8.411841766666667, 40.186176535 ], [ -8.41183504, 40.186176303333333 ], [ -8.411828666666667, 40.186176233333327 ], [ -8.411822623333334, 40.186176086666663 ], [ -8.411816998333334, 40.186176025 ], [ -8.4118117, 40.186175951666662 ], [ -8.411806808333333, 40.186175851666661 ], [ -8.411802255, 40.186175716666661 ], [ -8.41179812, 40.18617565 ], [ -8.41179439, 40.186175603333332 ], [ -8.411790938333334, 40.18617541166666 ], [ -8.411787855, 40.186175371666664 ], [ -8.41178511, 40.186175211666665 ], [ -8.411782653333333, 40.186175173333332 ], [ -8.411780626666667, 40.186175065 ], [ -8.411778928333334, 40.186174995 ], [ -8.411777613333333, 40.186174923333333 ], [ -8.411776648333333, 40.186174868333332 ], [ -8.411776031666667, 40.186174856666661 ], [ -8.411775768333333, 40.186174815 ], [ -8.411775848333333, 40.186174795 ], [ -8.41177581, 40.186174825 ], [ -8.411775845, 40.186174798333333 ], [ -8.411775818333334, 40.18617486 ], [ -8.41177586, 40.18617483 ], [ -8.411775848333333, 40.186174816666664 ], [ -8.411775843333334, 40.18617482 ], [ -8.411775836666667, 40.186174838333329 ], [ -8.411775833333333, 40.186174843333333 ], [ -8.411775826666666, 40.186174865 ], [ -8.411775835, 40.186174828333328 ], [ -8.411775851666667, 40.186174856666661 ], [ -8.411775856666667, 40.186174885 ], [ -8.411775835, 40.186174863333328 ], [ -8.411775845, 40.186174865 ], [ -8.411775838333334, 40.186174863333328 ], [ -8.411775856666667, 40.18617484833333 ], [ -8.411775856666667, 40.186174833333332 ], [ -8.411775835, 40.186174868333332 ], [ -8.411775826666666, 40.186174883333329 ], [ -8.411775821666668, 40.186174871666665 ], [ -8.411775841666667, 40.186174875 ], [ -8.41177584, 40.18617486 ], [ -8.411775828333333, 40.186174871666665 ], [ -8.411775835, 40.186174875 ], [ -8.411775818333334, 40.186174905 ], [ -8.411775831666667, 40.186174858333331 ], [ -8.411775826666666, 40.18617487 ], [ -8.411775951666668, 40.186174795 ], [ -8.411775648333334, 40.186175585 ], [ -8.411775656666666, 40.186175588333327 ], [ -8.41177566, 40.186175591666661 ], [ -8.411775678333333, 40.18617559 ], [ -8.411775678333333, 40.18617557 ], [ -8.411775521666668, 40.186175871666663 ], [ -8.41177551, 40.186175858333328 ], [ -8.411775508333333, 40.186175865 ], [ -8.411775511666667, 40.18617585 ], [ -8.411775491666667, 40.186175865 ], [ -8.411775498333334, 40.18617585 ], [ -8.411775495, 40.186175866666666 ], [ -8.411775501666668, 40.186175861666662 ], [ -8.411775505, 40.18617586 ], [ -8.411775298333334, 40.186175748333334 ], [ -8.41177532, 40.18617575 ], [ -8.411775318333333, 40.186175756666664 ], [ -8.411775315, 40.186175758333327 ], [ -8.411775301666667, 40.186175721666665 ], [ -8.411775085, 40.186176063333328 ], [ -8.411775071666668, 40.18617608 ], [ -8.411775046666667, 40.18617608 ], [ -8.411775063333334, 40.186176063333328 ], [ -8.411775073333335, 40.18617607 ], [ -8.41177506, 40.18617608 ], [ -8.4117749, 40.186175983333328 ], [ -8.411774943333334, 40.186175975 ], [ -8.411774908333333, 40.186175978333331 ], [ -8.41177493, 40.186175998333333 ], [ -8.411774916666667, 40.186175998333333 ], [ -8.411774905, 40.186175975 ], [ -8.411774956666667, 40.186175945 ], [ -8.411774858333334, 40.186175766666665 ], [ -8.411774841666666, 40.186175783333333 ], [ -8.411774858333334, 40.186175758333327 ], [ -8.411774845, 40.186175765 ], [ -8.411774858333334, 40.186175763333331 ], [ -8.41177488, 40.186175758333327 ], [ -8.411774863333333, 40.18617579 ], [ -8.411774721666667, 40.186175838333327 ], [ -8.411774723333334, 40.186175828333333 ], [ -8.411774716666667, 40.186175845 ], [ -8.411774721666667, 40.18617583 ], [ -8.411774711666666, 40.186175853333332 ], [ -8.411774726666668, 40.186175835 ], [ -8.411774595, 40.186175766666665 ], [ -8.411774616666667, 40.186175758333327 ], [ -8.411774593333334, 40.18617575333333 ], [ -8.411774598333334, 40.186175756666664 ], [ -8.411774598333334, 40.186175756666664 ], [ -8.411774598333334, 40.186175748333334 ], [ -8.411774525, 40.18617587833333 ], [ -8.411774545, 40.18617587 ], [ -8.41177451, 40.186175856666665 ], [ -8.411774545, 40.186175856666665 ], [ -8.411774536666668, 40.186175863333332 ], [ -8.411774558333335, 40.186175868333329 ], [ -8.411774556666668, 40.186175855 ], [ -8.411774383333334, 40.18617587 ], [ -8.411774403333334, 40.186175875 ], [ -8.411774408333335, 40.186175863333332 ], [ -8.411774385, 40.186175855 ], [ -8.411774413333333, 40.186175855 ], [ -8.411774411666666, 40.186175848333328 ], [ -8.411774418333334, 40.18617588 ], [ -8.4117743, 40.186176025 ], [ -8.411774286666667, 40.186176018333327 ], [ -8.41177433, 40.186176035 ], [ -8.411774315, 40.186176038333329 ], [ -8.411774305, 40.186176038333329 ], [ -8.411774291666667, 40.186176061666664 ], [ -8.411774236666668, 40.186175985 ], [ -8.411774268333334, 40.186175971666664 ], [ -8.411774253333334, 40.186175981666665 ], [ -8.411774253333334, 40.186175976666661 ], [ -8.411774251666667, 40.186175988333332 ], [ -8.411774263333333, 40.186175996666663 ], [ -8.411774245, 40.186176008333327 ], [ -8.411774203333334, 40.186176026666665 ], [ -8.411774186666667, 40.186176031666662 ], [ -8.411774206666667, 40.18617604833333 ], [ -8.411774201666667, 40.186176038333329 ], [ -8.4117742, 40.18617606 ], [ -8.411774163333334, 40.186176066666661 ], [ -8.411774163333334, 40.186176026666665 ], [ -8.411774076666667, 40.18617592333333 ], [ -8.411774086666666, 40.186175906666662 ], [ -8.411774086666666, 40.186175933333331 ], [ -8.411774091666667, 40.186175911666666 ], [ -8.411774045, 40.186175938333328 ], [ -8.411774061666668, 40.186175906666662 ], [ -8.411773993333334, 40.186176035 ], [ -8.411773965, 40.186176036666666 ], [ -8.411773968333334, 40.186176026666665 ], [ -8.411773975, 40.186176025 ], [ -8.411773985, 40.186176031666662 ], [ -8.411773961666666, 40.186176033333332 ], [ -8.411774021666668, 40.186175986666662 ], [ -8.411773873333333, 40.186176086666663 ], [ -8.411773871666668, 40.186176111666661 ], [ -8.411773886666667, 40.186176103333331 ], [ -8.41177389, 40.18617611 ], [ -8.411773863333334, 40.186176103333331 ], [ -8.411773878333333, 40.186176086666663 ], [ -8.411773833333333, 40.18617609 ], [ -8.411773838333334, 40.186176095 ], [ -8.41177382, 40.186176105 ], [ -8.411773815, 40.18617609333333 ], [ -8.411773808333333, 40.186176086666663 ], [ -8.411773818333334, 40.18617609333333 ], [ -8.411773828333335, 40.1861761 ], [ -8.411773825, 40.186176036666666 ], [ -8.411773838333334, 40.186176038333329 ], [ -8.411773828333335, 40.186176036666666 ], [ -8.411773831666666, 40.186176035 ], [ -8.411773828333335, 40.186176045 ], [ -8.411773818333334, 40.18617604 ], [ -8.411773811666666, 40.186176068333332 ], [ -8.41177382, 40.18617605 ], [ -8.411773801666667, 40.18617605 ], [ -8.411773811666666, 40.186176043333333 ], [ -8.411773813333333, 40.186176046666667 ], [ -8.411773795, 40.186176061666664 ], [ -8.41177382, 40.186176055 ], [ -8.411773755, 40.186176085 ], [ -8.411773838333334, 40.18617611 ], [ -8.411773823333334, 40.18617609 ], [ -8.41177383, 40.18617612 ], [ -8.411773838333334, 40.186176108333328 ], [ -8.411773828333335, 40.18617612 ], [ -8.411773873333333, 40.18617611 ], [ -8.411773873333333, 40.186176041666663 ], [ -8.411773886666667, 40.186176016666664 ], [ -8.411773893333333, 40.186176025 ], [ -8.411773875, 40.186176043333333 ], [ -8.411773861666667, 40.186176041666663 ], [ -8.41177388, 40.186176085 ], [ -8.411773933333334, 40.18617604 ], [ -8.411773933333334, 40.18617601 ], [ -8.411773886666667, 40.18617601166666 ], [ -8.411773926666667, 40.186175976666661 ], [ -8.41177394, 40.186175998333333 ], [ -8.411773938333333, 40.18617594 ], [ -8.411773948333334, 40.186175961666663 ], [ -8.411773895, 40.186175931666661 ], [ -8.411773906666667, 40.186175908333333 ], [ -8.411773946666667, 40.18617595 ], [ -8.411773946666667, 40.186175928333327 ], [ -8.411773965, 40.186175881666664 ], [ -8.411773901666667, 40.186175911666666 ], [ -8.41177392, 40.186175893333328 ], [ -8.411773983333333, 40.186175723333328 ], [ -8.411774033333334, 40.186175703333333 ], [ -8.411774021666668, 40.18617570833333 ], [ -8.411774018333334, 40.18617571 ], [ -8.41177404, 40.186175698333329 ], [ -8.411774055, 40.186175686666665 ], [ -8.411774018333334, 40.186175728333332 ], [ -8.411773901666667, 40.186175588333327 ], [ -8.411773918333333, 40.186175588333327 ], [ -8.411773915, 40.186175578333327 ], [ -8.41177391, 40.186175591666661 ], [ -8.411773893333333, 40.18617558 ], [ -8.41177392, 40.18617557333333 ], [ -8.41177376, 40.186175541666664 ], [ -8.411773765, 40.18617553 ], [ -8.411773766666666, 40.186175543333327 ], [ -8.41177376, 40.186175543333327 ], [ -8.411773765, 40.186175541666664 ], [ -8.411773773333334, 40.186175543333327 ], [ -8.411773761666668, 40.18617554 ], [ -8.411773571666666, 40.186175515 ], [ -8.411773565, 40.186175523333333 ], [ -8.411773566666668, 40.18617553833333 ], [ -8.41177359, 40.186175525 ], [ -8.411773578333333, 40.186175505 ], [ -8.411773568333334, 40.186175515 ], [ -8.411773526666668, 40.186175531666663 ], [ -8.411773393333334, 40.186175398333333 ], [ -8.411773403333333, 40.186175391666666 ], [ -8.411773415, 40.18617539 ], [ -8.411773426666667, 40.18617538 ], [ -8.411773393333334, 40.186175401666667 ], [ -8.41177343, 40.186175388333332 ], [ -8.411773285, 40.186175291666665 ], [ -8.411773296666667, 40.186175303333329 ], [ -8.411773283333334, 40.186175305 ], [ -8.411773268333334, 40.18617531 ], [ -8.411773275, 40.186175306666662 ], [ -8.41177328, 40.186175306666662 ], [ -8.411773235, 40.18617531 ], [ -8.411773151666667, 40.186175291666665 ], [ -8.411773165, 40.186175296666661 ], [ -8.411773161666668, 40.186175296666661 ], [ -8.411773153333334, 40.186175273333333 ], [ -8.411773153333334, 40.186175303333329 ], [ -8.411773133333334, 40.18617532166666 ], [ -8.411773145, 40.1861753 ], [ -8.41177306, 40.18617532333333 ], [ -8.41177306, 40.186175346666666 ], [ -8.411773038333333, 40.186175308333333 ], [ -8.411773033333334, 40.18617532166666 ], [ -8.411773033333334, 40.18617531 ], [ -8.411773056666666, 40.186175325 ], [ -8.411773, 40.18617521 ], [ -8.411773043333334, 40.186175215 ] ] } }
]
}
