{
  "type": "FeatureCollection",
  "features": [
    {
      "type": "Feature",
      "geometry": {
        "type": "Point",
        "coordinates": [
          -6.28549200005001,
          41.5061799997754
        ]
      },
      "properties": {
        "id": "20260051937",
        "DISTRITO": "Bragança",
        "TIPO": "Florestal",
        "ANO": 2026.0,
        "AREAPOV": 0.0,
        "AREAMATO": 5.0,
        "AREAAGRIC": 0.0,
        "AREATOTAL": 5.0,
        "REACENDIMENTOS": 0.0,
        "QUEIMADA": 0.0,
        "FALSOALARME": 0.0,
        "FOGACHO": 0.0,
        "INCENDIO": 1.0,
        "AGRICOLA": 0.0,
        "NCCO": 20260051937.0,
        "NOMECCO": 0.0,
        "DATAALERTA": "11-01-2026",
        "HORAALERTA": "17:28",
        "LOCAL": "N218 (EN218 (EN218) Km 82)",
        "CONCELHO": "Miranda do Douro",
        "FREGUESIA": "Miranda do Douro",
        "FONTEALERTA": 112.0,
        "INE": 40608.0,
        "X": 354261.0,
        "Y": 505742.0,
        "DIA": 11.0,
        "MES": 1.0,
        "HORA": 17.0,
        "OPERADOR": "sigo",
        "PERIMETRO": null,
        "APS": "Douro Internacional",
        "CAUSA": null,
        "TIPOCAUSA": null,
        "DHINICIO": "11-01-2026 17:28:00",
        "DHFIM": "11-01-2026 20:15:00",
        "DURACAO": 167.0,
        "HAHORA": 2.5,
        "DATAEXTINCAO": "11-01-2026",
        "HORAEXTINCAO": "20:15",
        "DATA1INTERVENCAO": "11-01-2026",
        "HORA1INTERVENCAO": "17:40",
        "QUEIMA": 0.0,
        "CAUSAFAMILIA": null,
        "TEMPERATURA": 13.4642581939697,
        "HUMIDADERELATIVA": 83.9586181640625,
        "VENTOINTENSIDADE": 2.97276139259338,
        "VENTOINTENSIDADE_VETOR": null,
        "VENTODIRECAO_VETOR": null,
        "PRECEPITACAO": 0.0,
        "FFMC": null,
        "DMC": null,
        "DC": null,
        "ISI": null,
        "BUI": null,
        "FWI": null,
        "DSR": null,
        "THC": null,
        "MODFARSITE": null,
        "ALTITUDEMEDIA": 669.368,
        "DECLIVEMEDIO": 9.61042,
        "HORASEXPOSICAOMEDIA": null,
        "DENDIDADERV": 85.0874,
        "COSN5VARIEDADE": 19.91,
        "AREAMANCHAMODFARSITE": null,
        "AREASFICHEIROS_GNR": null,
        "AREASFICHEIROS_GTF": null,
        "FICHEIROIMAGEM_GNR": null,
        "AREASFICHEIROSHP_GTF": null,
        "AREASFICHEIROSHPXML_GTF": null,
        "AREASFICHEIRODBF_GTF": null,
        "AREASFICHEIROPRJ_GTF": null,
        "AREASFICHEIROSBN_GTF": null,
        "AREASFICHEIROSBX_GTF": null,
        "AREASFICHEIROSHX_GTF": null,
        "AREASFICHEIROZIP_SAA": null
      }
    },
    {
      "type": "Feature",
      "geometry": {
        "type": "Point",
        "coordinates": [
          -8.68200000021193,
          39.9525800000297
        ]
      },
      "properties": {
        "id": "20260162015",
        "DISTRITO": "Leiria",
        "TIPO": "Florestal",
        "ANO": 2026.0,
        "AREAPOV": 0.0,
        "AREAMATO": 0.0,
        "AREAAGRIC": 0.0,
        "AREATOTAL": 0.0,
        "REACENDIMENTOS": 0.0,
        "QUEIMADA": 0.0,
        "FALSOALARME": 0.0,
        "FOGACHO": 1.0,
        "INCENDIO": 0.0,
        "AGRICOLA": 0.0,
        "NCCO": 20260162015.0,
        "NOMECCO": 1.0,
        "DATAALERTA": "31-01-2026",
        "HORAALERTA": "18:27",
        "LOCAL": "Assanha da Paz. Pombal. Portugal (IC8 (EN237) Km 16)",
        "CONCELHO": "Pombal",
        "FREGUESIA": "Almagreira",
        "FONTEALERTA": 112.0,
        "INE": 101503.0,
        "X": 153095.0,
        "Y": 331713.0,
        "DIA": 31.0,
        "MES": 1.0,
        "HORA": 18.0,
        "OPERADOR": "sigo",
        "PERIMETRO": null,
        "APS": null,
        "CAUSA": null,
        "TIPOCAUSA": null,
        "DHINICIO": "31-01-2026 18:27:00",
        "DHFIM": "31-01-2026 19:20:00",
        "DURACAO": 53.0,
        "HAHORA": 0.0,
        "DATAEXTINCAO": "31-01-2026",
        "HORAEXTINCAO": "19:20",
        "DATA1INTERVENCAO": "31-01-2026",
        "HORA1INTERVENCAO": "19:11",
        "QUEIMA": 0.0,
        "CAUSAFAMILIA": null,
        "TEMPERATURA": 11.6000003814697,
        "HUMIDADERELATIVA": 74.3637542724609,
        "VENTOINTENSIDADE": 5.32797145843506,
        "VENTOINTENSIDADE_VETOR": null,
        "VENTODIRECAO_VETOR": null,
        "PRECEPITACAO": -0.0009765625,
        "FFMC": null,
        "DMC": null,
        "DC": null,
        "ISI": null,
        "BUI": null,
        "FWI": null,
        "DSR": null,
        "THC": null,
        "MODFARSITE": null,
        "ALTITUDEMEDIA": 87.725,
        "DECLIVEMEDIO": 8.99574,
        "HORASEXPOSICAOMEDIA": null,
        "DENDIDADERV": 256.618,
        "COSN5VARIEDADE": 14.97,
        "AREAMANCHAMODFARSITE": null,
        "AREASFICHEIROS_GNR": null,
        "AREASFICHEIROS_GTF": null,
        "FICHEIROIMAGEM_GNR": null,
        "AREASFICHEIROSHP_GTF": null,
        "AREASFICHEIROSHPXML_GTF": null,
        "AREASFICHEIRODBF_GTF": null,
        "AREASFICHEIROPRJ_GTF": null,
        "AREASFICHEIROSBN_GTF": null,
        "AREASFICHEIROSBX_GTF": null,
        "AREASFICHEIROSHX_GTF": null,
        "AREASFICHEIROZIP_SAA": null
      }
    },
    {
      "type": "Feature",
      "geometry": {
        "type": "Point",
        "coordinates": [
          -8.85381899992625,
          39.7155499998728
        ]
      },
      "properties": {
        "id": "20260162271",
        "DISTRITO": "Leiria",
        "TIPO": "Florestal",
        "ANO": 2026.0,
        "AREAPOV": 0.0,
        "AREAMATO": 0.0,
        "AREAAGRIC": 0.0,
        "AREATOTAL": 0.0,
        "REACENDIMENTOS": 0.0,
        "QUEIMADA": 0.0,
        "FALSOALARME": 0.0,
        "FOGACHO": 1.0,
        "INCENDIO": 0.0,
        "AGRICOLA": 0.0,
        "NCCO": 20260162271.0,
        "NOMECCO": 1.0,
        "DATAALERTA": "31-01-2026",
        "HORAALERTA": "19:21",
        "LOCAL": "Rua do Penedo (Pernelhas)",
        "CONCELHO": "Leiria",
        "FREGUESIA": "Parceiros",
        "FONTEALERTA": "Autarquias",
        "INE": 100919.0,
        "X": 138200.0,
        "Y": 305499.0,
        "DIA": 31.0,
        "MES": 1.0,
        "HORA": 19.0,
        "OPERADOR": "sigo",
        "PERIMETRO": null,
        "APS": null,
        "CAUSA": null,
        "TIPOCAUSA": null,
        "DHINICIO": "31-01-2026 19:21:00",
        "DHFIM": "31-01-2026 19:46:00",
        "DURACAO": 25.0,
        "HAHORA": 0.0,
        "DATAEXTINCAO": "31-01-2026",
        "HORAEXTINCAO": "19:46",
        "DATA1INTERVENCAO": "31-01-2026",
        "HORA1INTERVENCAO": "19:30",
        "QUEIMA": 0.0,
        "CAUSAFAMILIA": null,
        "TEMPERATURA": 10.9276371002197,
        "HUMIDADERELATIVA": 78.5441284179688,
        "VENTOINTENSIDADE": 3.37973761558533,
        "VENTOINTENSIDADE_VETOR": null,
        "VENTODIRECAO_VETOR": null,
        "PRECEPITACAO": 0.0,
        "FFMC": null,
        "DMC": null,
        "DC": null,
        "ISI": null,
        "BUI": null,
        "FWI": null,
        "DSR": null,
        "THC": null,
        "MODFARSITE": 232.0,
        "ALTITUDEMEDIA": 113.222,
        "DECLIVEMEDIO": 10.4427,
        "HORASEXPOSICAOMEDIA": null,
        "DENDIDADERV": 423.737,
        "COSN5VARIEDADE": 21.66,
        "AREAMANCHAMODFARSITE": 3.29886,
        "AREASFICHEIROS_GNR": null,
        "AREASFICHEIROS_GTF": null,
        "FICHEIROIMAGEM_GNR": null,
        "AREASFICHEIROSHP_GTF": null,
        "AREASFICHEIROSHPXML_GTF": null,
        "AREASFICHEIRODBF_GTF": null,
        "AREASFICHEIROPRJ_GTF": null,
        "AREASFICHEIROSBN_GTF": null,
        "AREASFICHEIROSBX_GTF": null,
        "AREASFICHEIROSHX_GTF": null,
        "AREASFICHEIROZIP_SAA": null
      }
    },
    {
      "type": "Feature",
      "geometry": {
        "type": "Point",
        "coordinates": [
          -8.84585700035095,
          39.8479919995202
        ]
      },
      "properties": {
        "id": "20260181129",
        "DISTRITO": "Leiria",
        "TIPO": "Florestal",
        "ANO": 2026.0,
        "AREAPOV": 0.0,
        "AREAMATO": 0.0,
        "AREAAGRIC": 0.0,
        "AREATOTAL": 0.0,
        "REACENDIMENTOS": 0.0,
        "QUEIMADA": 0.0,
        "FALSOALARME": 0.0,
        "FOGACHO": 1.0,
        "INCENDIO": 0.0,
        "AGRICOLA": 0.0,
        "NCCO": 20260181129.0,
        "NOMECCO": 1.0,
        "DATAALERTA": "30-01-2026",
        "HORAALERTA": "00:05",
        "LOCAL": "Várzeas (Ribeira das Várzeas)",
        "CONCELHO": "Leiria",
        "FREGUESIA": "Souto de Carpalhosa",
        "FONTEALERTA": "Bombeiros",
        "INE": 100924.0,
        "X": 139000.0,
        "Y": 320199.0,
        "DIA": 30.0,
        "MES": 1.0,
        "HORA": 0.0,
        "OPERADOR": "sigo",
        "PERIMETRO": null,
        "APS": null,
        "CAUSA": null,
        "TIPOCAUSA": null,
        "DHINICIO": "30-01-2026 00:05:00",
        "DHFIM": "30-01-2026 00:40:00",
        "DURACAO": 35.0,
        "HAHORA": 0.0,
        "DATAEXTINCAO": "30-01-2026",
        "HORAEXTINCAO": "00:40",
        "DATA1INTERVENCAO": "30-01-2026",
        "HORA1INTERVENCAO": "00:15",
        "QUEIMA": 0.0,
        "CAUSAFAMILIA": null,
        "TEMPERATURA": 13.7113285064697,
        "HUMIDADERELATIVA": 95.8685455322266,
        "VENTOINTENSIDADE": 6.57761478424072,
        "VENTOINTENSIDADE_VETOR": null,
        "VENTODIRECAO_VETOR": null,
        "PRECEPITACAO": -0.00390625,
        "FFMC": null,
        "DMC": null,
        "DC": null,
        "ISI": null,
        "BUI": null,
        "FWI": null,
        "DSR": null,
        "THC": null,
        "MODFARSITE": 232.0,
        "ALTITUDEMEDIA": 25.6156,
        "DECLIVEMEDIO": 7.15229,
        "HORASEXPOSICAOMEDIA": null,
        "DENDIDADERV": 292.248,
        "COSN5VARIEDADE": 22.71,
        "AREAMANCHAMODFARSITE": 104.664,
        "AREASFICHEIROS_GNR": null,
        "AREASFICHEIROS_GTF": null,
        "FICHEIROIMAGEM_GNR": null,
        "AREASFICHEIROSHP_GTF": null,
        "AREASFICHEIROSHPXML_GTF": null,
        "AREASFICHEIRODBF_GTF": null,
        "AREASFICHEIROPRJ_GTF": null,
        "AREASFICHEIROSBN_GTF": null,
        "AREASFICHEIROSBX_GTF": null,
        "AREASFICHEIROSHX_GTF": null,
        "AREASFICHEIROZIP_SAA": null
      }
    },
    {
      "type": "Feature",
      "geometry": {
        "type": "Point",
        "coordinates": [
          -9.04498700035943,
          39.4431059996287
        ]
      },
      "properties": {
        "id": "20260259658",
        "DISTRITO": "Leiria",
        "TIPO": "Florestal",
        "ANO": 2026.0,
        "AREAPOV": 0.0,
        "AREAMATO": 0.0001,
        "AREAAGRIC": 0.0,
        "AREATOTAL": 0.0001,
        "REACENDIMENTOS": 0.0,
        "QUEIMADA": 0.0,
        "FALSOALARME": 0.0,
        "FOGACHO": 1.0,
        "INCENDIO": 0.0,
        "AGRICOLA": 0.0,
        "NCCO": 20260259658.0,
        "NOMECCO": 2.0,
        "DATAALERTA": "16-02-2026",
        "HORAALERTA": "16:19",
        "LOCAL": "Rua do Pedrogão (CARVALHAL BENFEITO)",
        "CONCELHO": "Caldas da Rainha",
        "FREGUESIA": "Carvalhal Benfeito",
        "FONTEALERTA": "Populares",
        "INE": 100604.0,
        "X": 121500.0,
        "Y": 275400.0,
        "DIA": 16.0,
        "MES": 2.0,
        "HORA": 16.0,
        "OPERADOR": "sigo",
        "PERIMETRO": null,
        "APS": null,
        "CAUSA": null,
        "TIPOCAUSA": null,
        "DHINICIO": "16-02-2026 16:19:00",
        "DHFIM": "16-02-2026 18:06:00",
        "DURACAO": 107.0,
        "HAHORA": 0.0001,
        "DATAEXTINCAO": "16-02-2026",
        "HORAEXTINCAO": "18:06",
        "DATA1INTERVENCAO": "16-02-2026",
        "HORA1INTERVENCAO": "16:39",
        "QUEIMA": 0.0,
        "CAUSAFAMILIA": null,
        "TEMPERATURA": 14.9056644439697,
        "HUMIDADERELATIVA": 77.4053344726563,
        "VENTOINTENSIDADE": 10.0726356506348,
        "VENTOINTENSIDADE_VETOR": null,
        "VENTODIRECAO_VETOR": null,
        "PRECEPITACAO": 0.0,
        "FFMC": null,
        "DMC": null,
        "DC": null,
        "ISI": null,
        "BUI": null,
        "FWI": null,
        "DSR": null,
        "THC": null,
        "MODFARSITE": null,
        "ALTITUDEMEDIA": 75.8938,
        "DECLIVEMEDIO": 18.1264,
        "HORASEXPOSICAOMEDIA": null,
        "DENDIDADERV": 289.631,
        "COSN5VARIEDADE": 20.61,
        "AREAMANCHAMODFARSITE": null,
        "AREASFICHEIROS_GNR": null,
        "AREASFICHEIROS_GTF": null,
        "FICHEIROIMAGEM_GNR": null,
        "AREASFICHEIROSHP_GTF": null,
        "AREASFICHEIROSHPXML_GTF": null,
        "AREASFICHEIRODBF_GTF": null,
        "AREASFICHEIROPRJ_GTF": null,
        "AREASFICHEIROSBN_GTF": null,
        "AREASFICHEIROSBX_GTF": null,
        "AREASFICHEIROSHX_GTF": null,
        "AREASFICHEIROZIP_SAA": null
      }
    },
    {
      "type": "Feature",
      "geometry": {
        "type": "Point",
        "coordinates": [
          -7.86339200019836,
          41.7468590005239
        ]
      },
      "properties": {
        "id": "20260288724",
        "DISTRITO": "Vila Real",
        "TIPO": "Florestal",
        "ANO": 2026.0,
        "AREAPOV": 0.0,
        "AREAMATO": 0.01,
        "AREAAGRIC": 0.0,
        "AREATOTAL": 0.01,
        "REACENDIMENTOS": 0.0,
        "QUEIMADA": 0.0,
        "FALSOALARME": 0.0,
        "FOGACHO": 1.0,
        "INCENDIO": 0.0,
        "AGRICOLA": 0.0,
        "NCCO": 20260288724.0,
        "NOMECCO": 2.0,
        "DATAALERTA": "22-02-2026",
        "HORAALERTA": "16:20",
        "LOCAL": "Parafita (Alto do Pidante)",
        "CONCELHO": "Montalegre",
        "FREGUESIA": "Viade de Baixo",
        "FONTEALERTA": "Outros",
        "INE": 170634.0,
        "X": 222437.0,
        "Y": 530862.0,
        "DIA": 22.0,
        "MES": 2.0,
        "HORA": 16.0,
        "OPERADOR": "sigo",
        "PERIMETRO": null,
        "APS": null,
        "CAUSA": null,
        "TIPOCAUSA": null,
        "DHINICIO": "22-02-2026 16:20:00",
        "DHFIM": "22-02-2026 17:35:00",
        "DURACAO": 75.0,
        "HAHORA": 0.01,
        "DATAEXTINCAO": "22-02-2026",
        "HORAEXTINCAO": "17:35",
        "DATA1INTERVENCAO": "22-02-2026",
        "HORA1INTERVENCAO": "16:45",
        "QUEIMA": 0.0,
        "CAUSAFAMILIA": null,
        "TEMPERATURA": 18.6129398345947,
        "HUMIDADERELATIVA": 49.6545562744141,
        "VENTOINTENSIDADE": 6.73957109451294,
        "VENTOINTENSIDADE_VETOR": null,
        "VENTODIRECAO_VETOR": null,
        "PRECEPITACAO": 0.0,
        "FFMC": null,
        "DMC": null,
        "DC": null,
        "ISI": null,
        "BUI": null,
        "FWI": null,
        "DSR": null,
        "THC": null,
        "MODFARSITE": null,
        "ALTITUDEMEDIA": 867.463,
        "DECLIVEMEDIO": 9.32783,
        "HORASEXPOSICAOMEDIA": null,
        "DENDIDADERV": 150.654,
        "COSN5VARIEDADE": 14.63,
        "AREAMANCHAMODFARSITE": null,
        "AREASFICHEIROS_GNR": null,
        "AREASFICHEIROS_GTF": null,
        "FICHEIROIMAGEM_GNR": null,
        "AREASFICHEIROSHP_GTF": null,
        "AREASFICHEIROSHPXML_GTF": null,
        "AREASFICHEIRODBF_GTF": null,
        "AREASFICHEIROPRJ_GTF": null,
        "AREASFICHEIROSBN_GTF": null,
        "AREASFICHEIROSBX_GTF": null,
        "AREASFICHEIROSHX_GTF": null,
        "AREASFICHEIROZIP_SAA": null
      }
    },
    {
      "type": "Feature",
      "geometry": {
        "type": "Point",
        "coordinates": [
          -7.93015000025431,
          41.7907899999619
        ]
      },
      "properties": {
        "id": "20260289000",
        "DISTRITO": "Vila Real",
        "TIPO": "Florestal",
        "ANO": 2026.0,
        "AREAPOV": 0.0,
        "AREAMATO": 0.0,
        "AREAAGRIC": 0.0,
        "AREATOTAL": 0.0,
        "REACENDIMENTOS": 0.0,
        "QUEIMADA": 0.0,
        "FALSOALARME": 0.0,
        "FOGACHO": 1.0,
        "INCENDIO": 0.0,
        "AGRICOLA": 0.0,
        "NCCO": 20260289000.0,
        "NOMECCO": 2.0,
        "DATAALERTA": "22-02-2026",
        "HORAALERTA": "17:37",
        "LOCAL": "LatLong(41.79079000.-7.93015000) - N308-5. 5470 Montalegre. Portugal (Retorta)",
        "CONCELHO": "Montalegre",
        "FREGUESIA": "Covelães",
        "FONTEALERTA": 112.0,
        "INE": 170606.0,
        "X": 216873.0,
        "Y": 535726.0,
        "DIA": 22.0,
        "MES": 2.0,
        "HORA": 17.0,
        "OPERADOR": "sigo",
        "PERIMETRO": "PNPG Baldios cogeridos",
        "APS": "Peneda-Geres",
        "CAUSA": null,
        "TIPOCAUSA": null,
        "DHINICIO": "22-02-2026 17:37:00",
        "DHFIM": "22-02-2026 17:56:00",
        "DURACAO": 19.0,
        "HAHORA": 0.0,
        "DATAEXTINCAO": "22-02-2026",
        "HORAEXTINCAO": "17:56",
        "DATA1INTERVENCAO": null,
        "HORA1INTERVENCAO": null,
        "QUEIMA": 0.0,
        "CAUSAFAMILIA": null,
        "TEMPERATURA": 17.8297367095947,
        "HUMIDADERELATIVA": 59.9824600219727,
        "VENTOINTENSIDADE": 4.9054651260376,
        "VENTOINTENSIDADE_VETOR": null,
        "VENTODIRECAO_VETOR": null,
        "PRECEPITACAO": 0.0,
        "FFMC": null,
        "DMC": null,
        "DC": null,
        "ISI": null,
        "BUI": null,
        "FWI": null,
        "DSR": null,
        "THC": null,
        "MODFARSITE": 232.0,
        "ALTITUDEMEDIA": 903.125,
        "DECLIVEMEDIO": 19.9434,
        "HORASEXPOSICAOMEDIA": null,
        "DENDIDADERV": 127.333,
        "COSN5VARIEDADE": 17.11,
        "AREAMANCHAMODFARSITE": 27.0581,
        "AREASFICHEIROS_GNR": null,
        "AREASFICHEIROS_GTF": null,
        "FICHEIROIMAGEM_GNR": null,
        "AREASFICHEIROSHP_GTF": null,
        "AREASFICHEIROSHPXML_GTF": null,
        "AREASFICHEIRODBF_GTF": null,
        "AREASFICHEIROPRJ_GTF": null,
        "AREASFICHEIROSBN_GTF": null,
        "AREASFICHEIROSBX_GTF": null,
        "AREASFICHEIROSHX_GTF": null,
        "AREASFICHEIROZIP_SAA": null
      }
    },
    {
      "type": "Feature",
      "geometry": {
        "type": "Point",
        "coordinates": [
          -8.31220300038656,
          41.6606430000729
        ]
      },
      "properties": {
        "id": "20260291710",
        "DISTRITO": "Braga",
        "TIPO": "Florestal",
        "ANO": 2026.0,
        "AREAPOV": 0.0,
        "AREAMATO": 0.02,
        "AREAAGRIC": 0.0,
        "AREATOTAL": 0.02,
        "REACENDIMENTOS": 0.0,
        "QUEIMADA": 0.0,
        "FALSOALARME": 0.0,
        "FOGACHO": 1.0,
        "INCENDIO": 0.0,
        "AGRICOLA": 0.0,
        "NCCO": 20260291710.0,
        "NOMECCO": 2.0,
        "DATAALERTA": "23-02-2026",
        "HORAALERTA": "10:35",
        "LOCAL": "Rua Igreja (Igreja)",
        "CONCELHO": "Amares",
        "FREGUESIA": "Goães",
        "FONTEALERTA": "Bombeiros",
        "INE": 30112.0,
        "X": 185085.0,
        "Y": 521267.0,
        "DIA": 23.0,
        "MES": 2.0,
        "HORA": 10.0,
        "OPERADOR": "sigo",
        "PERIMETRO": null,
        "APS": null,
        "CAUSA": null,
        "TIPOCAUSA": null,
        "DHINICIO": "23-02-2026 10:35:00",
        "DHFIM": "23-02-2026 11:24:00",
        "DURACAO": 49.0,
        "HAHORA": 0.02,
        "DATAEXTINCAO": "23-02-2026",
        "HORAEXTINCAO": "11:24",
        "DATA1INTERVENCAO": "23-02-2026",
        "HORA1INTERVENCAO": "10:50",
        "QUEIMA": 0.0,
        "CAUSAFAMILIA": null,
        "TEMPERATURA": 16.5123538970947,
        "HUMIDADERELATIVA": 46.8313522338867,
        "VENTOINTENSIDADE": 12.3874864578247,
        "VENTOINTENSIDADE_VETOR": null,
        "VENTODIRECAO_VETOR": null,
        "PRECEPITACAO": 0.0,
        "FFMC": null,
        "DMC": null,
        "DC": null,
        "ISI": null,
        "BUI": null,
        "FWI": null,
        "DSR": null,
        "THC": null,
        "MODFARSITE": null,
        "ALTITUDEMEDIA": 99.2469,
        "DECLIVEMEDIO": 17.7917,
        "HORASEXPOSICAOMEDIA": null,
        "DENDIDADERV": 198.967,
        "COSN5VARIEDADE": 19.49,
        "AREAMANCHAMODFARSITE": null,
        "AREASFICHEIROS_GNR": null,
        "AREASFICHEIROS_GTF": null,
        "FICHEIROIMAGEM_GNR": null,
        "AREASFICHEIROSHP_GTF": null,
        "AREASFICHEIROSHPXML_GTF": null,
        "AREASFICHEIRODBF_GTF": null,
        "AREASFICHEIROPRJ_GTF": null,
        "AREASFICHEIROSBN_GTF": null,
        "AREASFICHEIROSBX_GTF": null,
        "AREASFICHEIROSHX_GTF": null,
        "AREASFICHEIROZIP_SAA": null
      }
    },
    {
      "type": "Feature",
      "geometry": {
        "type": "Point",
        "coordinates": [
          -8.21103999985589,
          39.9718599997626
        ]
      },
      "properties": {
        "id": "20260292245",
        "DISTRITO": "Leiria",
        "TIPO": "Agrícola",
        "ANO": 2026.0,
        "AREAPOV": 0.0,
        "AREAMATO": 0.0,
        "AREAAGRIC": 0.02,
        "AREATOTAL": 0.02,
        "REACENDIMENTOS": 0.0,
        "QUEIMADA": 0.0,
        "FALSOALARME": 0.0,
        "FOGACHO": 0.0,
        "INCENDIO": 0.0,
        "AGRICOLA": 1.0,
        "NCCO": 20260292245.0,
        "NOMECCO": 2.0,
        "DATAALERTA": "23-02-2026",
        "HORAALERTA": "12:01",
        "LOCAL": "Moita. Castanheira de Pêra. Portugal (Moita)",
        "CONCELHO": "Castanheira de Pêra",
        "FREGUESIA": "Castanheira de Pêra",
        "FONTEALERTA": 112.0,
        "INE": 100701.0,
        "X": 193342.0,
        "Y": 333712.0,
        "DIA": 23.0,
        "MES": 2.0,
        "HORA": 12.0,
        "OPERADOR": "sigo",
        "PERIMETRO": null,
        "APS": null,
        "CAUSA": null,
        "TIPOCAUSA": null,
        "DHINICIO": "23-02-2026 12:01:00",
        "DHFIM": "23-02-2026 13:01:00",
        "DURACAO": 60.0,
        "HAHORA": 0.02,
        "DATAEXTINCAO": "23-02-2026",
        "HORAEXTINCAO": "13:01",
        "DATA1INTERVENCAO": "23-02-2026",
        "HORA1INTERVENCAO": "12:15",
        "QUEIMA": 0.0,
        "CAUSAFAMILIA": null,
        "TEMPERATURA": 17.9593753814697,
        "HUMIDADERELATIVA": 54.4247093200684,
        "VENTOINTENSIDADE": 13.4619026184082,
        "VENTOINTENSIDADE_VETOR": null,
        "VENTODIRECAO_VETOR": null,
        "PRECEPITACAO": 0.0,
        "FFMC": null,
        "DMC": null,
        "DC": null,
        "ISI": null,
        "BUI": null,
        "FWI": null,
        "DSR": null,
        "THC": null,
        "MODFARSITE": null,
        "ALTITUDEMEDIA": 399.589,
        "DECLIVEMEDIO": 15.3318,
        "HORASEXPOSICAOMEDIA": null,
        "DENDIDADERV": 105.253,
        "COSN5VARIEDADE": 19.64,
        "AREAMANCHAMODFARSITE": null,
        "AREASFICHEIROS_GNR": null,
        "AREASFICHEIROS_GTF": null,
        "FICHEIROIMAGEM_GNR": null,
        "AREASFICHEIROSHP_GTF": null,
        "AREASFICHEIROSHPXML_GTF": null,
        "AREASFICHEIRODBF_GTF": null,
        "AREASFICHEIROPRJ_GTF": null,
        "AREASFICHEIROSBN_GTF": null,
        "AREASFICHEIROSBX_GTF": null,
        "AREASFICHEIROSHX_GTF": null,
        "AREASFICHEIROZIP_SAA": null
      }
    },
    {
      "type": "Feature",
      "geometry": {
        "type": "Point",
        "coordinates": [
          -6.48721499999364,
          41.3292149999407
        ]
      },
      "properties": {
        "id": "20260293356",
        "DISTRITO": "Bragança",
        "TIPO": "Florestal",
        "ANO": 2026.0,
        "AREAPOV": 0.0,
        "AREAMATO": 1.5,
        "AREAAGRIC": 0.0,
        "AREATOTAL": 1.5,
        "REACENDIMENTOS": 0.0,
        "QUEIMADA": 0.0,
        "FALSOALARME": 0.0,
        "FOGACHO": 0.0,
        "INCENDIO": 1.0,
        "AGRICOLA": 0.0,
        "NCCO": 20260293356.0,
        "NOMECCO": 2.0,
        "DATAALERTA": "23-02-2026",
        "HORAALERTA": "14:53",
        "LOCAL": "BEMPOSTA (ED221-7 (ED221-7) Km 4)",
        "CONCELHO": "Mogadouro",
        "FREGUESIA": "Bemposta",
        "FONTEALERTA": "Populares",
        "INE": 40802.0,
        "X": 337792.0,
        "Y": 485746.0,
        "DIA": 23.0,
        "MES": 2.0,
        "HORA": 14.0,
        "OPERADOR": "sigo",
        "PERIMETRO": null,
        "APS": "Douro Internacional",
        "CAUSA": null,
        "TIPOCAUSA": null,
        "DHINICIO": "23-02-2026 14:53:00",
        "DHFIM": "23-02-2026 17:42:00",
        "DURACAO": 169.0,
        "HAHORA": 0.75,
        "DATAEXTINCAO": "23-02-2026",
        "HORAEXTINCAO": "17:42",
        "DATA1INTERVENCAO": "23-02-2026",
        "HORA1INTERVENCAO": "15:30",
        "QUEIMA": 0.0,
        "CAUSAFAMILIA": null,
        "TEMPERATURA": 18.9142093658447,
        "HUMIDADERELATIVA": 50.5664558410645,
        "VENTOINTENSIDADE": 12.6414480209351,
        "VENTOINTENSIDADE_VETOR": null,
        "VENTODIRECAO_VETOR": null,
        "PRECEPITACAO": 0.0,
        "FFMC": null,
        "DMC": null,
        "DC": null,
        "ISI": null,
        "BUI": null,
        "FWI": null,
        "DSR": null,
        "THC": null,
        "MODFARSITE": null,
        "ALTITUDEMEDIA": 668.451,
        "DECLIVEMEDIO": 13.3013,
        "HORASEXPOSICAOMEDIA": null,
        "DENDIDADERV": 78.4899,
        "COSN5VARIEDADE": 17.62,
        "AREAMANCHAMODFARSITE": null,
        "AREASFICHEIROS_GNR": null,
        "AREASFICHEIROS_GTF": null,
        "FICHEIROIMAGEM_GNR": null,
        "AREASFICHEIROSHP_GTF": null,
        "AREASFICHEIROSHPXML_GTF": null,
        "AREASFICHEIRODBF_GTF": null,
        "AREASFICHEIROPRJ_GTF": null,
        "AREASFICHEIROSBN_GTF": null,
        "AREASFICHEIROSBX_GTF": null,
        "AREASFICHEIROSHX_GTF": null,
        "AREASFICHEIROZIP_SAA": null
      }
    },
    {
      "type": "Feature",
      "geometry": {
        "type": "Point",
        "coordinates": [
          -7.27448400020599,
          41.7677240000168
        ]
      },
      "properties": {
        "id": "20260293983",
        "DISTRITO": "Vila Real",
        "TIPO": "Florestal",
        "ANO": 2026.0,
        "AREAPOV": 0.0,
        "AREAMATO": 3.0,
        "AREAAGRIC": 0.0,
        "AREATOTAL": 3.0,
        "REACENDIMENTOS": 0.0,
        "QUEIMADA": 0.0,
        "FALSOALARME": 0.0,
        "FOGACHO": 0.0,
        "INCENDIO": 1.0,
        "AGRICOLA": 0.0,
        "NCCO": 20260293983.0,
        "NOMECCO": 2.0,
        "DATAALERTA": "23-02-2026",
        "HORAALERTA": "16:28",
        "LOCAL": "Pedome",
        "CONCELHO": "Valpaços",
        "FREGUESIA": "Lebução",
        "FONTEALERTA": "GNR",
        "INE": 171213.0,
        "X": 271399.0,
        "Y": 533499.0,
        "DIA": 23.0,
        "MES": 2.0,
        "HORA": 16.0,
        "OPERADOR": "sigo",
        "PERIMETRO": null,
        "APS": null,
        "CAUSA": null,
        "TIPOCAUSA": null,
        "DHINICIO": "23-02-2026 16:28:00",
        "DHFIM": "23-02-2026 19:47:00",
        "DURACAO": 199.0,
        "HAHORA": 1.0,
        "DATAEXTINCAO": "23-02-2026",
        "HORAEXTINCAO": "19:47",
        "DATA1INTERVENCAO": "23-02-2026",
        "HORA1INTERVENCAO": "17:27",
        "QUEIMA": 0.0,
        "CAUSAFAMILIA": null,
        "TEMPERATURA": 18.4303226470947,
        "HUMIDADERELATIVA": 56.3471298217773,
        "VENTOINTENSIDADE": 9.94080066680908,
        "VENTOINTENSIDADE_VETOR": null,
        "VENTODIRECAO_VETOR": null,
        "PRECEPITACAO": 0.0,
        "FFMC": null,
        "DMC": null,
        "DC": null,
        "ISI": null,
        "BUI": null,
        "FWI": null,
        "DSR": null,
        "THC": null,
        "MODFARSITE": 232.0,
        "ALTITUDEMEDIA": 685.018,
        "DECLIVEMEDIO": 12.409,
        "HORASEXPOSICAOMEDIA": null,
        "DENDIDADERV": 99.9115,
        "COSN5VARIEDADE": 15.7,
        "AREAMANCHAMODFARSITE": 2.61582,
        "AREASFICHEIROS_GNR": null,
        "AREASFICHEIROS_GTF": null,
        "FICHEIROIMAGEM_GNR": null,
        "AREASFICHEIROSHP_GTF": null,
        "AREASFICHEIROSHPXML_GTF": null,
        "AREASFICHEIRODBF_GTF": null,
        "AREASFICHEIROPRJ_GTF": null,
        "AREASFICHEIROSBN_GTF": null,
        "AREASFICHEIROSBX_GTF": null,
        "AREASFICHEIROSHX_GTF": null,
        "AREASFICHEIROZIP_SAA": null
      }
    },
    {
      "type": "Feature",
      "geometry": {
        "type": "Point",
        "coordinates": [
          -6.76569499969482,
          41.8789369996389
        ]
      },
      "properties": {
        "id": "20260294601",
        "DISTRITO": "Bragança",
        "TIPO": "Florestal",
        "ANO": 2026.0,
        "AREAPOV": 0.0,
        "AREAMATO": 1.0,
        "AREAAGRIC": 0.0,
        "AREATOTAL": 1.0,
        "REACENDIMENTOS": 0.0,
        "QUEIMADA": 0.0,
        "FALSOALARME": 0.0,
        "FOGACHO": 0.0,
        "INCENDIO": 1.0,
        "AGRICOLA": 0.0,
        "NCCO": 20260294601.0,
        "NOMECCO": 2.0,
        "DATAALERTA": "23-02-2026",
        "HORAALERTA": "18:47",
        "LOCAL": "Rabal. Bragança. Portugal (Chorente)",
        "CONCELHO": "Bragança",
        "FREGUESIA": "Rabal",
        "FONTEALERTA": 112.0,
        "INE": 40234.0,
        "X": 313511.0,
        "Y": 546399.0,
        "DIA": 23.0,
        "MES": 2.0,
        "HORA": 18.0,
        "OPERADOR": "sigo",
        "PERIMETRO": null,
        "APS": "Montesinho",
        "CAUSA": null,
        "TIPOCAUSA": null,
        "DHINICIO": "23-02-2026 18:47:00",
        "DHFIM": "23-02-2026 20:30:00",
        "DURACAO": 103.0,
        "HAHORA": 1.0,
        "DATAEXTINCAO": "23-02-2026",
        "HORAEXTINCAO": "20:30",
        "DATA1INTERVENCAO": "23-02-2026",
        "HORA1INTERVENCAO": "19:15",
        "QUEIMA": 0.0,
        "CAUSAFAMILIA": null,
        "TEMPERATURA": 15.7538089752197,
        "HUMIDADERELATIVA": 66.0492782592773,
        "VENTOINTENSIDADE": 9.28862857818604,
        "VENTOINTENSIDADE_VETOR": null,
        "VENTODIRECAO_VETOR": null,
        "PRECEPITACAO": 0.0,
        "FFMC": null,
        "DMC": null,
        "DC": null,
        "ISI": null,
        "BUI": null,
        "FWI": null,
        "DSR": null,
        "THC": null,
        "MODFARSITE": null,
        "ALTITUDEMEDIA": 644.302,
        "DECLIVEMEDIO": 20.3061,
        "HORASEXPOSICAOMEDIA": null,
        "DENDIDADERV": 79.233,
        "COSN5VARIEDADE": 18.23,
        "AREAMANCHAMODFARSITE": null,
        "AREASFICHEIROS_GNR": null,
        "AREASFICHEIROS_GTF": null,
        "FICHEIROIMAGEM_GNR": null,
        "AREASFICHEIROSHP_GTF": null,
        "AREASFICHEIROSHPXML_GTF": null,
        "AREASFICHEIRODBF_GTF": null,
        "AREASFICHEIROPRJ_GTF": null,
        "AREASFICHEIROSBN_GTF": null,
        "AREASFICHEIROSBX_GTF": null,
        "AREASFICHEIROSHX_GTF": null,
        "AREASFICHEIROZIP_SAA": null
      }
    },
    {
      "type": "Feature",
      "geometry": {
        "type": "Point",
        "coordinates": [
          -7.92166666666667,
          41.0197222222222
        ]
      },
      "properties": {
        "id": "20260297596",
        "DISTRITO": "Viseu",
        "TIPO": "Florestal",
        "ANO": 2026.0,
        "AREAPOV": 0.0,
        "AREAMATO": 1.0,
        "AREAAGRIC": 0.0,
        "AREATOTAL": 1.0,
        "REACENDIMENTOS": 0.0,
        "QUEIMADA": 0.0,
        "FALSOALARME": 0.0,
        "FOGACHO": 0.0,
        "INCENDIO": 1.0,
        "AGRICOLA": 0.0,
        "NCCO": 20260297596.0,
        "NOMECCO": 2.0,
        "DATAALERTA": "24-02-2026",
        "HORAALERTA": "12:21",
        "LOCAL": "Cotelo",
        "CONCELHO": "Resende",
        "FREGUESIA": "Feirão",
        "FONTEALERTA": 112.0,
        "INE": 181304.0,
        "X": 217781.0,
        "Y": 450103.0,
        "DIA": 24.0,
        "MES": 2.0,
        "HORA": 12.0,
        "OPERADOR": 2000464.0,
        "PERIMETRO": null,
        "APS": null,
        "CAUSA": null,
        "TIPOCAUSA": null,
        "DHINICIO": "24-02-2026 12:21:00",
        "DHFIM": "24-02-2026 14:07:00",
        "DURACAO": 106.0,
        "HAHORA": 1.0,
        "DATAEXTINCAO": "24-02-2026",
        "HORAEXTINCAO": "14:07",
        "DATA1INTERVENCAO": "24-02-2026",
        "HORA1INTERVENCAO": "12:50",
        "QUEIMA": 0.0,
        "CAUSAFAMILIA": null,
        "TEMPERATURA": 17.0721683502197,
        "HUMIDADERELATIVA": 76.4732513427734,
        "VENTOINTENSIDADE": 19.0883255004883,
        "VENTOINTENSIDADE_VETOR": null,
        "VENTODIRECAO_VETOR": null,
        "PRECEPITACAO": 6.103515625e-05,
        "FFMC": null,
        "DMC": null,
        "DC": null,
        "ISI": null,
        "BUI": null,
        "FWI": null,
        "DSR": null,
        "THC": null,
        "MODFARSITE": 231.0,
        "ALTITUDEMEDIA": 1102.1,
        "DECLIVEMEDIO": 20.1406,
        "HORASEXPOSICAOMEDIA": null,
        "DENDIDADERV": 115.343,
        "COSN5VARIEDADE": 11.07,
        "AREAMANCHAMODFARSITE": 1121.12,
        "AREASFICHEIROS_GNR": null,
        "AREASFICHEIROS_GTF": null,
        "FICHEIROIMAGEM_GNR": null,
        "AREASFICHEIROSHP_GTF": null,
        "AREASFICHEIROSHPXML_GTF": null,
        "AREASFICHEIRODBF_GTF": null,
        "AREASFICHEIROPRJ_GTF": null,
        "AREASFICHEIROSBN_GTF": null,
        "AREASFICHEIROSBX_GTF": null,
        "AREASFICHEIROSHX_GTF": null,
        "AREASFICHEIROZIP_SAA": null
      }
    },
    {
      "type": "Feature",
      "geometry": {
        "type": "Point",
        "coordinates": [
          -8.21054500050015,
          40.1257500002119
        ]
      },
      "properties": {
        "id": "20260298205",
        "DISTRITO": "Coimbra",
        "TIPO": "Agrícola",
        "ANO": 2026.0,
        "AREAPOV": 0.0,
        "AREAMATO": 0.0,
        "AREAAGRIC": 0.0,
        "AREATOTAL": 0.0,
        "REACENDIMENTOS": 0.0,
        "QUEIMADA": 0.0,
        "FALSOALARME": 0.0,
        "FOGACHO": 0.0,
        "INCENDIO": 0.0,
        "AGRICOLA": 1.0,
        "NCCO": 20260298205.0,
        "NOMECCO": 2.0,
        "DATAALERTA": "24-02-2026",
        "HORAALERTA": "14:10",
        "LOCAL": "VILARINHO",
        "CONCELHO": "Lousã",
        "FREGUESIA": "Vilarinho",
        "FONTEALERTA": "Populares",
        "INE": 60705.0,
        "X": 193399.0,
        "Y": 350800.0,
        "DIA": 24.0,
        "MES": 2.0,
        "HORA": 14.0,
        "OPERADOR": "sigo",
        "PERIMETRO": null,
        "APS": null,
        "CAUSA": null,
        "TIPOCAUSA": null,
        "DHINICIO": "24-02-2026 14:10:00",
        "DHFIM": "24-02-2026 14:21:00",
        "DURACAO": 11.0,
        "HAHORA": 0.0,
        "DATAEXTINCAO": "24-02-2026",
        "HORAEXTINCAO": "14:21",
        "DATA1INTERVENCAO": "24-02-2026",
        "HORA1INTERVENCAO": "14:30",
        "QUEIMA": 0.0,
        "CAUSAFAMILIA": null,
        "TEMPERATURA": 18.3016605377197,
        "HUMIDADERELATIVA": 63.3352966308594,
        "VENTOINTENSIDADE": 17.7846717834473,
        "VENTOINTENSIDADE_VETOR": null,
        "VENTODIRECAO_VETOR": null,
        "PRECEPITACAO": 0.0,
        "FFMC": null,
        "DMC": null,
        "DC": null,
        "ISI": null,
        "BUI": null,
        "FWI": null,
        "DSR": null,
        "THC": null,
        "MODFARSITE": 227.0,
        "ALTITUDEMEDIA": 322.947,
        "DECLIVEMEDIO": 36.2143,
        "HORASEXPOSICAOMEDIA": null,
        "DENDIDADERV": 255.198,
        "COSN5VARIEDADE": 19.25,
        "AREAMANCHAMODFARSITE": 31.0432,
        "AREASFICHEIROS_GNR": null,
        "AREASFICHEIROS_GTF": null,
        "FICHEIROIMAGEM_GNR": null,
        "AREASFICHEIROSHP_GTF": null,
        "AREASFICHEIROSHPXML_GTF": null,
        "AREASFICHEIRODBF_GTF": null,
        "AREASFICHEIROPRJ_GTF": null,
        "AREASFICHEIROSBN_GTF": null,
        "AREASFICHEIROSBX_GTF": null,
        "AREASFICHEIROSHX_GTF": null,
        "AREASFICHEIROZIP_SAA": null
      }
    },
    {
      "type": "Feature",
      "geometry": {
        "type": "Point",
        "coordinates": [
          -8.20098099999958,
          41.0992139996423
        ]
      },
      "properties": {
        "id": "20260298725",
        "DISTRITO": "Porto",
        "TIPO": "Florestal",
        "ANO": 2026.0,
        "AREAPOV": 1.0,
        "AREAMATO": 0.0,
        "AREAAGRIC": 0.0,
        "AREATOTAL": 1.0,
        "REACENDIMENTOS": 0.0,
        "QUEIMADA": 0.0,
        "FALSOALARME": 0.0,
        "FOGACHO": 0.0,
        "INCENDIO": 1.0,
        "AGRICOLA": 0.0,
        "NCCO": 20260298725.0,
        "NOMECCO": 2.0,
        "DATAALERTA": "24-02-2026",
        "HORAALERTA": "15:50",
        "LOCAL": "R. de Agrelos (Mirancos)",
        "CONCELHO": "Marco de Canaveses",
        "FREGUESIA": "São Lourenço do Douro",
        "FONTEALERTA": "GNR",
        "INE": 130720.0,
        "X": 194300.0,
        "Y": 458899.0,
        "DIA": 24.0,
        "MES": 2.0,
        "HORA": 15.0,
        "OPERADOR": "sigo",
        "PERIMETRO": null,
        "APS": null,
        "CAUSA": null,
        "TIPOCAUSA": null,
        "DHINICIO": "24-02-2026 15:50:00",
        "DHFIM": "24-02-2026 16:37:00",
        "DURACAO": 47.0,
        "HAHORA": 1.0,
        "DATAEXTINCAO": "24-02-2026",
        "HORAEXTINCAO": "16:37",
        "DATA1INTERVENCAO": "24-02-2026",
        "HORA1INTERVENCAO": "16:12",
        "QUEIMA": 0.0,
        "CAUSAFAMILIA": null,
        "TEMPERATURA": 18.2337894439697,
        "HUMIDADERELATIVA": 60.986946105957,
        "VENTOINTENSIDADE": 17.2680568695068,
        "VENTOINTENSIDADE_VETOR": null,
        "VENTODIRECAO_VETOR": null,
        "PRECEPITACAO": -0.000244140625,
        "FFMC": null,
        "DMC": null,
        "DC": null,
        "ISI": null,
        "BUI": null,
        "FWI": null,
        "DSR": null,
        "THC": null,
        "MODFARSITE": null,
        "ALTITUDEMEDIA": 71.9306,
        "DECLIVEMEDIO": 29.1936,
        "HORASEXPOSICAOMEDIA": null,
        "DENDIDADERV": 269.122,
        "COSN5VARIEDADE": 23.13,
        "AREAMANCHAMODFARSITE": null,
        "AREASFICHEIROS_GNR": null,
        "AREASFICHEIROS_GTF": null,
        "FICHEIROIMAGEM_GNR": null,
        "AREASFICHEIROSHP_GTF": null,
        "AREASFICHEIROSHPXML_GTF": null,
        "AREASFICHEIRODBF_GTF": null,
        "AREASFICHEIROPRJ_GTF": null,
        "AREASFICHEIROSBN_GTF": null,
        "AREASFICHEIROSBX_GTF": null,
        "AREASFICHEIROSHX_GTF": null,
        "AREASFICHEIROZIP_SAA": null
      }
    },
    {
      "type": "Feature",
      "geometry": {
        "type": "Point",
        "coordinates": [
          -7.89084299988217,
          40.9552569998635
        ]
      },
      "properties": {
        "id": "20260298740",
        "DISTRITO": "Viseu",
        "TIPO": "Florestal",
        "ANO": 2026.0,
        "AREAPOV": 0.0,
        "AREAMATO": 1.0,
        "AREAAGRIC": 0.0,
        "AREATOTAL": 1.0,
        "REACENDIMENTOS": 0.0,
        "QUEIMADA": 0.0,
        "FALSOALARME": 0.0,
        "FOGACHO": 0.0,
        "INCENDIO": 1.0,
        "AGRICOLA": 0.0,
        "NCCO": 20260298740.0,
        "NOMECCO": 2.0,
        "DATAALERTA": "24-02-2026",
        "HORAALERTA": "15:58",
        "LOCAL": "Colo do Pito (IP3 (EN2) Km 127)",
        "CONCELHO": "Castro Daire",
        "FREGUESIA": "Monteiras",
        "FONTEALERTA": 112.0,
        "INE": 180314.0,
        "X": 220398.0,
        "Y": 442938.0,
        "DIA": 24.0,
        "MES": 2.0,
        "HORA": 15.0,
        "OPERADOR": "sigo",
        "PERIMETRO": null,
        "APS": null,
        "CAUSA": null,
        "TIPOCAUSA": null,
        "DHINICIO": "24-02-2026 15:58:00",
        "DHFIM": "24-02-2026 17:03:00",
        "DURACAO": 65.0,
        "HAHORA": 1.0,
        "DATAEXTINCAO": "24-02-2026",
        "HORAEXTINCAO": "17:03",
        "DATA1INTERVENCAO": "24-02-2026",
        "HORA1INTERVENCAO": "16:33",
        "QUEIMA": 0.0,
        "CAUSAFAMILIA": null,
        "TEMPERATURA": 18.2337894439697,
        "HUMIDADERELATIVA": 60.986946105957,
        "VENTOINTENSIDADE": 17.2680568695068,
        "VENTOINTENSIDADE_VETOR": null,
        "VENTODIRECAO_VETOR": null,
        "PRECEPITACAO": -0.000244140625,
        "FFMC": null,
        "DMC": null,
        "DC": null,
        "ISI": null,
        "BUI": null,
        "FWI": null,
        "DSR": null,
        "THC": null,
        "MODFARSITE": 232.0,
        "ALTITUDEMEDIA": 892.909,
        "DECLIVEMEDIO": 12.1373,
        "HORASEXPOSICAOMEDIA": null,
        "DENDIDADERV": 167.494,
        "COSN5VARIEDADE": 14.56,
        "AREAMANCHAMODFARSITE": 66.9473,
        "AREASFICHEIROS_GNR": null,
        "AREASFICHEIROS_GTF": null,
        "FICHEIROIMAGEM_GNR": null,
        "AREASFICHEIROSHP_GTF": null,
        "AREASFICHEIROSHPXML_GTF": null,
        "AREASFICHEIRODBF_GTF": null,
        "AREASFICHEIROPRJ_GTF": null,
        "AREASFICHEIROSBN_GTF": null,
        "AREASFICHEIROSBX_GTF": null,
        "AREASFICHEIROSHX_GTF": null,
        "AREASFICHEIROZIP_SAA": null
      }
    },
    {
      "type": "Feature",
      "geometry": {
        "type": "Point",
        "coordinates": [
          -8.33188199996948,
          40.6929490004645
        ]
      },
      "properties": {
        "id": "20260299075",
        "DISTRITO": "Aveiro",
        "TIPO": "Agrícola",
        "ANO": 2026.0,
        "AREAPOV": 0.0,
        "AREAMATO": 0.0,
        "AREAAGRIC": 0.0,
        "AREATOTAL": 0.0,
        "REACENDIMENTOS": 0.0,
        "QUEIMADA": 0.0,
        "FALSOALARME": 0.0,
        "FOGACHO": 0.0,
        "INCENDIO": 0.0,
        "AGRICOLA": 1.0,
        "NCCO": 20260299075.0,
        "NOMECCO": 2.0,
        "DATAALERTA": "24-02-2026",
        "HORAALERTA": "17:12",
        "LOCAL": "Talhadas (Carrazedo)",
        "CONCELHO": "Sever do Vouga",
        "FREGUESIA": "Cedrim",
        "FONTEALERTA": "Populares",
        "INE": 11701.0,
        "X": 183199.0,
        "Y": 413799.0,
        "DIA": 24.0,
        "MES": 2.0,
        "HORA": 17.0,
        "OPERADOR": "sigo",
        "PERIMETRO": null,
        "APS": null,
        "CAUSA": null,
        "TIPOCAUSA": null,
        "DHINICIO": "24-02-2026 17:12:00",
        "DHFIM": "24-02-2026 17:46:00",
        "DURACAO": 34.0,
        "HAHORA": 0.0,
        "DATAEXTINCAO": "24-02-2026",
        "HORAEXTINCAO": "17:46",
        "DATA1INTERVENCAO": "24-02-2026",
        "HORA1INTERVENCAO": "17:24",
        "QUEIMA": 0.0,
        "CAUSAFAMILIA": null,
        "TEMPERATURA": 16.6617679595947,
        "HUMIDADERELATIVA": 66.9985122680664,
        "VENTOINTENSIDADE": 16.2146053314209,
        "VENTOINTENSIDADE_VETOR": null,
        "VENTODIRECAO_VETOR": null,
        "PRECEPITACAO": 0.0,
        "FFMC": null,
        "DMC": null,
        "DC": null,
        "ISI": null,
        "BUI": null,
        "FWI": null,
        "DSR": null,
        "THC": null,
        "MODFARSITE": 232.0,
        "ALTITUDEMEDIA": 330.396,
        "DECLIVEMEDIO": 19.9595,
        "HORASEXPOSICAOMEDIA": null,
        "DENDIDADERV": 321.966,
        "COSN5VARIEDADE": 17.84,
        "AREAMANCHAMODFARSITE": 24.309,
        "AREASFICHEIROS_GNR": null,
        "AREASFICHEIROS_GTF": null,
        "FICHEIROIMAGEM_GNR": null,
        "AREASFICHEIROSHP_GTF": null,
        "AREASFICHEIROSHPXML_GTF": null,
        "AREASFICHEIRODBF_GTF": null,
        "AREASFICHEIROPRJ_GTF": null,
        "AREASFICHEIROSBN_GTF": null,
        "AREASFICHEIROSBX_GTF": null,
        "AREASFICHEIROSHX_GTF": null,
        "AREASFICHEIROZIP_SAA": null
      }
    },
    {
      "type": "Feature",
      "geometry": {
        "type": "Point",
        "coordinates": [
          -6.50715299977197,
          41.5970420000288
        ]
      },
      "properties": {
        "id": "20260299468",
        "DISTRITO": "Bragança",
        "TIPO": "Florestal",
        "ANO": 2026.0,
        "AREAPOV": 0.0,
        "AREAMATO": 0.5,
        "AREAAGRIC": 0.0,
        "AREATOTAL": 0.5,
        "REACENDIMENTOS": 0.0,
        "QUEIMADA": 0.0,
        "FALSOALARME": 0.0,
        "FOGACHO": 1.0,
        "INCENDIO": 0.0,
        "AGRICOLA": 0.0,
        "NCCO": 20260299468.0,
        "NOMECCO": 2.0,
        "DATAALERTA": "24-02-2026",
        "HORAALERTA": "18:39",
        "LOCAL": "VIMIOSO (Vinhiça)",
        "CONCELHO": "Vimioso",
        "FREGUESIA": "Vimioso",
        "FONTEALERTA": "GNR",
        "INE": 41114.0,
        "X": 335564.0,
        "Y": 515462.0,
        "DIA": 24.0,
        "MES": 2.0,
        "HORA": 18.0,
        "OPERADOR": "sigo",
        "PERIMETRO": null,
        "APS": null,
        "CAUSA": null,
        "TIPOCAUSA": null,
        "DHINICIO": "24-02-2026 18:39:00",
        "DHFIM": "24-02-2026 19:30:00",
        "DURACAO": 51.0,
        "HAHORA": 0.5,
        "DATAEXTINCAO": "24-02-2026",
        "HORAEXTINCAO": "19:30",
        "DATA1INTERVENCAO": "24-02-2026",
        "HORA1INTERVENCAO": "18:45",
        "QUEIMA": 0.0,
        "CAUSAFAMILIA": null,
        "TEMPERATURA": 15.3062992095947,
        "HUMIDADERELATIVA": 72.2995147705078,
        "VENTOINTENSIDADE": 17.3756484985352,
        "VENTOINTENSIDADE_VETOR": null,
        "VENTODIRECAO_VETOR": null,
        "PRECEPITACAO": 0.0,
        "FFMC": null,
        "DMC": null,
        "DC": null,
        "ISI": null,
        "BUI": null,
        "FWI": null,
        "DSR": null,
        "THC": null,
        "MODFARSITE": 232.0,
        "ALTITUDEMEDIA": 670.893,
        "DECLIVEMEDIO": 11.4153,
        "HORASEXPOSICAOMEDIA": null,
        "DENDIDADERV": 77.1097,
        "COSN5VARIEDADE": 17.71,
        "AREAMANCHAMODFARSITE": 437.673,
        "AREASFICHEIROS_GNR": null,
        "AREASFICHEIROS_GTF": null,
        "FICHEIROIMAGEM_GNR": null,
        "AREASFICHEIROSHP_GTF": null,
        "AREASFICHEIROSHPXML_GTF": null,
        "AREASFICHEIRODBF_GTF": null,
        "AREASFICHEIROPRJ_GTF": null,
        "AREASFICHEIROSBN_GTF": null,
        "AREASFICHEIROSBX_GTF": null,
        "AREASFICHEIROSHX_GTF": null,
        "AREASFICHEIROZIP_SAA": null
      }
    },
    {
      "type": "Feature",
      "geometry": {
        "type": "Point",
        "coordinates": [
          -8.56755299998654,
          41.9556880002552
        ]
      },
      "properties": {
        "id": "20260299487",
        "DISTRITO": "Viana do Castelo",
        "TIPO": "Florestal",
        "ANO": 2026.0,
        "AREAPOV": 0.0,
        "AREAMATO": 5.0,
        "AREAAGRIC": 0.0,
        "AREATOTAL": 5.0,
        "REACENDIMENTOS": 0.0,
        "QUEIMADA": 0.0,
        "FALSOALARME": 0.0,
        "FOGACHO": 0.0,
        "INCENDIO": 1.0,
        "AGRICOLA": 0.0,
        "NCCO": 20260299487.0,
        "NOMECCO": 2.0,
        "DATAALERTA": "24-02-2026",
        "HORAALERTA": "18:40",
        "LOCAL": "S. Silvestre (Eixudos)",
        "CONCELHO": "Paredes de Coura",
        "FREGUESIA": "Ferreira",
        "FONTEALERTA": "Bombeiros",
        "INE": 160508.0,
        "X": 163983.0,
        "Y": 554113.0,
        "DIA": 24.0,
        "MES": 2.0,
        "HORA": 18.0,
        "OPERADOR": "sigo",
        "PERIMETRO": "Perimetro Florestal da Boalhosa",
        "APS": null,
        "CAUSA": null,
        "TIPOCAUSA": null,
        "DHINICIO": "24-02-2026 18:40:00",
        "DHFIM": "24-02-2026 20:14:00",
        "DURACAO": 94.0,
        "HAHORA": 5.0,
        "DATAEXTINCAO": "24-02-2026",
        "HORAEXTINCAO": "20:14",
        "DATA1INTERVENCAO": "24-02-2026",
        "HORA1INTERVENCAO": "19:00",
        "QUEIMA": 0.0,
        "CAUSAFAMILIA": null,
        "TEMPERATURA": 15.3062992095947,
        "HUMIDADERELATIVA": 72.2995147705078,
        "VENTOINTENSIDADE": 17.3756484985352,
        "VENTOINTENSIDADE_VETOR": null,
        "VENTODIRECAO_VETOR": null,
        "PRECEPITACAO": 0.0,
        "FFMC": null,
        "DMC": null,
        "DC": null,
        "ISI": null,
        "BUI": null,
        "FWI": null,
        "DSR": null,
        "THC": null,
        "MODFARSITE": null,
        "ALTITUDEMEDIA": 413.059,
        "DECLIVEMEDIO": 25.2094,
        "HORASEXPOSICAOMEDIA": null,
        "DENDIDADERV": 182.986,
        "COSN5VARIEDADE": 13.53,
        "AREAMANCHAMODFARSITE": null,
        "AREASFICHEIROS_GNR": null,
        "AREASFICHEIROS_GTF": null,
        "FICHEIROIMAGEM_GNR": null,
        "AREASFICHEIROSHP_GTF": null,
        "AREASFICHEIROSHPXML_GTF": null,
        "AREASFICHEIRODBF_GTF": null,
        "AREASFICHEIROPRJ_GTF": null,
        "AREASFICHEIROSBN_GTF": null,
        "AREASFICHEIROSBX_GTF": null,
        "AREASFICHEIROSHX_GTF": null,
        "AREASFICHEIROZIP_SAA": null
      }
    },
    {
      "type": "Feature",
      "geometry": {
        "type": "Point",
        "coordinates": [
          -6.9405350001653,
          41.8492469999525
        ]
      },
      "properties": {
        "id": "20260303196",
        "DISTRITO": "Bragança",
        "TIPO": "Agrícola",
        "ANO": 2026.0,
        "AREAPOV": 0.0,
        "AREAMATO": 0.0,
        "AREAAGRIC": 0.0,
        "AREATOTAL": 0.0,
        "REACENDIMENTOS": 0.0,
        "QUEIMADA": 0.0,
        "FALSOALARME": 0.0,
        "FOGACHO": 0.0,
        "INCENDIO": 0.0,
        "AGRICOLA": 1.0,
        "NCCO": 20260303196.0,
        "NOMECCO": 3.0,
        "DATAALERTA": "25-02-2026",
        "HORAALERTA": "14:29",
        "LOCAL": "Quintela (EN103 (EN103) Km 242)",
        "CONCELHO": "Vinhais",
        "FREGUESIA": "Paçó",
        "FONTEALERTA": "Bombeiros",
        "INE": 41215.0,
        "X": 299043.0,
        "Y": 542885.0,
        "DIA": 25.0,
        "MES": 2.0,
        "HORA": 14.0,
        "OPERADOR": "sigo",
        "PERIMETRO": null,
        "APS": "Montesinho",
        "CAUSA": null,
        "TIPOCAUSA": null,
        "DHINICIO": "25-02-2026 14:29:00",
        "DHFIM": "25-02-2026 14:54:00",
        "DURACAO": 25.0,
        "HAHORA": 0.0,
        "DATAEXTINCAO": "25-02-2026",
        "HORAEXTINCAO": "14:54",
        "DATA1INTERVENCAO": "25-02-2026",
        "HORA1INTERVENCAO": "14:30",
        "QUEIMA": 0.0,
        "CAUSAFAMILIA": null,
        "TEMPERATURA": 17.5348148345947,
        "HUMIDADERELATIVA": 74.3421783447266,
        "VENTOINTENSIDADE": 12.1410293579102,
        "VENTOINTENSIDADE_VETOR": null,
        "VENTODIRECAO_VETOR": null,
        "PRECEPITACAO": 0.0,
        "FFMC": null,
        "DMC": null,
        "DC": null,
        "ISI": null,
        "BUI": null,
        "FWI": null,
        "DSR": null,
        "THC": null,
        "MODFARSITE": 232.0,
        "ALTITUDEMEDIA": 667.758,
        "DECLIVEMEDIO": 27.7002,
        "HORASEXPOSICAOMEDIA": null,
        "DENDIDADERV": 68.4327,
        "COSN5VARIEDADE": 11.28,
        "AREAMANCHAMODFARSITE": 734.55,
        "AREASFICHEIROS_GNR": null,
        "AREASFICHEIROS_GTF": null,
        "FICHEIROIMAGEM_GNR": null,
        "AREASFICHEIROSHP_GTF": null,
        "AREASFICHEIROSHPXML_GTF": null,
        "AREASFICHEIRODBF_GTF": null,
        "AREASFICHEIROPRJ_GTF": null,
        "AREASFICHEIROSBN_GTF": null,
        "AREASFICHEIROSBX_GTF": null,
        "AREASFICHEIROSHX_GTF": null,
        "AREASFICHEIROZIP_SAA": null
      }
    },
    {
      "type": "Feature",
      "geometry": {
        "type": "Point",
        "coordinates": [
          -7.46145199987623,
          38.7928420003255
        ]
      },
      "properties": {
        "id": "20260323196",
        "DISTRITO": "Évora",
        "TIPO": "Agrícola",
        "ANO": 2026.0,
        "AREAPOV": 0.0,
        "AREAMATO": 0.0,
        "AREAAGRIC": 0.001,
        "AREATOTAL": 0.001,
        "REACENDIMENTOS": 0.0,
        "QUEIMADA": 0.0,
        "FALSOALARME": 0.0,
        "FOGACHO": 0.0,
        "INCENDIO": 0.0,
        "AGRICOLA": 1.0,
        "NCCO": 20260323196.0,
        "NOMECCO": 3.0,
        "DATAALERTA": "01-03-2026",
        "HORAALERTA": "17:53",
        "LOCAL": "EN 255 (Barranco do Bosque)",
        "CONCELHO": "Borba",
        "FREGUESIA": "Borba (Matriz)",
        "FONTEALERTA": "Bombeiros",
        "INE": 70301.0,
        "X": 258351.0,
        "Y": 203024.0,
        "DIA": 1.0,
        "MES": 3.0,
        "HORA": 17.0,
        "OPERADOR": "sigo",
        "PERIMETRO": null,
        "APS": null,
        "CAUSA": null,
        "TIPOCAUSA": null,
        "DHINICIO": "01-03-2026 17:53:00",
        "DHFIM": "01-03-2026 18:09:00",
        "DURACAO": 16.0,
        "HAHORA": 0.001,
        "DATAEXTINCAO": "01-03-2026",
        "HORAEXTINCAO": "18:09",
        "DATA1INTERVENCAO": "01-03-2026",
        "HORA1INTERVENCAO": "18:06",
        "QUEIMA": 0.0,
        "CAUSAFAMILIA": null,
        "TEMPERATURA": 15.7645511627197,
        "HUMIDADERELATIVA": 78.6777877807617,
        "VENTOINTENSIDADE": 8.69687747955322,
        "VENTOINTENSIDADE_VETOR": null,
        "VENTODIRECAO_VETOR": null,
        "PRECEPITACAO": 0.0,
        "FFMC": null,
        "DMC": null,
        "DC": null,
        "ISI": null,
        "BUI": null,
        "FWI": null,
        "DSR": null,
        "THC": null,
        "MODFARSITE": null,
        "ALTITUDEMEDIA": 359.394,
        "DECLIVEMEDIO": 5.68658,
        "HORASEXPOSICAOMEDIA": null,
        "DENDIDADERV": 217.97,
        "COSN5VARIEDADE": 16.63,
        "AREAMANCHAMODFARSITE": null,
        "AREASFICHEIROS_GNR": null,
        "AREASFICHEIROS_GTF": null,
        "FICHEIROIMAGEM_GNR": null,
        "AREASFICHEIROSHP_GTF": null,
        "AREASFICHEIROSHPXML_GTF": null,
        "AREASFICHEIRODBF_GTF": null,
        "AREASFICHEIROPRJ_GTF": null,
        "AREASFICHEIROSBN_GTF": null,
        "AREASFICHEIROSBX_GTF": null,
        "AREASFICHEIROSHX_GTF": null,
        "AREASFICHEIROZIP_SAA": null
      }
    },
    {
      "type": "Feature",
      "geometry": {
        "type": "Point",
        "coordinates": [
          -8.135,
          41.2801379998525
        ]
      },
      "properties": {
        "id": "20260323683",
        "DISTRITO": "Porto",
        "TIPO": "Florestal",
        "ANO": 2026.0,
        "AREAPOV": 0.0,
        "AREAMATO": 0.05,
        "AREAAGRIC": 0.0,
        "AREATOTAL": 0.05,
        "REACENDIMENTOS": 0.0,
        "QUEIMADA": 0.0,
        "FALSOALARME": 0.0,
        "FOGACHO": 1.0,
        "INCENDIO": 0.0,
        "AGRICOLA": 0.0,
        "NCCO": 20260323683.0,
        "NOMECCO": 3.0,
        "DATAALERTA": "01-03-2026",
        "HORAALERTA": "20:05",
        "LOCAL": "Lugar da Mó (Mandin)",
        "CONCELHO": "Amarante",
        "FREGUESIA": "Fregim",
        "FONTEALERTA": "Populares",
        "INE": 130112.0,
        "X": 199843.0,
        "Y": 478990.0,
        "DIA": 1.0,
        "MES": 3.0,
        "HORA": 20.0,
        "OPERADOR": "sigo",
        "PERIMETRO": null,
        "APS": null,
        "CAUSA": null,
        "TIPOCAUSA": null,
        "DHINICIO": "01-03-2026 20:05:00",
        "DHFIM": "01-03-2026 20:34:00",
        "DURACAO": 29.0,
        "HAHORA": 0.05,
        "DATAEXTINCAO": "01-03-2026",
        "HORAEXTINCAO": "20:34",
        "DATA1INTERVENCAO": "01-03-2026",
        "HORA1INTERVENCAO": "20:14",
        "QUEIMA": 0.0,
        "CAUSAFAMILIA": null,
        "TEMPERATURA": 12.1742191314697,
        "HUMIDADERELATIVA": 88.9456176757813,
        "VENTOINTENSIDADE": 3.66276502609253,
        "VENTOINTENSIDADE_VETOR": null,
        "VENTODIRECAO_VETOR": null,
        "PRECEPITACAO": 0.0,
        "FFMC": null,
        "DMC": null,
        "DC": null,
        "ISI": null,
        "BUI": null,
        "FWI": null,
        "DSR": null,
        "THC": null,
        "MODFARSITE": 232.0,
        "ALTITUDEMEDIA": 230.939,
        "DECLIVEMEDIO": 15.5837,
        "HORASEXPOSICAOMEDIA": null,
        "DENDIDADERV": 262.028,
        "COSN5VARIEDADE": 18.69,
        "AREAMANCHAMODFARSITE": 11.9672,
        "AREASFICHEIROS_GNR": null,
        "AREASFICHEIROS_GTF": null,
        "FICHEIROIMAGEM_GNR": null,
        "AREASFICHEIROSHP_GTF": null,
        "AREASFICHEIROSHPXML_GTF": null,
        "AREASFICHEIRODBF_GTF": null,
        "AREASFICHEIROPRJ_GTF": null,
        "AREASFICHEIROSBN_GTF": null,
        "AREASFICHEIROSBX_GTF": null,
        "AREASFICHEIROSHX_GTF": null,
        "AREASFICHEIROZIP_SAA": null
      }
    },
    {
      "type": "Feature",
      "geometry": {
        "type": "Point",
        "coordinates": [
          -7.18715500010384,
          41.7625120004018
        ]
      },
      "properties": {
        "id": "20260327456",
        "DISTRITO": "Vila Real",
        "TIPO": "Florestal",
        "ANO": 2026.0,
        "AREAPOV": 0.0,
        "AREAMATO": 4.0,
        "AREAAGRIC": 0.0,
        "AREATOTAL": 4.0,
        "REACENDIMENTOS": 0.0,
        "QUEIMADA": 0.0,
        "FALSOALARME": 0.0,
        "FOGACHO": 0.0,
        "INCENDIO": 1.0,
        "AGRICOLA": 0.0,
        "NCCO": 20260327456.0,
        "NOMECCO": 3.0,
        "DATAALERTA": "02-03-2026",
        "HORAALERTA": "15:17",
        "LOCAL": "Vilartão (ESCULCA)",
        "CONCELHO": "Valpaços",
        "FREGUESIA": "Bouçoães",
        "FONTEALERTA": 112.0,
        "INE": 171205.0,
        "X": 278667.0,
        "Y": 532997.0,
        "DIA": 2.0,
        "MES": 3.0,
        "HORA": 15.0,
        "OPERADOR": "sigo",
        "PERIMETRO": null,
        "APS": null,
        "CAUSA": null,
        "TIPOCAUSA": null,
        "DHINICIO": "02-03-2026 15:17:00",
        "DHFIM": "02-03-2026 17:19:00",
        "DURACAO": 122.0,
        "HAHORA": 2.0,
        "DATAEXTINCAO": "02-03-2026",
        "HORAEXTINCAO": "17:19",
        "DATA1INTERVENCAO": "02-03-2026",
        "HORA1INTERVENCAO": "16:11",
        "QUEIMA": 0.0,
        "CAUSAFAMILIA": null,
        "TEMPERATURA": 14.4503421783447,
        "HUMIDADERELATIVA": 83.4961395263672,
        "VENTOINTENSIDADE": 20.2441711425781,
        "VENTOINTENSIDADE_VETOR": null,
        "VENTODIRECAO_VETOR": null,
        "PRECEPITACAO": 0.0009765625,
        "FFMC": null,
        "DMC": null,
        "DC": null,
        "ISI": null,
        "BUI": null,
        "FWI": null,
        "DSR": null,
        "THC": null,
        "MODFARSITE": 236.0,
        "ALTITUDEMEDIA": 635.953,
        "DECLIVEMEDIO": 33.8418,
        "HORASEXPOSICAOMEDIA": null,
        "DENDIDADERV": 71.8194,
        "COSN5VARIEDADE": 13.64,
        "AREAMANCHAMODFARSITE": 243.272,
        "AREASFICHEIROS_GNR": null,
        "AREASFICHEIROS_GTF": null,
        "FICHEIROIMAGEM_GNR": null,
        "AREASFICHEIROSHP_GTF": null,
        "AREASFICHEIROSHPXML_GTF": null,
        "AREASFICHEIRODBF_GTF": null,
        "AREASFICHEIROPRJ_GTF": null,
        "AREASFICHEIROSBN_GTF": null,
        "AREASFICHEIROSBX_GTF": null,
        "AREASFICHEIROSHX_GTF": null,
        "AREASFICHEIROZIP_SAA": null
      }
    },
    {
      "type": "Feature",
      "geometry": {
        "type": "Point",
        "coordinates": [
          -7.63093200047811,
          41.665863000022
        ]
      },
      "properties": {
        "id": "20260327685",
        "DISTRITO": "Vila Real",
        "TIPO": "Florestal",
        "ANO": 2026.0,
        "AREAPOV": 0.0,
        "AREAMATO": 1.5,
        "AREAAGRIC": 0.0,
        "AREATOTAL": 1.5,
        "REACENDIMENTOS": 0.0,
        "QUEIMADA": 0.0,
        "FALSOALARME": 0.0,
        "FOGACHO": 0.0,
        "INCENDIO": 1.0,
        "AGRICOLA": 0.0,
        "NCCO": 20260327685.0,
        "NOMECCO": 3.0,
        "DATAALERTA": "02-03-2026",
        "HORAALERTA": "16:06",
        "LOCAL": "PINHO (EN311 (EN311) Km 106)",
        "CONCELHO": "Boticas",
        "FREGUESIA": "Pinho",
        "FONTEALERTA": 112.0,
        "INE": 170213.0,
        "X": 241825.0,
        "Y": 521952.0,
        "DIA": 2.0,
        "MES": 3.0,
        "HORA": 16.0,
        "OPERADOR": "sigo",
        "PERIMETRO": null,
        "APS": null,
        "CAUSA": null,
        "TIPOCAUSA": null,
        "DHINICIO": "02-03-2026 16:06:00",
        "DHFIM": "02-03-2026 17:02:00",
        "DURACAO": 56.0,
        "HAHORA": 1.5,
        "DATAEXTINCAO": "02-03-2026",
        "HORAEXTINCAO": "17:02",
        "DATA1INTERVENCAO": "02-03-2026",
        "HORA1INTERVENCAO": "16:27",
        "QUEIMA": 0.0,
        "CAUSAFAMILIA": null,
        "TEMPERATURA": 14.5042972564697,
        "HUMIDADERELATIVA": 82.0447540283203,
        "VENTOINTENSIDADE": 18.6286602020264,
        "VENTOINTENSIDADE_VETOR": null,
        "VENTODIRECAO_VETOR": null,
        "PRECEPITACAO": -0.0009765625,
        "FFMC": null,
        "DMC": null,
        "DC": null,
        "ISI": null,
        "BUI": null,
        "FWI": null,
        "DSR": null,
        "THC": null,
        "MODFARSITE": null,
        "ALTITUDEMEDIA": 563.313,
        "DECLIVEMEDIO": 16.1759,
        "HORASEXPOSICAOMEDIA": null,
        "DENDIDADERV": 143.044,
        "COSN5VARIEDADE": 14.16,
        "AREAMANCHAMODFARSITE": null,
        "AREASFICHEIROS_GNR": null,
        "AREASFICHEIROS_GTF": null,
        "FICHEIROIMAGEM_GNR": null,
        "AREASFICHEIROSHP_GTF": null,
        "AREASFICHEIROSHPXML_GTF": null,
        "AREASFICHEIRODBF_GTF": null,
        "AREASFICHEIROPRJ_GTF": null,
        "AREASFICHEIROSBN_GTF": null,
        "AREASFICHEIROSBX_GTF": null,
        "AREASFICHEIROSHX_GTF": null,
        "AREASFICHEIROZIP_SAA": null
      }
    },
    {
      "type": "Feature",
      "geometry": {
        "type": "Point",
        "coordinates": [
          -7.93536299996906,
          40.9237220001221
        ]
      },
      "properties": {
        "id": "20260328444",
        "DISTRITO": "Viseu",
        "TIPO": "Florestal",
        "ANO": 2026.0,
        "AREAPOV": 0.0,
        "AREAMATO": 0.06,
        "AREAAGRIC": 0.0,
        "AREATOTAL": 0.06,
        "REACENDIMENTOS": 0.0,
        "QUEIMADA": 0.0,
        "FALSOALARME": 0.0,
        "FOGACHO": 1.0,
        "INCENDIO": 0.0,
        "AGRICOLA": 0.0,
        "NCCO": 20260328444.0,
        "NOMECCO": 3.0,
        "DATAALERTA": "02-03-2026",
        "HORAALERTA": "18:41",
        "LOCAL": "POMBEIRA (Lamelas de Lá)",
        "CONCELHO": "Castro Daire",
        "FREGUESIA": "Castro Daire",
        "FONTEALERTA": 112.0,
        "INE": 180304.0,
        "X": 216658.0,
        "Y": 439426.0,
        "DIA": 2.0,
        "MES": 3.0,
        "HORA": 18.0,
        "OPERADOR": "sigo",
        "PERIMETRO": null,
        "APS": null,
        "CAUSA": null,
        "TIPOCAUSA": null,
        "DHINICIO": "02-03-2026 18:41:00",
        "DHFIM": "02-03-2026 19:06:00",
        "DURACAO": 25.0,
        "HAHORA": 0.06,
        "DATAEXTINCAO": "02-03-2026",
        "HORAEXTINCAO": "19:06",
        "DATA1INTERVENCAO": "02-03-2026",
        "HORA1INTERVENCAO": "19:02",
        "QUEIMA": 0.0,
        "CAUSAFAMILIA": null,
        "TEMPERATURA": 13.7259769439697,
        "HUMIDADERELATIVA": 82.1070709228516,
        "VENTOINTENSIDADE": 15.1431360244751,
        "VENTOINTENSIDADE_VETOR": null,
        "VENTODIRECAO_VETOR": null,
        "PRECEPITACAO": 0.0,
        "FFMC": null,
        "DMC": null,
        "DC": null,
        "ISI": null,
        "BUI": null,
        "FWI": null,
        "DSR": null,
        "THC": null,
        "MODFARSITE": 235.0,
        "ALTITUDEMEDIA": 685.812,
        "DECLIVEMEDIO": 28.0696,
        "HORASEXPOSICAOMEDIA": null,
        "DENDIDADERV": 344.139,
        "COSN5VARIEDADE": 17.71,
        "AREAMANCHAMODFARSITE": 1.14514,
        "AREASFICHEIROS_GNR": null,
        "AREASFICHEIROS_GTF": null,
        "FICHEIROIMAGEM_GNR": null,
        "AREASFICHEIROSHP_GTF": null,
        "AREASFICHEIROSHPXML_GTF": null,
        "AREASFICHEIRODBF_GTF": null,
        "AREASFICHEIROPRJ_GTF": null,
        "AREASFICHEIROSBN_GTF": null,
        "AREASFICHEIROSBX_GTF": null,
        "AREASFICHEIROSHX_GTF": null,
        "AREASFICHEIROZIP_SAA": null
      }
    },
    {
      "type": "Feature",
      "geometry": {
        "type": "Point",
        "coordinates": [
          -6.58486499998305,
          41.875240000089
        ]
      },
      "properties": {
        "id": "20260332850",
        "DISTRITO": "Bragança",
        "TIPO": "Florestal",
        "ANO": 2026.0,
        "AREAPOV": 0.0,
        "AREAMATO": 1.0,
        "AREAAGRIC": 0.0,
        "AREATOTAL": 1.0,
        "REACENDIMENTOS": 0.0,
        "QUEIMADA": 0.0,
        "FALSOALARME": 0.0,
        "FOGACHO": 0.0,
        "INCENDIO": 1.0,
        "AGRICOLA": 0.0,
        "NCCO": 20260332850.0,
        "NOMECCO": 3.0,
        "DATAALERTA": "03-03-2026",
        "HORAALERTA": "16:43",
        "LOCAL": "DEILÃO (Vale Andrês)",
        "CONCELHO": "Bragança",
        "FREGUESIA": "Deilão",
        "FONTEALERTA": "Outros",
        "INE": 40211.0,
        "X": 328529.0,
        "Y": 546244.0,
        "DIA": 3.0,
        "MES": 3.0,
        "HORA": 16.0,
        "OPERADOR": "sigo",
        "PERIMETRO": null,
        "APS": "Montesinho",
        "CAUSA": null,
        "TIPOCAUSA": null,
        "DHINICIO": "03-03-2026 16:43:00",
        "DHFIM": "03-03-2026 18:26:00",
        "DURACAO": 103.0,
        "HAHORA": 1.0,
        "DATAEXTINCAO": "03-03-2026",
        "HORAEXTINCAO": "18:26",
        "DATA1INTERVENCAO": "03-03-2026",
        "HORA1INTERVENCAO": "17:20",
        "QUEIMA": 0.0,
        "CAUSAFAMILIA": null,
        "TEMPERATURA": 18.1864261627197,
        "HUMIDADERELATIVA": 51.6192359924316,
        "VENTOINTENSIDADE": 9.66778087615967,
        "VENTOINTENSIDADE_VETOR": null,
        "VENTODIRECAO_VETOR": null,
        "PRECEPITACAO": 0.0,
        "FFMC": null,
        "DMC": null,
        "DC": null,
        "ISI": null,
        "BUI": null,
        "FWI": null,
        "DSR": null,
        "THC": null,
        "MODFARSITE": null,
        "ALTITUDEMEDIA": 876.931,
        "DECLIVEMEDIO": 13.7694,
        "HORASEXPOSICAOMEDIA": null,
        "DENDIDADERV": 31.3542,
        "COSN5VARIEDADE": 15.18,
        "AREAMANCHAMODFARSITE": null,
        "AREASFICHEIROS_GNR": null,
        "AREASFICHEIROS_GTF": null,
        "FICHEIROIMAGEM_GNR": null,
        "AREASFICHEIROSHP_GTF": null,
        "AREASFICHEIROSHPXML_GTF": null,
        "AREASFICHEIRODBF_GTF": null,
        "AREASFICHEIROPRJ_GTF": null,
        "AREASFICHEIROSBN_GTF": null,
        "AREASFICHEIROSBX_GTF": null,
        "AREASFICHEIROSHX_GTF": null,
        "AREASFICHEIROZIP_SAA": null
      }
    },
    {
      "type": "Feature",
      "geometry": {
        "type": "Point",
        "coordinates": [
          -8.24669800016615,
          41.5805450005002
        ]
      },
      "properties": {
        "id": "20260337518",
        "DISTRITO": "Braga",
        "TIPO": "Florestal",
        "ANO": 2026.0,
        "AREAPOV": 0.03,
        "AREAMATO": 0.01,
        "AREAAGRIC": 0.0,
        "AREATOTAL": 0.04,
        "REACENDIMENTOS": 0.0,
        "QUEIMADA": 0.0,
        "FALSOALARME": 0.0,
        "FOGACHO": 1.0,
        "INCENDIO": 0.0,
        "AGRICOLA": 0.0,
        "NCCO": 20260337518.0,
        "NOMECCO": 3.0,
        "DATAALERTA": "04-03-2026",
        "HORAALERTA": "16:16",
        "LOCAL": "Av. Pe. David Rodrigues Novais (FONTE ARCADA)",
        "CONCELHO": "Póvoa de Lanhoso",
        "FREGUESIA": "Fonte Arcada",
        "FONTEALERTA": "Bombeiros",
        "INE": 30909.0,
        "X": 190530.0,
        "Y": 512361.0,
        "DIA": 4.0,
        "MES": 3.0,
        "HORA": 16.0,
        "OPERADOR": "sigo",
        "PERIMETRO": null,
        "APS": null,
        "CAUSA": null,
        "TIPOCAUSA": null,
        "DHINICIO": "04-03-2026 16:16:00",
        "DHFIM": "04-03-2026 18:40:00",
        "DURACAO": 144.0,
        "HAHORA": 0.02,
        "DATAEXTINCAO": "04-03-2026",
        "HORAEXTINCAO": "18:40",
        "DATA1INTERVENCAO": "04-03-2026",
        "HORA1INTERVENCAO": "16:17",
        "QUEIMA": 0.0,
        "CAUSAFAMILIA": null,
        "TEMPERATURA": 15.2315921783447,
        "HUMIDADERELATIVA": 78.8674621582031,
        "VENTOINTENSIDADE": 11.3729906082153,
        "VENTOINTENSIDADE_VETOR": null,
        "VENTODIRECAO_VETOR": null,
        "PRECEPITACAO": 0.0009765625,
        "FFMC": null,
        "DMC": null,
        "DC": null,
        "ISI": null,
        "BUI": null,
        "FWI": null,
        "DSR": null,
        "THC": null,
        "MODFARSITE": 223.0,
        "ALTITUDEMEDIA": 240.492,
        "DECLIVEMEDIO": 19.2427,
        "HORASEXPOSICAOMEDIA": null,
        "DENDIDADERV": 158.26,
        "COSN5VARIEDADE": 23.41,
        "AREAMANCHAMODFARSITE": 2.13589,
        "AREASFICHEIROS_GNR": null,
        "AREASFICHEIROS_GTF": null,
        "FICHEIROIMAGEM_GNR": null,
        "AREASFICHEIROSHP_GTF": null,
        "AREASFICHEIROSHPXML_GTF": null,
        "AREASFICHEIRODBF_GTF": null,
        "AREASFICHEIROPRJ_GTF": null,
        "AREASFICHEIROSBN_GTF": null,
        "AREASFICHEIROSBX_GTF": null,
        "AREASFICHEIROSHX_GTF": null,
        "AREASFICHEIROZIP_SAA": null
      }
    },
    {
      "type": "Feature",
      "geometry": {
        "type": "Point",
        "coordinates": [
          -9.17780799971687,
          38.6636370001899
        ]
      },
      "properties": {
        "id": "20260338028",
        "DISTRITO": "Setúbal",
        "TIPO": "Florestal",
        "ANO": 2026.0,
        "AREAPOV": 0.0,
        "AREAMATO": 0.12,
        "AREAAGRIC": 0.0,
        "AREATOTAL": 0.12,
        "REACENDIMENTOS": 0.0,
        "QUEIMADA": 0.0,
        "FALSOALARME": 0.0,
        "FOGACHO": 1.0,
        "INCENDIO": 0.0,
        "AGRICOLA": 0.0,
        "NCCO": 20260338028.0,
        "NOMECCO": 3.0,
        "DATAALERTA": "04-03-2026",
        "HORAALERTA": "18:16",
        "LOCAL": "Rua Henrique Mota. 2810 Almada. Portugal (Secretário)",
        "CONCELHO": "Almada",
        "FREGUESIA": "Feijó",
        "FONTEALERTA": 112.0,
        "INE": 150311.0,
        "X": 109070.0,
        "Y": 188986.0,
        "DIA": 4.0,
        "MES": 3.0,
        "HORA": 18.0,
        "OPERADOR": "sigo",
        "PERIMETRO": null,
        "APS": null,
        "CAUSA": null,
        "TIPOCAUSA": null,
        "DHINICIO": "04-03-2026 18:16:00",
        "DHFIM": "04-03-2026 18:49:00",
        "DURACAO": 33.0,
        "HAHORA": 0.12,
        "DATAEXTINCAO": "04-03-2026",
        "HORAEXTINCAO": "18:49",
        "DATA1INTERVENCAO": "04-03-2026",
        "HORA1INTERVENCAO": "18:28",
        "QUEIMA": 0.0,
        "CAUSAFAMILIA": null,
        "TEMPERATURA": 13.5653324127197,
        "HUMIDADERELATIVA": 87.3828125,
        "VENTOINTENSIDADE": 7.8292293548584,
        "VENTOINTENSIDADE_VETOR": null,
        "VENTODIRECAO_VETOR": null,
        "PRECEPITACAO": 0.0,
        "FFMC": null,
        "DMC": null,
        "DC": null,
        "ISI": null,
        "BUI": null,
        "FWI": null,
        "DSR": null,
        "THC": null,
        "MODFARSITE": null,
        "ALTITUDEMEDIA": 38.53,
        "DECLIVEMEDIO": 8.45404,
        "HORASEXPOSICAOMEDIA": null,
        "DENDIDADERV": 1117.15,
        "COSN5VARIEDADE": 22.88,
        "AREAMANCHAMODFARSITE": null,
        "AREASFICHEIROS_GNR": null,
        "AREASFICHEIROS_GTF": null,
        "FICHEIROIMAGEM_GNR": null,
        "AREASFICHEIROSHP_GTF": null,
        "AREASFICHEIROSHPXML_GTF": null,
        "AREASFICHEIRODBF_GTF": null,
        "AREASFICHEIROPRJ_GTF": null,
        "AREASFICHEIROSBN_GTF": null,
        "AREASFICHEIROSBX_GTF": null,
        "AREASFICHEIROSHX_GTF": null,
        "AREASFICHEIROZIP_SAA": null
      }
    },
    {
      "type": "Feature",
      "geometry": {
        "type": "Point",
        "coordinates": [
          -8.28898700025347,
          40.9146719996134
        ]
      },
      "properties": {
        "id": "20260338553",
        "DISTRITO": "Aveiro",
        "TIPO": "Florestal",
        "ANO": 2026.0,
        "AREAPOV": 0.0,
        "AREAMATO": 0.015,
        "AREAAGRIC": 0.0,
        "AREATOTAL": 0.015,
        "REACENDIMENTOS": 0.0,
        "QUEIMADA": 0.0,
        "FALSOALARME": 0.0,
        "FOGACHO": 1.0,
        "INCENDIO": 0.0,
        "AGRICOLA": 0.0,
        "NCCO": 20260338553.0,
        "NOMECCO": 3.0,
        "DATAALERTA": "04-03-2026",
        "HORAALERTA": "19:51",
        "LOCAL": "Fráguas (Souto)",
        "CONCELHO": "Arouca",
        "FREGUESIA": "Urrô",
        "FONTEALERTA": "Bombeiros",
        "INE": 10419.0,
        "X": 186869.0,
        "Y": 438415.0,
        "DIA": 4.0,
        "MES": 3.0,
        "HORA": 19.0,
        "OPERADOR": "sigo",
        "PERIMETRO": null,
        "APS": null,
        "CAUSA": null,
        "TIPOCAUSA": null,
        "DHINICIO": "04-03-2026 19:51:00",
        "DHFIM": "04-03-2026 20:53:00",
        "DURACAO": 62.0,
        "HAHORA": 0.015,
        "DATAEXTINCAO": "04-03-2026",
        "HORAEXTINCAO": "20:53",
        "DATA1INTERVENCAO": "04-03-2026",
        "HORA1INTERVENCAO": "20:00",
        "QUEIMA": 0.0,
        "CAUSAFAMILIA": null,
        "TEMPERATURA": 12.5755863189697,
        "HUMIDADERELATIVA": 90.2038421630859,
        "VENTOINTENSIDADE": 11.7690114974976,
        "VENTOINTENSIDADE_VETOR": null,
        "VENTODIRECAO_VETOR": null,
        "PRECEPITACAO": 0.0,
        "FFMC": null,
        "DMC": null,
        "DC": null,
        "ISI": null,
        "BUI": null,
        "FWI": null,
        "DSR": null,
        "THC": null,
        "MODFARSITE": 227.0,
        "ALTITUDEMEDIA": 496.374,
        "DECLIVEMEDIO": 35.4335,
        "HORASEXPOSICAOMEDIA": null,
        "DENDIDADERV": 328.111,
        "COSN5VARIEDADE": 13.92,
        "AREAMANCHAMODFARSITE": 274.917,
        "AREASFICHEIROS_GNR": null,
        "AREASFICHEIROS_GTF": null,
        "FICHEIROIMAGEM_GNR": null,
        "AREASFICHEIROSHP_GTF": null,
        "AREASFICHEIROSHPXML_GTF": null,
        "AREASFICHEIRODBF_GTF": null,
        "AREASFICHEIROPRJ_GTF": null,
        "AREASFICHEIROSBN_GTF": null,
        "AREASFICHEIROSBX_GTF": null,
        "AREASFICHEIROSHX_GTF": null,
        "AREASFICHEIROZIP_SAA": null
      }
    },
    {
      "type": "Feature",
      "geometry": {
        "type": "Point",
        "coordinates": [
          -6.98434299998813,
          41.9084849998686
        ]
      },
      "properties": {
        "id": "20260338719",
        "DISTRITO": "Bragança",
        "TIPO": "Florestal",
        "ANO": 2026.0,
        "AREAPOV": 0.0,
        "AREAMATO": 1.0,
        "AREAAGRIC": 0.0,
        "AREATOTAL": 1.0,
        "REACENDIMENTOS": 0.0,
        "QUEIMADA": 0.0,
        "FALSOALARME": 0.0,
        "FOGACHO": 0.0,
        "INCENDIO": 1.0,
        "AGRICOLA": 0.0,
        "NCCO": 20260338719.0,
        "NOMECCO": 3.0,
        "DATAALERTA": "04-03-2026",
        "HORAALERTA": "21:10",
        "LOCAL": "TRAVANCA (PANASQUEIRO)",
        "CONCELHO": "Vinhais",
        "FREGUESIA": "Travanca",
        "FONTEALERTA": "Populares",
        "INE": 41225.0,
        "X": 295317.0,
        "Y": 549416.0,
        "DIA": 4.0,
        "MES": 3.0,
        "HORA": 21.0,
        "OPERADOR": "sigo",
        "PERIMETRO": "Perimetro Florestal da Serra da Coroa",
        "APS": "Montesinho",
        "CAUSA": null,
        "TIPOCAUSA": null,
        "DHINICIO": "04-03-2026 21:10:00",
        "DHFIM": "04-03-2026 22:03:00",
        "DURACAO": 53.0,
        "HAHORA": 1.0,
        "DATAEXTINCAO": "04-03-2026",
        "HORAEXTINCAO": "22:03",
        "DATA1INTERVENCAO": "04-03-2026",
        "HORA1INTERVENCAO": "21:15",
        "QUEIMA": 0.0,
        "CAUSAFAMILIA": null,
        "TEMPERATURA": 11.4295902252197,
        "HUMIDADERELATIVA": 92.6890563964844,
        "VENTOINTENSIDADE": 7.31520080566406,
        "VENTOINTENSIDADE_VETOR": null,
        "VENTODIRECAO_VETOR": null,
        "PRECEPITACAO": 0.001953125,
        "FFMC": null,
        "DMC": null,
        "DC": null,
        "ISI": null,
        "BUI": null,
        "FWI": null,
        "DSR": null,
        "THC": null,
        "MODFARSITE": 231.0,
        "ALTITUDEMEDIA": 1008.19,
        "DECLIVEMEDIO": 15.8168,
        "HORASEXPOSICAOMEDIA": null,
        "DENDIDADERV": 75.7133,
        "COSN5VARIEDADE": 13.97,
        "AREAMANCHAMODFARSITE": 74.1664,
        "AREASFICHEIROS_GNR": null,
        "AREASFICHEIROS_GTF": null,
        "FICHEIROIMAGEM_GNR": null,
        "AREASFICHEIROSHP_GTF": null,
        "AREASFICHEIROSHPXML_GTF": null,
        "AREASFICHEIRODBF_GTF": null,
        "AREASFICHEIROPRJ_GTF": null,
        "AREASFICHEIROSBN_GTF": null,
        "AREASFICHEIROSBX_GTF": null,
        "AREASFICHEIROSHX_GTF": null,
        "AREASFICHEIROZIP_SAA": null
      }
    },
    {
      "type": "Feature",
      "geometry": {
        "type": "Point",
        "coordinates": [
          -8.12537700017293,
          40.4203149999513
        ]
      },
      "properties": {
        "id": "20260334240",
        "DISTRITO": "Viseu",
        "TIPO": "Agrícola",
        "ANO": 2026.0,
        "AREAPOV": 0.0,
        "AREAMATO": 0.0,
        "AREAAGRIC": 0.0001,
        "AREATOTAL": 0.0001,
        "REACENDIMENTOS": 0.0,
        "QUEIMADA": 0.0,
        "FALSOALARME": 0.0,
        "FOGACHO": 0.0,
        "INCENDIO": 0.0,
        "AGRICOLA": 1.0,
        "NCCO": 20260334240.0,
        "NOMECCO": 3.0,
        "DATAALERTA": "03-03-2026",
        "HORAALERTA": "23:43",
        "LOCAL": "Gestosa (Barraca da Gestosa)",
        "CONCELHO": "Santa Comba Dão",
        "FREGUESIA": "Couto do Mosteiro",
        "FONTEALERTA": 112.0,
        "INE": 181401.0,
        "X": 200657.0,
        "Y": 383505.0,
        "DIA": 3.0,
        "MES": 3.0,
        "HORA": 23.0,
        "OPERADOR": "sigo",
        "PERIMETRO": null,
        "APS": null,
        "CAUSA": null,
        "TIPOCAUSA": null,
        "DHINICIO": "03-03-2026 23:43:00",
        "DHFIM": "04-03-2026 00:03:00",
        "DURACAO": 20.0,
        "HAHORA": 0.0001,
        "DATAEXTINCAO": "04-03-2026",
        "HORAEXTINCAO": "00:03",
        "DATA1INTERVENCAO": "03-03-2026",
        "HORA1INTERVENCAO": "23:55",
        "QUEIMA": 0.0,
        "CAUSAFAMILIA": null,
        "TEMPERATURA": 12.0882816314697,
        "HUMIDADERELATIVA": 84.7166290283203,
        "VENTOINTENSIDADE": 5.8866171836853,
        "VENTOINTENSIDADE_VETOR": null,
        "VENTODIRECAO_VETOR": null,
        "PRECEPITACAO": 0.0,
        "FFMC": null,
        "DMC": null,
        "DC": null,
        "ISI": null,
        "BUI": null,
        "FWI": null,
        "DSR": null,
        "THC": null,
        "MODFARSITE": null,
        "ALTITUDEMEDIA": 248.879,
        "DECLIVEMEDIO": 6.63759,
        "HORASEXPOSICAOMEDIA": null,
        "DENDIDADERV": 217.256,
        "COSN5VARIEDADE": 20.2,
        "AREAMANCHAMODFARSITE": null,
        "AREASFICHEIROS_GNR": null,
        "AREASFICHEIROS_GTF": null,
        "FICHEIROIMAGEM_GNR": null,
        "AREASFICHEIROSHP_GTF": null,
        "AREASFICHEIROSHPXML_GTF": null,
        "AREASFICHEIRODBF_GTF": null,
        "AREASFICHEIROPRJ_GTF": null,
        "AREASFICHEIROSBN_GTF": null,
        "AREASFICHEIROSBX_GTF": null,
        "AREASFICHEIROSHX_GTF": null,
        "AREASFICHEIROZIP_SAA": null
      }
    },
    {
      "type": "Feature",
      "geometry": {
        "type": "Point",
        "coordinates": [
          -8.54321999973721,
          41.9457920000288
        ]
      },
      "properties": {
        "id": "20260348888",
        "DISTRITO": "Viana do Castelo",
        "TIPO": "Florestal",
        "ANO": 2026.0,
        "AREAPOV": 0.0,
        "AREAMATO": 0.05,
        "AREAAGRIC": 0.0,
        "AREATOTAL": 0.05,
        "REACENDIMENTOS": 0.0,
        "QUEIMADA": 0.0,
        "FALSOALARME": 0.0,
        "FOGACHO": 1.0,
        "INCENDIO": 0.0,
        "AGRICOLA": 0.0,
        "NCCO": 20260348888.0,
        "NOMECCO": 3.0,
        "DATAALERTA": "07-03-2026",
        "HORAALERTA": "01:03",
        "LOCAL": "Estrada Nossa Senhora dos Prazeres (Monte das Veigas)",
        "CONCELHO": "Paredes de Coura",
        "FREGUESIA": "Padornelo",
        "FONTEALERTA": 112.0,
        "INE": 160514.0,
        "X": 165996.0,
        "Y": 553004.0,
        "DIA": 7.0,
        "MES": 3.0,
        "HORA": 1.0,
        "OPERADOR": "sigo",
        "PERIMETRO": "Perimetro Florestal da Boalhosa",
        "APS": null,
        "CAUSA": null,
        "TIPOCAUSA": null,
        "DHINICIO": "07-03-2026 01:03:00",
        "DHFIM": "07-03-2026 02:29:00",
        "DURACAO": 86.0,
        "HAHORA": 0.05,
        "DATAEXTINCAO": "07-03-2026",
        "HORAEXTINCAO": "02:29",
        "DATA1INTERVENCAO": "07-03-2026",
        "HORA1INTERVENCAO": "02:09",
        "QUEIMA": 0.0,
        "CAUSAFAMILIA": null,
        "TEMPERATURA": 9.90395545959473,
        "HUMIDADERELATIVA": 77.2880249023438,
        "VENTOINTENSIDADE": 13.3022832870483,
        "VENTOINTENSIDADE_VETOR": null,
        "VENTODIRECAO_VETOR": null,
        "PRECEPITACAO": 0.0,
        "FFMC": null,
        "DMC": null,
        "DC": null,
        "ISI": null,
        "BUI": null,
        "FWI": null,
        "DSR": null,
        "THC": null,
        "MODFARSITE": 234.0,
        "ALTITUDEMEDIA": 500.868,
        "DECLIVEMEDIO": 13.335,
        "HORASEXPOSICAOMEDIA": null,
        "DENDIDADERV": 175.26,
        "COSN5VARIEDADE": 14.15,
        "AREAMANCHAMODFARSITE": 130.007,
        "AREASFICHEIROS_GNR": null,
        "AREASFICHEIROS_GTF": null,
        "FICHEIROIMAGEM_GNR": null,
        "AREASFICHEIROSHP_GTF": null,
        "AREASFICHEIROSHPXML_GTF": null,
        "AREASFICHEIRODBF_GTF": null,
        "AREASFICHEIROPRJ_GTF": null,
        "AREASFICHEIROSBN_GTF": null,
        "AREASFICHEIROSBX_GTF": null,
        "AREASFICHEIROSHX_GTF": null,
        "AREASFICHEIROZIP_SAA": null
      }
    },
    {
      "type": "Feature",
      "geometry": {
        "type": "Point",
        "coordinates": [
          -8.34628099971347,
          40.0130029996236
        ]
      },
      "properties": {
        "id": "20260351278",
        "DISTRITO": "Coimbra",
        "TIPO": "Florestal",
        "ANO": 2026.0,
        "AREAPOV": 0.0,
        "AREAMATO": 0.0,
        "AREAAGRIC": 0.0,
        "AREATOTAL": 0.0,
        "REACENDIMENTOS": 0.0,
        "QUEIMADA": 0.0,
        "FALSOALARME": 0.0,
        "FOGACHO": 1.0,
        "INCENDIO": 0.0,
        "AGRICOLA": 0.0,
        "NCCO": 20260351278.0,
        "NOMECCO": 3.0,
        "DATAALERTA": "07-03-2026",
        "HORAALERTA": "14:35",
        "LOCAL": "ESPINHAL (Fonte do Calvário)",
        "CONCELHO": "Penela",
        "FREGUESIA": "Espinhal",
        "FONTEALERTA": "Populares",
        "INE": 61402.0,
        "X": 181800.0,
        "Y": 338300.0,
        "DIA": 7.0,
        "MES": 3.0,
        "HORA": 14.0,
        "OPERADOR": "sigo",
        "PERIMETRO": null,
        "APS": null,
        "CAUSA": null,
        "TIPOCAUSA": null,
        "DHINICIO": "07-03-2026 14:35:00",
        "DHFIM": "07-03-2026 16:05:00",
        "DURACAO": 90.0,
        "HAHORA": 0.0,
        "DATAEXTINCAO": "07-03-2026",
        "HORAEXTINCAO": "16:05",
        "DATA1INTERVENCAO": "07-03-2026",
        "HORA1INTERVENCAO": "14:42",
        "QUEIMA": 0.0,
        "CAUSAFAMILIA": null,
        "TEMPERATURA": 15.4627933502197,
        "HUMIDADERELATIVA": 61.1587829589844,
        "VENTOINTENSIDADE": 7.80992841720581,
        "VENTOINTENSIDADE_VETOR": null,
        "VENTODIRECAO_VETOR": null,
        "PRECEPITACAO": 0.0,
        "FFMC": null,
        "DMC": null,
        "DC": null,
        "ISI": null,
        "BUI": null,
        "FWI": null,
        "DSR": null,
        "THC": null,
        "MODFARSITE": 234.0,
        "ALTITUDEMEDIA": 263.577,
        "DECLIVEMEDIO": 16.1275,
        "HORASEXPOSICAOMEDIA": null,
        "DENDIDADERV": 194.7,
        "COSN5VARIEDADE": 26.46,
        "AREAMANCHAMODFARSITE": 1.48081,
        "AREASFICHEIROS_GNR": null,
        "AREASFICHEIROS_GTF": null,
        "FICHEIROIMAGEM_GNR": null,
        "AREASFICHEIROSHP_GTF": null,
        "AREASFICHEIROSHPXML_GTF": null,
        "AREASFICHEIRODBF_GTF": null,
        "AREASFICHEIROPRJ_GTF": null,
        "AREASFICHEIROSBN_GTF": null,
        "AREASFICHEIROSBX_GTF": null,
        "AREASFICHEIROSHX_GTF": null,
        "AREASFICHEIROZIP_SAA": null
      }
    },
    {
      "type": "Feature",
      "geometry": {
        "type": "Point",
        "coordinates": [
          -8.11482300016615,
          41.3035719998678
        ]
      },
      "properties": {
        "id": "20260351585",
        "DISTRITO": "Porto",
        "TIPO": "Florestal",
        "ANO": 2026.0,
        "AREAPOV": 0.0,
        "AREAMATO": 0.01,
        "AREAAGRIC": 0.0,
        "AREATOTAL": 0.01,
        "REACENDIMENTOS": 0.0,
        "QUEIMADA": 0.0,
        "FALSOALARME": 0.0,
        "FOGACHO": 1.0,
        "INCENDIO": 0.0,
        "AGRICOLA": 0.0,
        "NCCO": 20260351585.0,
        "NOMECCO": 3.0,
        "DATAALERTA": "07-03-2026",
        "HORAALERTA": "15:50",
        "LOCAL": "Rua de São Sebastião. 4600 Amarante. Portugal (EN15 (EN15) Km 55)",
        "CONCELHO": "Amarante",
        "FREGUESIA": "Freixo de Baixo",
        "FONTEALERTA": 112.0,
        "INE": 130113.0,
        "X": 201533.0,
        "Y": 481593.0,
        "DIA": 7.0,
        "MES": 3.0,
        "HORA": 15.0,
        "OPERADOR": "sigo",
        "PERIMETRO": null,
        "APS": null,
        "CAUSA": null,
        "TIPOCAUSA": null,
        "DHINICIO": "07-03-2026 15:50:00",
        "DHFIM": "07-03-2026 16:23:00",
        "DURACAO": 33.0,
        "HAHORA": 0.01,
        "DATAEXTINCAO": "07-03-2026",
        "HORAEXTINCAO": "16:23",
        "DATA1INTERVENCAO": "07-03-2026",
        "HORA1INTERVENCAO": "16:00",
        "QUEIMA": 0.0,
        "CAUSAFAMILIA": null,
        "TEMPERATURA": 15.6805667877197,
        "HUMIDADERELATIVA": 60.5162658691406,
        "VENTOINTENSIDADE": 8.02963638305664,
        "VENTOINTENSIDADE_VETOR": null,
        "VENTODIRECAO_VETOR": null,
        "PRECEPITACAO": 0.0,
        "FFMC": null,
        "DMC": null,
        "DC": null,
        "ISI": null,
        "BUI": null,
        "FWI": null,
        "DSR": null,
        "THC": null,
        "MODFARSITE": 221.0,
        "ALTITUDEMEDIA": 284.521,
        "DECLIVEMEDIO": 18.4576,
        "HORASEXPOSICAOMEDIA": null,
        "DENDIDADERV": 254.836,
        "COSN5VARIEDADE": 17.85,
        "AREAMANCHAMODFARSITE": 1.47251,
        "AREASFICHEIROS_GNR": null,
        "AREASFICHEIROS_GTF": null,
        "FICHEIROIMAGEM_GNR": null,
        "AREASFICHEIROSHP_GTF": null,
        "AREASFICHEIROSHPXML_GTF": null,
        "AREASFICHEIRODBF_GTF": null,
        "AREASFICHEIROPRJ_GTF": null,
        "AREASFICHEIROSBN_GTF": null,
        "AREASFICHEIROSBX_GTF": null,
        "AREASFICHEIROSHX_GTF": null,
        "AREASFICHEIROZIP_SAA": null
      }
    },
    {
      "type": "Feature",
      "geometry": {
        "type": "Point",
        "coordinates": [
          -6.57540799988641,
          41.9227019998762
        ]
      },
      "properties": {
        "id": "20260375744",
        "DISTRITO": "Bragança",
        "TIPO": "Florestal",
        "ANO": 2026.0,
        "AREAPOV": 0.0,
        "AREAMATO": 0.5,
        "AREAAGRIC": 0.0,
        "AREATOTAL": 0.5,
        "REACENDIMENTOS": 0.0,
        "QUEIMADA": 0.0,
        "FALSOALARME": 0.0,
        "FOGACHO": 1.0,
        "INCENDIO": 0.0,
        "AGRICOLA": 0.0,
        "NCCO": 20260375744.0,
        "NOMECCO": 3.0,
        "DATAALERTA": "12-03-2026",
        "HORAALERTA": "17:45",
        "LOCAL": "Guadramil (Moinho da Molineta)",
        "CONCELHO": "Bragança",
        "FREGUESIA": "Rio de Onor",
        "FONTEALERTA": "Bombeiros",
        "INE": 40238.0,
        "X": 329219.0,
        "Y": 551530.0,
        "DIA": 12.0,
        "MES": 3.0,
        "HORA": 17.0,
        "OPERADOR": "sigo",
        "PERIMETRO": null,
        "APS": "Montesinho",
        "CAUSA": null,
        "TIPOCAUSA": null,
        "DHINICIO": "12-03-2026 17:45:00",
        "DHFIM": "12-03-2026 19:39:00",
        "DURACAO": 114.0,
        "HAHORA": 0.5,
        "DATAEXTINCAO": "12-03-2026",
        "HORAEXTINCAO": "19:39",
        "DATA1INTERVENCAO": "12-03-2026",
        "HORA1INTERVENCAO": "18:10",
        "QUEIMA": 0.0,
        "CAUSAFAMILIA": null,
        "TEMPERATURA": 19.1861820220947,
        "HUMIDADERELATIVA": 54.1204223632813,
        "VENTOINTENSIDADE": 5.52913093566895,
        "VENTOINTENSIDADE_VETOR": null,
        "VENTODIRECAO_VETOR": null,
        "PRECEPITACAO": 0.0,
        "FFMC": null,
        "DMC": null,
        "DC": null,
        "ISI": null,
        "BUI": null,
        "FWI": null,
        "DSR": null,
        "THC": null,
        "MODFARSITE": null,
        "ALTITUDEMEDIA": 760.589,
        "DECLIVEMEDIO": 23.4256,
        "HORASEXPOSICAOMEDIA": null,
        "DENDIDADERV": 37.7147,
        "COSN5VARIEDADE": 13.95,
        "AREAMANCHAMODFARSITE": null,
        "AREASFICHEIROS_GNR": null,
        "AREASFICHEIROS_GTF": null,
        "FICHEIROIMAGEM_GNR": null,
        "AREASFICHEIROSHP_GTF": null,
        "AREASFICHEIROSHPXML_GTF": null,
        "AREASFICHEIRODBF_GTF": null,
        "AREASFICHEIROPRJ_GTF": null,
        "AREASFICHEIROSBN_GTF": null,
        "AREASFICHEIROSBX_GTF": null,
        "AREASFICHEIROSHX_GTF": null,
        "AREASFICHEIROZIP_SAA": null
      }
    },
    {
      "type": "Feature",
      "geometry": {
        "type": "Point",
        "coordinates": [
          -7.34617700046963,
          41.3148079999288
        ]
      },
      "properties": {
        "id": "20260375820",
        "DISTRITO": "Bragança",
        "TIPO": "Florestal",
        "ANO": 2026.0,
        "AREAPOV": 0.0,
        "AREAMATO": 0.01,
        "AREAAGRIC": 0.0,
        "AREATOTAL": 0.01,
        "REACENDIMENTOS": 0.0,
        "QUEIMADA": 0.0,
        "FALSOALARME": 0.0,
        "FOGACHO": 1.0,
        "INCENDIO": 0.0,
        "AGRICOLA": 0.0,
        "NCCO": 20260375820.0,
        "NOMECCO": 3.0,
        "DATAALERTA": "12-03-2026",
        "HORAALERTA": "18:14",
        "LOCAL": "Brunheda (Corujeira)",
        "CONCELHO": "Carrazeda de Ansiães",
        "FREGUESIA": "Pinhal do Norte",
        "FONTEALERTA": 112.0,
        "INE": 40313.0,
        "X": 265895.0,
        "Y": 483139.0,
        "DIA": 12.0,
        "MES": 3.0,
        "HORA": 18.0,
        "OPERADOR": "sigo",
        "PERIMETRO": null,
        "APS": "Vale do Tua",
        "CAUSA": null,
        "TIPOCAUSA": null,
        "DHINICIO": "12-03-2026 18:14:00",
        "DHFIM": "12-03-2026 20:13:00",
        "DURACAO": 119.0,
        "HAHORA": 0.01,
        "DATAEXTINCAO": "12-03-2026",
        "HORAEXTINCAO": "20:13",
        "DATA1INTERVENCAO": "12-03-2026",
        "HORA1INTERVENCAO": "18:52",
        "QUEIMA": 0.0,
        "CAUSAFAMILIA": null,
        "TEMPERATURA": 17.0499515533447,
        "HUMIDADERELATIVA": 72.8845062255859,
        "VENTOINTENSIDADE": 8.69685840606689,
        "VENTOINTENSIDADE_VETOR": null,
        "VENTODIRECAO_VETOR": null,
        "PRECEPITACAO": 0.0,
        "FFMC": null,
        "DMC": null,
        "DC": null,
        "ISI": null,
        "BUI": null,
        "FWI": null,
        "DSR": null,
        "THC": null,
        "MODFARSITE": null,
        "ALTITUDEMEDIA": 246.239,
        "DECLIVEMEDIO": 28.9807,
        "HORASEXPOSICAOMEDIA": null,
        "DENDIDADERV": 159.519,
        "COSN5VARIEDADE": 27.73,
        "AREAMANCHAMODFARSITE": null,
        "AREASFICHEIROS_GNR": null,
        "AREASFICHEIROS_GTF": null,
        "FICHEIROIMAGEM_GNR": null,
        "AREASFICHEIROSHP_GTF": null,
        "AREASFICHEIROSHPXML_GTF": null,
        "AREASFICHEIRODBF_GTF": null,
        "AREASFICHEIROPRJ_GTF": null,
        "AREASFICHEIROSBN_GTF": null,
        "AREASFICHEIROSBX_GTF": null,
        "AREASFICHEIROSHX_GTF": null,
        "AREASFICHEIROZIP_SAA": null
      }
    },
    {
      "type": "Feature",
      "geometry": {
        "type": "Point",
        "coordinates": [
          -8.54584600024753,
          41.0462659994761
        ]
      },
      "properties": {
        "id": "20260376152",
        "DISTRITO": "Porto",
        "TIPO": "Florestal",
        "ANO": 2026.0,
        "AREAPOV": 0.0,
        "AREAMATO": 0.05,
        "AREAAGRIC": 0.0,
        "AREATOTAL": 0.05,
        "REACENDIMENTOS": 0.0,
        "QUEIMADA": 0.0,
        "FALSOALARME": 0.0,
        "FOGACHO": 1.0,
        "INCENDIO": 0.0,
        "AGRICOLA": 0.0,
        "NCCO": 20260376152.0,
        "NOMECCO": 3.0,
        "DATAALERTA": "12-03-2026",
        "HORAALERTA": "19:29",
        "LOCAL": "Rua Pedra Moura (Rua de Lavadores)",
        "CONCELHO": "Vila Nova de Gaia",
        "FREGUESIA": "Olival",
        "FONTEALERTA": "Bombeiros",
        "INE": 131711.0,
        "X": 165300.0,
        "Y": 453099.0,
        "DIA": 12.0,
        "MES": 3.0,
        "HORA": 19.0,
        "OPERADOR": "sigo",
        "PERIMETRO": null,
        "APS": null,
        "CAUSA": null,
        "TIPOCAUSA": null,
        "DHINICIO": "12-03-2026 19:29:00",
        "DHFIM": "12-03-2026 20:13:00",
        "DURACAO": 44.0,
        "HAHORA": 0.05,
        "DATAEXTINCAO": "12-03-2026",
        "HORAEXTINCAO": "20:13",
        "DATA1INTERVENCAO": "12-03-2026",
        "HORA1INTERVENCAO": "19:37",
        "QUEIMA": 0.0,
        "CAUSAFAMILIA": null,
        "TEMPERATURA": 14.6566410064697,
        "HUMIDADERELATIVA": 77.9762420654297,
        "VENTOINTENSIDADE": 9.18001842498779,
        "VENTOINTENSIDADE_VETOR": null,
        "VENTODIRECAO_VETOR": null,
        "PRECEPITACAO": 0.0,
        "FFMC": null,
        "DMC": null,
        "DC": null,
        "ISI": null,
        "BUI": null,
        "FWI": null,
        "DSR": null,
        "THC": null,
        "MODFARSITE": 232.0,
        "ALTITUDEMEDIA": 151.499,
        "DECLIVEMEDIO": 8.47312,
        "HORASEXPOSICAOMEDIA": null,
        "DENDIDADERV": 803.547,
        "COSN5VARIEDADE": 17.15,
        "AREAMANCHAMODFARSITE": 36.2355,
        "AREASFICHEIROS_GNR": null,
        "AREASFICHEIROS_GTF": null,
        "FICHEIROIMAGEM_GNR": null,
        "AREASFICHEIROSHP_GTF": null,
        "AREASFICHEIROSHPXML_GTF": null,
        "AREASFICHEIRODBF_GTF": null,
        "AREASFICHEIROPRJ_GTF": null,
        "AREASFICHEIROSBN_GTF": null,
        "AREASFICHEIROSBX_GTF": null,
        "AREASFICHEIROSHX_GTF": null,
        "AREASFICHEIROZIP_SAA": null
      }
    },
    {
      "type": "Feature",
      "geometry": {
        "type": "Point",
        "coordinates": [
          -7.4465439997779,
          37.3853429999616
        ]
      },
      "properties": {
        "id": "20260378783",
        "DISTRITO": "Faro",
        "TIPO": "Florestal",
        "ANO": 2026.0,
        "AREAPOV": 0.0,
        "AREAMATO": 0.0217,
        "AREAAGRIC": 0.0,
        "AREATOTAL": 0.0217,
        "REACENDIMENTOS": 0.0,
        "QUEIMADA": 0.0,
        "FALSOALARME": 0.0,
        "FOGACHO": 1.0,
        "INCENDIO": 0.0,
        "AGRICOLA": 0.0,
        "NCCO": 20260378783.0,
        "NOMECCO": 3.0,
        "DATAALERTA": "13-03-2026",
        "HORAALERTA": "11:58",
        "LOCAL": "EM507-2 entre Alamo e Guerreiros do Rio (Álamo)",
        "CONCELHO": "Alcoutim",
        "FREGUESIA": "Alcoutim",
        "FONTEALERTA": 112.0,
        "INE": 80201.0,
        "X": 260799.0,
        "Y": 46799.0,
        "DIA": 13.0,
        "MES": 3.0,
        "HORA": 11.0,
        "OPERADOR": "sigo",
        "PERIMETRO": null,
        "APS": null,
        "CAUSA": null,
        "TIPOCAUSA": null,
        "DHINICIO": "13-03-2026 11:58:00",
        "DHFIM": "13-03-2026 12:30:00",
        "DURACAO": 32.0,
        "HAHORA": 0.0217,
        "DATAEXTINCAO": "13-03-2026",
        "HORAEXTINCAO": "12:30",
        "DATA1INTERVENCAO": "13-03-2026",
        "HORA1INTERVENCAO": "12:25",
        "QUEIMA": 0.0,
        "CAUSAFAMILIA": null,
        "TEMPERATURA": 15.9547367095947,
        "HUMIDADERELATIVA": 68.0283508300781,
        "VENTOINTENSIDADE": 7.28323984146118,
        "VENTOINTENSIDADE_VETOR": null,
        "VENTODIRECAO_VETOR": null,
        "PRECEPITACAO": 0.0,
        "FFMC": null,
        "DMC": null,
        "DC": null,
        "ISI": null,
        "BUI": null,
        "FWI": null,
        "DSR": null,
        "THC": null,
        "MODFARSITE": null,
        "ALTITUDEMEDIA": -1.35198,
        "DECLIVEMEDIO": 3.03793,
        "HORASEXPOSICAOMEDIA": null,
        "DENDIDADERV": 148.95,
        "COSN5VARIEDADE": 6.78,
        "AREAMANCHAMODFARSITE": null,
        "AREASFICHEIROS_GNR": null,
        "AREASFICHEIROS_GTF": null,
        "FICHEIROIMAGEM_GNR": null,
        "AREASFICHEIROSHP_GTF": null,
        "AREASFICHEIROSHPXML_GTF": null,
        "AREASFICHEIRODBF_GTF": null,
        "AREASFICHEIROPRJ_GTF": null,
        "AREASFICHEIROSBN_GTF": null,
        "AREASFICHEIROSBX_GTF": null,
        "AREASFICHEIROSHX_GTF": null,
        "AREASFICHEIROZIP_SAA": null
      }
    },
    {
      "type": "Feature",
      "geometry": {
        "type": "Point",
        "coordinates": [
          -7.56304199960497,
          40.0609729999966
        ]
      },
      "properties": {
        "id": "20260380241",
        "DISTRITO": "Castelo Branco",
        "TIPO": "Florestal",
        "ANO": 2026.0,
        "AREAPOV": 0.0,
        "AREAMATO": 0.03,
        "AREAAGRIC": 0.0,
        "AREATOTAL": 0.03,
        "REACENDIMENTOS": 0.0,
        "QUEIMADA": 0.0,
        "FALSOALARME": 0.0,
        "FOGACHO": 1.0,
        "INCENDIO": 0.0,
        "AGRICOLA": 0.0,
        "NCCO": 20260380241.0,
        "NOMECCO": 3.0,
        "DATAALERTA": "13-03-2026",
        "HORAALERTA": "16:53",
        "LOCAL": "Santuário de Nossa da Orada (Senhora da Orada)",
        "CONCELHO": "Castelo Branco",
        "FREGUESIA": "São Vicente da Beira",
        "FONTEALERTA": 112.0,
        "INE": 50222.0,
        "X": 248637.0,
        "Y": 343759.0,
        "DIA": 13.0,
        "MES": 3.0,
        "HORA": 16.0,
        "OPERADOR": "sigo",
        "PERIMETRO": null,
        "APS": "Serra da Gardunha",
        "CAUSA": null,
        "TIPOCAUSA": null,
        "DHINICIO": "13-03-2026 16:53:00",
        "DHFIM": "13-03-2026 17:55:00",
        "DURACAO": 62.0,
        "HAHORA": 0.03,
        "DATAEXTINCAO": "13-03-2026",
        "HORAEXTINCAO": "17:55",
        "DATA1INTERVENCAO": "13-03-2026",
        "HORA1INTERVENCAO": "17:34",
        "QUEIMA": 0.0,
        "CAUSAFAMILIA": null,
        "TEMPERATURA": 17.1659183502197,
        "HUMIDADERELATIVA": 59.5871429443359,
        "VENTOINTENSIDADE": 12.7229290008545,
        "VENTOINTENSIDADE_VETOR": null,
        "VENTODIRECAO_VETOR": null,
        "PRECEPITACAO": 0.0,
        "FFMC": null,
        "DMC": null,
        "DC": null,
        "ISI": null,
        "BUI": null,
        "FWI": null,
        "DSR": null,
        "THC": null,
        "MODFARSITE": 234.0,
        "ALTITUDEMEDIA": 663.719,
        "DECLIVEMEDIO": 22.5491,
        "HORASEXPOSICAOMEDIA": null,
        "DENDIDADERV": 91.6118,
        "COSN5VARIEDADE": 10.01,
        "AREAMANCHAMODFARSITE": 317.584,
        "AREASFICHEIROS_GNR": null,
        "AREASFICHEIROS_GTF": null,
        "FICHEIROIMAGEM_GNR": null,
        "AREASFICHEIROSHP_GTF": null,
        "AREASFICHEIROSHPXML_GTF": null,
        "AREASFICHEIRODBF_GTF": null,
        "AREASFICHEIROPRJ_GTF": null,
        "AREASFICHEIROSBN_GTF": null,
        "AREASFICHEIROSBX_GTF": null,
        "AREASFICHEIROSHX_GTF": null,
        "AREASFICHEIROZIP_SAA": null
      }
    },
    {
      "type": "Feature",
      "geometry": {
        "type": "Point",
        "coordinates": [
          -7.44924699995253,
          41.3936480002933
        ]
      },
      "properties": {
        "id": "20260384913",
        "DISTRITO": "Vila Real",
        "TIPO": "Florestal",
        "ANO": 2026.0,
        "AREAPOV": 0.0,
        "AREAMATO": 1.0,
        "AREAAGRIC": 0.0,
        "AREATOTAL": 1.0,
        "REACENDIMENTOS": 0.0,
        "QUEIMADA": 0.0,
        "FALSOALARME": 0.0,
        "FOGACHO": 0.0,
        "INCENDIO": 1.0,
        "AGRICOLA": 0.0,
        "NCCO": 20260384913.0,
        "NOMECCO": 3.0,
        "DATAALERTA": "14-03-2026",
        "HORAALERTA": "18:32",
        "LOCAL": "Rebelos (IP4 (IP4) Km 128)",
        "CONCELHO": "Murça",
        "FREGUESIA": "Murça",
        "FONTEALERTA": 112.0,
        "INE": 170705.0,
        "X": 257196.0,
        "Y": 491822.0,
        "DIA": 14.0,
        "MES": 3.0,
        "HORA": 18.0,
        "OPERADOR": "sigo",
        "PERIMETRO": null,
        "APS": "Vale do Tua",
        "CAUSA": null,
        "TIPOCAUSA": null,
        "DHINICIO": "14-03-2026 18:32:00",
        "DHFIM": "14-03-2026 20:37:00",
        "DURACAO": 125.0,
        "HAHORA": 0.5,
        "DATAEXTINCAO": "14-03-2026",
        "HORAEXTINCAO": "20:37",
        "DATA1INTERVENCAO": "14-03-2026",
        "HORA1INTERVENCAO": "18:40",
        "QUEIMA": 0.0,
        "CAUSAFAMILIA": null,
        "TEMPERATURA": 12.4627933502197,
        "HUMIDADERELATIVA": 85.0766906738281,
        "VENTOINTENSIDADE": 15.7479476928711,
        "VENTOINTENSIDADE_VETOR": null,
        "VENTODIRECAO_VETOR": null,
        "PRECEPITACAO": 0.0,
        "FFMC": null,
        "DMC": null,
        "DC": null,
        "ISI": null,
        "BUI": null,
        "FWI": null,
        "DSR": null,
        "THC": null,
        "MODFARSITE": 234.0,
        "ALTITUDEMEDIA": 402.044,
        "DECLIVEMEDIO": 28.025,
        "HORASEXPOSICAOMEDIA": null,
        "DENDIDADERV": 309.463,
        "COSN5VARIEDADE": 18.52,
        "AREAMANCHAMODFARSITE": 29.2344,
        "AREASFICHEIROS_GNR": null,
        "AREASFICHEIROS_GTF": null,
        "FICHEIROIMAGEM_GNR": null,
        "AREASFICHEIROSHP_GTF": null,
        "AREASFICHEIROSHPXML_GTF": null,
        "AREASFICHEIRODBF_GTF": null,
        "AREASFICHEIROPRJ_GTF": null,
        "AREASFICHEIROSBN_GTF": null,
        "AREASFICHEIROSBX_GTF": null,
        "AREASFICHEIROSHX_GTF": null,
        "AREASFICHEIROZIP_SAA": null
      }
    },
    {
      "type": "Feature",
      "geometry": {
        "type": "Point",
        "coordinates": [
          -7.61914000007841,
          37.2992900000678
        ]
      },
      "properties": {
        "id": "20260387302",
        "DISTRITO": "Faro",
        "TIPO": "Florestal",
        "ANO": 2026.0,
        "AREAPOV": 0.0,
        "AREAMATO": 0.0797,
        "AREAAGRIC": 0.0,
        "AREATOTAL": 0.0797,
        "REACENDIMENTOS": 0.0,
        "QUEIMADA": 0.0,
        "FALSOALARME": 0.0,
        "FOGACHO": 1.0,
        "INCENDIO": 0.0,
        "AGRICOLA": 0.0,
        "NCCO": 20260387302.0,
        "NOMECCO": 3.0,
        "DATAALERTA": "15-03-2026",
        "HORAALERTA": "11:00",
        "LOCAL": "Funchosa de Cima",
        "CONCELHO": "Castro Marim",
        "FREGUESIA": "Odeleite",
        "FONTEALERTA": "Bombeiros",
        "INE": 80403.0,
        "X": 245566.0,
        "Y": 37152.0,
        "DIA": 15.0,
        "MES": 3.0,
        "HORA": 11.0,
        "OPERADOR": "sigo",
        "PERIMETRO": null,
        "APS": null,
        "CAUSA": null,
        "TIPOCAUSA": null,
        "DHINICIO": "15-03-2026 11:00:00",
        "DHFIM": "15-03-2026 13:30:00",
        "DURACAO": 150.0,
        "HAHORA": 0.03985,
        "DATAEXTINCAO": "15-03-2026",
        "HORAEXTINCAO": "13:30",
        "DATA1INTERVENCAO": "15-03-2026",
        "HORA1INTERVENCAO": "11:35",
        "QUEIMA": 0.0,
        "CAUSAFAMILIA": null,
        "TEMPERATURA": 16.1874027252197,
        "HUMIDADERELATIVA": 61.1355438232422,
        "VENTOINTENSIDADE": 15.3718395233154,
        "VENTOINTENSIDADE_VETOR": null,
        "VENTODIRECAO_VETOR": null,
        "PRECEPITACAO": 0.0,
        "FFMC": null,
        "DMC": null,
        "DC": null,
        "ISI": null,
        "BUI": null,
        "FWI": null,
        "DSR": null,
        "THC": null,
        "MODFARSITE": null,
        "ALTITUDEMEDIA": 84.845,
        "DECLIVEMEDIO": 26.8554,
        "HORASEXPOSICAOMEDIA": null,
        "DENDIDADERV": 290.701,
        "COSN5VARIEDADE": 11.04,
        "AREAMANCHAMODFARSITE": null,
        "AREASFICHEIROS_GNR": null,
        "AREASFICHEIROS_GTF": null,
        "FICHEIROIMAGEM_GNR": null,
        "AREASFICHEIROSHP_GTF": null,
        "AREASFICHEIROSHPXML_GTF": null,
        "AREASFICHEIRODBF_GTF": null,
        "AREASFICHEIROPRJ_GTF": null,
        "AREASFICHEIROSBN_GTF": null,
        "AREASFICHEIROSBX_GTF": null,
        "AREASFICHEIROSHX_GTF": null,
        "AREASFICHEIROZIP_SAA": null
      }
    },
    {
      "type": "Feature",
      "geometry": {
        "type": "Point",
        "coordinates": [
          -7.15200799994999,
          41.8817230002085
        ]
      },
      "properties": {
        "id": "20260387806",
        "DISTRITO": "Bragança",
        "TIPO": "Florestal",
        "ANO": 2026.0,
        "AREAPOV": 0.0,
        "AREAMATO": 1.0,
        "AREAAGRIC": 0.0,
        "AREATOTAL": 1.0,
        "REACENDIMENTOS": 0.0,
        "QUEIMADA": 0.0,
        "FALSOALARME": 0.0,
        "FOGACHO": 0.0,
        "INCENDIO": 1.0,
        "AGRICOLA": 0.0,
        "NCCO": 20260387806.0,
        "NOMECCO": 3.0,
        "DATAALERTA": "15-03-2026",
        "HORAALERTA": "12:54",
        "LOCAL": "Gestosa. Vinhais. Portugal (Gestosa)",
        "CONCELHO": "Vinhais",
        "FREGUESIA": "Vilar Seco de Lomba",
        "FONTEALERTA": 112.0,
        "INE": 41234.0,
        "X": 281439.0,
        "Y": 546270.0,
        "DIA": 15.0,
        "MES": 3.0,
        "HORA": 12.0,
        "OPERADOR": "sigo",
        "PERIMETRO": null,
        "APS": "Montesinho",
        "CAUSA": null,
        "TIPOCAUSA": null,
        "DHINICIO": "15-03-2026 12:54:00",
        "DHFIM": "15-03-2026 15:28:00",
        "DURACAO": 154.0,
        "HAHORA": 0.5,
        "DATAEXTINCAO": "15-03-2026",
        "HORAEXTINCAO": "15:28",
        "DATA1INTERVENCAO": "15-03-2026",
        "HORA1INTERVENCAO": "14:10",
        "QUEIMA": 0.0,
        "CAUSAFAMILIA": null,
        "TEMPERATURA": 15.5514163970947,
        "HUMIDADERELATIVA": 69.2003326416016,
        "VENTOINTENSIDADE": 13.2191257476807,
        "VENTOINTENSIDADE_VETOR": null,
        "VENTODIRECAO_VETOR": null,
        "PRECEPITACAO": 0.0,
        "FFMC": null,
        "DMC": null,
        "DC": null,
        "ISI": null,
        "BUI": null,
        "FWI": null,
        "DSR": null,
        "THC": null,
        "MODFARSITE": null,
        "ALTITUDEMEDIA": 690.186,
        "DECLIVEMEDIO": 19.4651,
        "HORASEXPOSICAOMEDIA": null,
        "DENDIDADERV": 114.148,
        "COSN5VARIEDADE": 18.26,
        "AREAMANCHAMODFARSITE": null,
        "AREASFICHEIROS_GNR": null,
        "AREASFICHEIROS_GTF": null,
        "FICHEIROIMAGEM_GNR": null,
        "AREASFICHEIROSHP_GTF": null,
        "AREASFICHEIROSHPXML_GTF": null,
        "AREASFICHEIRODBF_GTF": null,
        "AREASFICHEIROPRJ_GTF": null,
        "AREASFICHEIROSBN_GTF": null,
        "AREASFICHEIROSBX_GTF": null,
        "AREASFICHEIROSHX_GTF": null,
        "AREASFICHEIROZIP_SAA": null
      }
    },
    {
      "type": "Feature",
      "geometry": {
        "type": "Point",
        "coordinates": [
          -6.56455199983385,
          41.906238000128
        ]
      },
      "properties": {
        "id": "20260388107",
        "DISTRITO": "Bragança",
        "TIPO": "Florestal",
        "ANO": 2026.0,
        "AREAPOV": 0.0,
        "AREAMATO": 15.0,
        "AREAAGRIC": 0.0,
        "AREATOTAL": 15.0,
        "REACENDIMENTOS": 0.0,
        "QUEIMADA": 0.0,
        "FALSOALARME": 0.0,
        "FOGACHO": 0.0,
        "INCENDIO": 1.0,
        "AGRICOLA": 0.0,
        "NCCO": 20260388107.0,
        "NOMECCO": 3.0,
        "DATAALERTA": "15-03-2026",
        "HORAALERTA": "13:54",
        "LOCAL": "Guadramil - PNM (ED308 (ED308) Km 290)",
        "CONCELHO": "Bragança",
        "FREGUESIA": "Rio de Onor",
        "FONTEALERTA": "Populares",
        "INE": 40238.0,
        "X": 330152.0,
        "Y": 549717.0,
        "DIA": 15.0,
        "MES": 3.0,
        "HORA": 13.0,
        "OPERADOR": "sigo",
        "PERIMETRO": "Perimetro Florestal de Deilão",
        "APS": "Montesinho",
        "CAUSA": null,
        "TIPOCAUSA": null,
        "DHINICIO": "15-03-2026 13:54:00",
        "DHFIM": "15-03-2026 16:51:00",
        "DURACAO": 177.0,
        "HAHORA": 7.5,
        "DATAEXTINCAO": "15-03-2026",
        "HORAEXTINCAO": "16:51",
        "DATA1INTERVENCAO": "15-03-2026",
        "HORA1INTERVENCAO": "14:35",
        "QUEIMA": 0.0,
        "CAUSAFAMILIA": null,
        "TEMPERATURA": 16.6275882720947,
        "HUMIDADERELATIVA": 66.0310821533203,
        "VENTOINTENSIDADE": 12.5103330612183,
        "VENTOINTENSIDADE_VETOR": null,
        "VENTODIRECAO_VETOR": null,
        "PRECEPITACAO": 0.0,
        "FFMC": null,
        "DMC": null,
        "DC": null,
        "ISI": null,
        "BUI": null,
        "FWI": null,
        "DSR": null,
        "THC": null,
        "MODFARSITE": 233.0,
        "ALTITUDEMEDIA": 834.783,
        "DECLIVEMEDIO": 22.0163,
        "HORASEXPOSICAOMEDIA": null,
        "DENDIDADERV": 18.5832,
        "COSN5VARIEDADE": 14.59,
        "AREAMANCHAMODFARSITE": 53.474,
        "AREASFICHEIROS_GNR": null,
        "AREASFICHEIROS_GTF": null,
        "FICHEIROIMAGEM_GNR": null,
        "AREASFICHEIROSHP_GTF": null,
        "AREASFICHEIROSHPXML_GTF": null,
        "AREASFICHEIRODBF_GTF": null,
        "AREASFICHEIROPRJ_GTF": null,
        "AREASFICHEIROSBN_GTF": null,
        "AREASFICHEIROSBX_GTF": null,
        "AREASFICHEIROSHX_GTF": null,
        "AREASFICHEIROZIP_SAA": null
      }
    },
    {
      "type": "Feature",
      "geometry": {
        "type": "Point",
        "coordinates": [
          -6.56744599997997,
          41.9068499999576
        ]
      },
      "properties": {
        "id": "20260388125",
        "DISTRITO": "Bragança",
        "TIPO": "Florestal",
        "ANO": 2026.0,
        "AREAPOV": 0.0,
        "AREAMATO": 0.0,
        "AREAAGRIC": 0.0,
        "AREATOTAL": 0.0,
        "REACENDIMENTOS": 0.0,
        "QUEIMADA": 0.0,
        "FALSOALARME": 0.0,
        "FOGACHO": 1.0,
        "INCENDIO": 0.0,
        "AGRICOLA": 0.0,
        "NCCO": 20260388125.0,
        "NOMECCO": 3.0,
        "DATAALERTA": "15-03-2026",
        "HORAALERTA": "13:59",
        "LOCAL": "LatLong(41.90684672.-6.56744591) - N308. 5300 Bragança. Portugal (ED308 (ED308) Km 290)",
        "CONCELHO": "Bragança",
        "FREGUESIA": "Rio de Onor",
        "FONTEALERTA": 112.0,
        "INE": 40238.0,
        "X": 329911.0,
        "Y": 549781.0,
        "DIA": 15.0,
        "MES": 3.0,
        "HORA": 13.0,
        "OPERADOR": "sigo",
        "PERIMETRO": null,
        "APS": "Montesinho",
        "CAUSA": null,
        "TIPOCAUSA": null,
        "DHINICIO": "15-03-2026 13:59:00",
        "DHFIM": "15-03-2026 17:58:00",
        "DURACAO": 239.0,
        "HAHORA": 0.0,
        "DATAEXTINCAO": "15-03-2026",
        "HORAEXTINCAO": "17:58",
        "DATA1INTERVENCAO": null,
        "HORA1INTERVENCAO": null,
        "QUEIMA": 0.0,
        "CAUSAFAMILIA": null,
        "TEMPERATURA": 16.6275882720947,
        "HUMIDADERELATIVA": 66.0310821533203,
        "VENTOINTENSIDADE": 12.5103330612183,
        "VENTOINTENSIDADE_VETOR": null,
        "VENTODIRECAO_VETOR": null,
        "PRECEPITACAO": 0.0,
        "FFMC": null,
        "DMC": null,
        "DC": null,
        "ISI": null,
        "BUI": null,
        "FWI": null,
        "DSR": null,
        "THC": null,
        "MODFARSITE": 234.0,
        "ALTITUDEMEDIA": 743.069,
        "DECLIVEMEDIO": 22.2998,
        "HORASEXPOSICAOMEDIA": null,
        "DENDIDADERV": 36.2352,
        "COSN5VARIEDADE": 12.6,
        "AREAMANCHAMODFARSITE": 588.967,
        "AREASFICHEIROS_GNR": null,
        "AREASFICHEIROS_GTF": null,
        "FICHEIROIMAGEM_GNR": null,
        "AREASFICHEIROSHP_GTF": null,
        "AREASFICHEIROSHPXML_GTF": null,
        "AREASFICHEIRODBF_GTF": null,
        "AREASFICHEIROPRJ_GTF": null,
        "AREASFICHEIROSBN_GTF": null,
        "AREASFICHEIROSBX_GTF": null,
        "AREASFICHEIROSHX_GTF": null,
        "AREASFICHEIROZIP_SAA": null
      }
    },
    {
      "type": "Feature",
      "geometry": {
        "type": "Point",
        "coordinates": [
          -7.80723999977112,
          38.1832820002238
        ]
      },
      "properties": {
        "id": "20260388370",
        "DISTRITO": "Beja",
        "TIPO": "Florestal",
        "ANO": 2026.0,
        "AREAPOV": 0.0,
        "AREAMATO": 0.0215,
        "AREAAGRIC": 0.0,
        "AREATOTAL": 0.0215,
        "REACENDIMENTOS": 0.0,
        "QUEIMADA": 0.0,
        "FALSOALARME": 0.0,
        "FOGACHO": 1.0,
        "INCENDIO": 0.0,
        "AGRICOLA": 0.0,
        "NCCO": 20260388370.0,
        "NOMECCO": 3.0,
        "DATAALERTA": "15-03-2026",
        "HORAALERTA": "14:52",
        "LOCAL": "IP2 Km 322.900 (IP2 (EN18) Km 323)",
        "CONCELHO": "Vidigueira",
        "FREGUESIA": "Vidigueira",
        "FONTEALERTA": 112.0,
        "INE": 21403.0,
        "X": 228548.0,
        "Y": 135195.0,
        "DIA": 15.0,
        "MES": 3.0,
        "HORA": 14.0,
        "OPERADOR": "sigo",
        "PERIMETRO": null,
        "APS": null,
        "CAUSA": null,
        "TIPOCAUSA": null,
        "DHINICIO": "15-03-2026 14:52:00",
        "DHFIM": "15-03-2026 16:53:00",
        "DURACAO": 121.0,
        "HAHORA": 0.01075,
        "DATAEXTINCAO": "15-03-2026",
        "HORAEXTINCAO": "16:53",
        "DATA1INTERVENCAO": "15-03-2026",
        "HORA1INTERVENCAO": "15:15",
        "QUEIMA": 0.0,
        "CAUSAFAMILIA": null,
        "TEMPERATURA": 17.3529300689697,
        "HUMIDADERELATIVA": 64.9813995361328,
        "VENTOINTENSIDADE": 12.3465070724487,
        "VENTOINTENSIDADE_VETOR": null,
        "VENTODIRECAO_VETOR": null,
        "PRECEPITACAO": 0.0,
        "FFMC": null,
        "DMC": null,
        "DC": null,
        "ISI": null,
        "BUI": null,
        "FWI": null,
        "DSR": null,
        "THC": null,
        "MODFARSITE": null,
        "ALTITUDEMEDIA": 178.169,
        "DECLIVEMEDIO": 4.24499,
        "HORASEXPOSICAOMEDIA": null,
        "DENDIDADERV": 114.121,
        "COSN5VARIEDADE": 11.45,
        "AREAMANCHAMODFARSITE": null,
        "AREASFICHEIROS_GNR": null,
        "AREASFICHEIROS_GTF": null,
        "FICHEIROIMAGEM_GNR": null,
        "AREASFICHEIROSHP_GTF": null,
        "AREASFICHEIROSHPXML_GTF": null,
        "AREASFICHEIRODBF_GTF": null,
        "AREASFICHEIROPRJ_GTF": null,
        "AREASFICHEIROSBN_GTF": null,
        "AREASFICHEIROSBX_GTF": null,
        "AREASFICHEIROSHX_GTF": null,
        "AREASFICHEIROZIP_SAA": null
      }
    },
    {
      "type": "Feature",
      "geometry": {
        "type": "Point",
        "coordinates": [
          -7.15277777777778,
          41.8805555555556
        ]
      },
      "properties": {
        "id": "20260388692",
        "DISTRITO": "Bragança",
        "TIPO": "Florestal",
        "ANO": 2026.0,
        "AREAPOV": 0.0,
        "AREAMATO": 3.0,
        "AREAAGRIC": 0.0,
        "AREATOTAL": 3.0,
        "REACENDIMENTOS": 0.0,
        "QUEIMADA": 0.0,
        "FALSOALARME": 0.0,
        "FOGACHO": 0.0,
        "INCENDIO": 1.0,
        "AGRICOLA": 0.0,
        "NCCO": 20260388692.0,
        "NOMECCO": 3.0,
        "DATAALERTA": "15-03-2026",
        "HORAALERTA": "16:05",
        "LOCAL": "Gestosa",
        "CONCELHO": "Vinhais",
        "FREGUESIA": "Vilar Seco de Lomba",
        "FONTEALERTA": null,
        "INE": 41234.0,
        "X": 281375.0,
        "Y": 546125.0,
        "DIA": 15.0,
        "MES": 3.0,
        "HORA": 16.0,
        "OPERADOR": 1980610.0,
        "PERIMETRO": "Perimetro Florestal de Deilão",
        "APS": "Montesinho",
        "CAUSA": null,
        "TIPOCAUSA": null,
        "DHINICIO": "15-03-2026 16:05:00",
        "DHFIM": "15-03-2026 17:44:00",
        "DURACAO": 99.0,
        "HAHORA": 3.0,
        "DATAEXTINCAO": "15-03-2026",
        "HORAEXTINCAO": "17:44",
        "DATA1INTERVENCAO": "15-03-2026",
        "HORA1INTERVENCAO": "16:10",
        "QUEIMA": 0.0,
        "CAUSAFAMILIA": null,
        "TEMPERATURA": 17.8175296783447,
        "HUMIDADERELATIVA": 63.4689178466797,
        "VENTOINTENSIDADE": 13.9230871200562,
        "VENTOINTENSIDADE_VETOR": null,
        "VENTODIRECAO_VETOR": null,
        "PRECEPITACAO": 0.0,
        "FFMC": null,
        "DMC": null,
        "DC": null,
        "ISI": null,
        "BUI": null,
        "FWI": null,
        "DSR": null,
        "THC": null,
        "MODFARSITE": 227.0,
        "ALTITUDEMEDIA": 653.433,
        "DECLIVEMEDIO": 39.052,
        "HORASEXPOSICAOMEDIA": null,
        "DENDIDADERV": 113.374,
        "COSN5VARIEDADE": 15.32,
        "AREAMANCHAMODFARSITE": 73.2085,
        "AREASFICHEIROS_GNR": null,
        "AREASFICHEIROS_GTF": null,
        "FICHEIROIMAGEM_GNR": null,
        "AREASFICHEIROSHP_GTF": null,
        "AREASFICHEIROSHPXML_GTF": null,
        "AREASFICHEIRODBF_GTF": null,
        "AREASFICHEIROPRJ_GTF": null,
        "AREASFICHEIROSBN_GTF": null,
        "AREASFICHEIROSBX_GTF": null,
        "AREASFICHEIROSHX_GTF": null,
        "AREASFICHEIROZIP_SAA": null
      }
    },
    {
      "type": "Feature",
      "geometry": {
        "type": "Point",
        "coordinates": [
          -6.97356499989827,
          41.9336780000064
        ]
      },
      "properties": {
        "id": "20260388850",
        "DISTRITO": "Bragança",
        "TIPO": "Florestal",
        "ANO": 2026.0,
        "AREAPOV": 0.5,
        "AREAMATO": 2.0,
        "AREAAGRIC": 0.0,
        "AREATOTAL": 2.5,
        "REACENDIMENTOS": 0.0,
        "QUEIMADA": 0.0,
        "FALSOALARME": 0.0,
        "FOGACHO": 0.0,
        "INCENDIO": 1.0,
        "AGRICOLA": 0.0,
        "NCCO": 20260388850.0,
        "NOMECCO": 3.0,
        "DATAALERTA": "15-03-2026",
        "HORAALERTA": "16:50",
        "LOCAL": "MONTOUTO - PNM (Ribeira de Montouto)",
        "CONCELHO": "Vinhais",
        "FREGUESIA": "Montouto",
        "FONTEALERTA": "GNR",
        "INE": 41212.0,
        "X": 296173.0,
        "Y": 552226.0,
        "DIA": 15.0,
        "MES": 3.0,
        "HORA": 16.0,
        "OPERADOR": "sigo",
        "PERIMETRO": "Perimetro Florestal da Serra da Coroa",
        "APS": "Montesinho",
        "CAUSA": null,
        "TIPOCAUSA": null,
        "DHINICIO": "15-03-2026 16:50:00",
        "DHFIM": "15-03-2026 22:08:00",
        "DURACAO": 318.0,
        "HAHORA": 0.5,
        "DATAEXTINCAO": "15-03-2026",
        "HORAEXTINCAO": "22:08",
        "DATA1INTERVENCAO": "15-03-2026",
        "HORA1INTERVENCAO": "18:00",
        "QUEIMA": 0.0,
        "CAUSAFAMILIA": null,
        "TEMPERATURA": 17.8175296783447,
        "HUMIDADERELATIVA": 63.4689178466797,
        "VENTOINTENSIDADE": 13.9230871200562,
        "VENTOINTENSIDADE_VETOR": null,
        "VENTODIRECAO_VETOR": null,
        "PRECEPITACAO": 0.0,
        "FFMC": null,
        "DMC": null,
        "DC": null,
        "ISI": null,
        "BUI": null,
        "FWI": null,
        "DSR": null,
        "THC": null,
        "MODFARSITE": 232.0,
        "ALTITUDEMEDIA": 1026.25,
        "DECLIVEMEDIO": 28.1643,
        "HORASEXPOSICAOMEDIA": null,
        "DENDIDADERV": 58.6893,
        "COSN5VARIEDADE": 14.44,
        "AREAMANCHAMODFARSITE": 2.81964,
        "AREASFICHEIROS_GNR": null,
        "AREASFICHEIROS_GTF": null,
        "FICHEIROIMAGEM_GNR": null,
        "AREASFICHEIROSHP_GTF": null,
        "AREASFICHEIROSHPXML_GTF": null,
        "AREASFICHEIRODBF_GTF": null,
        "AREASFICHEIROPRJ_GTF": null,
        "AREASFICHEIROSBN_GTF": null,
        "AREASFICHEIROSBX_GTF": null,
        "AREASFICHEIROSHX_GTF": null,
        "AREASFICHEIROZIP_SAA": null
      }
    },
    {
      "type": "Feature",
      "geometry": {
        "type": "Point",
        "coordinates": [
          -7.52098799996906,
          41.5831570000119
        ]
      },
      "properties": {
        "id": "20260388887",
        "DISTRITO": "Vila Real",
        "TIPO": "Florestal",
        "ANO": 2026.0,
        "AREAPOV": 0.0,
        "AREAMATO": 1.0,
        "AREAAGRIC": 0.0,
        "AREATOTAL": 1.0,
        "REACENDIMENTOS": 0.0,
        "QUEIMADA": 0.0,
        "FALSOALARME": 0.0,
        "FOGACHO": 0.0,
        "INCENDIO": 1.0,
        "AGRICOLA": 0.0,
        "NCCO": 20260388887.0,
        "NOMECCO": 3.0,
        "DATAALERTA": "15-03-2026",
        "HORAALERTA": "16:30",
        "LOCAL": "Frutuoso",
        "CONCELHO": "Valpaços",
        "FREGUESIA": "Padrela e Tazem",
        "FONTEALERTA": "Populares",
        "INE": 171215.0,
        "X": 251047.0,
        "Y": 512825.0,
        "DIA": 15.0,
        "MES": 3.0,
        "HORA": 16.0,
        "OPERADOR": "sigo",
        "PERIMETRO": null,
        "APS": null,
        "CAUSA": null,
        "TIPOCAUSA": null,
        "DHINICIO": "15-03-2026 16:30:00",
        "DHFIM": "15-03-2026 18:00:00",
        "DURACAO": 90.0,
        "HAHORA": 1.0,
        "DATAEXTINCAO": "15-03-2026",
        "HORAEXTINCAO": "18:00",
        "DATA1INTERVENCAO": "15-03-2026",
        "HORA1INTERVENCAO": "17:30",
        "QUEIMA": 0.0,
        "CAUSAFAMILIA": null,
        "TEMPERATURA": 17.8175296783447,
        "HUMIDADERELATIVA": 63.4689178466797,
        "VENTOINTENSIDADE": 13.9230871200562,
        "VENTOINTENSIDADE_VETOR": null,
        "VENTODIRECAO_VETOR": null,
        "PRECEPITACAO": 0.0,
        "FFMC": null,
        "DMC": null,
        "DC": null,
        "ISI": null,
        "BUI": null,
        "FWI": null,
        "DSR": null,
        "THC": null,
        "MODFARSITE": 221.0,
        "ALTITUDEMEDIA": 785.474,
        "DECLIVEMEDIO": 33.7863,
        "HORASEXPOSICAOMEDIA": null,
        "DENDIDADERV": 77.1664,
        "COSN5VARIEDADE": 10.61,
        "AREAMANCHAMODFARSITE": 414.628,
        "AREASFICHEIROS_GNR": null,
        "AREASFICHEIROS_GTF": null,
        "FICHEIROIMAGEM_GNR": null,
        "AREASFICHEIROSHP_GTF": null,
        "AREASFICHEIROSHPXML_GTF": null,
        "AREASFICHEIRODBF_GTF": null,
        "AREASFICHEIROPRJ_GTF": null,
        "AREASFICHEIROSBN_GTF": null,
        "AREASFICHEIROSBX_GTF": null,
        "AREASFICHEIROSHX_GTF": null,
        "AREASFICHEIROZIP_SAA": null
      }
    },
    {
      "type": "Feature",
      "geometry": {
        "type": "Point",
        "coordinates": [
          -7.99250800026788,
          41.7357259999381
        ]
      },
      "properties": {
        "id": "20260389088",
        "DISTRITO": "Vila Real",
        "TIPO": "Florestal",
        "ANO": 2026.0,
        "AREAPOV": 0.0,
        "AREAMATO": 0.01,
        "AREAAGRIC": 0.0,
        "AREATOTAL": 0.01,
        "REACENDIMENTOS": 0.0,
        "QUEIMADA": 0.0,
        "FALSOALARME": 0.0,
        "FOGACHO": 1.0,
        "INCENDIO": 0.0,
        "AGRICOLA": 0.0,
        "NCCO": 20260389088.0,
        "NOMECCO": 3.0,
        "DATAALERTA": "15-03-2026",
        "HORAALERTA": "17:40",
        "LOCAL": "Peneda de Cima (Peneda)",
        "CONCELHO": "Montalegre",
        "FREGUESIA": "Covelo do Gerês",
        "FONTEALERTA": "Autarquias",
        "INE": 170607.0,
        "X": 211700.0,
        "Y": 529599.0,
        "DIA": 15.0,
        "MES": 3.0,
        "HORA": 17.0,
        "OPERADOR": "sigo",
        "PERIMETRO": null,
        "APS": null,
        "CAUSA": null,
        "TIPOCAUSA": null,
        "DHINICIO": "15-03-2026 17:40:00",
        "DHFIM": "15-03-2026 18:22:00",
        "DURACAO": 42.0,
        "HAHORA": 0.01,
        "DATAEXTINCAO": "15-03-2026",
        "HORAEXTINCAO": "18:22",
        "DATA1INTERVENCAO": "15-03-2026",
        "HORA1INTERVENCAO": "18:10",
        "QUEIMA": 0.0,
        "CAUSAFAMILIA": null,
        "TEMPERATURA": 17.5885257720947,
        "HUMIDADERELATIVA": 64.6883544921875,
        "VENTOINTENSIDADE": 12.8037223815918,
        "VENTOINTENSIDADE_VETOR": null,
        "VENTODIRECAO_VETOR": null,
        "PRECEPITACAO": 0.0,
        "FFMC": null,
        "DMC": null,
        "DC": null,
        "ISI": null,
        "BUI": null,
        "FWI": null,
        "DSR": null,
        "THC": null,
        "MODFARSITE": 232.0,
        "ALTITUDEMEDIA": 514.069,
        "DECLIVEMEDIO": 33.4993,
        "HORASEXPOSICAOMEDIA": null,
        "DENDIDADERV": 100.964,
        "COSN5VARIEDADE": 18.59,
        "AREAMANCHAMODFARSITE": 2.35337,
        "AREASFICHEIROS_GNR": null,
        "AREASFICHEIROS_GTF": null,
        "FICHEIROIMAGEM_GNR": null,
        "AREASFICHEIROSHP_GTF": null,
        "AREASFICHEIROSHPXML_GTF": null,
        "AREASFICHEIRODBF_GTF": null,
        "AREASFICHEIROPRJ_GTF": null,
        "AREASFICHEIROSBN_GTF": null,
        "AREASFICHEIROSBX_GTF": null,
        "AREASFICHEIROSHX_GTF": null,
        "AREASFICHEIROZIP_SAA": null
      }
    },
    {
      "type": "Feature",
      "geometry": {
        "type": "Point",
        "coordinates": [
          -7.46612000041538,
          37.2847800000509
        ]
      },
      "properties": {
        "id": "20260389223",
        "DISTRITO": "Faro",
        "TIPO": "Florestal",
        "ANO": 2026.0,
        "AREAPOV": 0.0,
        "AREAMATO": 1.0,
        "AREAAGRIC": 0.0,
        "AREATOTAL": 1.0,
        "REACENDIMENTOS": 0.0,
        "QUEIMADA": 0.0,
        "FALSOALARME": 0.0,
        "FOGACHO": 0.0,
        "INCENDIO": 1.0,
        "AGRICOLA": 0.0,
        "NCCO": 20260389223.0,
        "NOMECCO": 3.0,
        "DATAALERTA": "15-03-2026",
        "HORAALERTA": "18:26",
        "LOCAL": "Azinhal. Castro Marim. Portugal (IC27 (EN122) Km 111)",
        "CONCELHO": "Castro Marim",
        "FREGUESIA": "Azinhal",
        "FONTEALERTA": 112.0,
        "INE": 80401.0,
        "X": 259144.0,
        "Y": 35626.0,
        "DIA": 15.0,
        "MES": 3.0,
        "HORA": 18.0,
        "OPERADOR": "sigo",
        "PERIMETRO": null,
        "APS": null,
        "CAUSA": null,
        "TIPOCAUSA": null,
        "DHINICIO": "15-03-2026 18:26:00",
        "DHFIM": "15-03-2026 19:15:00",
        "DURACAO": 49.0,
        "HAHORA": 1.0,
        "DATAEXTINCAO": "15-03-2026",
        "HORAEXTINCAO": "19:15",
        "DATA1INTERVENCAO": "15-03-2026",
        "HORA1INTERVENCAO": "18:45",
        "QUEIMA": 0.0,
        "CAUSAFAMILIA": null,
        "TEMPERATURA": 20.2423343658447,
        "HUMIDADERELATIVA": 42.237060546875,
        "VENTOINTENSIDADE": 14.5303993225098,
        "VENTOINTENSIDADE_VETOR": null,
        "VENTODIRECAO_VETOR": null,
        "PRECEPITACAO": 0.0,
        "FFMC": null,
        "DMC": null,
        "DC": null,
        "ISI": null,
        "BUI": null,
        "FWI": null,
        "DSR": null,
        "THC": null,
        "MODFARSITE": null,
        "ALTITUDEMEDIA": 80.9556,
        "DECLIVEMEDIO": 3.85411,
        "HORASEXPOSICAOMEDIA": null,
        "DENDIDADERV": 200.035,
        "COSN5VARIEDADE": 13.25,
        "AREAMANCHAMODFARSITE": null,
        "AREASFICHEIROS_GNR": null,
        "AREASFICHEIROS_GTF": null,
        "FICHEIROIMAGEM_GNR": null,
        "AREASFICHEIROSHP_GTF": null,
        "AREASFICHEIROSHPXML_GTF": null,
        "AREASFICHEIRODBF_GTF": null,
        "AREASFICHEIROPRJ_GTF": null,
        "AREASFICHEIROSBN_GTF": null,
        "AREASFICHEIROSBX_GTF": null,
        "AREASFICHEIROSHX_GTF": null,
        "AREASFICHEIROZIP_SAA": null
      }
    },
    {
      "type": "Feature",
      "geometry": {
        "type": "Point",
        "coordinates": [
          -7.27916000048319,
          41.6782720004188
        ]
      },
      "properties": {
        "id": "20260389476",
        "DISTRITO": "Vila Real",
        "TIPO": "Florestal",
        "ANO": 2026.0,
        "AREAPOV": 0.01,
        "AREAMATO": 0.0,
        "AREAAGRIC": 0.0,
        "AREATOTAL": 0.01,
        "REACENDIMENTOS": 0.0,
        "QUEIMADA": 0.0,
        "FALSOALARME": 0.0,
        "FOGACHO": 1.0,
        "INCENDIO": 0.0,
        "AGRICOLA": 0.0,
        "NCCO": 20260389476.0,
        "NOMECCO": 3.0,
        "DATAALERTA": "15-03-2026",
        "HORAALERTA": "19:40",
        "LOCAL": "SANTA VALHA (Santa Eulália)",
        "CONCELHO": "Valpaços",
        "FREGUESIA": "Santa Valha",
        "FONTEALERTA": "Populares",
        "INE": 171220.0,
        "X": 271109.0,
        "Y": 523560.0,
        "DIA": 15.0,
        "MES": 3.0,
        "HORA": 19.0,
        "OPERADOR": "sigo",
        "PERIMETRO": null,
        "APS": null,
        "CAUSA": null,
        "TIPOCAUSA": null,
        "DHINICIO": "15-03-2026 19:40:00",
        "DHFIM": "15-03-2026 20:26:00",
        "DURACAO": 46.0,
        "HAHORA": 0.01,
        "DATAEXTINCAO": "15-03-2026",
        "HORAEXTINCAO": "20:26",
        "DATA1INTERVENCAO": "15-03-2026",
        "HORA1INTERVENCAO": "20:10",
        "QUEIMA": 0.0,
        "CAUSAFAMILIA": null,
        "TEMPERATURA": 15.2730960845947,
        "HUMIDADERELATIVA": 71.66259765625,
        "VENTOINTENSIDADE": 10.5866022109985,
        "VENTOINTENSIDADE_VETOR": null,
        "VENTODIRECAO_VETOR": null,
        "PRECEPITACAO": 0.0,
        "FFMC": null,
        "DMC": null,
        "DC": null,
        "ISI": null,
        "BUI": null,
        "FWI": null,
        "DSR": null,
        "THC": null,
        "MODFARSITE": 227.0,
        "ALTITUDEMEDIA": 444.876,
        "DECLIVEMEDIO": 10.712,
        "HORASEXPOSICAOMEDIA": null,
        "DENDIDADERV": 65.2704,
        "COSN5VARIEDADE": 14.94,
        "AREAMANCHAMODFARSITE": 19.4729,
        "AREASFICHEIROS_GNR": null,
        "AREASFICHEIROS_GTF": null,
        "FICHEIROIMAGEM_GNR": null,
        "AREASFICHEIROSHP_GTF": null,
        "AREASFICHEIROSHPXML_GTF": null,
        "AREASFICHEIRODBF_GTF": null,
        "AREASFICHEIROPRJ_GTF": null,
        "AREASFICHEIROSBN_GTF": null,
        "AREASFICHEIROSBX_GTF": null,
        "AREASFICHEIROSHX_GTF": null,
        "AREASFICHEIROZIP_SAA": null
      }
    },
    {
      "type": "Feature",
      "geometry": {
        "type": "Point",
        "coordinates": [
          -9.09322600046794,
          39.4114790005154
        ]
      },
      "properties": {
        "id": "20260391573",
        "DISTRITO": "Leiria",
        "TIPO": "Florestal",
        "ANO": 2026.0,
        "AREAPOV": 0.0,
        "AREAMATO": 0.0,
        "AREAAGRIC": 0.0,
        "AREATOTAL": 0.0,
        "REACENDIMENTOS": 0.0,
        "QUEIMADA": 0.0,
        "FALSOALARME": 0.0,
        "FOGACHO": 1.0,
        "INCENDIO": 0.0,
        "AGRICOLA": 0.0,
        "NCCO": 20260391573.0,
        "NOMECCO": 3.0,
        "DATAALERTA": "16-03-2026",
        "HORAALERTA": "10:26",
        "LOCAL": "Rua do Chafariz (Casal do Vale do Infante)",
        "CONCELHO": "Caldas da Rainha",
        "FREGUESIA": "Salir de Matos",
        "FONTEALERTA": 112.0,
        "INE": 100609.0,
        "X": 117310.0,
        "Y": 271931.0,
        "DIA": 16.0,
        "MES": 3.0,
        "HORA": 10.0,
        "OPERADOR": "sigo",
        "PERIMETRO": null,
        "APS": null,
        "CAUSA": null,
        "TIPOCAUSA": null,
        "DHINICIO": "16-03-2026 10:26:00",
        "DHFIM": "16-03-2026 11:35:00",
        "DURACAO": 69.0,
        "HAHORA": 0.0,
        "DATAEXTINCAO": "16-03-2026",
        "HORAEXTINCAO": "11:35",
        "DATA1INTERVENCAO": "16-03-2026",
        "HORA1INTERVENCAO": "10:46",
        "QUEIMA": 0.0,
        "CAUSAFAMILIA": null,
        "TEMPERATURA": null,
        "HUMIDADERELATIVA": null,
        "VENTOINTENSIDADE": null,
        "VENTOINTENSIDADE_VETOR": null,
        "VENTODIRECAO_VETOR": null,
        "PRECEPITACAO": null,
        "FFMC": null,
        "DMC": null,
        "DC": null,
        "ISI": null,
        "BUI": null,
        "FWI": null,
        "DSR": null,
        "THC": null,
        "MODFARSITE": null,
        "ALTITUDEMEDIA": 39.9444,
        "DECLIVEMEDIO": 12.854,
        "HORASEXPOSICAOMEDIA": null,
        "DENDIDADERV": 467.973,
        "COSN5VARIEDADE": 22.95,
        "AREAMANCHAMODFARSITE": null,
        "AREASFICHEIROS_GNR": null,
        "AREASFICHEIROS_GTF": null,
        "FICHEIROIMAGEM_GNR": null,
        "AREASFICHEIROSHP_GTF": null,
        "AREASFICHEIROSHPXML_GTF": null,
        "AREASFICHEIRODBF_GTF": null,
        "AREASFICHEIROPRJ_GTF": null,
        "AREASFICHEIROSBN_GTF": null,
        "AREASFICHEIROSBX_GTF": null,
        "AREASFICHEIROSHX_GTF": null,
        "AREASFICHEIROZIP_SAA": null
      }
    },
    {
      "type": "Feature",
      "geometry": {
        "type": "Point",
        "coordinates": [
          -7.80496000025008,
          41.262980000178
        ]
      },
      "properties": {
        "id": "20260391870",
        "DISTRITO": "Vila Real",
        "TIPO": "Florestal",
        "ANO": 2026.0,
        "AREAPOV": 0.0,
        "AREAMATO": 0.02,
        "AREAAGRIC": 0.0,
        "AREATOTAL": 0.02,
        "REACENDIMENTOS": 0.0,
        "QUEIMADA": 0.0,
        "FALSOALARME": 0.0,
        "FOGACHO": 1.0,
        "INCENDIO": 0.0,
        "AGRICOLA": 0.0,
        "NCCO": 20260391870.0,
        "NOMECCO": 3.0,
        "DATAALERTA": "16-03-2026",
        "HORAALERTA": "11:11",
        "LOCAL": "M1243. 5000 Vila Real. Portugal (MORGANHO)",
        "CONCELHO": "Vila Real",
        "FREGUESIA": "Torgueda",
        "FONTEALERTA": 112.0,
        "INE": 171426.0,
        "X": 227501.0,
        "Y": 477137.0,
        "DIA": 16.0,
        "MES": 3.0,
        "HORA": 11.0,
        "OPERADOR": "sigo",
        "PERIMETRO": null,
        "APS": null,
        "CAUSA": null,
        "TIPOCAUSA": null,
        "DHINICIO": "16-03-2026 11:11:00",
        "DHFIM": "16-03-2026 11:43:00",
        "DURACAO": 32.0,
        "HAHORA": 0.02,
        "DATAEXTINCAO": "16-03-2026",
        "HORAEXTINCAO": "11:43",
        "DATA1INTERVENCAO": "16-03-2026",
        "HORA1INTERVENCAO": "11:26",
        "QUEIMA": 0.0,
        "CAUSAFAMILIA": null,
        "TEMPERATURA": null,
        "HUMIDADERELATIVA": null,
        "VENTOINTENSIDADE": null,
        "VENTOINTENSIDADE_VETOR": null,
        "VENTODIRECAO_VETOR": null,
        "PRECEPITACAO": null,
        "FFMC": null,
        "DMC": null,
        "DC": null,
        "ISI": null,
        "BUI": null,
        "FWI": null,
        "DSR": null,
        "THC": null,
        "MODFARSITE": 227.0,
        "ALTITUDEMEDIA": 657.075,
        "DECLIVEMEDIO": 19.998,
        "HORASEXPOSICAOMEDIA": null,
        "DENDIDADERV": 204.915,
        "COSN5VARIEDADE": 28.36,
        "AREAMANCHAMODFARSITE": 4.83075,
        "AREASFICHEIROS_GNR": null,
        "AREASFICHEIROS_GTF": null,
        "FICHEIROIMAGEM_GNR": null,
        "AREASFICHEIROSHP_GTF": null,
        "AREASFICHEIROSHPXML_GTF": null,
        "AREASFICHEIRODBF_GTF": null,
        "AREASFICHEIROPRJ_GTF": null,
        "AREASFICHEIROSBN_GTF": null,
        "AREASFICHEIROSBX_GTF": null,
        "AREASFICHEIROSHX_GTF": null,
        "AREASFICHEIROZIP_SAA": null
      }
    },
    {
      "type": "Feature",
      "geometry": {
        "type": "Point",
        "coordinates": [
          -9.07179900010427,
          38.4899019998974
        ]
      },
      "properties": {
        "id": "20260392588",
        "DISTRITO": "Setúbal",
        "TIPO": "Florestal",
        "ANO": 2026.0,
        "AREAPOV": 0.0,
        "AREAMATO": 0.0,
        "AREAAGRIC": 0.0,
        "AREATOTAL": 0.0,
        "REACENDIMENTOS": 0.0,
        "QUEIMADA": 0.0,
        "FALSOALARME": 0.0,
        "FOGACHO": 1.0,
        "INCENDIO": 0.0,
        "AGRICOLA": 0.0,
        "NCCO": 20260392588.0,
        "NOMECCO": 3.0,
        "DATAALERTA": "16-03-2026",
        "HORAALERTA": "12:58",
        "LOCAL": "R. Serra da Pena Nº11 (Alto das Vinhas)",
        "CONCELHO": "Sesimbra",
        "FREGUESIA": "Sesimbra (Castelo)",
        "FONTEALERTA": "Populares",
        "INE": 151101.0,
        "X": 118100.0,
        "Y": 169600.0,
        "DIA": 16.0,
        "MES": 3.0,
        "HORA": 12.0,
        "OPERADOR": "sigo",
        "PERIMETRO": null,
        "APS": null,
        "CAUSA": null,
        "TIPOCAUSA": null,
        "DHINICIO": "16-03-2026 12:58:00",
        "DHFIM": "16-03-2026 13:32:00",
        "DURACAO": 34.0,
        "HAHORA": 0.0,
        "DATAEXTINCAO": "16-03-2026",
        "HORAEXTINCAO": "13:32",
        "DATA1INTERVENCAO": "16-03-2026",
        "HORA1INTERVENCAO": "13:18",
        "QUEIMA": 0.0,
        "CAUSAFAMILIA": null,
        "TEMPERATURA": null,
        "HUMIDADERELATIVA": null,
        "VENTOINTENSIDADE": null,
        "VENTOINTENSIDADE_VETOR": null,
        "VENTODIRECAO_VETOR": null,
        "PRECEPITACAO": null,
        "FFMC": null,
        "DMC": null,
        "DC": null,
        "ISI": null,
        "BUI": null,
        "FWI": null,
        "DSR": null,
        "THC": null,
        "MODFARSITE": 227.0,
        "ALTITUDEMEDIA": 117.221,
        "DECLIVEMEDIO": 5.98609,
        "HORASEXPOSICAOMEDIA": null,
        "DENDIDADERV": 258.427,
        "COSN5VARIEDADE": 10.03,
        "AREAMANCHAMODFARSITE": 2906.73,
        "AREASFICHEIROS_GNR": null,
        "AREASFICHEIROS_GTF": null,
        "FICHEIROIMAGEM_GNR": null,
        "AREASFICHEIROSHP_GTF": null,
        "AREASFICHEIROSHPXML_GTF": null,
        "AREASFICHEIRODBF_GTF": null,
        "AREASFICHEIROPRJ_GTF": null,
        "AREASFICHEIROSBN_GTF": null,
        "AREASFICHEIROSBX_GTF": null,
        "AREASFICHEIROSHX_GTF": null,
        "AREASFICHEIROZIP_SAA": null
      }
    },
    {
      "type": "Feature",
      "geometry": {
        "type": "Point",
        "coordinates": [
          -7.46347299999661,
          41.6124769994948
        ]
      },
      "properties": {
        "id": "20260392609",
        "DISTRITO": "Vila Real",
        "TIPO": "Florestal",
        "ANO": 2026.0,
        "AREAPOV": 0.0,
        "AREAMATO": 2.0,
        "AREAAGRIC": 0.0,
        "AREATOTAL": 2.0,
        "REACENDIMENTOS": 0.0,
        "QUEIMADA": 0.0,
        "FALSOALARME": 0.0,
        "FOGACHO": 0.0,
        "INCENDIO": 1.0,
        "AGRICOLA": 0.0,
        "NCCO": 20260392609.0,
        "NOMECCO": 3.0,
        "DATAALERTA": "16-03-2026",
        "HORAALERTA": "13:13",
        "LOCAL": "Santa Leocádia. Chaves. Portugal (Vale Nuzedo)",
        "CONCELHO": "Chaves",
        "FREGUESIA": "Santa Leocádia",
        "FONTEALERTA": 112.0,
        "INE": 170329.0,
        "X": 255818.0,
        "Y": 516117.0,
        "DIA": 16.0,
        "MES": 3.0,
        "HORA": 13.0,
        "OPERADOR": "sigo",
        "PERIMETRO": null,
        "APS": null,
        "CAUSA": null,
        "TIPOCAUSA": null,
        "DHINICIO": "16-03-2026 13:13:00",
        "DHFIM": "16-03-2026 14:40:00",
        "DURACAO": 87.0,
        "HAHORA": 2.0,
        "DATAEXTINCAO": "16-03-2026",
        "HORAEXTINCAO": "14:40",
        "DATA1INTERVENCAO": "16-03-2026",
        "HORA1INTERVENCAO": "13:45",
        "QUEIMA": 0.0,
        "CAUSAFAMILIA": null,
        "TEMPERATURA": null,
        "HUMIDADERELATIVA": null,
        "VENTOINTENSIDADE": null,
        "VENTOINTENSIDADE_VETOR": null,
        "VENTODIRECAO_VETOR": null,
        "PRECEPITACAO": null,
        "FFMC": null,
        "DMC": null,
        "DC": null,
        "ISI": null,
        "BUI": null,
        "FWI": null,
        "DSR": null,
        "THC": null,
        "MODFARSITE": null,
        "ALTITUDEMEDIA": 890.349,
        "DECLIVEMEDIO": 11.9147,
        "HORASEXPOSICAOMEDIA": null,
        "DENDIDADERV": 93.4729,
        "COSN5VARIEDADE": 11.84,
        "AREAMANCHAMODFARSITE": null,
        "AREASFICHEIROS_GNR": null,
        "AREASFICHEIROS_GTF": null,
        "FICHEIROIMAGEM_GNR": null,
        "AREASFICHEIROSHP_GTF": null,
        "AREASFICHEIROSHPXML_GTF": null,
        "AREASFICHEIRODBF_GTF": null,
        "AREASFICHEIROPRJ_GTF": null,
        "AREASFICHEIROSBN_GTF": null,
        "AREASFICHEIROSBX_GTF": null,
        "AREASFICHEIROSHX_GTF": null,
        "AREASFICHEIROZIP_SAA": null
      }
    },
    {
      "type": "Feature",
      "geometry": {
        "type": "Point",
        "coordinates": [
          -7.38016199959649,
          41.5661569997999
        ]
      },
      "properties": {
        "id": "20260392690",
        "DISTRITO": "Vila Real",
        "TIPO": "Florestal",
        "ANO": 2026.0,
        "AREAPOV": 0.0,
        "AREAMATO": 5.0,
        "AREAAGRIC": 0.0,
        "AREATOTAL": 5.0,
        "REACENDIMENTOS": 0.0,
        "QUEIMADA": 0.0,
        "FALSOALARME": 0.0,
        "FOGACHO": 0.0,
        "INCENDIO": 1.0,
        "AGRICOLA": 0.0,
        "NCCO": 20260392690.0,
        "NOMECCO": 3.0,
        "DATAALERTA": "16-03-2026",
        "HORAALERTA": "13:21",
        "LOCAL": "Avarenta (Ribeira da Ola)",
        "CONCELHO": "Valpaços",
        "FREGUESIA": "Algeriz",
        "FONTEALERTA": "Populares",
        "INE": 171203.0,
        "X": 262807.0,
        "Y": 511030.0,
        "DIA": 16.0,
        "MES": 3.0,
        "HORA": 13.0,
        "OPERADOR": "sigo",
        "PERIMETRO": null,
        "APS": null,
        "CAUSA": null,
        "TIPOCAUSA": null,
        "DHINICIO": "16-03-2026 13:21:00",
        "DHFIM": "16-03-2026 17:58:00",
        "DURACAO": 277.0,
        "HAHORA": 1.25,
        "DATAEXTINCAO": "16-03-2026",
        "HORAEXTINCAO": "17:58",
        "DATA1INTERVENCAO": "16-03-2026",
        "HORA1INTERVENCAO": "14:40",
        "QUEIMA": 0.0,
        "CAUSAFAMILIA": null,
        "TEMPERATURA": null,
        "HUMIDADERELATIVA": null,
        "VENTOINTENSIDADE": null,
        "VENTOINTENSIDADE_VETOR": null,
        "VENTODIRECAO_VETOR": null,
        "PRECEPITACAO": null,
        "FFMC": null,
        "DMC": null,
        "DC": null,
        "ISI": null,
        "BUI": null,
        "FWI": null,
        "DSR": null,
        "THC": null,
        "MODFARSITE": 231.0,
        "ALTITUDEMEDIA": 516.318,
        "DECLIVEMEDIO": 34.1135,
        "HORASEXPOSICAOMEDIA": null,
        "DENDIDADERV": 178.166,
        "COSN5VARIEDADE": 19.27,
        "AREAMANCHAMODFARSITE": 1.20817,
        "AREASFICHEIROS_GNR": null,
        "AREASFICHEIROS_GTF": null,
        "FICHEIROIMAGEM_GNR": null,
        "AREASFICHEIROSHP_GTF": null,
        "AREASFICHEIROSHPXML_GTF": null,
        "AREASFICHEIRODBF_GTF": null,
        "AREASFICHEIROPRJ_GTF": null,
        "AREASFICHEIROSBN_GTF": null,
        "AREASFICHEIROSBX_GTF": null,
        "AREASFICHEIROSHX_GTF": null,
        "AREASFICHEIROZIP_SAA": null
      }
    },
    {
      "type": "Feature",
      "geometry": {
        "type": "Point",
        "coordinates": [
          -8.80433700005213,
          39.8003830000096
        ]
      },
      "properties": {
        "id": "20260392884",
        "DISTRITO": "Leiria",
        "TIPO": "Florestal",
        "ANO": 2026.0,
        "AREAPOV": 1.36,
        "AREAMATO": 0.0,
        "AREAAGRIC": 0.0,
        "AREATOTAL": 1.36,
        "REACENDIMENTOS": 0.0,
        "QUEIMADA": 0.0,
        "FALSOALARME": 0.0,
        "FOGACHO": 0.0,
        "INCENDIO": 1.0,
        "AGRICOLA": 0.0,
        "NCCO": 20260392884.0,
        "NOMECCO": 3.0,
        "DATAALERTA": "16-03-2026",
        "HORAALERTA": "13:59",
        "LOCAL": "Rua do Covão (Charneca)",
        "CONCELHO": "Leiria",
        "FREGUESIA": "Regueira de Pontes",
        "FONTEALERTA": 112.0,
        "INE": 100921.0,
        "X": 142513.0,
        "Y": 314886.0,
        "DIA": 16.0,
        "MES": 3.0,
        "HORA": 13.0,
        "OPERADOR": "sigo",
        "PERIMETRO": null,
        "APS": null,
        "CAUSA": null,
        "TIPOCAUSA": null,
        "DHINICIO": "16-03-2026 13:59:00",
        "DHFIM": "16-03-2026 15:41:00",
        "DURACAO": 102.0,
        "HAHORA": 1.36,
        "DATAEXTINCAO": "16-03-2026",
        "HORAEXTINCAO": "15:41",
        "DATA1INTERVENCAO": "16-03-2026",
        "HORA1INTERVENCAO": "14:13",
        "QUEIMA": 0.0,
        "CAUSAFAMILIA": null,
        "TEMPERATURA": null,
        "HUMIDADERELATIVA": null,
        "VENTOINTENSIDADE": null,
        "VENTOINTENSIDADE_VETOR": null,
        "VENTODIRECAO_VETOR": null,
        "PRECEPITACAO": null,
        "FFMC": null,
        "DMC": null,
        "DC": null,
        "ISI": null,
        "BUI": null,
        "FWI": null,
        "DSR": null,
        "THC": null,
        "MODFARSITE": 212.0,
        "ALTITUDEMEDIA": 85.1881,
        "DECLIVEMEDIO": 7.44705,
        "HORASEXPOSICAOMEDIA": null,
        "DENDIDADERV": 520.989,
        "COSN5VARIEDADE": 19.81,
        "AREAMANCHAMODFARSITE": 3.12323,
        "AREASFICHEIROS_GNR": null,
        "AREASFICHEIROS_GTF": null,
        "FICHEIROIMAGEM_GNR": null,
        "AREASFICHEIROSHP_GTF": null,
        "AREASFICHEIROSHPXML_GTF": null,
        "AREASFICHEIRODBF_GTF": null,
        "AREASFICHEIROPRJ_GTF": null,
        "AREASFICHEIROSBN_GTF": null,
        "AREASFICHEIROSBX_GTF": null,
        "AREASFICHEIROSHX_GTF": null,
        "AREASFICHEIROZIP_SAA": null
      }
    },
    {
      "type": "Feature",
      "geometry": {
        "type": "Point",
        "coordinates": [
          -8.8002800000045,
          39.7637900002797
        ]
      },
      "properties": {
        "id": "20260392905",
        "DISTRITO": "Leiria",
        "TIPO": "Florestal",
        "ANO": 2026.0,
        "AREAPOV": 0.0,
        "AREAMATO": 0.0,
        "AREAAGRIC": 0.0,
        "AREATOTAL": 0.0,
        "REACENDIMENTOS": 0.0,
        "QUEIMADA": 0.0,
        "FALSOALARME": 0.0,
        "FOGACHO": 1.0,
        "INCENDIO": 0.0,
        "AGRICOLA": 0.0,
        "NCCO": 20260392905.0,
        "NOMECCO": 3.0,
        "DATAALERTA": "16-03-2026",
        "HORAALERTA": "14:02",
        "LOCAL": "LatLong(39.76379000.-8.80028000) - Travessa do Vale Verde 5. 2415-545 Leiria. Portugal (Rua da Mina do Lenhite)",
        "CONCELHO": "Leiria",
        "FREGUESIA": "Marrazes",
        "FONTEALERTA": 112.0,
        "INE": 100914.0,
        "X": 142831.0,
        "Y": 310820.0,
        "DIA": 16.0,
        "MES": 3.0,
        "HORA": 14.0,
        "OPERADOR": "sigo",
        "PERIMETRO": null,
        "APS": null,
        "CAUSA": null,
        "TIPOCAUSA": null,
        "DHINICIO": "16-03-2026 14:02:00",
        "DHFIM": "16-03-2026 19:55:00",
        "DURACAO": 353.0,
        "HAHORA": 0.0,
        "DATAEXTINCAO": "16-03-2026",
        "HORAEXTINCAO": "19:55",
        "DATA1INTERVENCAO": null,
        "HORA1INTERVENCAO": null,
        "QUEIMA": 0.0,
        "CAUSAFAMILIA": null,
        "TEMPERATURA": null,
        "HUMIDADERELATIVA": null,
        "VENTOINTENSIDADE": null,
        "VENTOINTENSIDADE_VETOR": null,
        "VENTODIRECAO_VETOR": null,
        "PRECEPITACAO": null,
        "FFMC": null,
        "DMC": null,
        "DC": null,
        "ISI": null,
        "BUI": null,
        "FWI": null,
        "DSR": null,
        "THC": null,
        "MODFARSITE": null,
        "ALTITUDEMEDIA": 81.1625,
        "DECLIVEMEDIO": 9.06998,
        "HORASEXPOSICAOMEDIA": null,
        "DENDIDADERV": 544.749,
        "COSN5VARIEDADE": 19.71,
        "AREAMANCHAMODFARSITE": null,
        "AREASFICHEIROS_GNR": null,
        "AREASFICHEIROS_GTF": null,
        "FICHEIROIMAGEM_GNR": null,
        "AREASFICHEIROSHP_GTF": null,
        "AREASFICHEIROSHPXML_GTF": null,
        "AREASFICHEIRODBF_GTF": null,
        "AREASFICHEIROPRJ_GTF": null,
        "AREASFICHEIROSBN_GTF": null,
        "AREASFICHEIROSBX_GTF": null,
        "AREASFICHEIROSHX_GTF": null,
        "AREASFICHEIROZIP_SAA": null
      }
    },
    {
      "type": "Feature",
      "geometry": {
        "type": "Point",
        "coordinates": [
          -8.46082200050354,
          41.4515000000265
        ]
      },
      "properties": {
        "id": "20260393047",
        "DISTRITO": "Braga",
        "TIPO": "Florestal",
        "ANO": 2026.0,
        "AREAPOV": 0.1,
        "AREAMATO": 0.0,
        "AREAAGRIC": 0.0,
        "AREATOTAL": 0.1,
        "REACENDIMENTOS": 0.0,
        "QUEIMADA": 0.0,
        "FALSOALARME": 0.0,
        "FOGACHO": 1.0,
        "INCENDIO": 0.0,
        "AGRICOLA": 0.0,
        "NCCO": 20260393047.0,
        "NOMECCO": 3.0,
        "DATAALERTA": "16-03-2026",
        "HORAALERTA": "14:23",
        "LOCAL": "Rua da Torre (Matagal)",
        "CONCELHO": "Vila Nova de Famalicão",
        "FREGUESIA": "Vale (São Cosme)",
        "FONTEALERTA": "Bombeiros",
        "INE": 31240.0,
        "X": 172618.0,
        "Y": 498074.0,
        "DIA": 16.0,
        "MES": 3.0,
        "HORA": 14.0,
        "OPERADOR": "sigo",
        "PERIMETRO": null,
        "APS": null,
        "CAUSA": null,
        "TIPOCAUSA": null,
        "DHINICIO": "16-03-2026 14:23:00",
        "DHFIM": "16-03-2026 16:01:00",
        "DURACAO": 98.0,
        "HAHORA": 0.1,
        "DATAEXTINCAO": "16-03-2026",
        "HORAEXTINCAO": "16:01",
        "DATA1INTERVENCAO": "16-03-2026",
        "HORA1INTERVENCAO": "14:45",
        "QUEIMA": 0.0,
        "CAUSAFAMILIA": null,
        "TEMPERATURA": null,
        "HUMIDADERELATIVA": null,
        "VENTOINTENSIDADE": null,
        "VENTOINTENSIDADE_VETOR": null,
        "VENTODIRECAO_VETOR": null,
        "PRECEPITACAO": null,
        "FFMC": null,
        "DMC": null,
        "DC": null,
        "ISI": null,
        "BUI": null,
        "FWI": null,
        "DSR": null,
        "THC": null,
        "MODFARSITE": null,
        "ALTITUDEMEDIA": 225.477,
        "DECLIVEMEDIO": 19.9232,
        "HORASEXPOSICAOMEDIA": null,
        "DENDIDADERV": 249.306,
        "COSN5VARIEDADE": 13.05,
        "AREAMANCHAMODFARSITE": null,
        "AREASFICHEIROS_GNR": null,
        "AREASFICHEIROS_GTF": null,
        "FICHEIROIMAGEM_GNR": null,
        "AREASFICHEIROSHP_GTF": null,
        "AREASFICHEIROSHPXML_GTF": null,
        "AREASFICHEIRODBF_GTF": null,
        "AREASFICHEIROPRJ_GTF": null,
        "AREASFICHEIROSBN_GTF": null,
        "AREASFICHEIROSBX_GTF": null,
        "AREASFICHEIROSHX_GTF": null,
        "AREASFICHEIROZIP_SAA": null
      }
    },
    {
      "type": "Feature",
      "geometry": {
        "type": "Point",
        "coordinates": [
          -8.03581500000424,
          41.7123609998491
        ]
      },
      "properties": {
        "id": "20260393061",
        "DISTRITO": "Vila Real",
        "TIPO": "Florestal",
        "ANO": 2026.0,
        "AREAPOV": 0.0,
        "AREAMATO": 3.0,
        "AREAAGRIC": 0.0,
        "AREATOTAL": 3.0,
        "REACENDIMENTOS": 0.0,
        "QUEIMADA": 0.0,
        "FALSOALARME": 0.0,
        "FOGACHO": 0.0,
        "INCENDIO": 1.0,
        "AGRICOLA": 0.0,
        "NCCO": 20260393061.0,
        "NOMECCO": 3.0,
        "DATAALERTA": "16-03-2026",
        "HORAALERTA": "14:24",
        "LOCAL": "Abelheira (CABRIL)",
        "CONCELHO": "Montalegre",
        "FREGUESIA": "Cabril",
        "FONTEALERTA": "Sapadores florestais",
        "INE": 170601.0,
        "X": 208100.0,
        "Y": 526999.0,
        "DIA": 16.0,
        "MES": 3.0,
        "HORA": 14.0,
        "OPERADOR": "sigo",
        "PERIMETRO": null,
        "APS": "Peneda-Geres",
        "CAUSA": null,
        "TIPOCAUSA": null,
        "DHINICIO": "16-03-2026 14:24:00",
        "DHFIM": "16-03-2026 16:20:00",
        "DURACAO": 116.0,
        "HAHORA": 3.0,
        "DATAEXTINCAO": "16-03-2026",
        "HORAEXTINCAO": "16:20",
        "DATA1INTERVENCAO": "16-03-2026",
        "HORA1INTERVENCAO": "14:30",
        "QUEIMA": 0.0,
        "CAUSAFAMILIA": null,
        "TEMPERATURA": null,
        "HUMIDADERELATIVA": null,
        "VENTOINTENSIDADE": null,
        "VENTOINTENSIDADE_VETOR": null,
        "VENTODIRECAO_VETOR": null,
        "PRECEPITACAO": null,
        "FFMC": null,
        "DMC": null,
        "DC": null,
        "ISI": null,
        "BUI": null,
        "FWI": null,
        "DSR": null,
        "THC": null,
        "MODFARSITE": 232.0,
        "ALTITUDEMEDIA": 428.901,
        "DECLIVEMEDIO": 28.174,
        "HORASEXPOSICAOMEDIA": null,
        "DENDIDADERV": 121.399,
        "COSN5VARIEDADE": 19.21,
        "AREAMANCHAMODFARSITE": 4.21879,
        "AREASFICHEIROS_GNR": null,
        "AREASFICHEIROS_GTF": null,
        "FICHEIROIMAGEM_GNR": null,
        "AREASFICHEIROSHP_GTF": null,
        "AREASFICHEIROSHPXML_GTF": null,
        "AREASFICHEIRODBF_GTF": null,
        "AREASFICHEIROPRJ_GTF": null,
        "AREASFICHEIROSBN_GTF": null,
        "AREASFICHEIROSBX_GTF": null,
        "AREASFICHEIROSHX_GTF": null,
        "AREASFICHEIROZIP_SAA": null
      }
    },
    {
      "type": "Feature",
      "geometry": {
        "type": "Point",
        "coordinates": [
          -8.81081199963888,
          39.7421720001433
        ]
      },
      "properties": {
        "id": "20260393073",
        "DISTRITO": "Leiria",
        "TIPO": "Agrícola",
        "ANO": 2026.0,
        "AREAPOV": 0.0,
        "AREAMATO": 0.0,
        "AREAAGRIC": 0.0015,
        "AREATOTAL": 0.0015,
        "REACENDIMENTOS": 0.0,
        "QUEIMADA": 0.0,
        "FALSOALARME": 0.0,
        "FOGACHO": 0.0,
        "INCENDIO": 0.0,
        "AGRICOLA": 1.0,
        "NCCO": 20260393073.0,
        "NOMECCO": 3.0,
        "DATAALERTA": "16-03-2026",
        "HORAALERTA": "14:28",
        "LOCAL": "Rua de Alcobaça 38 (Rua de Alcobaça)",
        "CONCELHO": "Leiria",
        "FREGUESIA": "Leiria",
        "FONTEALERTA": 112.0,
        "INE": 100912.0,
        "X": 141910.0,
        "Y": 308427.0,
        "DIA": 16.0,
        "MES": 3.0,
        "HORA": 14.0,
        "OPERADOR": "sigo",
        "PERIMETRO": null,
        "APS": null,
        "CAUSA": null,
        "TIPOCAUSA": null,
        "DHINICIO": "16-03-2026 14:28:00",
        "DHFIM": "16-03-2026 14:55:00",
        "DURACAO": 27.0,
        "HAHORA": 0.0015,
        "DATAEXTINCAO": "16-03-2026",
        "HORAEXTINCAO": "14:55",
        "DATA1INTERVENCAO": "16-03-2026",
        "HORA1INTERVENCAO": "14:47",
        "QUEIMA": 0.0,
        "CAUSAFAMILIA": null,
        "TEMPERATURA": null,
        "HUMIDADERELATIVA": null,
        "VENTOINTENSIDADE": null,
        "VENTOINTENSIDADE_VETOR": null,
        "VENTODIRECAO_VETOR": null,
        "PRECEPITACAO": null,
        "FFMC": null,
        "DMC": null,
        "DC": null,
        "ISI": null,
        "BUI": null,
        "FWI": null,
        "DSR": null,
        "THC": null,
        "MODFARSITE": null,
        "ALTITUDEMEDIA": 44.2544,
        "DECLIVEMEDIO": 11.1448,
        "HORASEXPOSICAOMEDIA": null,
        "DENDIDADERV": 546.723,
        "COSN5VARIEDADE": 26.11,
        "AREAMANCHAMODFARSITE": null,
        "AREASFICHEIROS_GNR": null,
        "AREASFICHEIROS_GTF": null,
        "FICHEIROIMAGEM_GNR": null,
        "AREASFICHEIROSHP_GTF": null,
        "AREASFICHEIROSHPXML_GTF": null,
        "AREASFICHEIRODBF_GTF": null,
        "AREASFICHEIROPRJ_GTF": null,
        "AREASFICHEIROSBN_GTF": null,
        "AREASFICHEIROSBX_GTF": null,
        "AREASFICHEIROSHX_GTF": null,
        "AREASFICHEIROZIP_SAA": null
      }
    },
    {
      "type": "Feature",
      "geometry": {
        "type": "Point",
        "coordinates": [
          -8.31661199993557,
          41.5478079997169
        ]
      },
      "properties": {
        "id": "20260393208",
        "DISTRITO": "Braga",
        "TIPO": "Florestal",
        "ANO": 2026.0,
        "AREAPOV": 0.0,
        "AREAMATO": 6.0,
        "AREAAGRIC": 0.0,
        "AREATOTAL": 6.0,
        "REACENDIMENTOS": 0.0,
        "QUEIMADA": 0.0,
        "FALSOALARME": 0.0,
        "FOGACHO": 0.0,
        "INCENDIO": 1.0,
        "AGRICOLA": 0.0,
        "NCCO": 20260393208.0,
        "NOMECCO": 3.0,
        "DATAALERTA": "16-03-2026",
        "HORAALERTA": "14:46",
        "LOCAL": "Lageosa (Monte de Campelos)",
        "CONCELHO": "Braga",
        "FREGUESIA": "Pedralva",
        "FONTEALERTA": 112.0,
        "INE": 30334.0,
        "X": 184691.0,
        "Y": 508735.0,
        "DIA": 16.0,
        "MES": 3.0,
        "HORA": 14.0,
        "OPERADOR": "sigo",
        "PERIMETRO": null,
        "APS": null,
        "CAUSA": null,
        "TIPOCAUSA": null,
        "DHINICIO": "16-03-2026 14:46:00",
        "DHFIM": "16-03-2026 21:40:00",
        "DURACAO": 414.0,
        "HAHORA": 1.0,
        "DATAEXTINCAO": "16-03-2026",
        "HORAEXTINCAO": "21:40",
        "DATA1INTERVENCAO": "16-03-2026",
        "HORA1INTERVENCAO": "15:25",
        "QUEIMA": 0.0,
        "CAUSAFAMILIA": null,
        "TEMPERATURA": null,
        "HUMIDADERELATIVA": null,
        "VENTOINTENSIDADE": null,
        "VENTOINTENSIDADE_VETOR": null,
        "VENTODIRECAO_VETOR": null,
        "PRECEPITACAO": null,
        "FFMC": null,
        "DMC": null,
        "DC": null,
        "ISI": null,
        "BUI": null,
        "FWI": null,
        "DSR": null,
        "THC": null,
        "MODFARSITE": null,
        "ALTITUDEMEDIA": 401.073,
        "DECLIVEMEDIO": 12.9872,
        "HORASEXPOSICAOMEDIA": null,
        "DENDIDADERV": 248.97,
        "COSN5VARIEDADE": 19.86,
        "AREAMANCHAMODFARSITE": null,
        "AREASFICHEIROS_GNR": null,
        "AREASFICHEIROS_GTF": null,
        "FICHEIROIMAGEM_GNR": null,
        "AREASFICHEIROSHP_GTF": null,
        "AREASFICHEIROSHPXML_GTF": null,
        "AREASFICHEIRODBF_GTF": null,
        "AREASFICHEIROPRJ_GTF": null,
        "AREASFICHEIROSBN_GTF": null,
        "AREASFICHEIROSBX_GTF": null,
        "AREASFICHEIROSHX_GTF": null,
        "AREASFICHEIROZIP_SAA": null
      }
    },
    {
      "type": "Feature",
      "geometry": {
        "type": "Point",
        "coordinates": [
          -7.2903899998135,
          40.440625
        ]
      },
      "properties": {
        "id": "20260393574",
        "DISTRITO": "Guarda",
        "TIPO": "Florestal",
        "ANO": 2026.0,
        "AREAPOV": 0.0,
        "AREAMATO": 0.01,
        "AREAAGRIC": 0.0,
        "AREATOTAL": 0.01,
        "REACENDIMENTOS": 0.0,
        "QUEIMADA": 0.0,
        "FALSOALARME": 0.0,
        "FOGACHO": 1.0,
        "INCENDIO": 0.0,
        "AGRICOLA": 0.0,
        "NCCO": 20260393574.0,
        "NOMECCO": 3.0,
        "DATAALERTA": "16-03-2026",
        "HORAALERTA": "15:41",
        "LOCAL": "N18 (Lomba)",
        "CONCELHO": "Guarda",
        "FREGUESIA": "Benespera",
        "FONTEALERTA": "Bombeiros",
        "INE": 90709.0,
        "X": 271500.0,
        "Y": 386101.0,
        "DIA": 16.0,
        "MES": 3.0,
        "HORA": 15.0,
        "OPERADOR": "sigo",
        "PERIMETRO": null,
        "APS": null,
        "CAUSA": null,
        "TIPOCAUSA": null,
        "DHINICIO": "16-03-2026 15:41:00",
        "DHFIM": "16-03-2026 16:30:00",
        "DURACAO": 49.0,
        "HAHORA": 0.01,
        "DATAEXTINCAO": "16-03-2026",
        "HORAEXTINCAO": "16:30",
        "DATA1INTERVENCAO": "16-03-2026",
        "HORA1INTERVENCAO": "15:52",
        "QUEIMA": 0.0,
        "CAUSAFAMILIA": null,
        "TEMPERATURA": null,
        "HUMIDADERELATIVA": null,
        "VENTOINTENSIDADE": null,
        "VENTOINTENSIDADE_VETOR": null,
        "VENTODIRECAO_VETOR": null,
        "PRECEPITACAO": null,
        "FFMC": null,
        "DMC": null,
        "DC": null,
        "ISI": null,
        "BUI": null,
        "FWI": null,
        "DSR": null,
        "THC": null,
        "MODFARSITE": 232.0,
        "ALTITUDEMEDIA": 612.979,
        "DECLIVEMEDIO": 26.9512,
        "HORASEXPOSICAOMEDIA": null,
        "DENDIDADERV": 209.57,
        "COSN5VARIEDADE": 18.45,
        "AREAMANCHAMODFARSITE": 26.1671,
        "AREASFICHEIROS_GNR": null,
        "AREASFICHEIROS_GTF": null,
        "FICHEIROIMAGEM_GNR": null,
        "AREASFICHEIROSHP_GTF": null,
        "AREASFICHEIROSHPXML_GTF": null,
        "AREASFICHEIRODBF_GTF": null,
        "AREASFICHEIROPRJ_GTF": null,
        "AREASFICHEIROSBN_GTF": null,
        "AREASFICHEIROSBX_GTF": null,
        "AREASFICHEIROSHX_GTF": null,
        "AREASFICHEIROZIP_SAA": null
      }
    },
    {
      "type": "Feature",
      "geometry": {
        "type": "Point",
        "coordinates": [
          -7.0337429999974,
          41.9411550002628
        ]
      },
      "properties": {
        "id": "20260393598",
        "DISTRITO": "Bragança",
        "TIPO": "Florestal",
        "ANO": 2026.0,
        "AREAPOV": 0.0,
        "AREAMATO": 1.5,
        "AREAAGRIC": 0.0,
        "AREATOTAL": 1.5,
        "REACENDIMENTOS": 0.0,
        "QUEIMADA": 0.0,
        "FALSOALARME": 0.0,
        "FOGACHO": 0.0,
        "INCENDIO": 1.0,
        "AGRICOLA": 0.0,
        "NCCO": 20260393598.0,
        "NOMECCO": 3.0,
        "DATAALERTA": "16-03-2026",
        "HORAALERTA": "15:47",
        "LOCAL": "LatLong(41.94171230.-7.02910373) - M1003. 5320 Vinhais. Portugal (Casares)",
        "CONCELHO": "Vinhais",
        "FREGUESIA": "Montouto",
        "FONTEALERTA": 112.0,
        "INE": 41212.0,
        "X": 291171.0,
        "Y": 552991.0,
        "DIA": 16.0,
        "MES": 3.0,
        "HORA": 15.0,
        "OPERADOR": "sigo",
        "PERIMETRO": null,
        "APS": "Montesinho",
        "CAUSA": null,
        "TIPOCAUSA": null,
        "DHINICIO": "16-03-2026 15:47:00",
        "DHFIM": "16-03-2026 19:15:00",
        "DURACAO": 208.0,
        "HAHORA": 0.5,
        "DATAEXTINCAO": "16-03-2026",
        "HORAEXTINCAO": "19:15",
        "DATA1INTERVENCAO": "16-03-2026",
        "HORA1INTERVENCAO": "16:14",
        "QUEIMA": 0.0,
        "CAUSAFAMILIA": null,
        "TEMPERATURA": null,
        "HUMIDADERELATIVA": null,
        "VENTOINTENSIDADE": null,
        "VENTOINTENSIDADE_VETOR": null,
        "VENTODIRECAO_VETOR": null,
        "PRECEPITACAO": null,
        "FFMC": null,
        "DMC": null,
        "DC": null,
        "ISI": null,
        "BUI": null,
        "FWI": null,
        "DSR": null,
        "THC": null,
        "MODFARSITE": 234.0,
        "ALTITUDEMEDIA": 879.665,
        "DECLIVEMEDIO": 31.987,
        "HORASEXPOSICAOMEDIA": null,
        "DENDIDADERV": 45.717,
        "COSN5VARIEDADE": 12.15,
        "AREAMANCHAMODFARSITE": 19.2335,
        "AREASFICHEIROS_GNR": null,
        "AREASFICHEIROS_GTF": null,
        "FICHEIROIMAGEM_GNR": null,
        "AREASFICHEIROSHP_GTF": null,
        "AREASFICHEIROSHPXML_GTF": null,
        "AREASFICHEIRODBF_GTF": null,
        "AREASFICHEIROPRJ_GTF": null,
        "AREASFICHEIROSBN_GTF": null,
        "AREASFICHEIROSBX_GTF": null,
        "AREASFICHEIROSHX_GTF": null,
        "AREASFICHEIROZIP_SAA": null
      }
    },
    {
      "type": "Feature",
      "geometry": {
        "type": "Point",
        "coordinates": [
          -9.21121699968974,
          39.0732980002297
        ]
      },
      "properties": {
        "id": "20260393616",
        "DISTRITO": "Lisboa",
        "TIPO": "Florestal",
        "ANO": 2026.0,
        "AREAPOV": 0.0,
        "AREAMATO": 0.01,
        "AREAAGRIC": 0.0,
        "AREATOTAL": 0.01,
        "REACENDIMENTOS": 0.0,
        "QUEIMADA": 0.0,
        "FALSOALARME": 0.0,
        "FOGACHO": 1.0,
        "INCENDIO": 0.0,
        "AGRICOLA": 0.0,
        "NCCO": 20260393616.0,
        "NOMECCO": 3.0,
        "DATAALERTA": "16-03-2026",
        "HORAALERTA": "15:42",
        "LOCAL": "Rua das Maravilhas (Runa)",
        "CONCELHO": "Torres Vedras",
        "FREGUESIA": "Runa",
        "FONTEALERTA": "GNR",
        "INE": 111312.0,
        "X": 106700.0,
        "Y": 234500.0,
        "DIA": 16.0,
        "MES": 3.0,
        "HORA": 15.0,
        "OPERADOR": "sigo",
        "PERIMETRO": null,
        "APS": null,
        "CAUSA": null,
        "TIPOCAUSA": null,
        "DHINICIO": "16-03-2026 15:42:00",
        "DHFIM": "16-03-2026 16:15:00",
        "DURACAO": 33.0,
        "HAHORA": 0.01,
        "DATAEXTINCAO": "16-03-2026",
        "HORAEXTINCAO": "16:15",
        "DATA1INTERVENCAO": "16-03-2026",
        "HORA1INTERVENCAO": "15:55",
        "QUEIMA": 0.0,
        "CAUSAFAMILIA": null,
        "TEMPERATURA": null,
        "HUMIDADERELATIVA": null,
        "VENTOINTENSIDADE": null,
        "VENTOINTENSIDADE_VETOR": null,
        "VENTODIRECAO_VETOR": null,
        "PRECEPITACAO": null,
        "FFMC": null,
        "DMC": null,
        "DC": null,
        "ISI": null,
        "BUI": null,
        "FWI": null,
        "DSR": null,
        "THC": null,
        "MODFARSITE": null,
        "ALTITUDEMEDIA": 68.7725,
        "DECLIVEMEDIO": 10.1051,
        "HORASEXPOSICAOMEDIA": null,
        "DENDIDADERV": 269.113,
        "COSN5VARIEDADE": 23.36,
        "AREAMANCHAMODFARSITE": null,
        "AREASFICHEIROS_GNR": null,
        "AREASFICHEIROS_GTF": null,
        "FICHEIROIMAGEM_GNR": null,
        "AREASFICHEIROSHP_GTF": null,
        "AREASFICHEIROSHPXML_GTF": null,
        "AREASFICHEIRODBF_GTF": null,
        "AREASFICHEIROPRJ_GTF": null,
        "AREASFICHEIROSBN_GTF": null,
        "AREASFICHEIROSBX_GTF": null,
        "AREASFICHEIROSHX_GTF": null,
        "AREASFICHEIROZIP_SAA": null
      }
    },
    {
      "type": "Feature",
      "geometry": {
        "type": "Point",
        "coordinates": [
          -7.56090499983894,
          41.7835370000038
        ]
      },
      "properties": {
        "id": "20260393667",
        "DISTRITO": "Vila Real",
        "TIPO": "Florestal",
        "ANO": 2026.0,
        "AREAPOV": 0.0,
        "AREAMATO": 5.0,
        "AREAAGRIC": 0.0,
        "AREATOTAL": 5.0,
        "REACENDIMENTOS": 0.0,
        "QUEIMADA": 0.0,
        "FALSOALARME": 0.0,
        "FOGACHO": 0.0,
        "INCENDIO": 1.0,
        "AGRICOLA": 0.0,
        "NCCO": 20260393667.0,
        "NOMECCO": 3.0,
        "DATAALERTA": "16-03-2026",
        "HORAALERTA": "15:56",
        "LOCAL": "SEARA VELHA (Senhora da Aparecida)",
        "CONCELHO": "Chaves",
        "FREGUESIA": "Calvão",
        "FONTEALERTA": "Populares",
        "INE": 170306.0,
        "X": 247571.0,
        "Y": 535058.0,
        "DIA": 16.0,
        "MES": 3.0,
        "HORA": 15.0,
        "OPERADOR": "sigo",
        "PERIMETRO": null,
        "APS": null,
        "CAUSA": null,
        "TIPOCAUSA": null,
        "DHINICIO": "16-03-2026 15:56:00",
        "DHFIM": "16-03-2026 18:00:00",
        "DURACAO": 124.0,
        "HAHORA": 2.5,
        "DATAEXTINCAO": "16-03-2026",
        "HORAEXTINCAO": "18:00",
        "DATA1INTERVENCAO": "16-03-2026",
        "HORA1INTERVENCAO": "16:24",
        "QUEIMA": 0.0,
        "CAUSAFAMILIA": null,
        "TEMPERATURA": null,
        "HUMIDADERELATIVA": null,
        "VENTOINTENSIDADE": null,
        "VENTOINTENSIDADE_VETOR": null,
        "VENTODIRECAO_VETOR": null,
        "PRECEPITACAO": null,
        "FFMC": null,
        "DMC": null,
        "DC": null,
        "ISI": null,
        "BUI": null,
        "FWI": null,
        "DSR": null,
        "THC": null,
        "MODFARSITE": 232.0,
        "ALTITUDEMEDIA": 616.466,
        "DECLIVEMEDIO": 14.6229,
        "HORASEXPOSICAOMEDIA": null,
        "DENDIDADERV": 114.408,
        "COSN5VARIEDADE": 15.27,
        "AREAMANCHAMODFARSITE": 479.372,
        "AREASFICHEIROS_GNR": null,
        "AREASFICHEIROS_GTF": null,
        "FICHEIROIMAGEM_GNR": null,
        "AREASFICHEIROSHP_GTF": null,
        "AREASFICHEIROSHPXML_GTF": null,
        "AREASFICHEIRODBF_GTF": null,
        "AREASFICHEIROPRJ_GTF": null,
        "AREASFICHEIROSBN_GTF": null,
        "AREASFICHEIROSBX_GTF": null,
        "AREASFICHEIROSHX_GTF": null,
        "AREASFICHEIROZIP_SAA": null
      }
    },
    {
      "type": "Feature",
      "geometry": {
        "type": "Point",
        "coordinates": [
          -7.98389799998866,
          41.7383979998695
        ]
      },
      "properties": {
        "id": "20260393887",
        "DISTRITO": "Vila Real",
        "TIPO": "Florestal",
        "ANO": 2026.0,
        "AREAPOV": 0.0,
        "AREAMATO": 2.0,
        "AREAAGRIC": 0.0,
        "AREATOTAL": 2.0,
        "REACENDIMENTOS": 0.0,
        "QUEIMADA": 0.0,
        "FALSOALARME": 0.0,
        "FOGACHO": 0.0,
        "INCENDIO": 1.0,
        "AGRICOLA": 0.0,
        "NCCO": 20260393887.0,
        "NOMECCO": 3.0,
        "DATAALERTA": "16-03-2026",
        "HORAALERTA": "16:25",
        "LOCAL": "Peneda do Meio",
        "CONCELHO": "Montalegre",
        "FREGUESIA": "Covelo do Gerês",
        "FONTEALERTA": "Autarquias",
        "INE": 170607.0,
        "X": 212415.0,
        "Y": 529898.0,
        "DIA": 16.0,
        "MES": 3.0,
        "HORA": 16.0,
        "OPERADOR": "sigo",
        "PERIMETRO": "Perimetro Florestal do Barroso",
        "APS": null,
        "CAUSA": null,
        "TIPOCAUSA": null,
        "DHINICIO": "16-03-2026 16:25:00",
        "DHFIM": "16-03-2026 19:35:00",
        "DURACAO": 190.0,
        "HAHORA": 0.666666666666667,
        "DATAEXTINCAO": "16-03-2026",
        "HORAEXTINCAO": "19:35",
        "DATA1INTERVENCAO": "16-03-2026",
        "HORA1INTERVENCAO": "16:45",
        "QUEIMA": 0.0,
        "CAUSAFAMILIA": null,
        "TEMPERATURA": null,
        "HUMIDADERELATIVA": null,
        "VENTOINTENSIDADE": null,
        "VENTOINTENSIDADE_VETOR": null,
        "VENTODIRECAO_VETOR": null,
        "PRECEPITACAO": null,
        "FFMC": null,
        "DMC": null,
        "DC": null,
        "ISI": null,
        "BUI": null,
        "FWI": null,
        "DSR": null,
        "THC": null,
        "MODFARSITE": 232.0,
        "ALTITUDEMEDIA": 698.624,
        "DECLIVEMEDIO": 35.9746,
        "HORASEXPOSICAOMEDIA": null,
        "DENDIDADERV": 102.314,
        "COSN5VARIEDADE": 16.0,
        "AREAMANCHAMODFARSITE": 10.1045,
        "AREASFICHEIROS_GNR": null,
        "AREASFICHEIROS_GTF": null,
        "FICHEIROIMAGEM_GNR": null,
        "AREASFICHEIROSHP_GTF": null,
        "AREASFICHEIROSHPXML_GTF": null,
        "AREASFICHEIRODBF_GTF": null,
        "AREASFICHEIROPRJ_GTF": null,
        "AREASFICHEIROSBN_GTF": null,
        "AREASFICHEIROSBX_GTF": null,
        "AREASFICHEIROSHX_GTF": null,
        "AREASFICHEIROZIP_SAA": null
      }
    },
    {
      "type": "Feature",
      "geometry": {
        "type": "Point",
        "coordinates": [
          -7.96288299984402,
          41.6358999999364
        ]
      },
      "properties": {
        "id": "20260393926",
        "DISTRITO": "Vila Real",
        "TIPO": "Florestal",
        "ANO": 2026.0,
        "AREAPOV": 0.0,
        "AREAMATO": 0.01,
        "AREAAGRIC": 0.0,
        "AREATOTAL": 0.01,
        "REACENDIMENTOS": 0.0,
        "QUEIMADA": 0.0,
        "FALSOALARME": 0.0,
        "FOGACHO": 1.0,
        "INCENDIO": 0.0,
        "AGRICOLA": 0.0,
        "NCCO": 20260393926.0,
        "NOMECCO": 3.0,
        "DATAALERTA": "16-03-2026",
        "HORAALERTA": "16:37",
        "LOCAL": "Corva (Pensais)",
        "CONCELHO": "Montalegre",
        "FREGUESIA": "Salto",
        "FONTEALERTA": "Populares",
        "INE": 170626.0,
        "X": 214186.0,
        "Y": 518516.0,
        "DIA": 16.0,
        "MES": 3.0,
        "HORA": 16.0,
        "OPERADOR": "sigo",
        "PERIMETRO": "Perimetro Florestal do Barroso",
        "APS": null,
        "CAUSA": null,
        "TIPOCAUSA": null,
        "DHINICIO": "16-03-2026 16:37:00",
        "DHFIM": "16-03-2026 16:57:00",
        "DURACAO": 20.0,
        "HAHORA": 0.01,
        "DATAEXTINCAO": "16-03-2026",
        "HORAEXTINCAO": "16:57",
        "DATA1INTERVENCAO": "16-03-2026",
        "HORA1INTERVENCAO": "16:45",
        "QUEIMA": 0.0,
        "CAUSAFAMILIA": null,
        "TEMPERATURA": null,
        "HUMIDADERELATIVA": null,
        "VENTOINTENSIDADE": null,
        "VENTOINTENSIDADE_VETOR": null,
        "VENTODIRECAO_VETOR": null,
        "PRECEPITACAO": null,
        "FFMC": null,
        "DMC": null,
        "DC": null,
        "ISI": null,
        "BUI": null,
        "FWI": null,
        "DSR": null,
        "THC": null,
        "MODFARSITE": 232.0,
        "ALTITUDEMEDIA": 928.987,
        "DECLIVEMEDIO": 17.2326,
        "HORASEXPOSICAOMEDIA": null,
        "DENDIDADERV": 216.915,
        "COSN5VARIEDADE": 20.46,
        "AREAMANCHAMODFARSITE": 94.7418,
        "AREASFICHEIROS_GNR": null,
        "AREASFICHEIROS_GTF": null,
        "FICHEIROIMAGEM_GNR": null,
        "AREASFICHEIROSHP_GTF": null,
        "AREASFICHEIROSHPXML_GTF": null,
        "AREASFICHEIRODBF_GTF": null,
        "AREASFICHEIROPRJ_GTF": null,
        "AREASFICHEIROSBN_GTF": null,
        "AREASFICHEIROSBX_GTF": null,
        "AREASFICHEIROSHX_GTF": null,
        "AREASFICHEIROZIP_SAA": null
      }
    },
    {
      "type": "Feature",
      "geometry": {
        "type": "Point",
        "coordinates": [
          -6.44396800041199,
          41.5672730000152
        ]
      },
      "properties": {
        "id": "20260394217",
        "DISTRITO": "Bragança",
        "TIPO": "Florestal",
        "ANO": 2026.0,
        "AREAPOV": 2.0,
        "AREAMATO": 0.0,
        "AREAAGRIC": 0.0,
        "AREATOTAL": 2.0,
        "REACENDIMENTOS": 0.0,
        "QUEIMADA": 0.0,
        "FALSOALARME": 0.0,
        "FOGACHO": 0.0,
        "INCENDIO": 1.0,
        "AGRICOLA": 0.0,
        "NCCO": 20260394217.0,
        "NOMECCO": 3.0,
        "DATAALERTA": "16-03-2026",
        "HORAALERTA": "17:33",
        "LOCAL": "Carçarelhos (Ribeiro das Quintanas)",
        "CONCELHO": "Vimioso",
        "FREGUESIA": "Caçarelhos",
        "FONTEALERTA": "Populares",
        "INE": 41105.0,
        "X": 340897.0,
        "Y": 512257.0,
        "DIA": 16.0,
        "MES": 3.0,
        "HORA": 17.0,
        "OPERADOR": "sigo",
        "PERIMETRO": null,
        "APS": null,
        "CAUSA": null,
        "TIPOCAUSA": null,
        "DHINICIO": "16-03-2026 17:33:00",
        "DHFIM": "16-03-2026 18:40:00",
        "DURACAO": 67.0,
        "HAHORA": 2.0,
        "DATAEXTINCAO": "16-03-2026",
        "HORAEXTINCAO": "18:40",
        "DATA1INTERVENCAO": "16-03-2026",
        "HORA1INTERVENCAO": "17:50",
        "QUEIMA": 0.0,
        "CAUSAFAMILIA": null,
        "TEMPERATURA": null,
        "HUMIDADERELATIVA": null,
        "VENTOINTENSIDADE": null,
        "VENTOINTENSIDADE_VETOR": null,
        "VENTODIRECAO_VETOR": null,
        "PRECEPITACAO": null,
        "FFMC": null,
        "DMC": null,
        "DC": null,
        "ISI": null,
        "BUI": null,
        "FWI": null,
        "DSR": null,
        "THC": null,
        "MODFARSITE": null,
        "ALTITUDEMEDIA": 757.073,
        "DECLIVEMEDIO": 6.4439,
        "HORASEXPOSICAOMEDIA": null,
        "DENDIDADERV": 36.3148,
        "COSN5VARIEDADE": 11.01,
        "AREAMANCHAMODFARSITE": null,
        "AREASFICHEIROS_GNR": null,
        "AREASFICHEIROS_GTF": null,
        "FICHEIROIMAGEM_GNR": null,
        "AREASFICHEIROSHP_GTF": null,
        "AREASFICHEIROSHPXML_GTF": null,
        "AREASFICHEIRODBF_GTF": null,
        "AREASFICHEIROPRJ_GTF": null,
        "AREASFICHEIROSBN_GTF": null,
        "AREASFICHEIROSBX_GTF": null,
        "AREASFICHEIROSHX_GTF": null,
        "AREASFICHEIROZIP_SAA": null
      }
    },
    {
      "type": "Feature",
      "geometry": {
        "type": "Point",
        "coordinates": [
          -7.66917800002628,
          41.7487930001153
        ]
      },
      "properties": {
        "id": "20260394498",
        "DISTRITO": "Vila Real",
        "TIPO": "Florestal",
        "ANO": 2026.0,
        "AREAPOV": 0.0,
        "AREAMATO": 1.5,
        "AREAAGRIC": 0.0,
        "AREATOTAL": 1.5,
        "REACENDIMENTOS": 0.0,
        "QUEIMADA": 0.0,
        "FALSOALARME": 0.0,
        "FOGACHO": 0.0,
        "INCENDIO": 1.0,
        "AGRICOLA": 0.0,
        "NCCO": 20260394498.0,
        "NOMECCO": 3.0,
        "DATAALERTA": "16-03-2026",
        "HORAALERTA": "18:43",
        "LOCAL": "Cervos (Alto do Seixo)",
        "CONCELHO": "Montalegre",
        "FREGUESIA": "Cervos",
        "FONTEALERTA": 112.0,
        "INE": 170603.0,
        "X": 238591.0,
        "Y": 531145.0,
        "DIA": 16.0,
        "MES": 3.0,
        "HORA": 18.0,
        "OPERADOR": "sigo",
        "PERIMETRO": null,
        "APS": null,
        "CAUSA": null,
        "TIPOCAUSA": null,
        "DHINICIO": "16-03-2026 18:43:00",
        "DHFIM": "16-03-2026 19:27:00",
        "DURACAO": 44.0,
        "HAHORA": 1.5,
        "DATAEXTINCAO": "16-03-2026",
        "HORAEXTINCAO": "19:27",
        "DATA1INTERVENCAO": "16-03-2026",
        "HORA1INTERVENCAO": "19:05",
        "QUEIMA": 0.0,
        "CAUSAFAMILIA": null,
        "TEMPERATURA": null,
        "HUMIDADERELATIVA": null,
        "VENTOINTENSIDADE": null,
        "VENTOINTENSIDADE_VETOR": null,
        "VENTODIRECAO_VETOR": null,
        "PRECEPITACAO": null,
        "FFMC": null,
        "DMC": null,
        "DC": null,
        "ISI": null,
        "BUI": null,
        "FWI": null,
        "DSR": null,
        "THC": null,
        "MODFARSITE": null,
        "ALTITUDEMEDIA": 855.559,
        "DECLIVEMEDIO": 7.12545,
        "HORASEXPOSICAOMEDIA": null,
        "DENDIDADERV": 80.3482,
        "COSN5VARIEDADE": 21.55,
        "AREAMANCHAMODFARSITE": null,
        "AREASFICHEIROS_GNR": null,
        "AREASFICHEIROS_GTF": null,
        "FICHEIROIMAGEM_GNR": null,
        "AREASFICHEIROSHP_GTF": null,
        "AREASFICHEIROSHPXML_GTF": null,
        "AREASFICHEIRODBF_GTF": null,
        "AREASFICHEIROPRJ_GTF": null,
        "AREASFICHEIROSBN_GTF": null,
        "AREASFICHEIROSBX_GTF": null,
        "AREASFICHEIROSHX_GTF": null,
        "AREASFICHEIROZIP_SAA": null
      }
    },
    {
      "type": "Feature",
      "geometry": {
        "type": "Point",
        "coordinates": [
          -8.03525000002649,
          41.7145799997118
        ]
      },
      "properties": {
        "id": "20260394563",
        "DISTRITO": "Vila Real",
        "TIPO": "Florestal",
        "ANO": 2026.0,
        "AREAPOV": 0.0,
        "AREAMATO": 0.0,
        "AREAAGRIC": 0.0,
        "AREATOTAL": 0.0,
        "REACENDIMENTOS": 0.0,
        "QUEIMADA": 0.0,
        "FALSOALARME": 0.0,
        "FOGACHO": 1.0,
        "INCENDIO": 0.0,
        "AGRICOLA": 0.0,
        "NCCO": 20260394563.0,
        "NOMECCO": 3.0,
        "DATAALERTA": "16-03-2026",
        "HORAALERTA": "18:57",
        "LOCAL": "Cabril (PNP Gerês) (Vila)",
        "CONCELHO": "Montalegre",
        "FREGUESIA": "Cabril",
        "FONTEALERTA": 112.0,
        "INE": 170601.0,
        "X": 208146.0,
        "Y": 527246.0,
        "DIA": 16.0,
        "MES": 3.0,
        "HORA": 18.0,
        "OPERADOR": "sigo",
        "PERIMETRO": null,
        "APS": "Peneda-Geres",
        "CAUSA": null,
        "TIPOCAUSA": null,
        "DHINICIO": "16-03-2026 18:57:00",
        "DHFIM": "16-03-2026 20:10:00",
        "DURACAO": 73.0,
        "HAHORA": 0.0,
        "DATAEXTINCAO": "16-03-2026",
        "HORAEXTINCAO": "20:10",
        "DATA1INTERVENCAO": "16-03-2026",
        "HORA1INTERVENCAO": "20:15",
        "QUEIMA": 0.0,
        "CAUSAFAMILIA": null,
        "TEMPERATURA": null,
        "HUMIDADERELATIVA": null,
        "VENTOINTENSIDADE": null,
        "VENTOINTENSIDADE_VETOR": null,
        "VENTODIRECAO_VETOR": null,
        "PRECEPITACAO": null,
        "FFMC": null,
        "DMC": null,
        "DC": null,
        "ISI": null,
        "BUI": null,
        "FWI": null,
        "DSR": null,
        "THC": null,
        "MODFARSITE": null,
        "ALTITUDEMEDIA": 380.719,
        "DECLIVEMEDIO": 25.238,
        "HORASEXPOSICAOMEDIA": null,
        "DENDIDADERV": 103.921,
        "COSN5VARIEDADE": 20.96,
        "AREAMANCHAMODFARSITE": null,
        "AREASFICHEIROS_GNR": null,
        "AREASFICHEIROS_GTF": null,
        "FICHEIROIMAGEM_GNR": null,
        "AREASFICHEIROSHP_GTF": null,
        "AREASFICHEIROSHPXML_GTF": null,
        "AREASFICHEIRODBF_GTF": null,
        "AREASFICHEIROPRJ_GTF": null,
        "AREASFICHEIROSBN_GTF": null,
        "AREASFICHEIROSBX_GTF": null,
        "AREASFICHEIROSHX_GTF": null,
        "AREASFICHEIROZIP_SAA": null
      }
    },
    {
      "type": "Feature",
      "geometry": {
        "type": "Point",
        "coordinates": [
          -8.3230470000373,
          41.2866969998678
        ]
      },
      "properties": {
        "id": "20260394614",
        "DISTRITO": "Porto",
        "TIPO": "Florestal",
        "ANO": 2026.0,
        "AREAPOV": 0.0,
        "AREAMATO": 0.2,
        "AREAAGRIC": 0.0,
        "AREATOTAL": 0.2,
        "REACENDIMENTOS": 0.0,
        "QUEIMADA": 0.0,
        "FALSOALARME": 0.0,
        "FOGACHO": 1.0,
        "INCENDIO": 0.0,
        "AGRICOLA": 0.0,
        "NCCO": 20260394614.0,
        "NOMECCO": 3.0,
        "DATAALERTA": "16-03-2026",
        "HORAALERTA": "18:17",
        "LOCAL": "Rua Sao Joao Envangelista (Granja)",
        "CONCELHO": "Lousada",
        "FREGUESIA": "Covas",
        "FONTEALERTA": "Populares",
        "INE": 130507.0,
        "X": 184091.0,
        "Y": 479736.0,
        "DIA": 16.0,
        "MES": 3.0,
        "HORA": 18.0,
        "OPERADOR": "sigo",
        "PERIMETRO": null,
        "APS": null,
        "CAUSA": null,
        "TIPOCAUSA": null,
        "DHINICIO": "16-03-2026 18:17:00",
        "DHFIM": "16-03-2026 19:30:00",
        "DURACAO": 73.0,
        "HAHORA": 0.2,
        "DATAEXTINCAO": "16-03-2026",
        "HORAEXTINCAO": "19:30",
        "DATA1INTERVENCAO": "16-03-2026",
        "HORA1INTERVENCAO": "18:27",
        "QUEIMA": 0.0,
        "CAUSAFAMILIA": null,
        "TEMPERATURA": null,
        "HUMIDADERELATIVA": null,
        "VENTOINTENSIDADE": null,
        "VENTOINTENSIDADE_VETOR": null,
        "VENTODIRECAO_VETOR": null,
        "PRECEPITACAO": null,
        "FFMC": null,
        "DMC": null,
        "DC": null,
        "ISI": null,
        "BUI": null,
        "FWI": null,
        "DSR": null,
        "THC": null,
        "MODFARSITE": 231.0,
        "ALTITUDEMEDIA": 247.716,
        "DECLIVEMEDIO": 10.8183,
        "HORASEXPOSICAOMEDIA": null,
        "DENDIDADERV": 341.904,
        "COSN5VARIEDADE": 26.48,
        "AREAMANCHAMODFARSITE": 6.67003,
        "AREASFICHEIROS_GNR": null,
        "AREASFICHEIROS_GTF": null,
        "FICHEIROIMAGEM_GNR": null,
        "AREASFICHEIROSHP_GTF": null,
        "AREASFICHEIROSHPXML_GTF": null,
        "AREASFICHEIRODBF_GTF": null,
        "AREASFICHEIROPRJ_GTF": null,
        "AREASFICHEIROSBN_GTF": null,
        "AREASFICHEIROSBX_GTF": null,
        "AREASFICHEIROSHX_GTF": null,
        "AREASFICHEIROZIP_SAA": null
      }
    },
    {
      "type": "Feature",
      "geometry": {
        "type": "Point",
        "coordinates": [
          -7.9671550000045,
          41.4758180003696
        ]
      },
      "properties": {
        "id": "20260394627",
        "DISTRITO": "Braga",
        "TIPO": "Florestal",
        "ANO": 2026.0,
        "AREAPOV": 0.0,
        "AREAMATO": 0.03,
        "AREAAGRIC": 0.0,
        "AREATOTAL": 0.03,
        "REACENDIMENTOS": 0.0,
        "QUEIMADA": 0.0,
        "FALSOALARME": 0.0,
        "FOGACHO": 1.0,
        "INCENDIO": 0.0,
        "AGRICOLA": 0.0,
        "NCCO": 20260394627.0,
        "NOMECCO": 3.0,
        "DATAALERTA": "16-03-2026",
        "HORAALERTA": "19:08",
        "LOCAL": "Rua Antiga do Vilar (Candedo)",
        "CONCELHO": "Cabeceiras de Basto",
        "FREGUESIA": "Faia",
        "FONTEALERTA": "Bombeiros",
        "INE": 30408.0,
        "X": 213864.0,
        "Y": 500736.0,
        "DIA": 16.0,
        "MES": 3.0,
        "HORA": 19.0,
        "OPERADOR": "sigo",
        "PERIMETRO": null,
        "APS": null,
        "CAUSA": null,
        "TIPOCAUSA": null,
        "DHINICIO": "16-03-2026 19:08:00",
        "DHFIM": "16-03-2026 19:59:00",
        "DURACAO": 51.0,
        "HAHORA": 0.03,
        "DATAEXTINCAO": "16-03-2026",
        "HORAEXTINCAO": "19:59",
        "DATA1INTERVENCAO": "16-03-2026",
        "HORA1INTERVENCAO": "19:20",
        "QUEIMA": 0.0,
        "CAUSAFAMILIA": null,
        "TEMPERATURA": null,
        "HUMIDADERELATIVA": null,
        "VENTOINTENSIDADE": null,
        "VENTOINTENSIDADE_VETOR": null,
        "VENTODIRECAO_VETOR": null,
        "PRECEPITACAO": null,
        "FFMC": null,
        "DMC": null,
        "DC": null,
        "ISI": null,
        "BUI": null,
        "FWI": null,
        "DSR": null,
        "THC": null,
        "MODFARSITE": 227.0,
        "ALTITUDEMEDIA": 326.405,
        "DECLIVEMEDIO": 22.7913,
        "HORASEXPOSICAOMEDIA": null,
        "DENDIDADERV": 338.657,
        "COSN5VARIEDADE": 24.49,
        "AREAMANCHAMODFARSITE": 4.19269,
        "AREASFICHEIROS_GNR": null,
        "AREASFICHEIROS_GTF": null,
        "FICHEIROIMAGEM_GNR": null,
        "AREASFICHEIROSHP_GTF": null,
        "AREASFICHEIROSHPXML_GTF": null,
        "AREASFICHEIRODBF_GTF": null,
        "AREASFICHEIROPRJ_GTF": null,
        "AREASFICHEIROSBN_GTF": null,
        "AREASFICHEIROSBX_GTF": null,
        "AREASFICHEIROSHX_GTF": null,
        "AREASFICHEIROZIP_SAA": null
      }
    },
    {
      "type": "Feature",
      "geometry": {
        "type": "Point",
        "coordinates": [
          -8.0513789999485,
          40.7867449998856
        ]
      },
      "properties": {
        "id": "20260394642",
        "DISTRITO": "Viseu",
        "TIPO": "Florestal",
        "ANO": 2026.0,
        "AREAPOV": 0.0,
        "AREAMATO": 0.005,
        "AREAAGRIC": 0.0,
        "AREATOTAL": 0.005,
        "REACENDIMENTOS": 0.0,
        "QUEIMADA": 0.0,
        "FALSOALARME": 0.0,
        "FOGACHO": 1.0,
        "INCENDIO": 0.0,
        "AGRICOLA": 0.0,
        "NCCO": 20260394642.0,
        "NOMECCO": 3.0,
        "DATAALERTA": "16-03-2026",
        "HORAALERTA": "19:01",
        "LOCAL": "Rua do Trigal - Cotaes (São Felix)",
        "CONCELHO": "São Pedro do Sul",
        "FREGUESIA": "São Félix",
        "FONTEALERTA": "Populares",
        "INE": 181612.0,
        "X": 206899.0,
        "Y": 424199.0,
        "DIA": 16.0,
        "MES": 3.0,
        "HORA": 19.0,
        "OPERADOR": "sigo",
        "PERIMETRO": null,
        "APS": null,
        "CAUSA": null,
        "TIPOCAUSA": null,
        "DHINICIO": "16-03-2026 19:01:00",
        "DHFIM": "16-03-2026 20:50:00",
        "DURACAO": 109.0,
        "HAHORA": 0.005,
        "DATAEXTINCAO": "16-03-2026",
        "HORAEXTINCAO": "20:50",
        "DATA1INTERVENCAO": "16-03-2026",
        "HORA1INTERVENCAO": "19:23",
        "QUEIMA": 0.0,
        "CAUSAFAMILIA": null,
        "TEMPERATURA": null,
        "HUMIDADERELATIVA": null,
        "VENTOINTENSIDADE": null,
        "VENTOINTENSIDADE_VETOR": null,
        "VENTODIRECAO_VETOR": null,
        "PRECEPITACAO": null,
        "FFMC": null,
        "DMC": null,
        "DC": null,
        "ISI": null,
        "BUI": null,
        "FWI": null,
        "DSR": null,
        "THC": null,
        "MODFARSITE": 223.0,
        "ALTITUDEMEDIA": 282.784,
        "DECLIVEMEDIO": 25.1713,
        "HORASEXPOSICAOMEDIA": null,
        "DENDIDADERV": 134.044,
        "COSN5VARIEDADE": 20.68,
        "AREAMANCHAMODFARSITE": 12.4812,
        "AREASFICHEIROS_GNR": null,
        "AREASFICHEIROS_GTF": null,
        "FICHEIROIMAGEM_GNR": null,
        "AREASFICHEIROSHP_GTF": null,
        "AREASFICHEIROSHPXML_GTF": null,
        "AREASFICHEIRODBF_GTF": null,
        "AREASFICHEIROPRJ_GTF": null,
        "AREASFICHEIROSBN_GTF": null,
        "AREASFICHEIROSBX_GTF": null,
        "AREASFICHEIROSHX_GTF": null,
        "AREASFICHEIROZIP_SAA": null
      }
    },
    {
      "type": "Feature",
      "geometry": {
        "type": "Point",
        "coordinates": [
          -8.23924800025092,
          41.5985600005256
        ]
      },
      "properties": {
        "id": "20260394663",
        "DISTRITO": "Braga",
        "TIPO": "Agrícola",
        "ANO": 2026.0,
        "AREAPOV": 0.0,
        "AREAMATO": 0.0,
        "AREAAGRIC": 0.05,
        "AREATOTAL": 0.05,
        "REACENDIMENTOS": 0.0,
        "QUEIMADA": 0.0,
        "FALSOALARME": 0.0,
        "FOGACHO": 0.0,
        "INCENDIO": 0.0,
        "AGRICOLA": 1.0,
        "NCCO": 20260394663.0,
        "NOMECCO": 3.0,
        "DATAALERTA": "16-03-2026",
        "HORAALERTA": "19:11",
        "LOCAL": "Rua de Nasce (Senhora da Encarnação)",
        "CONCELHO": "Póvoa de Lanhoso",
        "FREGUESIA": "Calvos",
        "FONTEALERTA": "Bombeiros",
        "INE": 30904.0,
        "X": 191153.0,
        "Y": 514361.0,
        "DIA": 16.0,
        "MES": 3.0,
        "HORA": 19.0,
        "OPERADOR": "sigo",
        "PERIMETRO": null,
        "APS": null,
        "CAUSA": null,
        "TIPOCAUSA": null,
        "DHINICIO": "16-03-2026 19:11:00",
        "DHFIM": "16-03-2026 19:53:00",
        "DURACAO": 42.0,
        "HAHORA": 0.05,
        "DATAEXTINCAO": "16-03-2026",
        "HORAEXTINCAO": "19:53",
        "DATA1INTERVENCAO": "16-03-2026",
        "HORA1INTERVENCAO": "19:35",
        "QUEIMA": 0.0,
        "CAUSAFAMILIA": null,
        "TEMPERATURA": null,
        "HUMIDADERELATIVA": null,
        "VENTOINTENSIDADE": null,
        "VENTOINTENSIDADE_VETOR": null,
        "VENTODIRECAO_VETOR": null,
        "PRECEPITACAO": null,
        "FFMC": null,
        "DMC": null,
        "DC": null,
        "ISI": null,
        "BUI": null,
        "FWI": null,
        "DSR": null,
        "THC": null,
        "MODFARSITE": null,
        "ALTITUDEMEDIA": 349.652,
        "DECLIVEMEDIO": 19.8032,
        "HORASEXPOSICAOMEDIA": null,
        "DENDIDADERV": 112.971,
        "COSN5VARIEDADE": 19.04,
        "AREAMANCHAMODFARSITE": null,
        "AREASFICHEIROS_GNR": null,
        "AREASFICHEIROS_GTF": null,
        "FICHEIROIMAGEM_GNR": null,
        "AREASFICHEIROSHP_GTF": null,
        "AREASFICHEIROSHPXML_GTF": null,
        "AREASFICHEIRODBF_GTF": null,
        "AREASFICHEIROPRJ_GTF": null,
        "AREASFICHEIROSBN_GTF": null,
        "AREASFICHEIROSBX_GTF": null,
        "AREASFICHEIROSHX_GTF": null,
        "AREASFICHEIROZIP_SAA": null
      }
    },
    {
      "type": "Feature",
      "geometry": {
        "type": "Point",
        "coordinates": [
          -8.4658229997423,
          41.755625
        ]
      },
      "properties": {
        "id": "20260394773",
        "DISTRITO": "Viana do Castelo",
        "TIPO": "Florestal",
        "ANO": 2026.0,
        "AREAPOV": 0.0,
        "AREAMATO": 0.01,
        "AREAAGRIC": 0.0,
        "AREATOTAL": 0.01,
        "REACENDIMENTOS": 0.0,
        "QUEIMADA": 0.0,
        "FALSOALARME": 0.0,
        "FOGACHO": 1.0,
        "INCENDIO": 0.0,
        "AGRICOLA": 0.0,
        "NCCO": 20260394773.0,
        "NOMECCO": 3.0,
        "DATAALERTA": "16-03-2026",
        "HORAALERTA": "19:39",
        "LOCAL": "Teixugueira (Vale)",
        "CONCELHO": "Ponte da Barca",
        "FREGUESIA": "Boivães",
        "FONTEALERTA": "Bombeiros",
        "INE": 160602.0,
        "X": 172331.0,
        "Y": 531854.0,
        "DIA": 16.0,
        "MES": 3.0,
        "HORA": 19.0,
        "OPERADOR": "sigo",
        "PERIMETRO": null,
        "APS": null,
        "CAUSA": null,
        "TIPOCAUSA": null,
        "DHINICIO": "16-03-2026 19:39:00",
        "DHFIM": "16-03-2026 20:25:00",
        "DURACAO": 46.0,
        "HAHORA": 0.01,
        "DATAEXTINCAO": "16-03-2026",
        "HORAEXTINCAO": "20:25",
        "DATA1INTERVENCAO": "16-03-2026",
        "HORA1INTERVENCAO": "20:10",
        "QUEIMA": 0.0,
        "CAUSAFAMILIA": null,
        "TEMPERATURA": null,
        "HUMIDADERELATIVA": null,
        "VENTOINTENSIDADE": null,
        "VENTOINTENSIDADE_VETOR": null,
        "VENTODIRECAO_VETOR": null,
        "PRECEPITACAO": null,
        "FFMC": null,
        "DMC": null,
        "DC": null,
        "ISI": null,
        "BUI": null,
        "FWI": null,
        "DSR": null,
        "THC": null,
        "MODFARSITE": 237.0,
        "ALTITUDEMEDIA": 470.939,
        "DECLIVEMEDIO": 29.1828,
        "HORASEXPOSICAOMEDIA": null,
        "DENDIDADERV": 128.787,
        "COSN5VARIEDADE": 9.92,
        "AREAMANCHAMODFARSITE": 69.5994,
        "AREASFICHEIROS_GNR": null,
        "AREASFICHEIROS_GTF": null,
        "FICHEIROIMAGEM_GNR": null,
        "AREASFICHEIROSHP_GTF": null,
        "AREASFICHEIROSHPXML_GTF": null,
        "AREASFICHEIRODBF_GTF": null,
        "AREASFICHEIROPRJ_GTF": null,
        "AREASFICHEIROSBN_GTF": null,
        "AREASFICHEIROSBX_GTF": null,
        "AREASFICHEIROSHX_GTF": null,
        "AREASFICHEIROZIP_SAA": null
      }
    },
    {
      "type": "Feature",
      "geometry": {
        "type": "Point",
        "coordinates": [
          -7.8768150001102,
          38.7710150000784
        ]
      },
      "properties": {
        "id": "20260394954",
        "DISTRITO": "Évora",
        "TIPO": "Florestal",
        "ANO": 2026.0,
        "AREAPOV": 0.0,
        "AREAMATO": 0.0027,
        "AREAAGRIC": 0.0,
        "AREATOTAL": 0.0027,
        "REACENDIMENTOS": 0.0,
        "QUEIMADA": 0.0,
        "FALSOALARME": 0.0,
        "FOGACHO": 1.0,
        "INCENDIO": 0.0,
        "AGRICOLA": 0.0,
        "NCCO": 20260394954.0,
        "NOMECCO": 3.0,
        "DATAALERTA": "16-03-2026",
        "HORAALERTA": "20:25",
        "LOCAL": "Junto CM1013 (Monte Novo)",
        "CONCELHO": "Arraiolos",
        "FREGUESIA": "São Gregório",
        "FONTEALERTA": "Bombeiros",
        "INE": 70204.0,
        "X": 222271.0,
        "Y": 200418.0,
        "DIA": 16.0,
        "MES": 3.0,
        "HORA": 20.0,
        "OPERADOR": "sigo",
        "PERIMETRO": null,
        "APS": null,
        "CAUSA": null,
        "TIPOCAUSA": null,
        "DHINICIO": "16-03-2026 20:25:00",
        "DHFIM": "16-03-2026 20:44:00",
        "DURACAO": 19.0,
        "HAHORA": 0.0027,
        "DATAEXTINCAO": "16-03-2026",
        "HORAEXTINCAO": "20:44",
        "DATA1INTERVENCAO": "16-03-2026",
        "HORA1INTERVENCAO": "20:44",
        "QUEIMA": 0.0,
        "CAUSAFAMILIA": null,
        "TEMPERATURA": null,
        "HUMIDADERELATIVA": null,
        "VENTOINTENSIDADE": null,
        "VENTOINTENSIDADE_VETOR": null,
        "VENTODIRECAO_VETOR": null,
        "PRECEPITACAO": null,
        "FFMC": null,
        "DMC": null,
        "DC": null,
        "ISI": null,
        "BUI": null,
        "FWI": null,
        "DSR": null,
        "THC": null,
        "MODFARSITE": null,
        "ALTITUDEMEDIA": 195.454,
        "DECLIVEMEDIO": 3.03479,
        "HORASEXPOSICAOMEDIA": null,
        "DENDIDADERV": 64.9911,
        "COSN5VARIEDADE": 6.3,
        "AREAMANCHAMODFARSITE": null,
        "AREASFICHEIROS_GNR": null,
        "AREASFICHEIROS_GTF": null,
        "FICHEIROIMAGEM_GNR": null,
        "AREASFICHEIROSHP_GTF": null,
        "AREASFICHEIROSHPXML_GTF": null,
        "AREASFICHEIRODBF_GTF": null,
        "AREASFICHEIROPRJ_GTF": null,
        "AREASFICHEIROSBN_GTF": null,
        "AREASFICHEIROSBX_GTF": null,
        "AREASFICHEIROSHX_GTF": null,
        "AREASFICHEIROZIP_SAA": null
      }
    },
    {
      "type": "Feature",
      "geometry": {
        "type": "Point",
        "coordinates": [
          -8.46200000021193,
          41.7618830002679
        ]
      },
      "properties": {
        "id": "20260394973",
        "DISTRITO": "Viana do Castelo",
        "TIPO": "Florestal",
        "ANO": 2026.0,
        "AREAPOV": 0.0,
        "AREAMATO": 0.01,
        "AREAAGRIC": 0.0,
        "AREATOTAL": 0.01,
        "REACENDIMENTOS": 0.0,
        "QUEIMADA": 0.0,
        "FALSOALARME": 0.0,
        "FOGACHO": 1.0,
        "INCENDIO": 0.0,
        "AGRICOLA": 0.0,
        "NCCO": 20260394973.0,
        "NOMECCO": 3.0,
        "DATAALERTA": "16-03-2026",
        "HORAALERTA": "20:30",
        "LOCAL": "Fonte Coberta (Costa)",
        "CONCELHO": "Ponte da Barca",
        "FREGUESIA": "Boivães",
        "FONTEALERTA": "Bombeiros",
        "INE": 160602.0,
        "X": 172652.0,
        "Y": 532548.0,
        "DIA": 16.0,
        "MES": 3.0,
        "HORA": 20.0,
        "OPERADOR": "sigo",
        "PERIMETRO": null,
        "APS": null,
        "CAUSA": null,
        "TIPOCAUSA": null,
        "DHINICIO": "16-03-2026 20:30:00",
        "DHFIM": "16-03-2026 20:53:00",
        "DURACAO": 23.0,
        "HAHORA": 0.01,
        "DATAEXTINCAO": "16-03-2026",
        "HORAEXTINCAO": "20:53",
        "DATA1INTERVENCAO": "16-03-2026",
        "HORA1INTERVENCAO": "20:40",
        "QUEIMA": 0.0,
        "CAUSAFAMILIA": null,
        "TEMPERATURA": null,
        "HUMIDADERELATIVA": null,
        "VENTOINTENSIDADE": null,
        "VENTOINTENSIDADE_VETOR": null,
        "VENTODIRECAO_VETOR": null,
        "PRECEPITACAO": null,
        "FFMC": null,
        "DMC": null,
        "DC": null,
        "ISI": null,
        "BUI": null,
        "FWI": null,
        "DSR": null,
        "THC": null,
        "MODFARSITE": 237.0,
        "ALTITUDEMEDIA": 350.247,
        "DECLIVEMEDIO": 27.0609,
        "HORASEXPOSICAOMEDIA": null,
        "DENDIDADERV": 154.916,
        "COSN5VARIEDADE": 11.09,
        "AREAMANCHAMODFARSITE": 69.5994,
        "AREASFICHEIROS_GNR": null,
        "AREASFICHEIROS_GTF": null,
        "FICHEIROIMAGEM_GNR": null,
        "AREASFICHEIROSHP_GTF": null,
        "AREASFICHEIROSHPXML_GTF": null,
        "AREASFICHEIRODBF_GTF": null,
        "AREASFICHEIROPRJ_GTF": null,
        "AREASFICHEIROSBN_GTF": null,
        "AREASFICHEIROSBX_GTF": null,
        "AREASFICHEIROSHX_GTF": null,
        "AREASFICHEIROZIP_SAA": null
      }
    },
    {
      "type": "Feature",
      "geometry": {
        "type": "Point",
        "coordinates": [
          -7.69536499977112,
          41.3236370001899
        ]
      },
      "properties": {
        "id": "20260395189",
        "DISTRITO": "Vila Real",
        "TIPO": "Florestal",
        "ANO": 2026.0,
        "AREAPOV": 0.0,
        "AREAMATO": 0.01,
        "AREAAGRIC": 0.0,
        "AREATOTAL": 0.01,
        "REACENDIMENTOS": 0.0,
        "QUEIMADA": 0.0,
        "FALSOALARME": 0.0,
        "FOGACHO": 1.0,
        "INCENDIO": 0.0,
        "AGRICOLA": 0.0,
        "NCCO": 20260395189.0,
        "NOMECCO": 3.0,
        "DATAALERTA": "16-03-2026",
        "HORAALERTA": "21:42",
        "LOCAL": "Rua das Tornas (Ponte da Abobeleira)",
        "CONCELHO": "Vila Real",
        "FREGUESIA": "Mouçós",
        "FONTEALERTA": 112.0,
        "INE": 171417.0,
        "X": 236651.0,
        "Y": 483913.0,
        "DIA": 16.0,
        "MES": 3.0,
        "HORA": 21.0,
        "OPERADOR": "sigo",
        "PERIMETRO": null,
        "APS": null,
        "CAUSA": null,
        "TIPOCAUSA": null,
        "DHINICIO": "16-03-2026 21:42:00",
        "DHFIM": "16-03-2026 22:22:00",
        "DURACAO": 40.0,
        "HAHORA": 0.01,
        "DATAEXTINCAO": "16-03-2026",
        "HORAEXTINCAO": "22:22",
        "DATA1INTERVENCAO": "16-03-2026",
        "HORA1INTERVENCAO": "22:00",
        "QUEIMA": 0.0,
        "CAUSAFAMILIA": null,
        "TEMPERATURA": null,
        "HUMIDADERELATIVA": null,
        "VENTOINTENSIDADE": null,
        "VENTOINTENSIDADE_VETOR": null,
        "VENTODIRECAO_VETOR": null,
        "PRECEPITACAO": null,
        "FFMC": null,
        "DMC": null,
        "DC": null,
        "ISI": null,
        "BUI": null,
        "FWI": null,
        "DSR": null,
        "THC": null,
        "MODFARSITE": null,
        "ALTITUDEMEDIA": 599.221,
        "DECLIVEMEDIO": 11.3361,
        "HORASEXPOSICAOMEDIA": null,
        "DENDIDADERV": 450.648,
        "COSN5VARIEDADE": 24.81,
        "AREAMANCHAMODFARSITE": null,
        "AREASFICHEIROS_GNR": null,
        "AREASFICHEIROS_GTF": null,
        "FICHEIROIMAGEM_GNR": null,
        "AREASFICHEIROSHP_GTF": null,
        "AREASFICHEIROSHPXML_GTF": null,
        "AREASFICHEIRODBF_GTF": null,
        "AREASFICHEIROPRJ_GTF": null,
        "AREASFICHEIROSBN_GTF": null,
        "AREASFICHEIROSBX_GTF": null,
        "AREASFICHEIROSHX_GTF": null,
        "AREASFICHEIROZIP_SAA": null
      }
    },
    {
      "type": "Feature",
      "geometry": {
        "type": "Point",
        "coordinates": [
          -8.00438999997245,
          41.7289019997915
        ]
      },
      "properties": {
        "id": "20260395274",
        "DISTRITO": "Vila Real",
        "TIPO": "Florestal",
        "ANO": 2026.0,
        "AREAPOV": 0.0,
        "AREAMATO": 0.0,
        "AREAAGRIC": 0.0,
        "AREATOTAL": 0.0,
        "REACENDIMENTOS": 0.0,
        "QUEIMADA": 0.0,
        "FALSOALARME": 0.0,
        "FOGACHO": 1.0,
        "INCENDIO": 0.0,
        "AGRICOLA": 0.0,
        "NCCO": 20260395274.0,
        "NOMECCO": 3.0,
        "DATAALERTA": "16-03-2026",
        "HORAALERTA": "22:08",
        "LOCAL": "Xertelo ( PNP Gerês) (Encruzilhada)",
        "CONCELHO": "Montalegre",
        "FREGUESIA": "Cabril",
        "FONTEALERTA": "GNR",
        "INE": 170601.0,
        "X": 210712.0,
        "Y": 528840.0,
        "DIA": 16.0,
        "MES": 3.0,
        "HORA": 22.0,
        "OPERADOR": "sigo",
        "PERIMETRO": "PNPG Baldios cogeridos",
        "APS": "Peneda-Geres",
        "CAUSA": null,
        "TIPOCAUSA": null,
        "DHINICIO": "16-03-2026 22:08:00",
        "DHFIM": "17-03-2026 00:08:00",
        "DURACAO": 120.0,
        "HAHORA": 0.0,
        "DATAEXTINCAO": "17-03-2026",
        "HORAEXTINCAO": "00:08",
        "DATA1INTERVENCAO": "16-03-2026",
        "HORA1INTERVENCAO": "22:55",
        "QUEIMA": 0.0,
        "CAUSAFAMILIA": null,
        "TEMPERATURA": null,
        "HUMIDADERELATIVA": null,
        "VENTOINTENSIDADE": null,
        "VENTOINTENSIDADE_VETOR": null,
        "VENTODIRECAO_VETOR": null,
        "PRECEPITACAO": null,
        "FFMC": null,
        "DMC": null,
        "DC": null,
        "ISI": null,
        "BUI": null,
        "FWI": null,
        "DSR": null,
        "THC": null,
        "MODFARSITE": 232.0,
        "ALTITUDEMEDIA": 666.963,
        "DECLIVEMEDIO": 27.4865,
        "HORASEXPOSICAOMEDIA": null,
        "DENDIDADERV": 103.855,
        "COSN5VARIEDADE": 17.63,
        "AREAMANCHAMODFARSITE": 151.082,
        "AREASFICHEIROS_GNR": null,
        "AREASFICHEIROS_GTF": null,
        "FICHEIROIMAGEM_GNR": null,
        "AREASFICHEIROSHP_GTF": null,
        "AREASFICHEIROSHPXML_GTF": null,
        "AREASFICHEIRODBF_GTF": null,
        "AREASFICHEIROPRJ_GTF": null,
        "AREASFICHEIROSBN_GTF": null,
        "AREASFICHEIROSBX_GTF": null,
        "AREASFICHEIROSHX_GTF": null,
        "AREASFICHEIROZIP_SAA": null
      }
    },
    {
      "type": "Feature",
      "geometry": {
        "type": "Point",
        "coordinates": [
          -8.14374199973212,
          41.5676880000035
        ]
      },
      "properties": {
        "id": "20260395341",
        "DISTRITO": "Braga",
        "TIPO": "Florestal",
        "ANO": 2026.0,
        "AREAPOV": 0.0,
        "AREAMATO": 0.0,
        "AREAAGRIC": 0.0,
        "AREATOTAL": 0.0,
        "REACENDIMENTOS": 0.0,
        "QUEIMADA": 0.0,
        "FALSOALARME": 0.0,
        "FOGACHO": 1.0,
        "INCENDIO": 0.0,
        "AGRICOLA": 0.0,
        "NCCO": 20260395341.0,
        "NOMECCO": 3.0,
        "DATAALERTA": "16-03-2026",
        "HORAALERTA": "22:34",
        "LOCAL": "Lourêdo. Vieira do Minho. Portugal (ER205 (ER205) Km 80)",
        "CONCELHO": "Vieira do Minho",
        "FREGUESIA": "Guilhofrei",
        "FONTEALERTA": 112.0,
        "INE": 31108.0,
        "X": 199115.0,
        "Y": 510927.0,
        "DIA": 16.0,
        "MES": 3.0,
        "HORA": 22.0,
        "OPERADOR": "sigo",
        "PERIMETRO": null,
        "APS": null,
        "CAUSA": null,
        "TIPOCAUSA": null,
        "DHINICIO": "16-03-2026 22:34:00",
        "DHFIM": "16-03-2026 23:59:00",
        "DURACAO": 85.0,
        "HAHORA": 0.0,
        "DATAEXTINCAO": "16-03-2026",
        "HORAEXTINCAO": "23:59",
        "DATA1INTERVENCAO": null,
        "HORA1INTERVENCAO": null,
        "QUEIMA": 0.0,
        "CAUSAFAMILIA": null,
        "TEMPERATURA": null,
        "HUMIDADERELATIVA": null,
        "VENTOINTENSIDADE": null,
        "VENTOINTENSIDADE_VETOR": null,
        "VENTODIRECAO_VETOR": null,
        "PRECEPITACAO": null,
        "FFMC": null,
        "DMC": null,
        "DC": null,
        "ISI": null,
        "BUI": null,
        "FWI": null,
        "DSR": null,
        "THC": null,
        "MODFARSITE": null,
        "ALTITUDEMEDIA": 282.393,
        "DECLIVEMEDIO": 33.3029,
        "HORASEXPOSICAOMEDIA": null,
        "DENDIDADERV": 112.568,
        "COSN5VARIEDADE": 13.79,
        "AREAMANCHAMODFARSITE": null,
        "AREASFICHEIROS_GNR": null,
        "AREASFICHEIROS_GTF": null,
        "FICHEIROIMAGEM_GNR": null,
        "AREASFICHEIROSHP_GTF": null,
        "AREASFICHEIROSHPXML_GTF": null,
        "AREASFICHEIRODBF_GTF": null,
        "AREASFICHEIROPRJ_GTF": null,
        "AREASFICHEIROSBN_GTF": null,
        "AREASFICHEIROSBX_GTF": null,
        "AREASFICHEIROSHX_GTF": null,
        "AREASFICHEIROZIP_SAA": null
      }
    },
    {
      "type": "Feature",
      "geometry": {
        "type": "Point",
        "coordinates": [
          -7.66566299968296,
          39.8080400000678
        ]
      },
      "properties": {
        "id": "20260354951",
        "DISTRITO": "Castelo Branco",
        "TIPO": "Florestal",
        "ANO": 2026.0,
        "AREAPOV": 0.001,
        "AREAMATO": 0.0,
        "AREAAGRIC": 0.0,
        "AREATOTAL": 0.001,
        "REACENDIMENTOS": 0.0,
        "QUEIMADA": 0.0,
        "FALSOALARME": 0.0,
        "FOGACHO": 1.0,
        "INCENDIO": 0.0,
        "AGRICOLA": 0.0,
        "NCCO": 20260354951.0,
        "NOMECCO": 3.0,
        "DATAALERTA": "08-03-2026",
        "HORAALERTA": "12:10",
        "LOCAL": "Malhadil (Vale da Sertã)",
        "CONCELHO": "Castelo Branco",
        "FREGUESIA": "Sarzedas",
        "FONTEALERTA": "Populares",
        "INE": 50223.0,
        "X": 240028.0,
        "Y": 315624.0,
        "DIA": 8.0,
        "MES": 3.0,
        "HORA": 12.0,
        "OPERADOR": "sigo",
        "PERIMETRO": null,
        "APS": null,
        "CAUSA": null,
        "TIPOCAUSA": null,
        "DHINICIO": "08-03-2026 12:10:00",
        "DHFIM": "08-03-2026 12:48:00",
        "DURACAO": 38.0,
        "HAHORA": 0.001,
        "DATAEXTINCAO": "08-03-2026",
        "HORAEXTINCAO": "12:48",
        "DATA1INTERVENCAO": "08-03-2026",
        "HORA1INTERVENCAO": "12:36",
        "QUEIMA": 0.0,
        "CAUSAFAMILIA": null,
        "TEMPERATURA": 15.2228031158447,
        "HUMIDADERELATIVA": 64.9667663574219,
        "VENTOINTENSIDADE": 8.72083568572998,
        "VENTOINTENSIDADE_VETOR": null,
        "VENTODIRECAO_VETOR": null,
        "PRECEPITACAO": 0.0,
        "FFMC": null,
        "DMC": null,
        "DC": null,
        "ISI": null,
        "BUI": null,
        "FWI": null,
        "DSR": null,
        "THC": null,
        "MODFARSITE": 227.0,
        "ALTITUDEMEDIA": 296.969,
        "DECLIVEMEDIO": 14.3982,
        "HORASEXPOSICAOMEDIA": null,
        "DENDIDADERV": 46.2593,
        "COSN5VARIEDADE": 13.77,
        "AREAMANCHAMODFARSITE": 450.68,
        "AREASFICHEIROS_GNR": null,
        "AREASFICHEIROS_GTF": null,
        "FICHEIROIMAGEM_GNR": null,
        "AREASFICHEIROSHP_GTF": null,
        "AREASFICHEIROSHPXML_GTF": null,
        "AREASFICHEIRODBF_GTF": null,
        "AREASFICHEIROPRJ_GTF": null,
        "AREASFICHEIROSBN_GTF": null,
        "AREASFICHEIROSBX_GTF": null,
        "AREASFICHEIROSHX_GTF": null,
        "AREASFICHEIROZIP_SAA": null
      }
    },
    {
      "type": "Feature",
      "geometry": {
        "type": "Point",
        "coordinates": [
          -7.52620999972026,
          40.1454999997881
        ]
      },
      "properties": {
        "id": "20260355527",
        "DISTRITO": "Castelo Branco",
        "TIPO": "Florestal",
        "ANO": 2026.0,
        "AREAPOV": 0.0,
        "AREAMATO": 0.5,
        "AREAAGRIC": 0.0,
        "AREATOTAL": 0.5,
        "REACENDIMENTOS": 0.0,
        "QUEIMADA": 0.0,
        "FALSOALARME": 0.0,
        "FOGACHO": 1.0,
        "INCENDIO": 0.0,
        "AGRICOLA": 0.0,
        "NCCO": 20260355527.0,
        "NOMECCO": 3.0,
        "DATAALERTA": "08-03-2026",
        "HORAALERTA": "14:20",
        "LOCAL": "Qtª da Ladeira/Aldeia de Joanes (Quinta da Ladeira)",
        "CONCELHO": "Fundão",
        "FREGUESIA": "Aldeia Nova do Cabo",
        "FONTEALERTA": 112.0,
        "INE": 50405.0,
        "X": 251716.0,
        "Y": 353165.0,
        "DIA": 8.0,
        "MES": 3.0,
        "HORA": 14.0,
        "OPERADOR": "sigo",
        "PERIMETRO": null,
        "APS": null,
        "CAUSA": null,
        "TIPOCAUSA": null,
        "DHINICIO": "08-03-2026 14:20:00",
        "DHFIM": "08-03-2026 14:40:00",
        "DURACAO": 20.0,
        "HAHORA": 0.5,
        "DATAEXTINCAO": "08-03-2026",
        "HORAEXTINCAO": "14:40",
        "DATA1INTERVENCAO": "08-03-2026",
        "HORA1INTERVENCAO": "14:21",
        "QUEIMA": 0.0,
        "CAUSAFAMILIA": null,
        "TEMPERATURA": 15.8861331939697,
        "HUMIDADERELATIVA": 65.6180877685547,
        "VENTOINTENSIDADE": 11.3103494644165,
        "VENTOINTENSIDADE_VETOR": null,
        "VENTODIRECAO_VETOR": null,
        "PRECEPITACAO": 0.0,
        "FFMC": null,
        "DMC": null,
        "DC": null,
        "ISI": null,
        "BUI": null,
        "FWI": null,
        "DSR": null,
        "THC": null,
        "MODFARSITE": null,
        "ALTITUDEMEDIA": 566.057,
        "DECLIVEMEDIO": 22.4135,
        "HORASEXPOSICAOMEDIA": null,
        "DENDIDADERV": 265.069,
        "COSN5VARIEDADE": 25.47,
        "AREAMANCHAMODFARSITE": null,
        "AREASFICHEIROS_GNR": null,
        "AREASFICHEIROS_GTF": null,
        "FICHEIROIMAGEM_GNR": null,
        "AREASFICHEIROSHP_GTF": null,
        "AREASFICHEIROSHPXML_GTF": null,
        "AREASFICHEIRODBF_GTF": null,
        "AREASFICHEIROPRJ_GTF": null,
        "AREASFICHEIROSBN_GTF": null,
        "AREASFICHEIROSBX_GTF": null,
        "AREASFICHEIROSHX_GTF": null,
        "AREASFICHEIROZIP_SAA": null
      }
    },
    {
      "type": "Feature",
      "geometry": {
        "type": "Point",
        "coordinates": [
          -8.02249200026194,
          40.5835480000079
        ]
      },
      "properties": {
        "id": "20260355621",
        "DISTRITO": "Viseu",
        "TIPO": "Florestal",
        "ANO": 2026.0,
        "AREAPOV": 0.0,
        "AREAMATO": 0.0,
        "AREAAGRIC": 0.0,
        "AREATOTAL": 0.0,
        "REACENDIMENTOS": 0.0,
        "QUEIMADA": 0.0,
        "FALSOALARME": 0.0,
        "FOGACHO": 1.0,
        "INCENDIO": 0.0,
        "AGRICOLA": 0.0,
        "NCCO": 20260355621.0,
        "NOMECCO": 3.0,
        "DATAALERTA": "08-03-2026",
        "HORAALERTA": "14:46",
        "LOCAL": "Sernadas",
        "CONCELHO": "Tondela",
        "FREGUESIA": "São Miguel do Outeiro",
        "FONTEALERTA": "Populares",
        "INE": 182120.0,
        "X": 209366.0,
        "Y": 401637.0,
        "DIA": 8.0,
        "MES": 3.0,
        "HORA": 14.0,
        "OPERADOR": "sigo",
        "PERIMETRO": null,
        "APS": null,
        "CAUSA": null,
        "TIPOCAUSA": null,
        "DHINICIO": "08-03-2026 14:46:00",
        "DHFIM": "08-03-2026 16:11:00",
        "DURACAO": 85.0,
        "HAHORA": 0.0,
        "DATAEXTINCAO": "08-03-2026",
        "HORAEXTINCAO": "16:11",
        "DATA1INTERVENCAO": "08-03-2026",
        "HORA1INTERVENCAO": "15:15",
        "QUEIMA": 0.0,
        "CAUSAFAMILIA": null,
        "TEMPERATURA": 15.8861331939697,
        "HUMIDADERELATIVA": 65.6180877685547,
        "VENTOINTENSIDADE": 11.3103494644165,
        "VENTOINTENSIDADE_VETOR": null,
        "VENTODIRECAO_VETOR": null,
        "PRECEPITACAO": 0.0,
        "FFMC": null,
        "DMC": null,
        "DC": null,
        "ISI": null,
        "BUI": null,
        "FWI": null,
        "DSR": null,
        "THC": null,
        "MODFARSITE": 223.0,
        "ALTITUDEMEDIA": 415.886,
        "DECLIVEMEDIO": 10.2578,
        "HORASEXPOSICAOMEDIA": null,
        "DENDIDADERV": 159.849,
        "COSN5VARIEDADE": 19.75,
        "AREAMANCHAMODFARSITE": 384.675,
        "AREASFICHEIROS_GNR": null,
        "AREASFICHEIROS_GTF": null,
        "FICHEIROIMAGEM_GNR": null,
        "AREASFICHEIROSHP_GTF": null,
        "AREASFICHEIROSHPXML_GTF": null,
        "AREASFICHEIRODBF_GTF": null,
        "AREASFICHEIROPRJ_GTF": null,
        "AREASFICHEIROSBN_GTF": null,
        "AREASFICHEIROSBX_GTF": null,
        "AREASFICHEIROSHX_GTF": null,
        "AREASFICHEIROZIP_SAA": null
      }
    },
    {
      "type": "Feature",
      "geometry": {
        "type": "Point",
        "coordinates": [
          -7.79666700045268,
          40.666482000351
        ]
      },
      "properties": {
        "id": "20260355715",
        "DISTRITO": "Viseu",
        "TIPO": "Agrícola",
        "ANO": 2026.0,
        "AREAPOV": 0.0,
        "AREAMATO": 0.0,
        "AREAAGRIC": 0.8,
        "AREATOTAL": 0.8,
        "REACENDIMENTOS": 0.0,
        "QUEIMADA": 0.0,
        "FALSOALARME": 0.0,
        "FOGACHO": 0.0,
        "INCENDIO": 0.0,
        "AGRICOLA": 1.0,
        "NCCO": 20260355715.0,
        "NOMECCO": 3.0,
        "DATAALERTA": "08-03-2026",
        "HORAALERTA": "15:07",
        "LOCAL": "Quinta da Igreja - Povolide (POVOLIDE)",
        "CONCELHO": "Viseu",
        "FREGUESIA": "Povolide",
        "FONTEALERTA": 112.0,
        "INE": 182320.0,
        "X": 228450.0,
        "Y": 410895.0,
        "DIA": 8.0,
        "MES": 3.0,
        "HORA": 15.0,
        "OPERADOR": "sigo",
        "PERIMETRO": null,
        "APS": null,
        "CAUSA": null,
        "TIPOCAUSA": null,
        "DHINICIO": "08-03-2026 15:07:00",
        "DHFIM": "08-03-2026 16:07:00",
        "DURACAO": 60.0,
        "HAHORA": 0.8,
        "DATAEXTINCAO": "08-03-2026",
        "HORAEXTINCAO": "16:07",
        "DATA1INTERVENCAO": "08-03-2026",
        "HORA1INTERVENCAO": "15:35",
        "QUEIMA": 0.0,
        "CAUSAFAMILIA": null,
        "TEMPERATURA": 15.2582035064697,
        "HUMIDADERELATIVA": 67.2172088623047,
        "VENTOINTENSIDADE": 13.8967409133911,
        "VENTOINTENSIDADE_VETOR": null,
        "VENTODIRECAO_VETOR": null,
        "PRECEPITACAO": 0.0,
        "FFMC": null,
        "DMC": null,
        "DC": null,
        "ISI": null,
        "BUI": null,
        "FWI": null,
        "DSR": null,
        "THC": null,
        "MODFARSITE": 232.0,
        "ALTITUDEMEDIA": 424.261,
        "DECLIVEMEDIO": 8.10267,
        "HORASEXPOSICAOMEDIA": null,
        "DENDIDADERV": 153.742,
        "COSN5VARIEDADE": 28.91,
        "AREAMANCHAMODFARSITE": 5.64545,
        "AREASFICHEIROS_GNR": null,
        "AREASFICHEIROS_GTF": null,
        "FICHEIROIMAGEM_GNR": null,
        "AREASFICHEIROSHP_GTF": null,
        "AREASFICHEIROSHPXML_GTF": null,
        "AREASFICHEIRODBF_GTF": null,
        "AREASFICHEIROPRJ_GTF": null,
        "AREASFICHEIROSBN_GTF": null,
        "AREASFICHEIROSBX_GTF": null,
        "AREASFICHEIROSHX_GTF": null,
        "AREASFICHEIROZIP_SAA": null
      }
    },
    {
      "type": "Feature",
      "geometry": {
        "type": "Point",
        "coordinates": [
          -9.17794800016615,
          38.6638019996219
        ]
      },
      "properties": {
        "id": "20260356332",
        "DISTRITO": "Setúbal",
        "TIPO": "Florestal",
        "ANO": 2026.0,
        "AREAPOV": 0.0,
        "AREAMATO": 0.004,
        "AREAAGRIC": 0.0,
        "AREATOTAL": 0.004,
        "REACENDIMENTOS": 0.0,
        "QUEIMADA": 0.0,
        "FALSOALARME": 0.0,
        "FOGACHO": 1.0,
        "INCENDIO": 0.0,
        "AGRICOLA": 0.0,
        "NCCO": 20260356332.0,
        "NOMECCO": 3.0,
        "DATAALERTA": "08-03-2026",
        "HORAALERTA": "17:51",
        "LOCAL": "Rua Francisco Bastos. 2810 Almada. Portugal (Secretário)",
        "CONCELHO": "Almada",
        "FREGUESIA": "Feijó",
        "FONTEALERTA": 112.0,
        "INE": 150311.0,
        "X": 109059.0,
        "Y": 189005.0,
        "DIA": 8.0,
        "MES": 3.0,
        "HORA": 17.0,
        "OPERADOR": "sigo",
        "PERIMETRO": null,
        "APS": null,
        "CAUSA": null,
        "TIPOCAUSA": null,
        "DHINICIO": "08-03-2026 17:51:00",
        "DHFIM": "08-03-2026 18:33:00",
        "DURACAO": 42.0,
        "HAHORA": 0.004,
        "DATAEXTINCAO": "08-03-2026",
        "HORAEXTINCAO": "18:33",
        "DATA1INTERVENCAO": "08-03-2026",
        "HORA1INTERVENCAO": "18:08",
        "QUEIMA": 0.0,
        "CAUSAFAMILIA": null,
        "TEMPERATURA": 13.5846195220947,
        "HUMIDADERELATIVA": 73.3440093994141,
        "VENTOINTENSIDADE": 13.6290979385376,
        "VENTOINTENSIDADE_VETOR": null,
        "VENTODIRECAO_VETOR": null,
        "PRECEPITACAO": 0.0,
        "FFMC": null,
        "DMC": null,
        "DC": null,
        "ISI": null,
        "BUI": null,
        "FWI": null,
        "DSR": null,
        "THC": null,
        "MODFARSITE": null,
        "ALTITUDEMEDIA": 38.53,
        "DECLIVEMEDIO": 8.45404,
        "HORASEXPOSICAOMEDIA": null,
        "DENDIDADERV": 1117.15,
        "COSN5VARIEDADE": 22.88,
        "AREAMANCHAMODFARSITE": null,
        "AREASFICHEIROS_GNR": null,
        "AREASFICHEIROS_GTF": null,
        "FICHEIROIMAGEM_GNR": null,
        "AREASFICHEIROSHP_GTF": null,
        "AREASFICHEIROSHPXML_GTF": null,
        "AREASFICHEIRODBF_GTF": null,
        "AREASFICHEIROPRJ_GTF": null,
        "AREASFICHEIROSBN_GTF": null,
        "AREASFICHEIROSBX_GTF": null,
        "AREASFICHEIROSHX_GTF": null,
        "AREASFICHEIROZIP_SAA": null
      }
    },
    {
      "type": "Feature",
      "geometry": {
        "type": "Point",
        "coordinates": [
          -9.0996089998881,
          38.5681100000276
        ]
      },
      "properties": {
        "id": "20260356487",
        "DISTRITO": "Setúbal",
        "TIPO": "Florestal",
        "ANO": 2026.0,
        "AREAPOV": 0.0,
        "AREAMATO": 0.0001,
        "AREAAGRIC": 0.0,
        "AREATOTAL": 0.0001,
        "REACENDIMENTOS": 0.0,
        "QUEIMADA": 0.0,
        "FALSOALARME": 0.0,
        "FOGACHO": 1.0,
        "INCENDIO": 0.0,
        "AGRICOLA": 0.0,
        "NCCO": 20260356487.0,
        "NOMECCO": 3.0,
        "DATAALERTA": "08-03-2026",
        "HORAALERTA": "18:46",
        "LOCAL": "Avenida 23 de Julho de 1833. 2865 Seixal. Portugal (Fernão Ferro)",
        "CONCELHO": "Seixal",
        "FREGUESIA": "Fernão Ferro",
        "FONTEALERTA": 112.0,
        "INE": 151006.0,
        "X": 115765.0,
        "Y": 178307.0,
        "DIA": 8.0,
        "MES": 3.0,
        "HORA": 18.0,
        "OPERADOR": "sigo",
        "PERIMETRO": null,
        "APS": null,
        "CAUSA": null,
        "TIPOCAUSA": null,
        "DHINICIO": "08-03-2026 18:46:00",
        "DHFIM": "08-03-2026 19:19:00",
        "DURACAO": 33.0,
        "HAHORA": 0.0001,
        "DATAEXTINCAO": "08-03-2026",
        "HORAEXTINCAO": "19:19",
        "DATA1INTERVENCAO": "08-03-2026",
        "HORA1INTERVENCAO": "19:03",
        "QUEIMA": 0.0,
        "CAUSAFAMILIA": null,
        "TEMPERATURA": 12.4503421783447,
        "HUMIDADERELATIVA": 76.9856872558594,
        "VENTOINTENSIDADE": 11.3487710952759,
        "VENTOINTENSIDADE_VETOR": null,
        "VENTODIRECAO_VETOR": null,
        "PRECEPITACAO": 0.0,
        "FFMC": null,
        "DMC": null,
        "DC": null,
        "ISI": null,
        "BUI": null,
        "FWI": null,
        "DSR": null,
        "THC": null,
        "MODFARSITE": null,
        "ALTITUDEMEDIA": 53.1875,
        "DECLIVEMEDIO": 3.99754,
        "HORASEXPOSICAOMEDIA": null,
        "DENDIDADERV": 677.276,
        "COSN5VARIEDADE": 13.14,
        "AREAMANCHAMODFARSITE": null,
        "AREASFICHEIROS_GNR": null,
        "AREASFICHEIROS_GTF": null,
        "FICHEIROIMAGEM_GNR": null,
        "AREASFICHEIROSHP_GTF": null,
        "AREASFICHEIROSHPXML_GTF": null,
        "AREASFICHEIRODBF_GTF": null,
        "AREASFICHEIROPRJ_GTF": null,
        "AREASFICHEIROSBN_GTF": null,
        "AREASFICHEIROSBX_GTF": null,
        "AREASFICHEIROSHX_GTF": null,
        "AREASFICHEIROZIP_SAA": null
      }
    },
    {
      "type": "Feature",
      "geometry": {
        "type": "Point",
        "coordinates": [
          -8.24251599947612,
          41.8605599996779
        ]
      },
      "properties": {
        "id": "20260356501",
        "DISTRITO": "Viana do Castelo",
        "TIPO": "Agrícola",
        "ANO": 2026.0,
        "AREAPOV": 0.0,
        "AREAMATO": 0.0,
        "AREAAGRIC": 0.0,
        "AREATOTAL": 0.0,
        "REACENDIMENTOS": 0.0,
        "QUEIMADA": 0.0,
        "FALSOALARME": 0.0,
        "FOGACHO": 0.0,
        "INCENDIO": 0.0,
        "AGRICOLA": 1.0,
        "NCCO": 20260356501.0,
        "NOMECCO": 3.0,
        "DATAALERTA": "08-03-2026",
        "HORAALERTA": "18:50",
        "LOCAL": "N203 (Cidadelhe)",
        "CONCELHO": "Ponte da Barca",
        "FREGUESIA": "Lindoso",
        "FONTEALERTA": 112.0,
        "INE": 160612.0,
        "X": 190918.0,
        "Y": 543462.0,
        "DIA": 8.0,
        "MES": 3.0,
        "HORA": 18.0,
        "OPERADOR": "sigo",
        "PERIMETRO": null,
        "APS": "Peneda-Geres",
        "CAUSA": null,
        "TIPOCAUSA": null,
        "DHINICIO": "08-03-2026 18:50:00",
        "DHFIM": "08-03-2026 19:47:00",
        "DURACAO": 57.0,
        "HAHORA": 0.0,
        "DATAEXTINCAO": "08-03-2026",
        "HORAEXTINCAO": "19:47",
        "DATA1INTERVENCAO": "08-03-2026",
        "HORA1INTERVENCAO": "19:15",
        "QUEIMA": 0.0,
        "CAUSAFAMILIA": null,
        "TEMPERATURA": 12.4503421783447,
        "HUMIDADERELATIVA": 76.9856872558594,
        "VENTOINTENSIDADE": 11.3487710952759,
        "VENTOINTENSIDADE_VETOR": null,
        "VENTODIRECAO_VETOR": null,
        "PRECEPITACAO": 0.0,
        "FFMC": null,
        "DMC": null,
        "DC": null,
        "ISI": null,
        "BUI": null,
        "FWI": null,
        "DSR": null,
        "THC": null,
        "MODFARSITE": null,
        "ALTITUDEMEDIA": 209.471,
        "DECLIVEMEDIO": 43.9273,
        "HORASEXPOSICAOMEDIA": null,
        "DENDIDADERV": 142.897,
        "COSN5VARIEDADE": 16.67,
        "AREAMANCHAMODFARSITE": null,
        "AREASFICHEIROS_GNR": null,
        "AREASFICHEIROS_GTF": null,
        "FICHEIROIMAGEM_GNR": null,
        "AREASFICHEIROSHP_GTF": null,
        "AREASFICHEIROSHPXML_GTF": null,
        "AREASFICHEIRODBF_GTF": null,
        "AREASFICHEIROPRJ_GTF": null,
        "AREASFICHEIROSBN_GTF": null,
        "AREASFICHEIROSBX_GTF": null,
        "AREASFICHEIROSHX_GTF": null,
        "AREASFICHEIROZIP_SAA": null
      }
    },
    {
      "type": "Feature",
      "geometry": {
        "type": "Point",
        "coordinates": [
          -8.3217179997762,
          41.8717370001475
        ]
      },
      "properties": {
        "id": "20260356812",
        "DISTRITO": "Viana do Castelo",
        "TIPO": "Florestal",
        "ANO": 2026.0,
        "AREAPOV": 0.0,
        "AREAMATO": 1.0,
        "AREAAGRIC": 0.0,
        "AREATOTAL": 1.0,
        "REACENDIMENTOS": 0.0,
        "QUEIMADA": 0.0,
        "FALSOALARME": 0.0,
        "FOGACHO": 0.0,
        "INCENDIO": 1.0,
        "AGRICOLA": 0.0,
        "NCCO": 20260356812.0,
        "NOMECCO": 3.0,
        "DATAALERTA": "08-03-2026",
        "HORAALERTA": "20:39",
        "LOCAL": "Porta do Mezio (Anteiras)",
        "CONCELHO": "Arcos de Valdevez",
        "FREGUESIA": "Soajo",
        "FONTEALERTA": 112.0,
        "INE": 160146.0,
        "X": 184345.0,
        "Y": 544715.0,
        "DIA": 8.0,
        "MES": 3.0,
        "HORA": 20.0,
        "OPERADOR": "sigo",
        "PERIMETRO": "Perimetro Florestal das Serras do Soajo e Peneda",
        "APS": null,
        "CAUSA": null,
        "TIPOCAUSA": null,
        "DHINICIO": "08-03-2026 20:39:00",
        "DHFIM": "08-03-2026 23:32:00",
        "DURACAO": 173.0,
        "HAHORA": 0.5,
        "DATAEXTINCAO": "08-03-2026",
        "HORAEXTINCAO": "23:32",
        "DATA1INTERVENCAO": "08-03-2026",
        "HORA1INTERVENCAO": "21:23",
        "QUEIMA": 0.0,
        "CAUSAFAMILIA": null,
        "TEMPERATURA": 10.3358402252197,
        "HUMIDADERELATIVA": 89.7652587890625,
        "VENTOINTENSIDADE": 12.3710899353027,
        "VENTOINTENSIDADE_VETOR": null,
        "VENTODIRECAO_VETOR": null,
        "PRECEPITACAO": 0.0,
        "FFMC": null,
        "DMC": null,
        "DC": null,
        "ISI": null,
        "BUI": null,
        "FWI": null,
        "DSR": null,
        "THC": null,
        "MODFARSITE": 232.0,
        "ALTITUDEMEDIA": 626.27,
        "DECLIVEMEDIO": 23.2235,
        "HORASEXPOSICAOMEDIA": null,
        "DENDIDADERV": 133.775,
        "COSN5VARIEDADE": 11.21,
        "AREAMANCHAMODFARSITE": 3.61431,
        "AREASFICHEIROS_GNR": null,
        "AREASFICHEIROS_GTF": null,
        "FICHEIROIMAGEM_GNR": null,
        "AREASFICHEIROSHP_GTF": null,
        "AREASFICHEIROSHPXML_GTF": null,
        "AREASFICHEIRODBF_GTF": null,
        "AREASFICHEIROPRJ_GTF": null,
        "AREASFICHEIROSBN_GTF": null,
        "AREASFICHEIROSBX_GTF": null,
        "AREASFICHEIROSHX_GTF": null,
        "AREASFICHEIROZIP_SAA": null
      }
    },
    {
      "type": "Feature",
      "geometry": {
        "type": "Point",
        "coordinates": [
          -8.80515000025431,
          41.8505500000053
        ]
      },
      "properties": {
        "id": "20260357031",
        "DISTRITO": "Viana do Castelo",
        "TIPO": "Florestal",
        "ANO": 2026.0,
        "AREAPOV": 0.0,
        "AREAMATO": 0.5,
        "AREAAGRIC": 0.0,
        "AREATOTAL": 0.5,
        "REACENDIMENTOS": 0.0,
        "QUEIMADA": 0.0,
        "FALSOALARME": 0.0,
        "FOGACHO": 1.0,
        "INCENDIO": 0.0,
        "AGRICOLA": 0.0,
        "NCCO": 20260357031.0,
        "NOMECCO": 3.0,
        "DATAALERTA": "08-03-2026",
        "HORAALERTA": "21:51",
        "LOCAL": "Venade (Castanheirinho)",
        "CONCELHO": "Caminha",
        "FREGUESIA": "Venade",
        "FONTEALERTA": 112.0,
        "INE": 160216.0,
        "X": 144193.0,
        "Y": 542563.0,
        "DIA": 8.0,
        "MES": 3.0,
        "HORA": 21.0,
        "OPERADOR": "sigo",
        "PERIMETRO": null,
        "APS": null,
        "CAUSA": null,
        "TIPOCAUSA": null,
        "DHINICIO": "08-03-2026 21:51:00",
        "DHFIM": "08-03-2026 23:06:00",
        "DURACAO": 75.0,
        "HAHORA": 0.5,
        "DATAEXTINCAO": "08-03-2026",
        "HORAEXTINCAO": "23:06",
        "DATA1INTERVENCAO": "08-03-2026",
        "HORA1INTERVENCAO": "22:10",
        "QUEIMA": 0.0,
        "CAUSAFAMILIA": null,
        "TEMPERATURA": 10.0821781158447,
        "HUMIDADERELATIVA": 90.6509552001953,
        "VENTOINTENSIDADE": 12.9802589416504,
        "VENTOINTENSIDADE_VETOR": null,
        "VENTODIRECAO_VETOR": null,
        "PRECEPITACAO": 0.0,
        "FFMC": null,
        "DMC": null,
        "DC": null,
        "ISI": null,
        "BUI": null,
        "FWI": null,
        "DSR": null,
        "THC": null,
        "MODFARSITE": 232.0,
        "ALTITUDEMEDIA": 73.7838,
        "DECLIVEMEDIO": 20.9958,
        "HORASEXPOSICAOMEDIA": null,
        "DENDIDADERV": 379.046,
        "COSN5VARIEDADE": 15.21,
        "AREAMANCHAMODFARSITE": 21.7093,
        "AREASFICHEIROS_GNR": null,
        "AREASFICHEIROS_GTF": null,
        "FICHEIROIMAGEM_GNR": null,
        "AREASFICHEIROSHP_GTF": null,
        "AREASFICHEIROSHPXML_GTF": null,
        "AREASFICHEIRODBF_GTF": null,
        "AREASFICHEIROPRJ_GTF": null,
        "AREASFICHEIROSBN_GTF": null,
        "AREASFICHEIROSBX_GTF": null,
        "AREASFICHEIROSHX_GTF": null,
        "AREASFICHEIROZIP_SAA": null
      }
    },
    {
      "type": "Feature",
      "geometry": {
        "type": "Point",
        "coordinates": [
          -9.18726300001144,
          38.6577199999491
        ]
      },
      "properties": {
        "id": "20260366224",
        "DISTRITO": "Setúbal",
        "TIPO": "Florestal",
        "ANO": 2026.0,
        "AREAPOV": 0.0,
        "AREAMATO": 0.0,
        "AREAAGRIC": 0.0,
        "AREATOTAL": 0.0,
        "REACENDIMENTOS": 0.0,
        "QUEIMADA": 0.0,
        "FALSOALARME": 0.0,
        "FOGACHO": 1.0,
        "INCENDIO": 0.0,
        "AGRICOLA": 0.0,
        "NCCO": 20260366224.0,
        "NOMECCO": 3.0,
        "DATAALERTA": "10-03-2026",
        "HORAALERTA": "19:46",
        "LOCAL": "Rua da Boa Vontade (Perfume)",
        "CONCELHO": "Almada",
        "FREGUESIA": "Sobreda",
        "FONTEALERTA": 112.0,
        "INE": 150308.0,
        "X": 108240.0,
        "Y": 188338.0,
        "DIA": 10.0,
        "MES": 3.0,
        "HORA": 19.0,
        "OPERADOR": "sigo",
        "PERIMETRO": null,
        "APS": null,
        "CAUSA": null,
        "TIPOCAUSA": null,
        "DHINICIO": "10-03-2026 19:46:00",
        "DHFIM": "10-03-2026 20:20:00",
        "DURACAO": 34.0,
        "HAHORA": 0.0,
        "DATAEXTINCAO": "10-03-2026",
        "HORAEXTINCAO": "20:20",
        "DATA1INTERVENCAO": null,
        "HORA1INTERVENCAO": null,
        "QUEIMA": 0.0,
        "CAUSAFAMILIA": null,
        "TEMPERATURA": 10.9173831939697,
        "HUMIDADERELATIVA": 83.0037384033203,
        "VENTOINTENSIDADE": 11.9943799972534,
        "VENTOINTENSIDADE_VETOR": null,
        "VENTODIRECAO_VETOR": null,
        "PRECEPITACAO": 0.0,
        "FFMC": null,
        "DMC": null,
        "DC": null,
        "ISI": null,
        "BUI": null,
        "FWI": null,
        "DSR": null,
        "THC": null,
        "MODFARSITE": 231.0,
        "ALTITUDEMEDIA": 42.2844,
        "DECLIVEMEDIO": 7.25291,
        "HORASEXPOSICAOMEDIA": null,
        "DENDIDADERV": 1227.1,
        "COSN5VARIEDADE": 20.93,
        "AREAMANCHAMODFARSITE": 57.4945,
        "AREASFICHEIROS_GNR": null,
        "AREASFICHEIROS_GTF": null,
        "FICHEIROIMAGEM_GNR": null,
        "AREASFICHEIROSHP_GTF": null,
        "AREASFICHEIROSHPXML_GTF": null,
        "AREASFICHEIRODBF_GTF": null,
        "AREASFICHEIROPRJ_GTF": null,
        "AREASFICHEIROSBN_GTF": null,
        "AREASFICHEIROSBX_GTF": null,
        "AREASFICHEIROSHX_GTF": null,
        "AREASFICHEIROZIP_SAA": null
      }
    },
    {
      "type": "Feature",
      "geometry": {
        "type": "Point",
        "coordinates": [
          -8.70489400015937,
          39.0480609999763
        ]
      },
      "properties": {
        "id": "20260368948",
        "DISTRITO": "Santarém",
        "TIPO": "Florestal",
        "ANO": 2026.0,
        "AREAPOV": 0.0645,
        "AREAMATO": 0.0,
        "AREAAGRIC": 0.0,
        "AREATOTAL": 0.0645,
        "REACENDIMENTOS": 0.0,
        "QUEIMADA": 0.0,
        "FALSOALARME": 0.0,
        "FOGACHO": 1.0,
        "INCENDIO": 0.0,
        "AGRICOLA": 0.0,
        "NCCO": 20260368948.0,
        "NOMECCO": 3.0,
        "DATAALERTA": "11-03-2026",
        "HORAALERTA": "12:23",
        "LOCAL": "MARINHAIS",
        "CONCELHO": "Salvaterra de Magos",
        "FREGUESIA": "Marinhais",
        "FONTEALERTA": "GNR",
        "INE": 141502.0,
        "X": 150500.0,
        "Y": 231300.0,
        "DIA": 11.0,
        "MES": 3.0,
        "HORA": 12.0,
        "OPERADOR": "sigo",
        "PERIMETRO": null,
        "APS": null,
        "CAUSA": null,
        "TIPOCAUSA": null,
        "DHINICIO": "11-03-2026 12:23:00",
        "DHFIM": "11-03-2026 12:45:00",
        "DURACAO": 22.0,
        "HAHORA": 0.0645,
        "DATAEXTINCAO": "11-03-2026",
        "HORAEXTINCAO": "12:45",
        "DATA1INTERVENCAO": "11-03-2026",
        "HORA1INTERVENCAO": "12:27",
        "QUEIMA": 0.0,
        "CAUSAFAMILIA": null,
        "TEMPERATURA": 14.7523441314697,
        "HUMIDADERELATIVA": 61.7433624267578,
        "VENTOINTENSIDADE": 7.62369203567505,
        "VENTOINTENSIDADE_VETOR": null,
        "VENTODIRECAO_VETOR": null,
        "PRECEPITACAO": 0.0,
        "FFMC": null,
        "DMC": null,
        "DC": null,
        "ISI": null,
        "BUI": null,
        "FWI": null,
        "DSR": null,
        "THC": null,
        "MODFARSITE": null,
        "ALTITUDEMEDIA": 23.0094,
        "DECLIVEMEDIO": 0.461346,
        "HORASEXPOSICAOMEDIA": null,
        "DENDIDADERV": 185.899,
        "COSN5VARIEDADE": 10.25,
        "AREAMANCHAMODFARSITE": null,
        "AREASFICHEIROS_GNR": null,
        "AREASFICHEIROS_GTF": null,
        "FICHEIROIMAGEM_GNR": null,
        "AREASFICHEIROSHP_GTF": null,
        "AREASFICHEIROSHPXML_GTF": null,
        "AREASFICHEIRODBF_GTF": null,
        "AREASFICHEIROPRJ_GTF": null,
        "AREASFICHEIROSBN_GTF": null,
        "AREASFICHEIROSBX_GTF": null,
        "AREASFICHEIROSHX_GTF": null,
        "AREASFICHEIROZIP_SAA": null
      }
    },
    {
      "type": "Feature",
      "geometry": {
        "type": "Point",
        "coordinates": [
          -8.69156500021617,
          38.9772420003679
        ]
      },
      "properties": {
        "id": "20260369544",
        "DISTRITO": "Santarém",
        "TIPO": "Agrícola",
        "ANO": 2026.0,
        "AREAPOV": 0.0,
        "AREAMATO": 0.0,
        "AREAAGRIC": 0.08,
        "AREATOTAL": 0.08,
        "REACENDIMENTOS": 0.0,
        "QUEIMADA": 0.0,
        "FALSOALARME": 0.0,
        "FOGACHO": 0.0,
        "INCENDIO": 0.0,
        "AGRICOLA": 1.0,
        "NCCO": 20260369544.0,
        "NOMECCO": 3.0,
        "DATAALERTA": "11-03-2026",
        "HORAALERTA": "14:12",
        "LOCAL": "Rua 11 de Janeiro (Várzea Fresca)",
        "CONCELHO": "Salvaterra de Magos",
        "FREGUESIA": "Foros de Salvaterra",
        "FONTEALERTA": "GNR",
        "INE": 141505.0,
        "X": 151605.0,
        "Y": 223430.0,
        "DIA": 11.0,
        "MES": 3.0,
        "HORA": 14.0,
        "OPERADOR": "sigo",
        "PERIMETRO": null,
        "APS": null,
        "CAUSA": null,
        "TIPOCAUSA": null,
        "DHINICIO": "11-03-2026 14:12:00",
        "DHFIM": "11-03-2026 14:47:00",
        "DURACAO": 35.0,
        "HAHORA": 0.08,
        "DATAEXTINCAO": "11-03-2026",
        "HORAEXTINCAO": "14:47",
        "DATA1INTERVENCAO": "11-03-2026",
        "HORA1INTERVENCAO": "14:29",
        "QUEIMA": 0.0,
        "CAUSAFAMILIA": null,
        "TEMPERATURA": 16.4183597564697,
        "HUMIDADERELATIVA": 54.6891479492188,
        "VENTOINTENSIDADE": 8.75736999511719,
        "VENTOINTENSIDADE_VETOR": null,
        "VENTODIRECAO_VETOR": null,
        "PRECEPITACAO": 0.0,
        "FFMC": null,
        "DMC": null,
        "DC": null,
        "ISI": null,
        "BUI": null,
        "FWI": null,
        "DSR": null,
        "THC": null,
        "MODFARSITE": null,
        "ALTITUDEMEDIA": 31.9319,
        "DECLIVEMEDIO": 2.21776,
        "HORASEXPOSICAOMEDIA": null,
        "DENDIDADERV": 123.614,
        "COSN5VARIEDADE": 16.96,
        "AREAMANCHAMODFARSITE": null,
        "AREASFICHEIROS_GNR": null,
        "AREASFICHEIROS_GTF": null,
        "FICHEIROIMAGEM_GNR": null,
        "AREASFICHEIROSHP_GTF": null,
        "AREASFICHEIROSHPXML_GTF": null,
        "AREASFICHEIRODBF_GTF": null,
        "AREASFICHEIROPRJ_GTF": null,
        "AREASFICHEIROSBN_GTF": null,
        "AREASFICHEIROSBX_GTF": null,
        "AREASFICHEIROSHX_GTF": null,
        "AREASFICHEIROZIP_SAA": null
      }
    },
    {
      "type": "Feature",
      "geometry": {
        "type": "Point",
        "coordinates": [
          -9.23140000025431,
          38.668249999947
        ]
      },
      "properties": {
        "id": "20260370441",
        "DISTRITO": "Setúbal",
        "TIPO": "Florestal",
        "ANO": 2026.0,
        "AREAPOV": 0.0,
        "AREAMATO": 0.0,
        "AREAAGRIC": 0.0,
        "AREATOTAL": 0.0,
        "REACENDIMENTOS": 0.0,
        "QUEIMADA": 0.0,
        "FALSOALARME": 0.0,
        "FOGACHO": 1.0,
        "INCENDIO": 0.0,
        "AGRICOLA": 0.0,
        "NCCO": 20260370441.0,
        "NOMECCO": 3.0,
        "DATAALERTA": "11-03-2026",
        "HORAALERTA": "16:57",
        "LOCAL": "Estrada Militar (Quinta do Carmo)",
        "CONCELHO": "Almada",
        "FREGUESIA": "Trafaria",
        "FONTEALERTA": 112.0,
        "INE": 150305.0,
        "X": 104412.0,
        "Y": 189553.0,
        "DIA": 11.0,
        "MES": 3.0,
        "HORA": 16.0,
        "OPERADOR": "sigo",
        "PERIMETRO": null,
        "APS": null,
        "CAUSA": null,
        "TIPOCAUSA": null,
        "DHINICIO": "11-03-2026 16:57:00",
        "DHFIM": "11-03-2026 17:40:00",
        "DURACAO": 43.0,
        "HAHORA": 0.0,
        "DATAEXTINCAO": "11-03-2026",
        "HORAEXTINCAO": "17:40",
        "DATA1INTERVENCAO": "11-03-2026",
        "HORA1INTERVENCAO": "17:03",
        "QUEIMA": 0.0,
        "CAUSAFAMILIA": null,
        "TEMPERATURA": 16.8150882720947,
        "HUMIDADERELATIVA": 55.3817443847656,
        "VENTOINTENSIDADE": 8.15245246887207,
        "VENTOINTENSIDADE_VETOR": null,
        "VENTODIRECAO_VETOR": null,
        "PRECEPITACAO": 0.0,
        "FFMC": null,
        "DMC": null,
        "DC": null,
        "ISI": null,
        "BUI": null,
        "FWI": null,
        "DSR": null,
        "THC": null,
        "MODFARSITE": 234.0,
        "ALTITUDEMEDIA": 45.8063,
        "DECLIVEMEDIO": 17.0092,
        "HORASEXPOSICAOMEDIA": null,
        "DENDIDADERV": 809.722,
        "COSN5VARIEDADE": 22.16,
        "AREAMANCHAMODFARSITE": 4.21584,
        "AREASFICHEIROS_GNR": null,
        "AREASFICHEIROS_GTF": null,
        "FICHEIROIMAGEM_GNR": null,
        "AREASFICHEIROSHP_GTF": null,
        "AREASFICHEIROSHPXML_GTF": null,
        "AREASFICHEIRODBF_GTF": null,
        "AREASFICHEIROPRJ_GTF": null,
        "AREASFICHEIROSBN_GTF": null,
        "AREASFICHEIROSBX_GTF": null,
        "AREASFICHEIROSHX_GTF": null,
        "AREASFICHEIROZIP_SAA": null
      }
    },
    {
      "type": "Feature",
      "geometry": {
        "type": "Point",
        "coordinates": [
          -7.8117190000746,
          41.8335000000066
        ]
      },
      "properties": {
        "id": "20260373388",
        "DISTRITO": "Vila Real",
        "TIPO": "Queima",
        "ANO": 2026.0,
        "AREAPOV": 0.0,
        "AREAMATO": 2.0,
        "AREAAGRIC": 0.0,
        "AREATOTAL": 2.0,
        "REACENDIMENTOS": 0.0,
        "QUEIMADA": 0.0,
        "FALSOALARME": 0.0,
        "FOGACHO": 0.0,
        "INCENDIO": 1.0,
        "AGRICOLA": 0.0,
        "NCCO": 20260373388.0,
        "NOMECCO": 3.0,
        "DATAALERTA": "12-03-2026",
        "HORAALERTA": "10:30",
        "LOCAL": "SR DA PENEDA (Donães)",
        "CONCELHO": "Montalegre",
        "FREGUESIA": "Donões",
        "FONTEALERTA": "Autarquias",
        "INE": 170608.0,
        "X": 226700.0,
        "Y": 540499.0,
        "DIA": 12.0,
        "MES": 3.0,
        "HORA": 10.0,
        "OPERADOR": "sigo",
        "PERIMETRO": null,
        "APS": null,
        "CAUSA": null,
        "TIPOCAUSA": null,
        "DHINICIO": "12-03-2026 10:30:00",
        "DHFIM": "12-03-2026 12:30:00",
        "DURACAO": 120.0,
        "HAHORA": 1.0,
        "DATAEXTINCAO": "12-03-2026",
        "HORAEXTINCAO": "12:30",
        "DATA1INTERVENCAO": "12-03-2026",
        "HORA1INTERVENCAO": "10:40",
        "QUEIMA": 1.0,
        "CAUSAFAMILIA": null,
        "TEMPERATURA": 14.3058109283447,
        "HUMIDADERELATIVA": 72.7637634277344,
        "VENTOINTENSIDADE": 5.18088245391846,
        "VENTOINTENSIDADE_VETOR": null,
        "VENTODIRECAO_VETOR": null,
        "PRECEPITACAO": 0.0,
        "FFMC": null,
        "DMC": null,
        "DC": null,
        "ISI": null,
        "BUI": null,
        "FWI": null,
        "DSR": null,
        "THC": null,
        "MODFARSITE": 221.0,
        "ALTITUDEMEDIA": 928.45,
        "DECLIVEMEDIO": 12.5868,
        "HORASEXPOSICAOMEDIA": null,
        "DENDIDADERV": 87.3318,
        "COSN5VARIEDADE": 20.41,
        "AREAMANCHAMODFARSITE": 3.06152,
        "AREASFICHEIROS_GNR": null,
        "AREASFICHEIROS_GTF": null,
        "FICHEIROIMAGEM_GNR": null,
        "AREASFICHEIROSHP_GTF": null,
        "AREASFICHEIROSHPXML_GTF": null,
        "AREASFICHEIRODBF_GTF": null,
        "AREASFICHEIROPRJ_GTF": null,
        "AREASFICHEIROSBN_GTF": null,
        "AREASFICHEIROSBX_GTF": null,
        "AREASFICHEIROSHX_GTF": null,
        "AREASFICHEIROZIP_SAA": null
      }
    },
    {
      "type": "Feature",
      "geometry": {
        "type": "Point",
        "coordinates": [
          -8.38247300042046,
          39.6389120001263
        ]
      },
      "properties": {
        "id": "20260373680",
        "DISTRITO": "Santarém",
        "TIPO": "Florestal",
        "ANO": 2026.0,
        "AREAPOV": 0.0,
        "AREAMATO": 0.05,
        "AREAAGRIC": 0.0,
        "AREATOTAL": 0.05,
        "REACENDIMENTOS": 0.0,
        "QUEIMADA": 0.0,
        "FALSOALARME": 0.0,
        "FOGACHO": 1.0,
        "INCENDIO": 0.0,
        "AGRICOLA": 0.0,
        "NCCO": 20260373680.0,
        "NOMECCO": 3.0,
        "DATAALERTA": "12-03-2026",
        "HORAALERTA": "11:16",
        "LOCAL": "Fojo (Alto da Fonte Galega)",
        "CONCELHO": "Tomar",
        "FREGUESIA": "Casais",
        "FONTEALERTA": "Populares",
        "INE": 141805.0,
        "X": 178593.0,
        "Y": 296771.0,
        "DIA": 12.0,
        "MES": 3.0,
        "HORA": 11.0,
        "OPERADOR": "sigo",
        "PERIMETRO": null,
        "APS": null,
        "CAUSA": null,
        "TIPOCAUSA": null,
        "DHINICIO": "12-03-2026 11:16:00",
        "DHFIM": "12-03-2026 12:04:00",
        "DURACAO": 48.0,
        "HAHORA": 0.05,
        "DATAEXTINCAO": "12-03-2026",
        "HORAEXTINCAO": "12:04",
        "DATA1INTERVENCAO": "12-03-2026",
        "HORA1INTERVENCAO": "11:26",
        "QUEIMA": 0.0,
        "CAUSAFAMILIA": null,
        "TEMPERATURA": 16.7201175689697,
        "HUMIDADERELATIVA": 69.2137298583984,
        "VENTOINTENSIDADE": 5.71142578125,
        "VENTOINTENSIDADE_VETOR": null,
        "VENTODIRECAO_VETOR": null,
        "PRECEPITACAO": 0.0,
        "FFMC": null,
        "DMC": null,
        "DC": null,
        "ISI": null,
        "BUI": null,
        "FWI": null,
        "DSR": null,
        "THC": null,
        "MODFARSITE": null,
        "ALTITUDEMEDIA": 151.629,
        "DECLIVEMEDIO": 10.5093,
        "HORASEXPOSICAOMEDIA": null,
        "DENDIDADERV": 292.187,
        "COSN5VARIEDADE": 21.43,
        "AREAMANCHAMODFARSITE": null,
        "AREASFICHEIROS_GNR": null,
        "AREASFICHEIROS_GTF": null,
        "FICHEIROIMAGEM_GNR": null,
        "AREASFICHEIROSHP_GTF": null,
        "AREASFICHEIROSHPXML_GTF": null,
        "AREASFICHEIRODBF_GTF": null,
        "AREASFICHEIROPRJ_GTF": null,
        "AREASFICHEIROSBN_GTF": null,
        "AREASFICHEIROSBX_GTF": null,
        "AREASFICHEIROSHX_GTF": null,
        "AREASFICHEIROZIP_SAA": null
      }
    },
    {
      "type": "Feature",
      "geometry": {
        "type": "Point",
        "coordinates": [
          -8.50947800000509,
          39.7580670001772
        ]
      },
      "properties": {
        "id": "20260374401",
        "DISTRITO": "Santarém",
        "TIPO": "Florestal",
        "ANO": 2026.0,
        "AREAPOV": 0.5023,
        "AREAMATO": 0.0,
        "AREAAGRIC": 0.0,
        "AREATOTAL": 0.5023,
        "REACENDIMENTOS": 0.0,
        "QUEIMADA": 0.0,
        "FALSOALARME": 0.0,
        "FOGACHO": 1.0,
        "INCENDIO": 0.0,
        "AGRICOLA": 0.0,
        "NCCO": 20260374401.0,
        "NOMECCO": 3.0,
        "DATAALERTA": "12-03-2026",
        "HORAALERTA": "13:38",
        "LOCAL": "Rua do Pinhal. 2435 Ourém. Portugal (Cacinheira)",
        "CONCELHO": "Ourém",
        "FREGUESIA": "Casal Dos Bernardos",
        "FONTEALERTA": 112.0,
        "INE": 142103.0,
        "X": 167746.0,
        "Y": 310039.0,
        "DIA": 12.0,
        "MES": 3.0,
        "HORA": 13.0,
        "OPERADOR": "sigo",
        "PERIMETRO": null,
        "APS": null,
        "CAUSA": null,
        "TIPOCAUSA": null,
        "DHINICIO": "12-03-2026 13:38:00",
        "DHFIM": "12-03-2026 14:54:00",
        "DURACAO": 76.0,
        "HAHORA": 0.5023,
        "DATAEXTINCAO": "12-03-2026",
        "HORAEXTINCAO": "14:54",
        "DATA1INTERVENCAO": "12-03-2026",
        "HORA1INTERVENCAO": "13:58",
        "QUEIMA": 0.0,
        "CAUSAFAMILIA": null,
        "TEMPERATURA": 19.2044925689697,
        "HUMIDADERELATIVA": 52.0637817382813,
        "VENTOINTENSIDADE": 6.77725315093994,
        "VENTOINTENSIDADE_VETOR": null,
        "VENTODIRECAO_VETOR": null,
        "PRECEPITACAO": 0.0,
        "FFMC": null,
        "DMC": null,
        "DC": null,
        "ISI": null,
        "BUI": null,
        "FWI": null,
        "DSR": null,
        "THC": null,
        "MODFARSITE": null,
        "ALTITUDEMEDIA": 146.666,
        "DECLIVEMEDIO": 7.26513,
        "HORASEXPOSICAOMEDIA": null,
        "DENDIDADERV": 310.442,
        "COSN5VARIEDADE": 15.72,
        "AREAMANCHAMODFARSITE": null,
        "AREASFICHEIROS_GNR": null,
        "AREASFICHEIROS_GTF": null,
        "FICHEIROIMAGEM_GNR": null,
        "AREASFICHEIROSHP_GTF": null,
        "AREASFICHEIROSHPXML_GTF": null,
        "AREASFICHEIRODBF_GTF": null,
        "AREASFICHEIROPRJ_GTF": null,
        "AREASFICHEIROSBN_GTF": null,
        "AREASFICHEIROSBX_GTF": null,
        "AREASFICHEIROSHX_GTF": null,
        "AREASFICHEIROZIP_SAA": null
      }
    },
    {
      "type": "Feature",
      "geometry": {
        "type": "Point",
        "coordinates": [
          -7.77451000001695,
          41.6624230003357
        ]
      },
      "properties": {
        "id": "20260374471",
        "DISTRITO": "Vila Real",
        "TIPO": "Florestal",
        "ANO": 2026.0,
        "AREAPOV": 0.0,
        "AREAMATO": 4.0,
        "AREAAGRIC": 0.0,
        "AREATOTAL": 4.0,
        "REACENDIMENTOS": 0.0,
        "QUEIMADA": 0.0,
        "FALSOALARME": 0.0,
        "FOGACHO": 0.0,
        "INCENDIO": 1.0,
        "AGRICOLA": 0.0,
        "NCCO": 20260374471.0,
        "NOMECCO": 3.0,
        "DATAALERTA": "12-03-2026",
        "HORAALERTA": "13:50",
        "LOCAL": "Campos (ER311 (ER311) Km 0)",
        "CONCELHO": "Boticas",
        "FREGUESIA": "São Salvador de Viveiro",
        "FONTEALERTA": "Populares",
        "INE": 170214.0,
        "X": 229869.0,
        "Y": 521510.0,
        "DIA": 12.0,
        "MES": 3.0,
        "HORA": 13.0,
        "OPERADOR": "sigo",
        "PERIMETRO": "Perimetro Florestal do Barroso",
        "APS": null,
        "CAUSA": null,
        "TIPOCAUSA": null,
        "DHINICIO": "12-03-2026 13:50:00",
        "DHFIM": "12-03-2026 16:28:00",
        "DURACAO": 158.0,
        "HAHORA": 2.0,
        "DATAEXTINCAO": "12-03-2026",
        "HORAEXTINCAO": "16:28",
        "DATA1INTERVENCAO": "12-03-2026",
        "HORA1INTERVENCAO": "14:43",
        "QUEIMA": 0.0,
        "CAUSAFAMILIA": null,
        "TEMPERATURA": 19.2044925689697,
        "HUMIDADERELATIVA": 52.0637817382813,
        "VENTOINTENSIDADE": 6.77725315093994,
        "VENTOINTENSIDADE_VETOR": null,
        "VENTODIRECAO_VETOR": null,
        "PRECEPITACAO": 0.0,
        "FFMC": null,
        "DMC": null,
        "DC": null,
        "ISI": null,
        "BUI": null,
        "FWI": null,
        "DSR": null,
        "THC": null,
        "MODFARSITE": 233.0,
        "ALTITUDEMEDIA": 954.311,
        "DECLIVEMEDIO": 16.7125,
        "HORASEXPOSICAOMEDIA": null,
        "DENDIDADERV": 87.0697,
        "COSN5VARIEDADE": 15.28,
        "AREAMANCHAMODFARSITE": 160.581,
        "AREASFICHEIROS_GNR": null,
        "AREASFICHEIROS_GTF": null,
        "FICHEIROIMAGEM_GNR": null,
        "AREASFICHEIROSHP_GTF": null,
        "AREASFICHEIROSHPXML_GTF": null,
        "AREASFICHEIRODBF_GTF": null,
        "AREASFICHEIROPRJ_GTF": null,
        "AREASFICHEIROSBN_GTF": null,
        "AREASFICHEIROSBX_GTF": null,
        "AREASFICHEIROSHX_GTF": null,
        "AREASFICHEIROZIP_SAA": null
      }
    },
    {
      "type": "Feature",
      "geometry": {
        "type": "Point",
        "coordinates": [
          -7.56044800016615,
          41.5013399999672
        ]
      },
      "properties": {
        "id": "20260374516",
        "DISTRITO": "Vila Real",
        "TIPO": "Florestal",
        "ANO": 2026.0,
        "AREAPOV": 0.0,
        "AREAMATO": 0.01,
        "AREAAGRIC": 0.0,
        "AREATOTAL": 0.01,
        "REACENDIMENTOS": 0.0,
        "QUEIMADA": 0.0,
        "FALSOALARME": 0.0,
        "FOGACHO": 1.0,
        "INCENDIO": 0.0,
        "AGRICOLA": 0.0,
        "NCCO": 20260374516.0,
        "NOMECCO": 3.0,
        "DATAALERTA": "12-03-2026",
        "HORAALERTA": "13:55",
        "LOCAL": "FILHAGOSA",
        "CONCELHO": "Vila Pouca de Aguiar",
        "FREGUESIA": "Tresminas",
        "FONTEALERTA": "Populares",
        "INE": 171312.0,
        "X": 247817.0,
        "Y": 503715.0,
        "DIA": 12.0,
        "MES": 3.0,
        "HORA": 13.0,
        "OPERADOR": "sigo",
        "PERIMETRO": null,
        "APS": null,
        "CAUSA": null,
        "TIPOCAUSA": null,
        "DHINICIO": "12-03-2026 13:55:00",
        "DHFIM": "12-03-2026 15:22:00",
        "DURACAO": 87.0,
        "HAHORA": 0.01,
        "DATAEXTINCAO": "12-03-2026",
        "HORAEXTINCAO": "15:22",
        "DATA1INTERVENCAO": "12-03-2026",
        "HORA1INTERVENCAO": "14:38",
        "QUEIMA": 0.0,
        "CAUSAFAMILIA": null,
        "TEMPERATURA": 19.2044925689697,
        "HUMIDADERELATIVA": 52.0637817382813,
        "VENTOINTENSIDADE": 6.77725315093994,
        "VENTOINTENSIDADE_VETOR": null,
        "VENTODIRECAO_VETOR": null,
        "PRECEPITACAO": 0.0,
        "FFMC": null,
        "DMC": null,
        "DC": null,
        "ISI": null,
        "BUI": null,
        "FWI": null,
        "DSR": null,
        "THC": null,
        "MODFARSITE": 233.0,
        "ALTITUDEMEDIA": 745.506,
        "DECLIVEMEDIO": 20.107,
        "HORASEXPOSICAOMEDIA": null,
        "DENDIDADERV": 81.515,
        "COSN5VARIEDADE": 14.56,
        "AREAMANCHAMODFARSITE": 2.63257,
        "AREASFICHEIROS_GNR": null,
        "AREASFICHEIROS_GTF": null,
        "FICHEIROIMAGEM_GNR": null,
        "AREASFICHEIROSHP_GTF": null,
        "AREASFICHEIROSHPXML_GTF": null,
        "AREASFICHEIRODBF_GTF": null,
        "AREASFICHEIROPRJ_GTF": null,
        "AREASFICHEIROSBN_GTF": null,
        "AREASFICHEIROSBX_GTF": null,
        "AREASFICHEIROSHX_GTF": null,
        "AREASFICHEIROZIP_SAA": null
      }
    },
    {
      "type": "Feature",
      "geometry": {
        "type": "Point",
        "coordinates": [
          -7.98097299999661,
          40.4416829999288
        ]
      },
      "properties": {
        "id": "20260374835",
        "DISTRITO": "Viseu",
        "TIPO": "Agrícola",
        "ANO": 2026.0,
        "AREAPOV": 0.0,
        "AREAMATO": 0.0,
        "AREAAGRIC": 0.0,
        "AREATOTAL": 0.0,
        "REACENDIMENTOS": 0.0,
        "QUEIMADA": 0.0,
        "FALSOALARME": 0.0,
        "FOGACHO": 0.0,
        "INCENDIO": 0.0,
        "AGRICOLA": 1.0,
        "NCCO": 20260374835.0,
        "NOMECCO": 3.0,
        "DATAALERTA": "12-03-2026",
        "HORAALERTA": "14:44",
        "LOCAL": "R. MATILRREIRA (IC12 (IC12) Km 13)",
        "CONCELHO": "Carregal do Sal",
        "FREGUESIA": "Oliveira do Conde",
        "FONTEALERTA": "Populares",
        "INE": 180204.0,
        "X": 212908.0,
        "Y": 385889.0,
        "DIA": 12.0,
        "MES": 3.0,
        "HORA": 14.0,
        "OPERADOR": "sigo",
        "PERIMETRO": null,
        "APS": null,
        "CAUSA": null,
        "TIPOCAUSA": null,
        "DHINICIO": "12-03-2026 14:44:00",
        "DHFIM": "12-03-2026 14:55:00",
        "DURACAO": 11.0,
        "HAHORA": 0.0,
        "DATAEXTINCAO": "12-03-2026",
        "HORAEXTINCAO": "14:55",
        "DATA1INTERVENCAO": "12-03-2026",
        "HORA1INTERVENCAO": "14:50",
        "QUEIMA": 0.0,
        "CAUSAFAMILIA": null,
        "TEMPERATURA": 19.6734867095947,
        "HUMIDADERELATIVA": 50.6785430908203,
        "VENTOINTENSIDADE": 4.21919918060303,
        "VENTOINTENSIDADE_VETOR": null,
        "VENTODIRECAO_VETOR": null,
        "PRECEPITACAO": 0.0,
        "FFMC": null,
        "DMC": null,
        "DC": null,
        "ISI": null,
        "BUI": null,
        "FWI": null,
        "DSR": null,
        "THC": null,
        "MODFARSITE": null,
        "ALTITUDEMEDIA": 294.621,
        "DECLIVEMEDIO": 5.90842,
        "HORASEXPOSICAOMEDIA": null,
        "DENDIDADERV": 134.848,
        "COSN5VARIEDADE": 22.14,
        "AREAMANCHAMODFARSITE": null,
        "AREASFICHEIROS_GNR": null,
        "AREASFICHEIROS_GTF": null,
        "FICHEIROIMAGEM_GNR": null,
        "AREASFICHEIROSHP_GTF": null,
        "AREASFICHEIROSHPXML_GTF": null,
        "AREASFICHEIRODBF_GTF": null,
        "AREASFICHEIROPRJ_GTF": null,
        "AREASFICHEIROSBN_GTF": null,
        "AREASFICHEIROSBX_GTF": null,
        "AREASFICHEIROSHX_GTF": null,
        "AREASFICHEIROZIP_SAA": null
      }
    },
    {
      "type": "Feature",
      "geometry": {
        "type": "Point",
        "coordinates": [
          -8.77415500005086,
          41.5135649998983
        ]
      },
      "properties": {
        "id": "20260374844",
        "DISTRITO": "Braga",
        "TIPO": "Agrícola",
        "ANO": 2026.0,
        "AREAPOV": 0.0,
        "AREAMATO": 0.0,
        "AREAAGRIC": 0.005,
        "AREATOTAL": 0.005,
        "REACENDIMENTOS": 0.0,
        "QUEIMADA": 0.0,
        "FALSOALARME": 0.0,
        "FOGACHO": 0.0,
        "INCENDIO": 0.0,
        "AGRICOLA": 1.0,
        "NCCO": 20260374844.0,
        "NOMECCO": 3.0,
        "DATAALERTA": "12-03-2026",
        "HORAALERTA": "14:45",
        "LOCAL": "Av. Dr. António Veiga (ED13 (ED13) Km 42)",
        "CONCELHO": "Esposende",
        "FREGUESIA": "Fão",
        "FONTEALERTA": "Populares",
        "INE": 30606.0,
        "X": 146488.0,
        "Y": 505115.0,
        "DIA": 12.0,
        "MES": 3.0,
        "HORA": 14.0,
        "OPERADOR": "sigo",
        "PERIMETRO": null,
        "APS": null,
        "CAUSA": null,
        "TIPOCAUSA": null,
        "DHINICIO": "12-03-2026 14:45:00",
        "DHFIM": "12-03-2026 15:04:00",
        "DURACAO": 19.0,
        "HAHORA": 0.005,
        "DATAEXTINCAO": "12-03-2026",
        "HORAEXTINCAO": "15:04",
        "DATA1INTERVENCAO": "12-03-2026",
        "HORA1INTERVENCAO": "14:55",
        "QUEIMA": 0.0,
        "CAUSAFAMILIA": null,
        "TEMPERATURA": 19.6734867095947,
        "HUMIDADERELATIVA": 50.6785430908203,
        "VENTOINTENSIDADE": 4.21919918060303,
        "VENTOINTENSIDADE_VETOR": null,
        "VENTODIRECAO_VETOR": null,
        "PRECEPITACAO": 0.0,
        "FFMC": null,
        "DMC": null,
        "DC": null,
        "ISI": null,
        "BUI": null,
        "FWI": null,
        "DSR": null,
        "THC": null,
        "MODFARSITE": 227.0,
        "ALTITUDEMEDIA": -8.15938,
        "DECLIVEMEDIO": 0.458634,
        "HORASEXPOSICAOMEDIA": null,
        "DENDIDADERV": 396.807,
        "COSN5VARIEDADE": 18.91,
        "AREAMANCHAMODFARSITE": 232.975,
        "AREASFICHEIROS_GNR": null,
        "AREASFICHEIROS_GTF": null,
        "FICHEIROIMAGEM_GNR": null,
        "AREASFICHEIROSHP_GTF": null,
        "AREASFICHEIROSHPXML_GTF": null,
        "AREASFICHEIRODBF_GTF": null,
        "AREASFICHEIROPRJ_GTF": null,
        "AREASFICHEIROSBN_GTF": null,
        "AREASFICHEIROSBX_GTF": null,
        "AREASFICHEIROSHX_GTF": null,
        "AREASFICHEIROZIP_SAA": null
      }
    },
    {
      "type": "Feature",
      "geometry": {
        "type": "Point",
        "coordinates": [
          -8.16292199982537,
          41.6496700000763
        ]
      },
      "properties": {
        "id": "20260375224",
        "DISTRITO": "Braga",
        "TIPO": "Florestal",
        "ANO": 2026.0,
        "AREAPOV": 0.02,
        "AREAMATO": 0.1,
        "AREAAGRIC": 0.0,
        "AREATOTAL": 0.12,
        "REACENDIMENTOS": 0.0,
        "QUEIMADA": 0.0,
        "FALSOALARME": 0.0,
        "FOGACHO": 1.0,
        "INCENDIO": 0.0,
        "AGRICOLA": 0.0,
        "NCCO": 20260375224.0,
        "NOMECCO": 3.0,
        "DATAALERTA": "12-03-2026",
        "HORAALERTA": "15:51",
        "LOCAL": "Rua do Postemião (Rechã)",
        "CONCELHO": "Vieira do Minho",
        "FREGUESIA": "Caniçada",
        "FONTEALERTA": "Bombeiros",
        "INE": 31104.0,
        "X": 197519.0,
        "Y": 520032.0,
        "DIA": 12.0,
        "MES": 3.0,
        "HORA": 15.0,
        "OPERADOR": "sigo",
        "PERIMETRO": null,
        "APS": null,
        "CAUSA": null,
        "TIPOCAUSA": null,
        "DHINICIO": "12-03-2026 15:51:00",
        "DHFIM": "12-03-2026 18:15:00",
        "DURACAO": 144.0,
        "HAHORA": 0.06,
        "DATAEXTINCAO": "12-03-2026",
        "HORAEXTINCAO": "18:15",
        "DATA1INTERVENCAO": "12-03-2026",
        "HORA1INTERVENCAO": "16:10",
        "QUEIMA": 0.0,
        "CAUSAFAMILIA": null,
        "TEMPERATURA": 19.8836917877197,
        "HUMIDADERELATIVA": 50.0597229003906,
        "VENTOINTENSIDADE": 3.04225826263428,
        "VENTOINTENSIDADE_VETOR": null,
        "VENTODIRECAO_VETOR": null,
        "PRECEPITACAO": 0.0,
        "FFMC": null,
        "DMC": null,
        "DC": null,
        "ISI": null,
        "BUI": null,
        "FWI": null,
        "DSR": null,
        "THC": null,
        "MODFARSITE": 233.0,
        "ALTITUDEMEDIA": 549.041,
        "DECLIVEMEDIO": 27.3631,
        "HORASEXPOSICAOMEDIA": null,
        "DENDIDADERV": 108.037,
        "COSN5VARIEDADE": 17.5,
        "AREAMANCHAMODFARSITE": 98.6931,
        "AREASFICHEIROS_GNR": null,
        "AREASFICHEIROS_GTF": null,
        "FICHEIROIMAGEM_GNR": null,
        "AREASFICHEIROSHP_GTF": null,
        "AREASFICHEIROSHPXML_GTF": null,
        "AREASFICHEIRODBF_GTF": null,
        "AREASFICHEIROPRJ_GTF": null,
        "AREASFICHEIROSBN_GTF": null,
        "AREASFICHEIROSBX_GTF": null,
        "AREASFICHEIROSHX_GTF": null,
        "AREASFICHEIROZIP_SAA": null
      }
    },
    {
      "type": "Feature",
      "geometry": {
        "type": "Point",
        "coordinates": [
          -8.40997799979316,
          41.9322730000814
        ]
      },
      "properties": {
        "id": "20260348076",
        "DISTRITO": "Viana do Castelo",
        "TIPO": "Florestal",
        "ANO": 2026.0,
        "AREAPOV": 0.0,
        "AREAMATO": 2.0,
        "AREAAGRIC": 0.0,
        "AREATOTAL": 2.0,
        "REACENDIMENTOS": 0.0,
        "QUEIMADA": 0.0,
        "FALSOALARME": 0.0,
        "FOGACHO": 0.0,
        "INCENDIO": 1.0,
        "AGRICOLA": 0.0,
        "NCCO": 20260348076.0,
        "NOMECCO": 3.0,
        "DATAALERTA": "06-03-2026",
        "HORAALERTA": "19:49",
        "LOCAL": "Igreja (Azenhas)",
        "CONCELHO": "Arcos de Valdevez",
        "FREGUESIA": "Cabreiro",
        "FONTEALERTA": "Bombeiros",
        "INE": 160106.0,
        "X": 177039.0,
        "Y": 551458.0,
        "DIA": 6.0,
        "MES": 3.0,
        "HORA": 19.0,
        "OPERADOR": "sigo",
        "PERIMETRO": "Perimetro Florestal das Serras do Soajo e Peneda",
        "APS": null,
        "CAUSA": null,
        "TIPOCAUSA": null,
        "DHINICIO": "06-03-2026 19:49:00",
        "DHFIM": "06-03-2026 22:53:00",
        "DURACAO": 184.0,
        "HAHORA": 0.666666666666667,
        "DATAEXTINCAO": "06-03-2026",
        "HORAEXTINCAO": "22:53",
        "DATA1INTERVENCAO": "06-03-2026",
        "HORA1INTERVENCAO": "20:55",
        "QUEIMA": 0.0,
        "CAUSAFAMILIA": null,
        "TEMPERATURA": 10.1856937408447,
        "HUMIDADERELATIVA": 81.1527404785156,
        "VENTOINTENSIDADE": 14.4563083648682,
        "VENTOINTENSIDADE_VETOR": null,
        "VENTODIRECAO_VETOR": null,
        "PRECEPITACAO": 0.037109375,
        "FFMC": null,
        "DMC": null,
        "DC": null,
        "ISI": null,
        "BUI": null,
        "FWI": null,
        "DSR": null,
        "THC": null,
        "MODFARSITE": null,
        "ALTITUDEMEDIA": 174.304,
        "DECLIVEMEDIO": 23.4319,
        "HORASEXPOSICAOMEDIA": null,
        "DENDIDADERV": 93.907,
        "COSN5VARIEDADE": 13.97,
        "AREAMANCHAMODFARSITE": null,
        "AREASFICHEIROS_GNR": "http://fogos.icnf.pt/sgif2010/ficheiroskml/348076.kml",
        "AREASFICHEIROS_GTF": null,
        "FICHEIROIMAGEM_GNR": null,
        "AREASFICHEIROSHP_GTF": null,
        "AREASFICHEIROSHPXML_GTF": null,
        "AREASFICHEIRODBF_GTF": null,
        "AREASFICHEIROPRJ_GTF": null,
        "AREASFICHEIROSBN_GTF": null,
        "AREASFICHEIROSBX_GTF": null,
        "AREASFICHEIROSHX_GTF": null,
        "AREASFICHEIROZIP_SAA": null
      }
    },
    {
      "type": "Feature",
      "geometry": {
        "type": "Point",
        "coordinates": [
          -7.31193799972534,
          40.5419000000424
        ]
      },
      "properties": {
        "id": "20260351910",
        "DISTRITO": "Guarda",
        "TIPO": "Florestal",
        "ANO": 2026.0,
        "AREAPOV": 0.0,
        "AREAMATO": 0.0,
        "AREAAGRIC": 0.0,
        "AREATOTAL": 0.0,
        "REACENDIMENTOS": 0.0,
        "QUEIMADA": 0.0,
        "FALSOALARME": 0.0,
        "FOGACHO": 1.0,
        "INCENDIO": 0.0,
        "AGRICOLA": 0.0,
        "NCCO": 20260351910.0,
        "NOMECCO": 3.0,
        "DATAALERTA": "07-03-2026",
        "HORAALERTA": "17:05",
        "LOCAL": "LatLong(40.54189791.-7.31193804) - N16. 6300 Guarda. Portugal (Prado)",
        "CONCELHO": "Guarda",
        "FREGUESIA": "Maçainhas",
        "FONTEALERTA": 112.0,
        "INE": 90723.0,
        "X": 269567.0,
        "Y": 397330.0,
        "DIA": 7.0,
        "MES": 3.0,
        "HORA": 17.0,
        "OPERADOR": "sigo",
        "PERIMETRO": null,
        "APS": null,
        "CAUSA": null,
        "TIPOCAUSA": null,
        "DHINICIO": "07-03-2026 17:05:00",
        "DHFIM": "07-03-2026 19:55:00",
        "DURACAO": 170.0,
        "HAHORA": 0.0,
        "DATAEXTINCAO": "07-03-2026",
        "HORAEXTINCAO": "19:55",
        "DATA1INTERVENCAO": null,
        "HORA1INTERVENCAO": null,
        "QUEIMA": 0.0,
        "CAUSAFAMILIA": null,
        "TEMPERATURA": 14.4337406158447,
        "HUMIDADERELATIVA": 72.2926940917969,
        "VENTOINTENSIDADE": 11.3140268325806,
        "VENTOINTENSIDADE_VETOR": null,
        "VENTODIRECAO_VETOR": null,
        "PRECEPITACAO": 0.0,
        "FFMC": null,
        "DMC": null,
        "DC": null,
        "ISI": null,
        "BUI": null,
        "FWI": null,
        "DSR": null,
        "THC": null,
        "MODFARSITE": 233.0,
        "ALTITUDEMEDIA": 851.736,
        "DECLIVEMEDIO": 20.7372,
        "HORASEXPOSICAOMEDIA": null,
        "DENDIDADERV": 346.28,
        "COSN5VARIEDADE": 19.12,
        "AREAMANCHAMODFARSITE": 46.4173,
        "AREASFICHEIROS_GNR": null,
        "AREASFICHEIROS_GTF": null,
        "FICHEIROIMAGEM_GNR": null,
        "AREASFICHEIROSHP_GTF": null,
        "AREASFICHEIROSHPXML_GTF": null,
        "AREASFICHEIRODBF_GTF": null,
        "AREASFICHEIROPRJ_GTF": null,
        "AREASFICHEIROSBN_GTF": null,
        "AREASFICHEIROSBX_GTF": null,
        "AREASFICHEIROSHX_GTF": null,
        "AREASFICHEIROZIP_SAA": null
      }
    },
    {
      "type": "Feature",
      "geometry": {
        "type": "Point",
        "coordinates": [
          -8.16302000045776,
          38.9545280000899
        ]
      },
      "properties": {
        "id": "20260352358",
        "DISTRITO": "Évora",
        "TIPO": "Florestal",
        "ANO": 2026.0,
        "AREAPOV": 0.0,
        "AREAMATO": 0.0025,
        "AREAAGRIC": 0.0,
        "AREATOTAL": 0.0025,
        "REACENDIMENTOS": 0.0,
        "QUEIMADA": 0.0,
        "FALSOALARME": 0.0,
        "FOGACHO": 1.0,
        "INCENDIO": 0.0,
        "AGRICOLA": 0.0,
        "NCCO": 20260352358.0,
        "NOMECCO": 3.0,
        "DATAALERTA": "07-03-2026",
        "HORAALERTA": "18:50",
        "LOCAL": "Herdade do Paço Baixo (Vinha)",
        "CONCELHO": "Mora",
        "FREGUESIA": "Mora",
        "FONTEALERTA": "Bombeiros",
        "INE": 70703.0,
        "X": 197405.0,
        "Y": 220760.0,
        "DIA": 7.0,
        "MES": 3.0,
        "HORA": 18.0,
        "OPERADOR": "sigo",
        "PERIMETRO": null,
        "APS": null,
        "CAUSA": null,
        "TIPOCAUSA": null,
        "DHINICIO": "07-03-2026 18:50:00",
        "DHFIM": "07-03-2026 19:10:00",
        "DURACAO": 20.0,
        "HAHORA": 0.0025,
        "DATAEXTINCAO": "07-03-2026",
        "HORAEXTINCAO": "19:10",
        "DATA1INTERVENCAO": "07-03-2026",
        "HORA1INTERVENCAO": "19:03",
        "QUEIMA": 0.0,
        "CAUSAFAMILIA": null,
        "TEMPERATURA": 12.7423343658447,
        "HUMIDADERELATIVA": 76.0177001953125,
        "VENTOINTENSIDADE": 10.9143686294556,
        "VENTOINTENSIDADE_VETOR": null,
        "VENTODIRECAO_VETOR": null,
        "PRECEPITACAO": 0.0,
        "FFMC": null,
        "DMC": null,
        "DC": null,
        "ISI": null,
        "BUI": null,
        "FWI": null,
        "DSR": null,
        "THC": null,
        "MODFARSITE": 232.0,
        "ALTITUDEMEDIA": 53.4831,
        "DECLIVEMEDIO": 8.74249,
        "HORASEXPOSICAOMEDIA": null,
        "DENDIDADERV": 131.991,
        "COSN5VARIEDADE": 16.5,
        "AREAMANCHAMODFARSITE": 43.4318,
        "AREASFICHEIROS_GNR": null,
        "AREASFICHEIROS_GTF": null,
        "FICHEIROIMAGEM_GNR": null,
        "AREASFICHEIROSHP_GTF": null,
        "AREASFICHEIROSHPXML_GTF": null,
        "AREASFICHEIRODBF_GTF": null,
        "AREASFICHEIROPRJ_GTF": null,
        "AREASFICHEIROSBN_GTF": null,
        "AREASFICHEIROSBX_GTF": null,
        "AREASFICHEIROSHX_GTF": null,
        "AREASFICHEIROZIP_SAA": null
      }
    },
    {
      "type": "Feature",
      "geometry": {
        "type": "Point",
        "coordinates": [
          -8.29211300002204,
          40.8736300002204
        ]
      },
      "properties": {
        "id": "20260352427",
        "DISTRITO": "Aveiro",
        "TIPO": "Florestal",
        "ANO": 2026.0,
        "AREAPOV": 0.01,
        "AREAMATO": 0.0,
        "AREAAGRIC": 0.0,
        "AREATOTAL": 0.01,
        "REACENDIMENTOS": 0.0,
        "QUEIMADA": 0.0,
        "FALSOALARME": 0.0,
        "FOGACHO": 1.0,
        "INCENDIO": 0.0,
        "AGRICOLA": 0.0,
        "NCCO": 20260352427.0,
        "NOMECCO": 3.0,
        "DATAALERTA": "07-03-2026",
        "HORAALERTA": "19:10",
        "LOCAL": "Merujal",
        "CONCELHO": "Arouca",
        "FREGUESIA": "Urrô",
        "FONTEALERTA": 112.0,
        "INE": 10419.0,
        "X": 186598.0,
        "Y": 433857.0,
        "DIA": 7.0,
        "MES": 3.0,
        "HORA": 19.0,
        "OPERADOR": "sigo",
        "PERIMETRO": "Perimetro Florestal da Serra da Freita",
        "APS": null,
        "CAUSA": null,
        "TIPOCAUSA": null,
        "DHINICIO": "07-03-2026 19:10:00",
        "DHFIM": "07-03-2026 20:59:00",
        "DURACAO": 109.0,
        "HAHORA": 0.01,
        "DATAEXTINCAO": "07-03-2026",
        "HORAEXTINCAO": "20:59",
        "DATA1INTERVENCAO": "07-03-2026",
        "HORA1INTERVENCAO": "20:45",
        "QUEIMA": 0.0,
        "CAUSAFAMILIA": null,
        "TEMPERATURA": 11.1573734283447,
        "HUMIDADERELATIVA": 81.9926147460938,
        "VENTOINTENSIDADE": 10.8135547637939,
        "VENTOINTENSIDADE_VETOR": null,
        "VENTODIRECAO_VETOR": null,
        "PRECEPITACAO": 0.0,
        "FFMC": null,
        "DMC": null,
        "DC": null,
        "ISI": null,
        "BUI": null,
        "FWI": null,
        "DSR": null,
        "THC": null,
        "MODFARSITE": 221.0,
        "ALTITUDEMEDIA": 908.739,
        "DECLIVEMEDIO": 19.0208,
        "HORASEXPOSICAOMEDIA": null,
        "DENDIDADERV": 205.819,
        "COSN5VARIEDADE": 12.88,
        "AREAMANCHAMODFARSITE": 5.30159,
        "AREASFICHEIROS_GNR": null,
        "AREASFICHEIROS_GTF": null,
        "FICHEIROIMAGEM_GNR": null,
        "AREASFICHEIROSHP_GTF": null,
        "AREASFICHEIROSHPXML_GTF": null,
        "AREASFICHEIRODBF_GTF": null,
        "AREASFICHEIROPRJ_GTF": null,
        "AREASFICHEIROSBN_GTF": null,
        "AREASFICHEIROSBX_GTF": null,
        "AREASFICHEIROSHX_GTF": null,
        "AREASFICHEIROZIP_SAA": null
      }
    },
    {
      "type": "Feature",
      "geometry": {
        "type": "Point",
        "coordinates": [
          -8.78361111111111,
          41.7738888888889
        ]
      },
      "properties": {
        "id": "20260347595",
        "DISTRITO": "Viana do Castelo",
        "TIPO": "Florestal",
        "ANO": 2026.0,
        "AREAPOV": 0.0,
        "AREAMATO": 0.056,
        "AREAAGRIC": 0.0,
        "AREATOTAL": 0.056,
        "REACENDIMENTOS": 0.0,
        "QUEIMADA": 0.0,
        "FALSOALARME": 0.0,
        "FOGACHO": 1.0,
        "INCENDIO": 0.0,
        "AGRICOLA": 0.0,
        "NCCO": 20260347595.0,
        "NOMECCO": 3.0,
        "DATAALERTA": "06-03-2026",
        "HORAALERTA": "18:01",
        "LOCAL": "Pedras Negras",
        "CONCELHO": "Viana do Castelo",
        "FREGUESIA": "Outeiro",
        "FONTEALERTA": 112.0,
        "INE": 160925.0,
        "X": 145917.0,
        "Y": 534034.0,
        "DIA": 6.0,
        "MES": 3.0,
        "HORA": 18.0,
        "OPERADOR": 1985040.0,
        "PERIMETRO": null,
        "APS": null,
        "CAUSA": 11001.0,
        "TIPOCAUSA": "Desconhecida",
        "DHINICIO": "06-03-2026 18:01:00",
        "DHFIM": "06-03-2026 18:31:00",
        "DURACAO": 30.0,
        "HAHORA": 0.056,
        "DATAEXTINCAO": "06-03-2026",
        "HORAEXTINCAO": "18:31",
        "DATA1INTERVENCAO": "06-03-2026",
        "HORA1INTERVENCAO": "18:28",
        "QUEIMA": 0.0,
        "CAUSAFAMILIA": "Indeterminadas",
        "TEMPERATURA": 10.6905765533447,
        "HUMIDADERELATIVA": 78.14111328125,
        "VENTOINTENSIDADE": 13.9217901229858,
        "VENTOINTENSIDADE_VETOR": null,
        "VENTODIRECAO_VETOR": null,
        "PRECEPITACAO": 0.046875,
        "FFMC": null,
        "DMC": null,
        "DC": null,
        "ISI": null,
        "BUI": null,
        "FWI": null,
        "DSR": null,
        "THC": null,
        "MODFARSITE": 234.0,
        "ALTITUDEMEDIA": 245.276,
        "DECLIVEMEDIO": 23.0854,
        "HORASEXPOSICAOMEDIA": null,
        "DENDIDADERV": 217.722,
        "COSN5VARIEDADE": 9.35,
        "AREAMANCHAMODFARSITE": 15.6499,
        "AREASFICHEIROS_GNR": "http://fogos.icnf.pt/sgif2010/ficheiroskml/2 - Outeiro 20260347595.kml",
        "AREASFICHEIROS_GTF": null,
        "FICHEIROIMAGEM_GNR": null,
        "AREASFICHEIROSHP_GTF": null,
        "AREASFICHEIROSHPXML_GTF": null,
        "AREASFICHEIRODBF_GTF": null,
        "AREASFICHEIROPRJ_GTF": null,
        "AREASFICHEIROSBN_GTF": null,
        "AREASFICHEIROSBX_GTF": null,
        "AREASFICHEIROSHX_GTF": null,
        "AREASFICHEIROZIP_SAA": null
      }
    },
    {
      "type": "Feature",
      "geometry": {
        "type": "Point",
        "coordinates": [
          -7.75722222222222,
          40.9536111111111
        ]
      },
      "properties": {
        "id": "20260304228",
        "DISTRITO": "Viseu",
        "TIPO": "Florestal",
        "ANO": 2026.0,
        "AREAPOV": 0.0,
        "AREAMATO": 5.37,
        "AREAAGRIC": 0.0,
        "AREATOTAL": 5.37,
        "REACENDIMENTOS": 0.0,
        "QUEIMADA": 0.0,
        "FALSOALARME": 0.0,
        "FOGACHO": 0.0,
        "INCENDIO": 1.0,
        "AGRICOLA": 0.0,
        "NCCO": 20260304228.0,
        "NOMECCO": 3.0,
        "DATAALERTA": "25-02-2026",
        "HORAALERTA": "17:50",
        "LOCAL": "Fonte da Rosa",
        "CONCELHO": "Castro Daire",
        "FREGUESIA": "Almofala",
        "FONTEALERTA": "Populares",
        "INE": 180301.0,
        "X": 231642.0,
        "Y": 442804.0,
        "DIA": 25.0,
        "MES": 2.0,
        "HORA": 17.0,
        "OPERADOR": 2000464.0,
        "PERIMETRO": "Perimetro Florestal da Serra de Leomil",
        "APS": null,
        "CAUSA": 11001.0,
        "TIPOCAUSA": "Desconhecida",
        "DHINICIO": "25-02-2026 17:50:00",
        "DHFIM": "25-02-2026 18:26:00",
        "DURACAO": 36.0,
        "HAHORA": 5.37,
        "DATAEXTINCAO": "25-02-2026",
        "HORAEXTINCAO": "18:26",
        "DATA1INTERVENCAO": "25-02-2026",
        "HORA1INTERVENCAO": "18:20",
        "QUEIMA": 0.0,
        "CAUSAFAMILIA": "Indeterminadas",
        "TEMPERATURA": 16.2503910064697,
        "HUMIDADERELATIVA": 77.9483413696289,
        "VENTOINTENSIDADE": 4.05146074295044,
        "VENTOINTENSIDADE_VETOR": null,
        "VENTODIRECAO_VETOR": null,
        "PRECEPITACAO": 0.0,
        "FFMC": null,
        "DMC": null,
        "DC": null,
        "ISI": null,
        "BUI": null,
        "FWI": null,
        "DSR": null,
        "THC": null,
        "MODFARSITE": 232.0,
        "ALTITUDEMEDIA": 896.601,
        "DECLIVEMEDIO": 18.0511,
        "HORASEXPOSICAOMEDIA": null,
        "DENDIDADERV": 244.564,
        "COSN5VARIEDADE": 10.29,
        "AREAMANCHAMODFARSITE": 187.017,
        "AREASFICHEIROS_GNR": "http://fogos.icnf.pt/sgif2010/ficheiroskml/OC20260304228_Bustelo_Almofala.kml",
        "AREASFICHEIROS_GTF": null,
        "FICHEIROIMAGEM_GNR": null,
        "AREASFICHEIROSHP_GTF": null,
        "AREASFICHEIROSHPXML_GTF": null,
        "AREASFICHEIRODBF_GTF": null,
        "AREASFICHEIROPRJ_GTF": null,
        "AREASFICHEIROSBN_GTF": null,
        "AREASFICHEIROSBX_GTF": null,
        "AREASFICHEIROSHX_GTF": null,
        "AREASFICHEIROZIP_SAA": null
      }
    },
    {
      "type": "Feature",
      "geometry": {
        "type": "Point",
        "coordinates": [
          -6.91833333333333,
          40.3419444444444
        ]
      },
      "properties": {
        "id": "20260299845",
        "DISTRITO": "Guarda",
        "TIPO": "Florestal",
        "ANO": 2026.0,
        "AREAPOV": 0.0,
        "AREAMATO": 0.0927,
        "AREAAGRIC": 0.0,
        "AREATOTAL": 0.0927,
        "REACENDIMENTOS": 0.0,
        "QUEIMADA": 0.0,
        "FALSOALARME": 0.0,
        "FOGACHO": 1.0,
        "INCENDIO": 0.0,
        "AGRICOLA": 0.0,
        "NCCO": 20260299845.0,
        "NOMECCO": 2.0,
        "DATAALERTA": "24-02-2026",
        "HORAALERTA": "20:27",
        "LOCAL": "Moita da Cruz",
        "CONCELHO": "Sabugal",
        "FREGUESIA": "Soito",
        "FONTEALERTA": 112.0,
        "INE": 91134.0,
        "X": 303206.0,
        "Y": 375513.0,
        "DIA": 24.0,
        "MES": 2.0,
        "HORA": 20.0,
        "OPERADOR": 2000180.0,
        "PERIMETRO": null,
        "APS": null,
        "CAUSA": 11100.0,
        "TIPOCAUSA": "Desconhecida",
        "DHINICIO": "24-02-2026 20:27:00",
        "DHFIM": "24-02-2026 20:54:00",
        "DURACAO": 27.0,
        "HAHORA": 0.0927,
        "DATAEXTINCAO": "24-02-2026",
        "HORAEXTINCAO": "20:54",
        "DATA1INTERVENCAO": "24-02-2026",
        "HORA1INTERVENCAO": "20:40",
        "QUEIMA": 0.0,
        "CAUSAFAMILIA": "Indeterminadas",
        "TEMPERATURA": 13.7020511627197,
        "HUMIDADERELATIVA": 80.6212844848633,
        "VENTOINTENSIDADE": 16.0012435913086,
        "VENTOINTENSIDADE_VETOR": null,
        "VENTODIRECAO_VETOR": null,
        "PRECEPITACAO": 0.0,
        "FFMC": null,
        "DMC": null,
        "DC": null,
        "ISI": null,
        "BUI": null,
        "FWI": null,
        "DSR": null,
        "THC": null,
        "MODFARSITE": 231.0,
        "ALTITUDEMEDIA": 891.459,
        "DECLIVEMEDIO": 6.7788,
        "HORASEXPOSICAOMEDIA": null,
        "DENDIDADERV": 72.5244,
        "COSN5VARIEDADE": 14.32,
        "AREAMANCHAMODFARSITE": 68.2962,
        "AREASFICHEIROS_GNR": null,
        "AREASFICHEIROS_GTF": null,
        "FICHEIROIMAGEM_GNR": null,
        "AREASFICHEIROSHP_GTF": null,
        "AREASFICHEIROSHPXML_GTF": null,
        "AREASFICHEIRODBF_GTF": null,
        "AREASFICHEIROPRJ_GTF": null,
        "AREASFICHEIROSBN_GTF": null,
        "AREASFICHEIROSBX_GTF": null,
        "AREASFICHEIROSHX_GTF": null,
        "AREASFICHEIROZIP_SAA": null
      }
    },
    {
      "type": "Feature",
      "geometry": {
        "type": "Point",
        "coordinates": [
          -7.85777777777778,
          40.5155555555556
        ]
      },
      "properties": {
        "id": "20260238857",
        "DISTRITO": "Viseu",
        "TIPO": "Agrícola",
        "ANO": 2026.0,
        "AREAPOV": 0.0,
        "AREAMATO": 0.0,
        "AREAAGRIC": 0.001,
        "AREATOTAL": 0.001,
        "REACENDIMENTOS": 0.0,
        "QUEIMADA": 0.0,
        "FALSOALARME": 0.0,
        "FOGACHO": 0.0,
        "INCENDIO": 0.0,
        "AGRICOLA": 1.0,
        "NCCO": 20260238857.0,
        "NOMECCO": 2.0,
        "DATAALERTA": "12-02-2026",
        "HORAALERTA": "18:04",
        "LOCAL": "Mochos",
        "CONCELHO": "Nelas",
        "FREGUESIA": "Nelas",
        "FONTEALERTA": 112.0,
        "INE": 180903.0,
        "X": 223323.0,
        "Y": 394108.0,
        "DIA": 12.0,
        "MES": 2.0,
        "HORA": 18.0,
        "OPERADOR": 2000464.0,
        "PERIMETRO": null,
        "APS": null,
        "CAUSA": 11100.0,
        "TIPOCAUSA": "Desconhecida",
        "DHINICIO": "12-02-2026 18:04:00",
        "DHFIM": "12-02-2026 18:50:00",
        "DURACAO": 46.0,
        "HAHORA": 0.001,
        "DATAEXTINCAO": "12-02-2026",
        "HORAEXTINCAO": "18:50",
        "DATA1INTERVENCAO": "12-02-2026",
        "HORA1INTERVENCAO": "18:20",
        "QUEIMA": 0.0,
        "CAUSAFAMILIA": "Indeterminadas",
        "TEMPERATURA": 14.1207523345947,
        "HUMIDADERELATIVA": 82.0333938598633,
        "VENTOINTENSIDADE": 7.01277732849121,
        "VENTOINTENSIDADE_VETOR": null,
        "VENTODIRECAO_VETOR": null,
        "PRECEPITACAO": 0.0,
        "FFMC": null,
        "DMC": null,
        "DC": null,
        "ISI": null,
        "BUI": null,
        "FWI": null,
        "DSR": null,
        "THC": null,
        "MODFARSITE": null,
        "ALTITUDEMEDIA": 375.889,
        "DECLIVEMEDIO": 8.00305,
        "HORASEXPOSICAOMEDIA": null,
        "DENDIDADERV": 180.239,
        "COSN5VARIEDADE": 18.02,
        "AREAMANCHAMODFARSITE": null,
        "AREASFICHEIROS_GNR": "http://fogos.icnf.pt/sgif2010/ficheiroskml/20260238857_Quinta da regada_Folhadal.kml",
        "AREASFICHEIROS_GTF": null,
        "FICHEIROIMAGEM_GNR": null,
        "AREASFICHEIROSHP_GTF": null,
        "AREASFICHEIROSHPXML_GTF": null,
        "AREASFICHEIRODBF_GTF": null,
        "AREASFICHEIROPRJ_GTF": null,
        "AREASFICHEIROSBN_GTF": null,
        "AREASFICHEIROSBX_GTF": null,
        "AREASFICHEIROSHX_GTF": null,
        "AREASFICHEIROZIP_SAA": null
      }
    },
    {
      "type": "Feature",
      "geometry": {
        "type": "Point",
        "coordinates": [
          -8.17836700015598,
          41.1028270000882
        ]
      },
      "properties": {
        "id": "20260027896",
        "DISTRITO": "Porto",
        "TIPO": "Florestal",
        "ANO": 2026.0,
        "AREAPOV": 0.0,
        "AREAMATO": 0.48,
        "AREAAGRIC": 0.0,
        "AREATOTAL": 0.48,
        "REACENDIMENTOS": 0.0,
        "QUEIMADA": 0.0,
        "FALSOALARME": 0.0,
        "FOGACHO": 1.0,
        "INCENDIO": 0.0,
        "AGRICOLA": 0.0,
        "NCCO": 20260027896.0,
        "NOMECCO": 0.0,
        "DATAALERTA": "06-01-2026",
        "HORAALERTA": "13:50",
        "LOCAL": "Lugarde Agros (SANDE)",
        "CONCELHO": "Marco de Canaveses",
        "FREGUESIA": "Sande",
        "FONTEALERTA": "Populares",
        "INE": 130718.0,
        "X": 196200.0,
        "Y": 459299.0,
        "DIA": 6.0,
        "MES": 1.0,
        "HORA": 13.0,
        "OPERADOR": "sigo",
        "PERIMETRO": null,
        "APS": null,
        "CAUSA": 11100.0,
        "TIPOCAUSA": "Desconhecida",
        "DHINICIO": "06-01-2026 13:50:00",
        "DHFIM": "06-01-2026 14:40:00",
        "DURACAO": 50.0,
        "HAHORA": 0.48,
        "DATAEXTINCAO": "06-01-2026",
        "HORAEXTINCAO": "14:40",
        "DATA1INTERVENCAO": "06-01-2026",
        "HORA1INTERVENCAO": "14:22",
        "QUEIMA": 0.0,
        "CAUSAFAMILIA": "Indeterminadas",
        "TEMPERATURA": 9.17836952209473,
        "HUMIDADERELATIVA": 53.9763946533203,
        "VENTOINTENSIDADE": 14.2500219345093,
        "VENTOINTENSIDADE_VETOR": null,
        "VENTODIRECAO_VETOR": null,
        "PRECEPITACAO": 0.0,
        "FFMC": null,
        "DMC": null,
        "DC": null,
        "ISI": null,
        "BUI": null,
        "FWI": null,
        "DSR": null,
        "THC": null,
        "MODFARSITE": 223.0,
        "ALTITUDEMEDIA": 223.556,
        "DECLIVEMEDIO": 18.1777,
        "HORASEXPOSICAOMEDIA": null,
        "DENDIDADERV": 200.086,
        "COSN5VARIEDADE": 23.52,
        "AREAMANCHAMODFARSITE": 3.60292,
        "AREASFICHEIROS_GNR": null,
        "AREASFICHEIROS_GTF": null,
        "FICHEIROIMAGEM_GNR": null,
        "AREASFICHEIROSHP_GTF": null,
        "AREASFICHEIROSHPXML_GTF": null,
        "AREASFICHEIRODBF_GTF": null,
        "AREASFICHEIROPRJ_GTF": null,
        "AREASFICHEIROSBN_GTF": null,
        "AREASFICHEIROSBX_GTF": null,
        "AREASFICHEIROSHX_GTF": null,
        "AREASFICHEIROZIP_SAA": null
      }
    },
    {
      "type": "Feature",
      "geometry": {
        "type": "Point",
        "coordinates": [
          -7.46378200001187,
          40.3192149999407
        ]
      },
      "properties": {
        "id": "20260323391",
        "DISTRITO": "Castelo Branco",
        "TIPO": "Florestal",
        "ANO": 2026.0,
        "AREAPOV": 0.0,
        "AREAMATO": 0.0488,
        "AREAAGRIC": 0.0,
        "AREATOTAL": 0.0488,
        "REACENDIMENTOS": 0.0,
        "QUEIMADA": 0.0,
        "FALSOALARME": 0.0,
        "FOGACHO": 1.0,
        "INCENDIO": 0.0,
        "AGRICOLA": 0.0,
        "NCCO": 20260323391.0,
        "NOMECCO": 3.0,
        "DATAALERTA": "01-03-2026",
        "HORAALERTA": "18:48",
        "LOCAL": "Lameiras (Fonte de Santo António)",
        "CONCELHO": "Covilhã",
        "FREGUESIA": "Teixoso",
        "FONTEALERTA": 112.0,
        "INE": 50323.0,
        "X": 256890.0,
        "Y": 372493.0,
        "DIA": 1.0,
        "MES": 3.0,
        "HORA": 18.0,
        "OPERADOR": "sigo",
        "PERIMETRO": null,
        "APS": null,
        "CAUSA": 11200.0,
        "TIPOCAUSA": "Desconhecida",
        "DHINICIO": "01-03-2026 18:48:00",
        "DHFIM": "01-03-2026 20:12:00",
        "DURACAO": 84.0,
        "HAHORA": 0.0488,
        "DATAEXTINCAO": "01-03-2026",
        "HORAEXTINCAO": "20:12",
        "DATA1INTERVENCAO": "01-03-2026",
        "HORA1INTERVENCAO": "19:35",
        "QUEIMA": 0.0,
        "CAUSAFAMILIA": "Indeterminadas",
        "TEMPERATURA": 14.1148929595947,
        "HUMIDADERELATIVA": 82.9805297851563,
        "VENTOINTENSIDADE": 7.06873512268066,
        "VENTOINTENSIDADE_VETOR": null,
        "VENTODIRECAO_VETOR": null,
        "PRECEPITACAO": 0.0,
        "FFMC": null,
        "DMC": null,
        "DC": null,
        "ISI": null,
        "BUI": null,
        "FWI": null,
        "DSR": null,
        "THC": null,
        "MODFARSITE": null,
        "ALTITUDEMEDIA": 516.242,
        "DECLIVEMEDIO": 9.40947,
        "HORASEXPOSICAOMEDIA": null,
        "DENDIDADERV": 172.889,
        "COSN5VARIEDADE": 25.11,
        "AREAMANCHAMODFARSITE": null,
        "AREASFICHEIROS_GNR": null,
        "AREASFICHEIROS_GTF": null,
        "FICHEIROIMAGEM_GNR": null,
        "AREASFICHEIROSHP_GTF": null,
        "AREASFICHEIROSHPXML_GTF": null,
        "AREASFICHEIRODBF_GTF": null,
        "AREASFICHEIROPRJ_GTF": null,
        "AREASFICHEIROSBN_GTF": null,
        "AREASFICHEIROSBX_GTF": null,
        "AREASFICHEIROSHX_GTF": null,
        "AREASFICHEIROZIP_SAA": null
      }
    },
    {
      "type": "Feature",
      "geometry": {
        "type": "Point",
        "coordinates": [
          -8.14416666666667,
          41.3291666666667
        ]
      },
      "properties": {
        "id": "20260332730",
        "DISTRITO": "Porto",
        "TIPO": "Florestal",
        "ANO": 2026.0,
        "AREAPOV": 0.0,
        "AREAMATO": 0.0015,
        "AREAAGRIC": 0.0,
        "AREATOTAL": 0.0015,
        "REACENDIMENTOS": 0.0,
        "QUEIMADA": 0.0,
        "FALSOALARME": 0.0,
        "FOGACHO": 1.0,
        "INCENDIO": 0.0,
        "AGRICOLA": 0.0,
        "NCCO": 20260332730.0,
        "NOMECCO": 3.0,
        "DATAALERTA": "03-03-2026",
        "HORAALERTA": "16:23",
        "LOCAL": "Sardoal",
        "CONCELHO": "Felgueiras",
        "FREGUESIA": "Borba de Godim",
        "FONTEALERTA": 112.0,
        "INE": 130303.0,
        "X": 199081.0,
        "Y": 484423.0,
        "DIA": 3.0,
        "MES": 3.0,
        "HORA": 16.0,
        "OPERADOR": 2195409.0,
        "PERIMETRO": null,
        "APS": null,
        "CAUSA": 11300.0,
        "TIPOCAUSA": "Desconhecida",
        "DHINICIO": "03-03-2026 16:23:00",
        "DHFIM": "03-03-2026 17:09:00",
        "DURACAO": 46.0,
        "HAHORA": 0.0015,
        "DATAEXTINCAO": "03-03-2026",
        "HORAEXTINCAO": "17:09",
        "DATA1INTERVENCAO": "03-03-2026",
        "HORA1INTERVENCAO": "16:40",
        "QUEIMA": 0.0,
        "CAUSAFAMILIA": "Indeterminadas",
        "TEMPERATURA": 18.1864261627197,
        "HUMIDADERELATIVA": 51.6192359924316,
        "VENTOINTENSIDADE": 9.66778087615967,
        "VENTOINTENSIDADE_VETOR": null,
        "VENTODIRECAO_VETOR": null,
        "PRECEPITACAO": 0.0,
        "FFMC": null,
        "DMC": null,
        "DC": null,
        "ISI": null,
        "BUI": null,
        "FWI": null,
        "DSR": null,
        "THC": null,
        "MODFARSITE": null,
        "ALTITUDEMEDIA": 327.229,
        "DECLIVEMEDIO": 33.24,
        "HORASEXPOSICAOMEDIA": null,
        "DENDIDADERV": 223.561,
        "COSN5VARIEDADE": 14.71,
        "AREAMANCHAMODFARSITE": null,
        "AREASFICHEIROS_GNR": "http://fogos.icnf.pt/sgif2010/ficheiroskml/20260332730.kmz",
        "AREASFICHEIROS_GTF": null,
        "FICHEIROIMAGEM_GNR": null,
        "AREASFICHEIROSHP_GTF": null,
        "AREASFICHEIROSHPXML_GTF": null,
        "AREASFICHEIRODBF_GTF": null,
        "AREASFICHEIROPRJ_GTF": null,
        "AREASFICHEIROSBN_GTF": null,
        "AREASFICHEIROSBX_GTF": null,
        "AREASFICHEIROSHX_GTF": null,
        "AREASFICHEIROZIP_SAA": null
      }
    },
    {
      "type": "Feature",
      "geometry": {
        "type": "Point",
        "coordinates": [
          -8.54259499973721,
          40.7821350002289
        ]
      },
      "properties": {
        "id": "20260284318",
        "DISTRITO": "Aveiro",
        "TIPO": "Florestal",
        "ANO": 2026.0,
        "AREAPOV": 0.0,
        "AREAMATO": 0.007,
        "AREAAGRIC": 0.0,
        "AREATOTAL": 0.007,
        "REACENDIMENTOS": 0.0,
        "QUEIMADA": 0.0,
        "FALSOALARME": 0.0,
        "FOGACHO": 1.0,
        "INCENDIO": 0.0,
        "AGRICOLA": 0.0,
        "NCCO": 20260284318.0,
        "NOMECCO": 2.0,
        "DATAALERTA": "21-02-2026",
        "HORAALERTA": "16:48",
        "LOCAL": "Estrada Paralela A1 / S*N (Pinhal das Enxutas)",
        "CONCELHO": "Estarreja",
        "FREGUESIA": "Beduído",
        "FONTEALERTA": 112.0,
        "INE": 10802.0,
        "X": 165435.0,
        "Y": 423766.0,
        "DIA": 21.0,
        "MES": 2.0,
        "HORA": 16.0,
        "OPERADOR": 1925030.0,
        "PERIMETRO": null,
        "APS": null,
        "CAUSA": 11300.0,
        "TIPOCAUSA": "Desconhecida",
        "DHINICIO": "21-02-2026 16:48:00",
        "DHFIM": "21-02-2026 17:28:00",
        "DURACAO": 40.0,
        "HAHORA": 0.007,
        "DATAEXTINCAO": "21-02-2026",
        "HORAEXTINCAO": "17:28",
        "DATA1INTERVENCAO": "21-02-2026",
        "HORA1INTERVENCAO": "17:05",
        "QUEIMA": 0.0,
        "CAUSAFAMILIA": "Indeterminadas",
        "TEMPERATURA": 18.5526371002197,
        "HUMIDADERELATIVA": 51.2125244140625,
        "VENTOINTENSIDADE": 3.28725242614746,
        "VENTOINTENSIDADE_VETOR": null,
        "VENTODIRECAO_VETOR": null,
        "PRECEPITACAO": 0.0,
        "FFMC": null,
        "DMC": null,
        "DC": null,
        "ISI": null,
        "BUI": null,
        "FWI": null,
        "DSR": null,
        "THC": null,
        "MODFARSITE": null,
        "ALTITUDEMEDIA": 64.4894,
        "DECLIVEMEDIO": 2.66319,
        "HORASEXPOSICAOMEDIA": null,
        "DENDIDADERV": 476.272,
        "COSN5VARIEDADE": 12.31,
        "AREAMANCHAMODFARSITE": null,
        "AREASFICHEIROS_GNR": null,
        "AREASFICHEIROS_GTF": null,
        "FICHEIROIMAGEM_GNR": null,
        "AREASFICHEIROSHP_GTF": null,
        "AREASFICHEIROSHPXML_GTF": null,
        "AREASFICHEIRODBF_GTF": null,
        "AREASFICHEIROPRJ_GTF": null,
        "AREASFICHEIROSBN_GTF": null,
        "AREASFICHEIROSBX_GTF": null,
        "AREASFICHEIROSHX_GTF": null,
        "AREASFICHEIROZIP_SAA": null
      }
    },
    {
      "type": "Feature",
      "geometry": {
        "type": "Point",
        "coordinates": [
          -7.7094949997796,
          40.2471780003442
        ]
      },
      "properties": {
        "id": "20260048800",
        "DISTRITO": "Castelo Branco",
        "TIPO": "Florestal",
        "ANO": 2026.0,
        "AREAPOV": 0.001,
        "AREAMATO": 0.0,
        "AREAAGRIC": 0.0,
        "AREATOTAL": 0.001,
        "REACENDIMENTOS": 0.0,
        "QUEIMADA": 0.0,
        "FALSOALARME": 0.0,
        "FOGACHO": 1.0,
        "INCENDIO": 0.0,
        "AGRICOLA": 0.0,
        "NCCO": 20260048800.0,
        "NOMECCO": 0.0,
        "DATAALERTA": "10-01-2026",
        "HORAALERTA": "22:03",
        "LOCAL": "Trigais - Trigais (IC6 (EN230) Km 167)",
        "CONCELHO": "Covilhã",
        "FREGUESIA": "Erada",
        "FONTEALERTA": 112.0,
        "INE": 50310.0,
        "X": 236044.0,
        "Y": 364365.0,
        "DIA": 10.0,
        "MES": 1.0,
        "HORA": 22.0,
        "OPERADOR": "sigo",
        "PERIMETRO": null,
        "APS": null,
        "CAUSA": 11300.0,
        "TIPOCAUSA": "Desconhecida",
        "DHINICIO": "10-01-2026 22:03:00",
        "DHFIM": "10-01-2026 22:59:00",
        "DURACAO": 56.0,
        "HAHORA": 0.001,
        "DATAEXTINCAO": "10-01-2026",
        "HORAEXTINCAO": "22:59",
        "DATA1INTERVENCAO": "10-01-2026",
        "HORA1INTERVENCAO": "22:25",
        "QUEIMA": 0.0,
        "CAUSAFAMILIA": "Indeterminadas",
        "TEMPERATURA": 6.63271474838257,
        "HUMIDADERELATIVA": 90.94287109375,
        "VENTOINTENSIDADE": 6.1546573638916,
        "VENTOINTENSIDADE_VETOR": null,
        "VENTODIRECAO_VETOR": null,
        "PRECEPITACAO": 0.0,
        "FFMC": null,
        "DMC": null,
        "DC": null,
        "ISI": null,
        "BUI": null,
        "FWI": null,
        "DSR": null,
        "THC": null,
        "MODFARSITE": 233.0,
        "ALTITUDEMEDIA": 864.047,
        "DECLIVEMEDIO": 37.7667,
        "HORASEXPOSICAOMEDIA": null,
        "DENDIDADERV": 124.238,
        "COSN5VARIEDADE": 5.69,
        "AREAMANCHAMODFARSITE": 10066.3,
        "AREASFICHEIROS_GNR": null,
        "AREASFICHEIROS_GTF": null,
        "FICHEIROIMAGEM_GNR": null,
        "AREASFICHEIROSHP_GTF": null,
        "AREASFICHEIROSHPXML_GTF": null,
        "AREASFICHEIRODBF_GTF": null,
        "AREASFICHEIROPRJ_GTF": null,
        "AREASFICHEIROSBN_GTF": null,
        "AREASFICHEIROSBX_GTF": null,
        "AREASFICHEIROSHX_GTF": null,
        "AREASFICHEIROZIP_SAA": null
      }
    },
    {
      "type": "Feature",
      "geometry": {
        "type": "Point",
        "coordinates": [
          -8.05083333333333,
          40.5658333333333
        ]
      },
      "properties": {
        "id": "20260302457",
        "DISTRITO": "Viseu",
        "TIPO": "Florestal",
        "ANO": 2026.0,
        "AREAPOV": 0.0009,
        "AREAMATO": 0.0,
        "AREAAGRIC": 0.0,
        "AREATOTAL": 0.0009,
        "REACENDIMENTOS": 0.0,
        "QUEIMADA": 0.0,
        "FALSOALARME": 0.0,
        "FOGACHO": 1.0,
        "INCENDIO": 0.0,
        "AGRICOLA": 0.0,
        "NCCO": 20260302457.0,
        "NOMECCO": 3.0,
        "DATAALERTA": "25-02-2026",
        "HORAALERTA": "12:17",
        "LOCAL": "Amiais",
        "CONCELHO": "Tondela",
        "FREGUESIA": "Canas de Santa Maria",
        "FONTEALERTA": 117.0,
        "INE": 182103.0,
        "X": 206959.0,
        "Y": 399671.0,
        "DIA": 25.0,
        "MES": 2.0,
        "HORA": 12.0,
        "OPERADOR": 2000464.0,
        "PERIMETRO": null,
        "APS": null,
        "CAUSA": 11300.0,
        "TIPOCAUSA": "Desconhecida",
        "DHINICIO": "25-02-2026 12:17:00",
        "DHFIM": "25-02-2026 12:43:00",
        "DURACAO": 26.0,
        "HAHORA": 0.0009,
        "DATAEXTINCAO": "25-02-2026",
        "HORAEXTINCAO": "12:43",
        "DATA1INTERVENCAO": "25-02-2026",
        "HORA1INTERVENCAO": "12:30",
        "QUEIMA": 0.0,
        "CAUSAFAMILIA": "Indeterminadas",
        "TEMPERATURA": 17.0660648345947,
        "HUMIDADERELATIVA": 73.3151016235352,
        "VENTOINTENSIDADE": 6.98241376876831,
        "VENTOINTENSIDADE_VETOR": null,
        "VENTODIRECAO_VETOR": null,
        "PRECEPITACAO": 0.0,
        "FFMC": null,
        "DMC": null,
        "DC": null,
        "ISI": null,
        "BUI": null,
        "FWI": null,
        "DSR": null,
        "THC": null,
        "MODFARSITE": 212.0,
        "ALTITUDEMEDIA": 318.14,
        "DECLIVEMEDIO": 10.1297,
        "HORASEXPOSICAOMEDIA": null,
        "DENDIDADERV": 203.897,
        "COSN5VARIEDADE": 19.85,
        "AREAMANCHAMODFARSITE": 18.4788,
        "AREASFICHEIROS_GNR": "http://fogos.icnf.pt/sgif2010/ficheiroskml/20260302457.kml",
        "AREASFICHEIROS_GTF": null,
        "FICHEIROIMAGEM_GNR": null,
        "AREASFICHEIROSHP_GTF": null,
        "AREASFICHEIROSHPXML_GTF": null,
        "AREASFICHEIRODBF_GTF": null,
        "AREASFICHEIROPRJ_GTF": null,
        "AREASFICHEIROSBN_GTF": null,
        "AREASFICHEIROSBX_GTF": null,
        "AREASFICHEIROSHX_GTF": null,
        "AREASFICHEIROZIP_SAA": null
      }
    },
    {
      "type": "Feature",
      "geometry": {
        "type": "Point",
        "coordinates": [
          -8.52905300034417,
          40.8979200002882
        ]
      },
      "properties": {
        "id": "20260299731",
        "DISTRITO": "Aveiro",
        "TIPO": "Florestal",
        "ANO": 2026.0,
        "AREAPOV": 0.0,
        "AREAMATO": 0.001,
        "AREAAGRIC": 0.0,
        "AREATOTAL": 0.001,
        "REACENDIMENTOS": 0.0,
        "QUEIMADA": 0.0,
        "FALSOALARME": 0.0,
        "FOGACHO": 1.0,
        "INCENDIO": 0.0,
        "AGRICOLA": 0.0,
        "NCCO": 20260299731.0,
        "NOMECCO": 2.0,
        "DATAALERTA": "24-02-2026",
        "HORAALERTA": "19:46",
        "LOCAL": "Rua do Ecocentro (Barreiros)",
        "CONCELHO": "Santa Maria da Feira",
        "FREGUESIA": "Mosteiró",
        "FONTEALERTA": null,
        "INE": 10915.0,
        "X": 166637.0,
        "Y": 436618.0,
        "DIA": 24.0,
        "MES": 2.0,
        "HORA": 19.0,
        "OPERADOR": 2045027.0,
        "PERIMETRO": null,
        "APS": null,
        "CAUSA": 11300.0,
        "TIPOCAUSA": "Desconhecida",
        "DHINICIO": "24-02-2026 19:46:00",
        "DHFIM": "24-02-2026 20:15:00",
        "DURACAO": 29.0,
        "HAHORA": 0.001,
        "DATAEXTINCAO": "24-02-2026",
        "HORAEXTINCAO": "20:15",
        "DATA1INTERVENCAO": "24-02-2026",
        "HORA1INTERVENCAO": "20:08",
        "QUEIMA": 0.0,
        "CAUSAFAMILIA": "Indeterminadas",
        "TEMPERATURA": 14.2906742095947,
        "HUMIDADERELATIVA": 75.2034378051758,
        "VENTOINTENSIDADE": 16.6767482757568,
        "VENTOINTENSIDADE_VETOR": null,
        "VENTODIRECAO_VETOR": null,
        "PRECEPITACAO": 0.0,
        "FFMC": null,
        "DMC": null,
        "DC": null,
        "ISI": null,
        "BUI": null,
        "FWI": null,
        "DSR": null,
        "THC": null,
        "MODFARSITE": null,
        "ALTITUDEMEDIA": 165.342,
        "DECLIVEMEDIO": 12.3012,
        "HORASEXPOSICAOMEDIA": null,
        "DENDIDADERV": 754.289,
        "COSN5VARIEDADE": 18.12,
        "AREAMANCHAMODFARSITE": null,
        "AREASFICHEIROS_GNR": null,
        "AREASFICHEIROS_GTF": null,
        "FICHEIROIMAGEM_GNR": null,
        "AREASFICHEIROSHP_GTF": null,
        "AREASFICHEIROSHPXML_GTF": null,
        "AREASFICHEIRODBF_GTF": null,
        "AREASFICHEIROPRJ_GTF": null,
        "AREASFICHEIROSBN_GTF": null,
        "AREASFICHEIROSBX_GTF": null,
        "AREASFICHEIROSHX_GTF": null,
        "AREASFICHEIROZIP_SAA": null
      }
    },
    {
      "type": "Feature",
      "geometry": {
        "type": "Point",
        "coordinates": [
          -8.12462299982707,
          38.2012379999955
        ]
      },
      "properties": {
        "id": "20260353969",
        "DISTRITO": "Beja",
        "TIPO": "Florestal",
        "ANO": 2026.0,
        "AREAPOV": 0.0,
        "AREAMATO": 0.0024,
        "AREAAGRIC": 0.0,
        "AREATOTAL": 0.0024,
        "REACENDIMENTOS": 0.0,
        "QUEIMADA": 0.0,
        "FALSOALARME": 0.0,
        "FOGACHO": 1.0,
        "INCENDIO": 0.0,
        "AGRICOLA": 0.0,
        "NCCO": 20260353969.0,
        "NOMECCO": 3.0,
        "DATAALERTA": "08-03-2026",
        "HORAALERTA": "08:13",
        "LOCAL": "EM 1001 Boeiros (BOEIROS)",
        "CONCELHO": "Ferreira do Alentejo",
        "FREGUESIA": "Odivelas",
        "FONTEALERTA": "Outros",
        "INE": 20804.0,
        "X": 200740.0,
        "Y": 137138.0,
        "DIA": 8.0,
        "MES": 3.0,
        "HORA": 8.0,
        "OPERADOR": 2020979.0,
        "PERIMETRO": null,
        "APS": null,
        "CAUSA": 11300.0,
        "TIPOCAUSA": "Desconhecida",
        "DHINICIO": "08-03-2026 08:13:00",
        "DHFIM": "08-03-2026 08:45:00",
        "DURACAO": 32.0,
        "HAHORA": 0.0024,
        "DATAEXTINCAO": "08-03-2026",
        "HORAEXTINCAO": "08:45",
        "DATA1INTERVENCAO": "08-03-2026",
        "HORA1INTERVENCAO": "08:40",
        "QUEIMA": 0.0,
        "CAUSAFAMILIA": "Indeterminadas",
        "TEMPERATURA": 8.01137733459473,
        "HUMIDADERELATIVA": 90.1727905273438,
        "VENTOINTENSIDADE": 6.12803840637207,
        "VENTOINTENSIDADE_VETOR": null,
        "VENTODIRECAO_VETOR": null,
        "PRECEPITACAO": 0.0,
        "FFMC": null,
        "DMC": null,
        "DC": null,
        "ISI": null,
        "BUI": null,
        "FWI": null,
        "DSR": null,
        "THC": null,
        "MODFARSITE": 232.0,
        "ALTITUDEMEDIA": 116.255,
        "DECLIVEMEDIO": 2.71305,
        "HORASEXPOSICAOMEDIA": null,
        "DENDIDADERV": 32.9946,
        "COSN5VARIEDADE": 13.91,
        "AREAMANCHAMODFARSITE": 176.241,
        "AREASFICHEIROS_GNR": null,
        "AREASFICHEIROS_GTF": null,
        "FICHEIROIMAGEM_GNR": null,
        "AREASFICHEIROSHP_GTF": null,
        "AREASFICHEIROSHPXML_GTF": null,
        "AREASFICHEIRODBF_GTF": null,
        "AREASFICHEIROPRJ_GTF": null,
        "AREASFICHEIROSBN_GTF": null,
        "AREASFICHEIROSBX_GTF": null,
        "AREASFICHEIROSHX_GTF": null,
        "AREASFICHEIROZIP_SAA": null
      }
    },
    {
      "type": "Feature",
      "geometry": {
        "type": "Point",
        "coordinates": [
          -8.05916666666667,
          38.4516666666667
        ]
      },
      "properties": {
        "id": "20260024131",
        "DISTRITO": "Évora",
        "TIPO": "Agrícola",
        "ANO": 2026.0,
        "AREAPOV": 0.0,
        "AREAMATO": 0.0,
        "AREAAGRIC": 0.1595,
        "AREATOTAL": 0.1595,
        "REACENDIMENTOS": 0.0,
        "QUEIMADA": 0.0,
        "FALSOALARME": 0.0,
        "FOGACHO": 0.0,
        "INCENDIO": 0.0,
        "AGRICOLA": 1.0,
        "NCCO": 20260024131.0,
        "NOMECCO": 0.0,
        "DATAALERTA": "05-01-2026",
        "HORAALERTA": "18:35",
        "LOCAL": "Herdade do Hospital",
        "CONCELHO": "Évora",
        "FREGUESIA": "Nossa Senhora da Tourega",
        "FONTEALERTA": 112.0,
        "INE": 70504.0,
        "X": 206462.0,
        "Y": 164924.0,
        "DIA": 5.0,
        "MES": 1.0,
        "HORA": 18.0,
        "OPERADOR": 2010557.0,
        "PERIMETRO": null,
        "APS": null,
        "CAUSA": 31112.0,
        "TIPOCAUSA": "Negligente",
        "DHINICIO": "05-01-2026 18:35:00",
        "DHFIM": "05-01-2026 19:07:00",
        "DURACAO": 32.0,
        "HAHORA": 0.1595,
        "DATAEXTINCAO": "05-01-2026",
        "HORAEXTINCAO": "19:07",
        "DATA1INTERVENCAO": "05-01-2026",
        "HORA1INTERVENCAO": "19:01",
        "QUEIMA": 0.0,
        "CAUSAFAMILIA": "Acidentais - Transportes e Comunicações",
        "TEMPERATURA": 6.36586904525757,
        "HUMIDADERELATIVA": 57.3203735351563,
        "VENTOINTENSIDADE": 18.7557811737061,
        "VENTOINTENSIDADE_VETOR": null,
        "VENTODIRECAO_VETOR": null,
        "PRECEPITACAO": 0.0,
        "FFMC": null,
        "DMC": null,
        "DC": null,
        "ISI": null,
        "BUI": null,
        "FWI": null,
        "DSR": null,
        "THC": null,
        "MODFARSITE": 232.0,
        "ALTITUDEMEDIA": 184.792,
        "DECLIVEMEDIO": 2.73604,
        "HORASEXPOSICAOMEDIA": null,
        "DENDIDADERV": 19.183,
        "COSN5VARIEDADE": 6.6,
        "AREAMANCHAMODFARSITE": 20982.6,
        "AREASFICHEIROS_GNR": "http://fogos.icnf.pt/sgif2010/ficheiroskml/20260024131.kml",
        "AREASFICHEIROS_GTF": null,
        "FICHEIROIMAGEM_GNR": null,
        "AREASFICHEIROSHP_GTF": null,
        "AREASFICHEIROSHPXML_GTF": null,
        "AREASFICHEIRODBF_GTF": null,
        "AREASFICHEIROPRJ_GTF": null,
        "AREASFICHEIROSBN_GTF": null,
        "AREASFICHEIROSBX_GTF": null,
        "AREASFICHEIROSHX_GTF": null,
        "AREASFICHEIROZIP_SAA": null
      }
    },
    {
      "type": "Feature",
      "geometry": {
        "type": "Point",
        "coordinates": [
          -8.67399000008901,
          40.6122550000085
        ]
      },
      "properties": {
        "id": "20260322323",
        "DISTRITO": "Aveiro",
        "TIPO": "Agrícola",
        "ANO": 2026.0,
        "AREAPOV": 0.0,
        "AREAMATO": 0.0,
        "AREAAGRIC": 0.0043,
        "AREATOTAL": 0.0043,
        "REACENDIMENTOS": 0.0,
        "QUEIMADA": 0.0,
        "FALSOALARME": 0.0,
        "FOGACHO": 0.0,
        "INCENDIO": 0.0,
        "AGRICOLA": 1.0,
        "NCCO": 20260322323.0,
        "NOMECCO": 3.0,
        "DATAALERTA": "01-03-2026",
        "HORAALERTA": "14:19",
        "LOCAL": "Malhada (Quinta da Salvada)",
        "CONCELHO": "Ílhavo",
        "FREGUESIA": "Ílhavo (São Salvador)",
        "FONTEALERTA": "Populares",
        "INE": 11004.0,
        "X": 154227.0,
        "Y": 404961.0,
        "DIA": 1.0,
        "MES": 3.0,
        "HORA": 14.0,
        "OPERADOR": 2045015.0,
        "PERIMETRO": null,
        "APS": null,
        "CAUSA": 31122.0,
        "TIPOCAUSA": "Negligente",
        "DHINICIO": "01-03-2026 14:19:00",
        "DHFIM": "01-03-2026 14:52:00",
        "DURACAO": 33.0,
        "HAHORA": 0.0043,
        "DATAEXTINCAO": "01-03-2026",
        "HORAEXTINCAO": "14:52",
        "DATA1INTERVENCAO": "01-03-2026",
        "HORA1INTERVENCAO": "14:38",
        "QUEIMA": 0.0,
        "CAUSAFAMILIA": "Acidentais - Transportes e Comunicações",
        "TEMPERATURA": 17.6114749908447,
        "HUMIDADERELATIVA": 65.6629943847656,
        "VENTOINTENSIDADE": 4.57862854003906,
        "VENTOINTENSIDADE_VETOR": null,
        "VENTODIRECAO_VETOR": null,
        "PRECEPITACAO": 0.0,
        "FFMC": null,
        "DMC": null,
        "DC": null,
        "ISI": null,
        "BUI": null,
        "FWI": null,
        "DSR": null,
        "THC": null,
        "MODFARSITE": 232.0,
        "ALTITUDEMEDIA": 1.67625,
        "DECLIVEMEDIO": 1.1159,
        "HORASEXPOSICAOMEDIA": null,
        "DENDIDADERV": 555.837,
        "COSN5VARIEDADE": 17.58,
        "AREAMANCHAMODFARSITE": 2.53957,
        "AREASFICHEIROS_GNR": null,
        "AREASFICHEIROS_GTF": null,
        "FICHEIROIMAGEM_GNR": null,
        "AREASFICHEIROSHP_GTF": null,
        "AREASFICHEIROSHPXML_GTF": null,
        "AREASFICHEIRODBF_GTF": null,
        "AREASFICHEIROPRJ_GTF": null,
        "AREASFICHEIROSBN_GTF": null,
        "AREASFICHEIROSBX_GTF": null,
        "AREASFICHEIROSHX_GTF": null,
        "AREASFICHEIROZIP_SAA": null
      }
    },
    {
      "type": "Feature",
      "geometry": {
        "type": "Point",
        "coordinates": [
          -8.71212199952867,
          40.3966959995694
        ]
      },
      "properties": {
        "id": "20260028659",
        "DISTRITO": "Coimbra",
        "TIPO": "Florestal",
        "ANO": 2026.0,
        "AREAPOV": 0.0,
        "AREAMATO": 0.001,
        "AREAAGRIC": 0.0,
        "AREATOTAL": 0.001,
        "REACENDIMENTOS": 0.0,
        "QUEIMADA": 0.0,
        "FALSOALARME": 0.0,
        "FOGACHO": 1.0,
        "INCENDIO": 0.0,
        "AGRICOLA": 0.0,
        "NCCO": 20260028659.0,
        "NOMECCO": 0.0,
        "DATAALERTA": "06-01-2026",
        "HORAALERTA": "16:13",
        "LOCAL": "A17 N>S Km 86.3 (Ramalheiro)",
        "CONCELHO": "Mira",
        "FREGUESIA": "Mira",
        "FONTEALERTA": null,
        "INE": 60801.0,
        "X": 150843.0,
        "Y": 381044.0,
        "DIA": 6.0,
        "MES": 1.0,
        "HORA": 16.0,
        "OPERADOR": 1971053.0,
        "PERIMETRO": null,
        "APS": null,
        "CAUSA": 31400.0,
        "TIPOCAUSA": "Negligente",
        "DHINICIO": "06-01-2026 16:13:00",
        "DHFIM": "06-01-2026 16:45:00",
        "DURACAO": 32.0,
        "HAHORA": 0.001,
        "DATAEXTINCAO": "06-01-2026",
        "HORAEXTINCAO": "16:45",
        "DATA1INTERVENCAO": "06-01-2026",
        "HORA1INTERVENCAO": "16:25",
        "QUEIMA": 0.0,
        "CAUSAFAMILIA": "Acidentais - Transportes e Comunicações",
        "TEMPERATURA": 9.20839881896973,
        "HUMIDADERELATIVA": 51.0419006347656,
        "VENTOINTENSIDADE": 14.3003854751587,
        "VENTOINTENSIDADE_VETOR": null,
        "VENTODIRECAO_VETOR": null,
        "PRECEPITACAO": 0.0,
        "FFMC": null,
        "DMC": null,
        "DC": null,
        "ISI": null,
        "BUI": null,
        "FWI": null,
        "DSR": null,
        "THC": null,
        "MODFARSITE": 231.0,
        "ALTITUDEMEDIA": 29.3044,
        "DECLIVEMEDIO": 1.4929,
        "HORASEXPOSICAOMEDIA": null,
        "DENDIDADERV": 285.747,
        "COSN5VARIEDADE": 21.32,
        "AREAMANCHAMODFARSITE": 1.38743,
        "AREASFICHEIROS_GNR": null,
        "AREASFICHEIROS_GTF": null,
        "FICHEIROIMAGEM_GNR": null,
        "AREASFICHEIROSHP_GTF": null,
        "AREASFICHEIROSHPXML_GTF": null,
        "AREASFICHEIRODBF_GTF": null,
        "AREASFICHEIROPRJ_GTF": null,
        "AREASFICHEIROSBN_GTF": null,
        "AREASFICHEIROSBX_GTF": null,
        "AREASFICHEIROSHX_GTF": null,
        "AREASFICHEIROZIP_SAA": null
      }
    },
    {
      "type": "Feature",
      "geometry": {
        "type": "Point",
        "coordinates": [
          -7.35100700000922,
          40.3517220000426
        ]
      },
      "properties": {
        "id": "20260297606",
        "DISTRITO": "Castelo Branco",
        "TIPO": "Florestal",
        "ANO": 2026.0,
        "AREAPOV": 0.0,
        "AREAMATO": 0.0235,
        "AREAAGRIC": 0.0,
        "AREATOTAL": 0.0235,
        "REACENDIMENTOS": 0.0,
        "QUEIMADA": 0.0,
        "FALSOALARME": 0.0,
        "FOGACHO": 1.0,
        "INCENDIO": 0.0,
        "AGRICOLA": 0.0,
        "NCCO": 20260297606.0,
        "NOMECCO": 2.0,
        "DATAALERTA": "24-02-2026",
        "HORAALERTA": "12:21",
        "LOCAL": "EN 345 (Fonte do Castiçal)",
        "CONCELHO": "Belmonte",
        "FREGUESIA": "Belmonte",
        "FONTEALERTA": "Populares",
        "INE": 50101.0,
        "X": 266444.0,
        "Y": 376181.0,
        "DIA": 24.0,
        "MES": 2.0,
        "HORA": 12.0,
        "OPERADOR": "sigo",
        "PERIMETRO": null,
        "APS": null,
        "CAUSA": 34200.0,
        "TIPOCAUSA": "Negligente",
        "DHINICIO": "24-02-2026 12:21:00",
        "DHFIM": "24-02-2026 12:40:00",
        "DURACAO": 19.0,
        "HAHORA": 0.0235,
        "DATAEXTINCAO": "24-02-2026",
        "HORAEXTINCAO": "12:40",
        "DATA1INTERVENCAO": "24-02-2026",
        "HORA1INTERVENCAO": "12:28",
        "QUEIMA": 0.0,
        "CAUSAFAMILIA": "Acidentais - Maquinaria",
        "TEMPERATURA": 17.0721683502197,
        "HUMIDADERELATIVA": 76.4732513427734,
        "VENTOINTENSIDADE": 19.0883255004883,
        "VENTOINTENSIDADE_VETOR": null,
        "VENTODIRECAO_VETOR": null,
        "PRECEPITACAO": 6.103515625e-05,
        "FFMC": null,
        "DMC": null,
        "DC": null,
        "ISI": null,
        "BUI": null,
        "FWI": null,
        "DSR": null,
        "THC": null,
        "MODFARSITE": null,
        "ALTITUDEMEDIA": 498.648,
        "DECLIVEMEDIO": 8.99328,
        "HORASEXPOSICAOMEDIA": null,
        "DENDIDADERV": 217.367,
        "COSN5VARIEDADE": 18.0,
        "AREAMANCHAMODFARSITE": null,
        "AREASFICHEIROS_GNR": null,
        "AREASFICHEIROS_GTF": null,
        "FICHEIROIMAGEM_GNR": null,
        "AREASFICHEIROSHP_GTF": null,
        "AREASFICHEIROSHPXML_GTF": null,
        "AREASFICHEIRODBF_GTF": null,
        "AREASFICHEIROPRJ_GTF": null,
        "AREASFICHEIROSBN_GTF": null,
        "AREASFICHEIROSBX_GTF": null,
        "AREASFICHEIROSHX_GTF": null,
        "AREASFICHEIROZIP_SAA": null
      }
    },
    {
      "type": "Feature",
      "geometry": {
        "type": "Point",
        "coordinates": [
          -7.83222222222222,
          38.3047222222222
        ]
      },
      "properties": {
        "id": "20260027731",
        "DISTRITO": "Évora",
        "TIPO": "Agrícola",
        "ANO": 2026.0,
        "AREAPOV": 0.602056793904305,
        "AREAMATO": 2.25452167310715,
        "AREAAGRIC": 0.0,
        "AREATOTAL": 2.85657846701145,
        "REACENDIMENTOS": 0.0,
        "QUEIMADA": 0.0,
        "FALSOALARME": 0.0,
        "FOGACHO": 0.0,
        "INCENDIO": 1.0,
        "AGRICOLA": 0.0,
        "NCCO": 20260027731.0,
        "NOMECCO": 0.0,
        "DATAALERTA": "06-01-2026",
        "HORAALERTA": "13:29",
        "LOCAL": "Herdade da Vanga",
        "CONCELHO": "Portel",
        "FREGUESIA": "Santana",
        "FONTEALERTA": 112.0,
        "INE": 70906.0,
        "X": 226313.0,
        "Y": 148658.0,
        "DIA": 6.0,
        "MES": 1.0,
        "HORA": 13.0,
        "OPERADOR": 2010557.0,
        "PERIMETRO": null,
        "APS": null,
        "CAUSA": 41001.0,
        "TIPOCAUSA": "Negligente",
        "DHINICIO": "06-01-2026 13:29:00",
        "DHFIM": "06-01-2026 14:37:00",
        "DURACAO": 68.0,
        "HAHORA": 2.85657846701145,
        "DATAEXTINCAO": "06-01-2026",
        "HORAEXTINCAO": "14:37",
        "DATA1INTERVENCAO": "06-01-2026",
        "HORA1INTERVENCAO": "13:54",
        "QUEIMA": 0.0,
        "CAUSAFAMILIA": "Uso do fogo - Queima de lixo",
        "TEMPERATURA": 9.17836952209473,
        "HUMIDADERELATIVA": 53.9763946533203,
        "VENTOINTENSIDADE": 14.2500219345093,
        "VENTOINTENSIDADE_VETOR": null,
        "VENTODIRECAO_VETOR": null,
        "PRECEPITACAO": 0.0,
        "FFMC": null,
        "DMC": null,
        "DC": null,
        "ISI": null,
        "BUI": null,
        "FWI": null,
        "DSR": null,
        "THC": null,
        "MODFARSITE": null,
        "ALTITUDEMEDIA": 271.766,
        "DECLIVEMEDIO": 7.4958,
        "HORASEXPOSICAOMEDIA": null,
        "DENDIDADERV": 44.9943,
        "COSN5VARIEDADE": 9.74,
        "AREAMANCHAMODFARSITE": null,
        "AREASFICHEIROS_GNR": "http://fogos.icnf.pt/sgif2010/ficheiroskml/20260027731.kml",
        "AREASFICHEIROS_GTF": null,
        "FICHEIROIMAGEM_GNR": null,
        "AREASFICHEIROSHP_GTF": null,
        "AREASFICHEIROSHPXML_GTF": null,
        "AREASFICHEIRODBF_GTF": null,
        "AREASFICHEIROPRJ_GTF": null,
        "AREASFICHEIROSBN_GTF": null,
        "AREASFICHEIROSBX_GTF": null,
        "AREASFICHEIROSHX_GTF": null,
        "AREASFICHEIROZIP_SAA": null
      }
    },
    {
      "type": "Feature",
      "geometry": {
        "type": "Point",
        "coordinates": [
          -8.5970909998152,
          40.9877869998084
        ]
      },
      "properties": {
        "id": "20260323412",
        "DISTRITO": "Aveiro",
        "TIPO": "Florestal",
        "ANO": 2026.0,
        "AREAPOV": 0.0,
        "AREAMATO": 0.01,
        "AREAAGRIC": 0.0,
        "AREATOTAL": 0.01,
        "REACENDIMENTOS": 0.0,
        "QUEIMADA": 0.0,
        "FALSOALARME": 0.0,
        "FOGACHO": 1.0,
        "INCENDIO": 0.0,
        "AGRICOLA": 0.0,
        "NCCO": 20260323412.0,
        "NOMECCO": 3.0,
        "DATAALERTA": "01-03-2026",
        "HORAALERTA": "18:40",
        "LOCAL": "Rua da Fronteira (São Paio de Oleiros)",
        "CONCELHO": "Santa Maria da Feira",
        "FREGUESIA": "São Paio de Oleiros",
        "FONTEALERTA": null,
        "INE": 10918.0,
        "X": 160956.0,
        "Y": 446627.0,
        "DIA": 1.0,
        "MES": 3.0,
        "HORA": 18.0,
        "OPERADOR": 2045027.0,
        "PERIMETRO": null,
        "APS": null,
        "CAUSA": 41400.0,
        "TIPOCAUSA": "Negligente",
        "DHINICIO": "01-03-2026 18:40:00",
        "DHFIM": "01-03-2026 19:45:00",
        "DURACAO": 65.0,
        "HAHORA": 0.01,
        "DATAEXTINCAO": "01-03-2026",
        "HORAEXTINCAO": "19:45",
        "DATA1INTERVENCAO": "01-03-2026",
        "HORA1INTERVENCAO": "19:01",
        "QUEIMA": 0.0,
        "CAUSAFAMILIA": "Uso do fogo - Queima de lixo",
        "TEMPERATURA": 14.1148929595947,
        "HUMIDADERELATIVA": 82.9805297851563,
        "VENTOINTENSIDADE": 7.06873512268066,
        "VENTOINTENSIDADE_VETOR": null,
        "VENTODIRECAO_VETOR": null,
        "PRECEPITACAO": 0.0,
        "FFMC": null,
        "DMC": null,
        "DC": null,
        "ISI": null,
        "BUI": null,
        "FWI": null,
        "DSR": null,
        "THC": null,
        "MODFARSITE": null,
        "ALTITUDEMEDIA": 53.9137,
        "DECLIVEMEDIO": 8.69509,
        "HORASEXPOSICAOMEDIA": null,
        "DENDIDADERV": 915.418,
        "COSN5VARIEDADE": 16.42,
        "AREAMANCHAMODFARSITE": null,
        "AREASFICHEIROS_GNR": null,
        "AREASFICHEIROS_GTF": null,
        "FICHEIROIMAGEM_GNR": null,
        "AREASFICHEIROSHP_GTF": null,
        "AREASFICHEIROSHPXML_GTF": null,
        "AREASFICHEIRODBF_GTF": null,
        "AREASFICHEIROPRJ_GTF": null,
        "AREASFICHEIROSBN_GTF": null,
        "AREASFICHEIROSBX_GTF": null,
        "AREASFICHEIROSHX_GTF": null,
        "AREASFICHEIROZIP_SAA": null
      }
    },
    {
      "type": "Feature",
      "geometry": {
        "type": "Point",
        "coordinates": [
          -7.47985500017802,
          39.7989899995592
        ]
      },
      "properties": {
        "id": "20260310247",
        "DISTRITO": "Castelo Branco",
        "TIPO": "Florestal",
        "ANO": 2026.0,
        "AREAPOV": 0.0258,
        "AREAMATO": 0.0,
        "AREAAGRIC": 0.0,
        "AREATOTAL": 0.0258,
        "REACENDIMENTOS": 0.0,
        "QUEIMADA": 0.0,
        "FALSOALARME": 0.0,
        "FOGACHO": 1.0,
        "INCENDIO": 0.0,
        "AGRICOLA": 0.0,
        "NCCO": 20260310247.0,
        "NOMECCO": 3.0,
        "DATAALERTA": "26-02-2026",
        "HORAALERTA": "21:28",
        "LOCAL": "Sapateira",
        "CONCELHO": "Castelo Branco",
        "FREGUESIA": "Castelo Branco",
        "FONTEALERTA": 112.0,
        "INE": 50205.0,
        "X": 255947.0,
        "Y": 314718.0,
        "DIA": 26.0,
        "MES": 2.0,
        "HORA": 21.0,
        "OPERADOR": "sigo",
        "PERIMETRO": null,
        "APS": null,
        "CAUSA": 41500.0,
        "TIPOCAUSA": "Negligente",
        "DHINICIO": "26-02-2026 21:28:00",
        "DHFIM": "26-02-2026 22:00:00",
        "DURACAO": 32.0,
        "HAHORA": 0.0258,
        "DATAEXTINCAO": "26-02-2026",
        "HORAEXTINCAO": "22:00",
        "DATA1INTERVENCAO": "26-02-2026",
        "HORA1INTERVENCAO": "21:45",
        "QUEIMA": 0.0,
        "CAUSAFAMILIA": "Uso do fogo - Queima de lixo",
        "TEMPERATURA": 12.9344730377197,
        "HUMIDADERELATIVA": 88.631462097168,
        "VENTOINTENSIDADE": 7.17786455154419,
        "VENTOINTENSIDADE_VETOR": null,
        "VENTODIRECAO_VETOR": null,
        "PRECEPITACAO": 0.0,
        "FFMC": null,
        "DMC": null,
        "DC": null,
        "ISI": null,
        "BUI": null,
        "FWI": null,
        "DSR": null,
        "THC": null,
        "MODFARSITE": null,
        "ALTITUDEMEDIA": 407.058,
        "DECLIVEMEDIO": 12.7137,
        "HORASEXPOSICAOMEDIA": null,
        "DENDIDADERV": 449.542,
        "COSN5VARIEDADE": 21.9,
        "AREAMANCHAMODFARSITE": null,
        "AREASFICHEIROS_GNR": null,
        "AREASFICHEIROS_GTF": null,
        "FICHEIROIMAGEM_GNR": null,
        "AREASFICHEIROSHP_GTF": null,
        "AREASFICHEIROSHPXML_GTF": null,
        "AREASFICHEIRODBF_GTF": null,
        "AREASFICHEIROPRJ_GTF": null,
        "AREASFICHEIROSBN_GTF": null,
        "AREASFICHEIROSBX_GTF": null,
        "AREASFICHEIROSHX_GTF": null,
        "AREASFICHEIROZIP_SAA": null
      }
    },
    {
      "type": "Feature",
      "geometry": {
        "type": "Point",
        "coordinates": [
          -7.69361111111111,
          37.3352777777778
        ]
      },
      "properties": {
        "id": "20260317088",
        "DISTRITO": "Faro",
        "TIPO": "Florestal",
        "ANO": 2026.0,
        "AREAPOV": 0.0,
        "AREAMATO": 0.35,
        "AREAAGRIC": 0.0,
        "AREATOTAL": 0.35,
        "REACENDIMENTOS": 0.0,
        "QUEIMADA": 0.0,
        "FALSOALARME": 0.0,
        "FOGACHO": 1.0,
        "INCENDIO": 0.0,
        "AGRICOLA": 0.0,
        "NCCO": 20260317088.0,
        "NOMECCO": 3.0,
        "DATAALERTA": "28-02-2026",
        "HORAALERTA": "11:51",
        "LOCAL": "Palmela",
        "CONCELHO": "Alcoutim",
        "FREGUESIA": "Vaqueiros",
        "FONTEALERTA": null,
        "INE": 80205.0,
        "X": 238949.0,
        "Y": 41110.0,
        "DIA": 28.0,
        "MES": 2.0,
        "HORA": 11.0,
        "OPERADOR": 2000333.0,
        "PERIMETRO": null,
        "APS": null,
        "CAUSA": 42100.0,
        "TIPOCAUSA": "Negligente",
        "DHINICIO": "28-02-2026 11:51:00",
        "DHFIM": "28-02-2026 14:33:00",
        "DURACAO": 162.0,
        "HAHORA": 0.175,
        "DATAEXTINCAO": "28-02-2026",
        "HORAEXTINCAO": "14:33",
        "DATA1INTERVENCAO": "28-02-2026",
        "HORA1INTERVENCAO": "12:30",
        "QUEIMA": 0.0,
        "CAUSAFAMILIA": "Queimas amontoados de sobrantes florestais ou agrícolas",
        "TEMPERATURA": 12.9547367095947,
        "HUMIDADERELATIVA": 59.6739959716797,
        "VENTOINTENSIDADE": 12.5773801803589,
        "VENTOINTENSIDADE_VETOR": null,
        "VENTODIRECAO_VETOR": null,
        "PRECEPITACAO": 0.0,
        "FFMC": null,
        "DMC": null,
        "DC": null,
        "ISI": null,
        "BUI": null,
        "FWI": null,
        "DSR": null,
        "THC": null,
        "MODFARSITE": 236.0,
        "ALTITUDEMEDIA": 133.553,
        "DECLIVEMEDIO": 23.7513,
        "HORASEXPOSICAOMEDIA": null,
        "DENDIDADERV": 87.262,
        "COSN5VARIEDADE": 7.89,
        "AREAMANCHAMODFARSITE": 36.4528,
        "AREASFICHEIROS_GNR": null,
        "AREASFICHEIROS_GTF": null,
        "FICHEIROIMAGEM_GNR": null,
        "AREASFICHEIROSHP_GTF": null,
        "AREASFICHEIROSHPXML_GTF": null,
        "AREASFICHEIRODBF_GTF": null,
        "AREASFICHEIROPRJ_GTF": null,
        "AREASFICHEIROSBN_GTF": null,
        "AREASFICHEIROSBX_GTF": null,
        "AREASFICHEIROSHX_GTF": null,
        "AREASFICHEIROZIP_SAA": null
      }
    },
    {
      "type": "Feature",
      "geometry": {
        "type": "Point",
        "coordinates": [
          -7.74416666666667,
          40.5316666666667
        ]
      },
      "properties": {
        "id": "20260297905",
        "DISTRITO": "Viseu",
        "TIPO": "Agrícola",
        "ANO": 2026.0,
        "AREAPOV": 0.0,
        "AREAMATO": 0.58,
        "AREAAGRIC": 0.0,
        "AREATOTAL": 0.58,
        "REACENDIMENTOS": 0.0,
        "QUEIMADA": 0.0,
        "FALSOALARME": 0.0,
        "FOGACHO": 1.0,
        "INCENDIO": 0.0,
        "AGRICOLA": 0.0,
        "NCCO": 20260297905.0,
        "NOMECCO": 2.0,
        "DATAALERTA": "24-02-2026",
        "HORAALERTA": "13:22",
        "LOCAL": "Currais",
        "CONCELHO": "Mangualde",
        "FREGUESIA": "Cunha Baixa",
        "FONTEALERTA": 112.0,
        "INE": 180605.0,
        "X": 232946.0,
        "Y": 395955.0,
        "DIA": 24.0,
        "MES": 2.0,
        "HORA": 13.0,
        "OPERADOR": 2000464.0,
        "PERIMETRO": null,
        "APS": null,
        "CAUSA": 42100.0,
        "TIPOCAUSA": "Negligente",
        "DHINICIO": "24-02-2026 13:22:00",
        "DHFIM": "24-02-2026 17:08:00",
        "DURACAO": 226.0,
        "HAHORA": 0.193333333333333,
        "DATAEXTINCAO": "24-02-2026",
        "HORAEXTINCAO": "17:08",
        "DATA1INTERVENCAO": "24-02-2026",
        "HORA1INTERVENCAO": "13:40",
        "QUEIMA": 0.0,
        "CAUSAFAMILIA": "Queimas amontoados de sobrantes florestais ou agrícolas",
        "TEMPERATURA": 17.8895511627197,
        "HUMIDADERELATIVA": 67.9198608398438,
        "VENTOINTENSIDADE": 20.2187976837158,
        "VENTOINTENSIDADE_VETOR": null,
        "VENTODIRECAO_VETOR": null,
        "PRECEPITACAO": -0.0001220703125,
        "FFMC": null,
        "DMC": null,
        "DC": null,
        "ISI": null,
        "BUI": null,
        "FWI": null,
        "DSR": null,
        "THC": null,
        "MODFARSITE": null,
        "ALTITUDEMEDIA": 433.657,
        "DECLIVEMEDIO": 7.93875,
        "HORASEXPOSICAOMEDIA": null,
        "DENDIDADERV": 208.424,
        "COSN5VARIEDADE": 16.85,
        "AREAMANCHAMODFARSITE": null,
        "AREASFICHEIROS_GNR": "http://fogos.icnf.pt/sgif2010/ficheiroskml/20260297905 - Quinta do Grilo - Abrunhosa do Mato.kml",
        "AREASFICHEIROS_GTF": null,
        "FICHEIROIMAGEM_GNR": null,
        "AREASFICHEIROSHP_GTF": null,
        "AREASFICHEIROSHPXML_GTF": null,
        "AREASFICHEIRODBF_GTF": null,
        "AREASFICHEIROPRJ_GTF": null,
        "AREASFICHEIROSBN_GTF": null,
        "AREASFICHEIROSBX_GTF": null,
        "AREASFICHEIROSHX_GTF": null,
        "AREASFICHEIROZIP_SAA": null
      }
    },
    {
      "type": "Feature",
      "geometry": {
        "type": "Point",
        "coordinates": [
          -8.46605500009325,
          42.0625019995371
        ]
      },
      "properties": {
        "id": "20260298307",
        "DISTRITO": "Viana do Castelo",
        "TIPO": "Florestal",
        "ANO": 2026.0,
        "AREAPOV": 0.4,
        "AREAMATO": 0.6974,
        "AREAAGRIC": 0.0,
        "AREATOTAL": 1.0974,
        "REACENDIMENTOS": 0.0,
        "QUEIMADA": 0.0,
        "FALSOALARME": 0.0,
        "FOGACHO": 0.0,
        "INCENDIO": 1.0,
        "AGRICOLA": 0.0,
        "NCCO": 20260298307.0,
        "NOMECCO": 2.0,
        "DATAALERTA": "24-02-2026",
        "HORAALERTA": "14:33",
        "LOCAL": "Monte Redondo (Cordeiros)",
        "CONCELHO": "Monção",
        "FREGUESIA": "Troviscoso",
        "FONTEALERTA": null,
        "INE": 160430.0,
        "X": 172445.0,
        "Y": 565940.0,
        "DIA": 24.0,
        "MES": 2.0,
        "HORA": 14.0,
        "OPERADOR": 1950072.0,
        "PERIMETRO": null,
        "APS": null,
        "CAUSA": 42100.0,
        "TIPOCAUSA": "Negligente",
        "DHINICIO": "24-02-2026 14:33:00",
        "DHFIM": "24-02-2026 15:31:00",
        "DURACAO": 58.0,
        "HAHORA": 1.0974,
        "DATAEXTINCAO": "24-02-2026",
        "HORAEXTINCAO": "15:31",
        "DATA1INTERVENCAO": "24-02-2026",
        "HORA1INTERVENCAO": "14:41",
        "QUEIMA": 0.0,
        "CAUSAFAMILIA": "Queimas amontoados de sobrantes florestais ou agrícolas",
        "TEMPERATURA": 18.3016605377197,
        "HUMIDADERELATIVA": 63.3352966308594,
        "VENTOINTENSIDADE": 17.7846717834473,
        "VENTOINTENSIDADE_VETOR": null,
        "VENTODIRECAO_VETOR": null,
        "PRECEPITACAO": 0.0,
        "FFMC": null,
        "DMC": null,
        "DC": null,
        "ISI": null,
        "BUI": null,
        "FWI": null,
        "DSR": null,
        "THC": null,
        "MODFARSITE": 227.0,
        "ALTITUDEMEDIA": 24.2225,
        "DECLIVEMEDIO": 8.88712,
        "HORASEXPOSICAOMEDIA": null,
        "DENDIDADERV": 102.68,
        "COSN5VARIEDADE": 19.56,
        "AREAMANCHAMODFARSITE": 2.12877,
        "AREASFICHEIROS_GNR": "http://fogos.icnf.pt/sgif2010/ficheiroskml/20260298307.kml",
        "AREASFICHEIROS_GTF": null,
        "FICHEIROIMAGEM_GNR": null,
        "AREASFICHEIROSHP_GTF": null,
        "AREASFICHEIROSHPXML_GTF": null,
        "AREASFICHEIRODBF_GTF": null,
        "AREASFICHEIROPRJ_GTF": null,
        "AREASFICHEIROSBN_GTF": null,
        "AREASFICHEIROSBX_GTF": null,
        "AREASFICHEIROSHX_GTF": null,
        "AREASFICHEIROZIP_SAA": null
      }
    },
    {
      "type": "Feature",
      "geometry": {
        "type": "Point",
        "coordinates": [
          -7.8763879998525,
          41.1785329998864
        ]
      },
      "properties": {
        "id": "20260298344",
        "DISTRITO": "Vila Real",
        "TIPO": "Agrícola",
        "ANO": 2026.0,
        "AREAPOV": 0.0,
        "AREAMATO": 0.0,
        "AREAAGRIC": 0.0934,
        "AREATOTAL": 0.0934,
        "REACENDIMENTOS": 0.0,
        "QUEIMADA": 0.0,
        "FALSOALARME": 0.0,
        "FOGACHO": 0.0,
        "INCENDIO": 0.0,
        "AGRICOLA": 1.0,
        "NCCO": 20260298344.0,
        "NOMECCO": 2.0,
        "DATAALERTA": "24-02-2026",
        "HORAALERTA": "14:39",
        "LOCAL": "Vila Marim. Mesão Frio. Portugal (Salgueiro)",
        "CONCELHO": "Mesão Frio",
        "FREGUESIA": "Vila Marim",
        "FONTEALERTA": 112.0,
        "INE": 170407.0,
        "X": 221543.0,
        "Y": 467738.0,
        "DIA": 24.0,
        "MES": 2.0,
        "HORA": 14.0,
        "OPERADOR": 1985039.0,
        "PERIMETRO": null,
        "APS": null,
        "CAUSA": 42100.0,
        "TIPOCAUSA": "Negligente",
        "DHINICIO": "24-02-2026 14:39:00",
        "DHFIM": "24-02-2026 15:07:00",
        "DURACAO": 28.0,
        "HAHORA": 0.0934,
        "DATAEXTINCAO": "24-02-2026",
        "HORAEXTINCAO": "15:07",
        "DATA1INTERVENCAO": "24-02-2026",
        "HORA1INTERVENCAO": "14:55",
        "QUEIMA": 0.0,
        "CAUSAFAMILIA": "Queimas amontoados de sobrantes florestais ou agrícolas",
        "TEMPERATURA": 18.3016605377197,
        "HUMIDADERELATIVA": 63.3352966308594,
        "VENTOINTENSIDADE": 17.7846717834473,
        "VENTOINTENSIDADE_VETOR": null,
        "VENTODIRECAO_VETOR": null,
        "PRECEPITACAO": 0.0,
        "FFMC": null,
        "DMC": null,
        "DC": null,
        "ISI": null,
        "BUI": null,
        "FWI": null,
        "DSR": null,
        "THC": null,
        "MODFARSITE": null,
        "ALTITUDEMEDIA": 405.534,
        "DECLIVEMEDIO": 33.9782,
        "HORASEXPOSICAOMEDIA": null,
        "DENDIDADERV": 221.592,
        "COSN5VARIEDADE": 19.58,
        "AREAMANCHAMODFARSITE": null,
        "AREASFICHEIROS_GNR": null,
        "AREASFICHEIROS_GTF": null,
        "FICHEIROIMAGEM_GNR": null,
        "AREASFICHEIROSHP_GTF": null,
        "AREASFICHEIROSHPXML_GTF": null,
        "AREASFICHEIRODBF_GTF": null,
        "AREASFICHEIROPRJ_GTF": null,
        "AREASFICHEIROSBN_GTF": null,
        "AREASFICHEIROSBX_GTF": null,
        "AREASFICHEIROSHX_GTF": null,
        "AREASFICHEIROZIP_SAA": null
      }
    },
    {
      "type": "Feature",
      "geometry": {
        "type": "Point",
        "coordinates": [
          -9.2588099998898,
          38.7224569998847
        ]
      },
      "properties": {
        "id": "20260000116",
        "DISTRITO": "Lisboa",
        "TIPO": "Agrícola",
        "ANO": 2026.0,
        "AREAPOV": 0.0,
        "AREAMATO": 0.0,
        "AREAAGRIC": 0.001,
        "AREATOTAL": 0.001,
        "REACENDIMENTOS": 0.0,
        "QUEIMADA": 0.0,
        "FALSOALARME": 0.0,
        "FOGACHO": 0.0,
        "INCENDIO": 0.0,
        "AGRICOLA": 1.0,
        "NCCO": 20260000116.0,
        "NOMECCO": 0.0,
        "DATAALERTA": "01-01-2026",
        "HORAALERTA": "00:31",
        "LOCAL": "Queijas",
        "CONCELHO": "Oeiras",
        "FREGUESIA": "Queijas",
        "FONTEALERTA": null,
        "INE": 111010.0,
        "X": 102100.0,
        "Y": 195600.0,
        "DIA": 1.0,
        "MES": 1.0,
        "HORA": 0.0,
        "OPERADOR": 2101004.0,
        "PERIMETRO": null,
        "APS": null,
        "CAUSA": 42100.0,
        "TIPOCAUSA": "Negligente",
        "DHINICIO": "01-01-2026 00:31:00",
        "DHFIM": "01-01-2026 00:38:00",
        "DURACAO": 7.0,
        "HAHORA": 0.001,
        "DATAEXTINCAO": "01-01-2026",
        "HORAEXTINCAO": "00:38",
        "DATA1INTERVENCAO": null,
        "HORA1INTERVENCAO": null,
        "QUEIMA": 0.0,
        "CAUSAFAMILIA": "Queimas amontoados de sobrantes florestais ou agrícolas",
        "TEMPERATURA": 7.95229482650757,
        "HUMIDADERELATIVA": 92.8920745849609,
        "VENTOINTENSIDADE": 8.96854019165039,
        "VENTOINTENSIDADE_VETOR": null,
        "VENTODIRECAO_VETOR": null,
        "PRECEPITACAO": 0.0,
        "FFMC": null,
        "DMC": null,
        "DC": null,
        "ISI": null,
        "BUI": null,
        "FWI": null,
        "DSR": null,
        "THC": null,
        "MODFARSITE": 237.0,
        "ALTITUDEMEDIA": 57.9938,
        "DECLIVEMEDIO": 14.9681,
        "HORASEXPOSICAOMEDIA": null,
        "DENDIDADERV": 1383.62,
        "COSN5VARIEDADE": 20.13,
        "AREAMANCHAMODFARSITE": 57.8002,
        "AREASFICHEIROS_GNR": null,
        "AREASFICHEIROS_GTF": null,
        "FICHEIROIMAGEM_GNR": null,
        "AREASFICHEIROSHP_GTF": null,
        "AREASFICHEIROSHPXML_GTF": null,
        "AREASFICHEIRODBF_GTF": null,
        "AREASFICHEIROPRJ_GTF": null,
        "AREASFICHEIROSBN_GTF": null,
        "AREASFICHEIROSBX_GTF": null,
        "AREASFICHEIROSHX_GTF": null,
        "AREASFICHEIROZIP_SAA": null
      }
    },
    {
      "type": "Feature",
      "geometry": {
        "type": "Point",
        "coordinates": [
          -8.01,
          41.5411111111111
        ]
      },
      "properties": {
        "id": "20260336449",
        "DISTRITO": "Braga",
        "TIPO": "Florestal",
        "ANO": 2026.0,
        "AREAPOV": 7.0,
        "AREAMATO": 5.0,
        "AREAAGRIC": 0.0,
        "AREATOTAL": 12.0,
        "REACENDIMENTOS": 0.0,
        "QUEIMADA": 0.0,
        "FALSOALARME": 0.0,
        "FOGACHO": 0.0,
        "INCENDIO": 1.0,
        "AGRICOLA": 0.0,
        "NCCO": 20260336449.0,
        "NOMECCO": 3.0,
        "DATAALERTA": "04-03-2026",
        "HORAALERTA": "13:00",
        "LOCAL": "Fonte de Ouria",
        "CONCELHO": "Cabeceiras de Basto",
        "FREGUESIA": "Cabeceiras de Basto",
        "FONTEALERTA": 112.0,
        "INE": 30406.0,
        "X": 210263.0,
        "Y": 507973.0,
        "DIA": 4.0,
        "MES": 3.0,
        "HORA": 13.0,
        "OPERADOR": 2225060.0,
        "PERIMETRO": null,
        "APS": null,
        "CAUSA": 42100.0,
        "TIPOCAUSA": "Negligente",
        "DHINICIO": "04-03-2026 13:00:00",
        "DHFIM": "04-03-2026 13:59:00",
        "DURACAO": 59.0,
        "HAHORA": 12.0,
        "DATAEXTINCAO": "04-03-2026",
        "HORAEXTINCAO": "13:59",
        "DATA1INTERVENCAO": "04-03-2026",
        "HORA1INTERVENCAO": "13:05",
        "QUEIMA": 0.0,
        "CAUSAFAMILIA": "Queimas amontoados de sobrantes florestais ou agrícolas",
        "TEMPERATURA": 17.4559574127197,
        "HUMIDADERELATIVA": 64.5336608886719,
        "VENTOINTENSIDADE": 4.98299026489258,
        "VENTOINTENSIDADE_VETOR": null,
        "VENTODIRECAO_VETOR": null,
        "PRECEPITACAO": 0.0,
        "FFMC": null,
        "DMC": null,
        "DC": null,
        "ISI": null,
        "BUI": null,
        "FWI": null,
        "DSR": null,
        "THC": null,
        "MODFARSITE": 232.0,
        "ALTITUDEMEDIA": 389.439,
        "DECLIVEMEDIO": 30.2694,
        "HORASEXPOSICAOMEDIA": null,
        "DENDIDADERV": 239.88,
        "COSN5VARIEDADE": 18.33,
        "AREAMANCHAMODFARSITE": 236.662,
        "AREASFICHEIROS_GNR": null,
        "AREASFICHEIROS_GTF": null,
        "FICHEIROIMAGEM_GNR": null,
        "AREASFICHEIROSHP_GTF": null,
        "AREASFICHEIROSHPXML_GTF": null,
        "AREASFICHEIRODBF_GTF": null,
        "AREASFICHEIROPRJ_GTF": null,
        "AREASFICHEIROSBN_GTF": null,
        "AREASFICHEIROSBX_GTF": null,
        "AREASFICHEIROSHX_GTF": null,
        "AREASFICHEIROZIP_SAA": null
      }
    },
    {
      "type": "Feature",
      "geometry": {
        "type": "Point",
        "coordinates": [
          -7.87706499947442,
          41.1631069999271
        ]
      },
      "properties": {
        "id": "20260375324",
        "DISTRITO": "Vila Real",
        "TIPO": "Agrícola",
        "ANO": 2026.0,
        "AREAPOV": 0.0,
        "AREAMATO": 0.05,
        "AREAAGRIC": 0.0,
        "AREATOTAL": 0.05,
        "REACENDIMENTOS": 0.0,
        "QUEIMADA": 0.0,
        "FALSOALARME": 0.0,
        "FOGACHO": 1.0,
        "INCENDIO": 0.0,
        "AGRICOLA": 0.0,
        "NCCO": 20260375324.0,
        "NOMECCO": 3.0,
        "DATAALERTA": "12-03-2026",
        "HORAALERTA": "16:21",
        "LOCAL": "Banduja",
        "CONCELHO": "Mesão Frio",
        "FREGUESIA": "Mesão Frio (Santa Cristina)",
        "FONTEALERTA": 112.0,
        "INE": 170404.0,
        "X": 221491.0,
        "Y": 466025.0,
        "DIA": 12.0,
        "MES": 3.0,
        "HORA": 16.0,
        "OPERADOR": 2195382.0,
        "PERIMETRO": null,
        "APS": null,
        "CAUSA": 42100.0,
        "TIPOCAUSA": "Negligente",
        "DHINICIO": "12-03-2026 16:21:00",
        "DHFIM": "12-03-2026 16:44:00",
        "DURACAO": 23.0,
        "HAHORA": 0.05,
        "DATAEXTINCAO": "12-03-2026",
        "HORAEXTINCAO": "16:44",
        "DATA1INTERVENCAO": "12-03-2026",
        "HORA1INTERVENCAO": "16:30",
        "QUEIMA": 0.0,
        "CAUSAFAMILIA": "Queimas amontoados de sobrantes florestais ou agrícolas",
        "TEMPERATURA": 19.8556156158447,
        "HUMIDADERELATIVA": 50.4117126464844,
        "VENTOINTENSIDADE": 5.86389780044556,
        "VENTOINTENSIDADE_VETOR": null,
        "VENTODIRECAO_VETOR": null,
        "PRECEPITACAO": 0.0,
        "FFMC": null,
        "DMC": null,
        "DC": null,
        "ISI": null,
        "BUI": null,
        "FWI": null,
        "DSR": null,
        "THC": null,
        "MODFARSITE": null,
        "ALTITUDEMEDIA": 343.401,
        "DECLIVEMEDIO": 38.542,
        "HORASEXPOSICAOMEDIA": null,
        "DENDIDADERV": 205.415,
        "COSN5VARIEDADE": 17.88,
        "AREAMANCHAMODFARSITE": null,
        "AREASFICHEIROS_GNR": null,
        "AREASFICHEIROS_GTF": null,
        "FICHEIROIMAGEM_GNR": null,
        "AREASFICHEIROSHP_GTF": null,
        "AREASFICHEIROSHPXML_GTF": null,
        "AREASFICHEIRODBF_GTF": null,
        "AREASFICHEIROPRJ_GTF": null,
        "AREASFICHEIROSBN_GTF": null,
        "AREASFICHEIROSBX_GTF": null,
        "AREASFICHEIROSHX_GTF": null,
        "AREASFICHEIROZIP_SAA": null
      }
    },
    {
      "type": "Feature",
      "geometry": {
        "type": "Point",
        "coordinates": [
          -8.24195999993218,
          41.6585829999712
        ]
      },
      "properties": {
        "id": "20260353400",
        "DISTRITO": "Braga",
        "TIPO": "Florestal",
        "ANO": 2026.0,
        "AREAPOV": 1.1,
        "AREAMATO": 0.0,
        "AREAAGRIC": 0.0,
        "AREATOTAL": 1.1,
        "REACENDIMENTOS": 0.0,
        "QUEIMADA": 0.0,
        "FALSOALARME": 0.0,
        "FOGACHO": 0.0,
        "INCENDIO": 1.0,
        "AGRICOLA": 0.0,
        "NCCO": 20260353400.0,
        "NOMECCO": 3.0,
        "DATAALERTA": "08-03-2026",
        "HORAALERTA": "01:07",
        "LOCAL": "M1243. 4845 Terras de Bouro. Portugal (Serra do Couto)",
        "CONCELHO": "Terras de Bouro",
        "FREGUESIA": "Valdosende",
        "FONTEALERTA": 112.0,
        "INE": 31015.0,
        "X": 190936.0,
        "Y": 521028.0,
        "DIA": 8.0,
        "MES": 3.0,
        "HORA": 1.0,
        "OPERADOR": "sigo",
        "PERIMETRO": null,
        "APS": null,
        "CAUSA": 42200.0,
        "TIPOCAUSA": "Negligente",
        "DHINICIO": "08-03-2026 01:07:00",
        "DHFIM": "08-03-2026 03:36:00",
        "DURACAO": 149.0,
        "HAHORA": 0.55,
        "DATAEXTINCAO": "08-03-2026",
        "HORAEXTINCAO": "03:36",
        "DATA1INTERVENCAO": "08-03-2026",
        "HORA1INTERVENCAO": "02:00",
        "QUEIMA": 0.0,
        "CAUSAFAMILIA": "Queimas amontoados de sobrantes florestais ou agrícolas",
        "TEMPERATURA": 8.90664100646973,
        "HUMIDADERELATIVA": 91.4201965332031,
        "VENTOINTENSIDADE": 7.57510471343994,
        "VENTOINTENSIDADE_VETOR": null,
        "VENTODIRECAO_VETOR": null,
        "PRECEPITACAO": 0.0,
        "FFMC": null,
        "DMC": null,
        "DC": null,
        "ISI": null,
        "BUI": null,
        "FWI": null,
        "DSR": null,
        "THC": null,
        "MODFARSITE": 233.0,
        "ALTITUDEMEDIA": 365.124,
        "DECLIVEMEDIO": 28.6523,
        "HORASEXPOSICAOMEDIA": null,
        "DENDIDADERV": 143.756,
        "COSN5VARIEDADE": 11.75,
        "AREAMANCHAMODFARSITE": 5.95268,
        "AREASFICHEIROS_GNR": "http://fogos.icnf.pt/sgif2010/ficheiroskml/20260353400(1).kmz",
        "AREASFICHEIROS_GTF": null,
        "FICHEIROIMAGEM_GNR": null,
        "AREASFICHEIROSHP_GTF": null,
        "AREASFICHEIROSHPXML_GTF": null,
        "AREASFICHEIRODBF_GTF": null,
        "AREASFICHEIROPRJ_GTF": null,
        "AREASFICHEIROSBN_GTF": null,
        "AREASFICHEIROSBX_GTF": null,
        "AREASFICHEIROSHX_GTF": null,
        "AREASFICHEIROZIP_SAA": null
      }
    },
    {
      "type": "Feature",
      "geometry": {
        "type": "Point",
        "coordinates": [
          -8.67496000025007,
          41.9633399995168
        ]
      },
      "properties": {
        "id": "20260351712",
        "DISTRITO": "Viana do Castelo",
        "TIPO": "Florestal",
        "ANO": 2026.0,
        "AREAPOV": 0.0,
        "AREAMATO": 0.0287,
        "AREAAGRIC": 0.0,
        "AREATOTAL": 0.0287,
        "REACENDIMENTOS": 0.0,
        "QUEIMADA": 0.0,
        "FALSOALARME": 0.0,
        "FOGACHO": 1.0,
        "INCENDIO": 0.0,
        "AGRICOLA": 0.0,
        "NCCO": 20260351712.0,
        "NOMECCO": 3.0,
        "DATAALERTA": "07-03-2026",
        "HORAALERTA": "16:18",
        "LOCAL": "Rua da Aspera (Áspera)",
        "CONCELHO": "Vila Nova de Cerveira",
        "FREGUESIA": "Cornes",
        "FONTEALERTA": null,
        "INE": 161003.0,
        "X": 155084.0,
        "Y": 555014.0,
        "DIA": 7.0,
        "MES": 3.0,
        "HORA": 16.0,
        "OPERADOR": 1950072.0,
        "PERIMETRO": null,
        "APS": null,
        "CAUSA": 42200.0,
        "TIPOCAUSA": "Negligente",
        "DHINICIO": "07-03-2026 16:18:00",
        "DHFIM": "07-03-2026 16:53:00",
        "DURACAO": 35.0,
        "HAHORA": 0.0287,
        "DATAEXTINCAO": "07-03-2026",
        "HORAEXTINCAO": "16:53",
        "DATA1INTERVENCAO": "07-03-2026",
        "HORA1INTERVENCAO": "16:33",
        "QUEIMA": 0.0,
        "CAUSAFAMILIA": "Queimas amontoados de sobrantes florestais ou agrícolas",
        "TEMPERATURA": 15.5438480377197,
        "HUMIDADERELATIVA": 62.9790954589844,
        "VENTOINTENSIDADE": 9.43552684783936,
        "VENTOINTENSIDADE_VETOR": null,
        "VENTODIRECAO_VETOR": null,
        "PRECEPITACAO": 0.0,
        "FFMC": null,
        "DMC": null,
        "DC": null,
        "ISI": null,
        "BUI": null,
        "FWI": null,
        "DSR": null,
        "THC": null,
        "MODFARSITE": null,
        "ALTITUDEMEDIA": 54.1237,
        "DECLIVEMEDIO": 6.08748,
        "HORASEXPOSICAOMEDIA": null,
        "DENDIDADERV": 338.248,
        "COSN5VARIEDADE": 16.66,
        "AREAMANCHAMODFARSITE": null,
        "AREASFICHEIROS_GNR": "http://fogos.icnf.pt/sgif2010/ficheiroskml/20260351712.kml",
        "AREASFICHEIROS_GTF": null,
        "FICHEIROIMAGEM_GNR": null,
        "AREASFICHEIROSHP_GTF": null,
        "AREASFICHEIROSHPXML_GTF": null,
        "AREASFICHEIRODBF_GTF": null,
        "AREASFICHEIROPRJ_GTF": null,
        "AREASFICHEIROSBN_GTF": null,
        "AREASFICHEIROSBX_GTF": null,
        "AREASFICHEIROSHX_GTF": null,
        "AREASFICHEIROZIP_SAA": null
      }
    },
    {
      "type": "Feature",
      "geometry": {
        "type": "Point",
        "coordinates": [
          -8.20083333333333,
          41.5513888888889
        ]
      },
      "properties": {
        "id": "20260337303",
        "DISTRITO": "Braga",
        "TIPO": "Florestal",
        "ANO": 2026.0,
        "AREAPOV": 0.1012,
        "AREAMATO": 0.0,
        "AREAAGRIC": 0.0,
        "AREATOTAL": 0.1012,
        "REACENDIMENTOS": 0.0,
        "QUEIMADA": 0.0,
        "FALSOALARME": 0.0,
        "FOGACHO": 1.0,
        "INCENDIO": 0.0,
        "AGRICOLA": 0.0,
        "NCCO": 20260337303.0,
        "NOMECCO": 3.0,
        "DATAALERTA": "04-03-2026",
        "HORAALERTA": "15:31",
        "LOCAL": "Pipa da Serra",
        "CONCELHO": "Guimarães",
        "FREGUESIA": "Castelões",
        "FONTEALERTA": 112.0,
        "INE": 30810.0,
        "X": 194347.0,
        "Y": 509128.0,
        "DIA": 4.0,
        "MES": 3.0,
        "HORA": 15.0,
        "OPERADOR": 2215002.0,
        "PERIMETRO": null,
        "APS": null,
        "CAUSA": 42200.0,
        "TIPOCAUSA": "Negligente",
        "DHINICIO": "04-03-2026 15:31:00",
        "DHFIM": "04-03-2026 18:35:00",
        "DURACAO": 184.0,
        "HAHORA": 0.0337333333333333,
        "DATAEXTINCAO": "04-03-2026",
        "HORAEXTINCAO": "18:35",
        "DATA1INTERVENCAO": "04-03-2026",
        "HORA1INTERVENCAO": "16:46",
        "QUEIMA": 0.0,
        "CAUSAFAMILIA": "Queimas amontoados de sobrantes florestais ou agrícolas",
        "TEMPERATURA": 15.7071781158447,
        "HUMIDADERELATIVA": 77.4780731201172,
        "VENTOINTENSIDADE": 9.50889492034912,
        "VENTOINTENSIDADE_VETOR": null,
        "VENTODIRECAO_VETOR": null,
        "PRECEPITACAO": 0.0517578125,
        "FFMC": null,
        "DMC": null,
        "DC": null,
        "ISI": null,
        "BUI": null,
        "FWI": null,
        "DSR": null,
        "THC": null,
        "MODFARSITE": 223.0,
        "ALTITUDEMEDIA": 281.556,
        "DECLIVEMEDIO": 22.512,
        "HORASEXPOSICAOMEDIA": null,
        "DENDIDADERV": 130.933,
        "COSN5VARIEDADE": 22.9,
        "AREAMANCHAMODFARSITE": 842.307,
        "AREASFICHEIROS_GNR": null,
        "AREASFICHEIROS_GTF": null,
        "FICHEIROIMAGEM_GNR": null,
        "AREASFICHEIROSHP_GTF": null,
        "AREASFICHEIROSHPXML_GTF": null,
        "AREASFICHEIRODBF_GTF": null,
        "AREASFICHEIROPRJ_GTF": null,
        "AREASFICHEIROSBN_GTF": null,
        "AREASFICHEIROSBX_GTF": null,
        "AREASFICHEIROSHX_GTF": null,
        "AREASFICHEIROZIP_SAA": null
      }
    },
    {
      "type": "Feature",
      "geometry": {
        "type": "Point",
        "coordinates": [
          -7.96416666666667,
          41.5075
        ]
      },
      "properties": {
        "id": "20260337558",
        "DISTRITO": "Braga",
        "TIPO": "Florestal",
        "ANO": 2026.0,
        "AREAPOV": 0.5,
        "AREAMATO": 0.0,
        "AREAAGRIC": 0.0,
        "AREATOTAL": 0.5,
        "REACENDIMENTOS": 0.0,
        "QUEIMADA": 0.0,
        "FALSOALARME": 0.0,
        "FOGACHO": 1.0,
        "INCENDIO": 0.0,
        "AGRICOLA": 0.0,
        "NCCO": 20260337558.0,
        "NOMECCO": 3.0,
        "DATAALERTA": "04-03-2026",
        "HORAALERTA": "16:24",
        "LOCAL": "Cachoeira",
        "CONCELHO": "Cabeceiras de Basto",
        "FREGUESIA": "Pedraça",
        "FONTEALERTA": null,
        "INE": 30413.0,
        "X": 214104.0,
        "Y": 504268.0,
        "DIA": 4.0,
        "MES": 3.0,
        "HORA": 16.0,
        "OPERADOR": 1875258.0,
        "PERIMETRO": null,
        "APS": null,
        "CAUSA": 42200.0,
        "TIPOCAUSA": "Negligente",
        "DHINICIO": "04-03-2026 16:24:00",
        "DHFIM": "04-03-2026 17:24:00",
        "DURACAO": 60.0,
        "HAHORA": 0.5,
        "DATAEXTINCAO": "04-03-2026",
        "HORAEXTINCAO": "17:24",
        "DATA1INTERVENCAO": "04-03-2026",
        "HORA1INTERVENCAO": "16:30",
        "QUEIMA": 0.0,
        "CAUSAFAMILIA": "Queimas amontoados de sobrantes florestais ou agrícolas",
        "TEMPERATURA": 15.2315921783447,
        "HUMIDADERELATIVA": 78.8674621582031,
        "VENTOINTENSIDADE": 11.3729906082153,
        "VENTOINTENSIDADE_VETOR": null,
        "VENTODIRECAO_VETOR": null,
        "PRECEPITACAO": 0.0009765625,
        "FFMC": null,
        "DMC": null,
        "DC": null,
        "ISI": null,
        "BUI": null,
        "FWI": null,
        "DSR": null,
        "THC": null,
        "MODFARSITE": null,
        "ALTITUDEMEDIA": 307.313,
        "DECLIVEMEDIO": 14.3501,
        "HORASEXPOSICAOMEDIA": null,
        "DENDIDADERV": 254.842,
        "COSN5VARIEDADE": 22.77,
        "AREAMANCHAMODFARSITE": null,
        "AREASFICHEIROS_GNR": "http://fogos.icnf.pt/sgif2010/ficheiroskml/20260337558.kml",
        "AREASFICHEIROS_GTF": null,
        "FICHEIROIMAGEM_GNR": null,
        "AREASFICHEIROSHP_GTF": null,
        "AREASFICHEIROSHPXML_GTF": null,
        "AREASFICHEIRODBF_GTF": null,
        "AREASFICHEIROPRJ_GTF": null,
        "AREASFICHEIROSBN_GTF": null,
        "AREASFICHEIROSBX_GTF": null,
        "AREASFICHEIROSHX_GTF": null,
        "AREASFICHEIROZIP_SAA": null
      }
    },
    {
      "type": "Feature",
      "geometry": {
        "type": "Point",
        "coordinates": [
          -9.16055555555556,
          38.9683333333333
        ]
      },
      "properties": {
        "id": "20260322799",
        "DISTRITO": "Lisboa",
        "TIPO": "Florestal",
        "ANO": 2026.0,
        "AREAPOV": 0.0,
        "AREAMATO": 1.25,
        "AREAAGRIC": 0.0,
        "AREATOTAL": 1.25,
        "REACENDIMENTOS": 0.0,
        "QUEIMADA": 0.0,
        "FALSOALARME": 0.0,
        "FOGACHO": 0.0,
        "INCENDIO": 1.0,
        "AGRICOLA": 0.0,
        "NCCO": 20260322799.0,
        "NOMECCO": 3.0,
        "DATAALERTA": "01-03-2026",
        "HORAALERTA": "16:19",
        "LOCAL": "Casal do Rossio",
        "CONCELHO": "Arruda dos Vinhos",
        "FREGUESIA": "Arranhó",
        "FONTEALERTA": 112.0,
        "INE": 110201.0,
        "X": 110941.0,
        "Y": 222799.0,
        "DIA": 1.0,
        "MES": 3.0,
        "HORA": 16.0,
        "OPERADOR": 1970720.0,
        "PERIMETRO": null,
        "APS": null,
        "CAUSA": 42200.0,
        "TIPOCAUSA": "Negligente",
        "DHINICIO": "01-03-2026 16:19:00",
        "DHFIM": "01-03-2026 18:00:00",
        "DURACAO": 101.0,
        "HAHORA": 1.25,
        "DATAEXTINCAO": "01-03-2026",
        "HORAEXTINCAO": "18:00",
        "DATA1INTERVENCAO": "01-03-2026",
        "HORA1INTERVENCAO": "17:00",
        "QUEIMA": 0.0,
        "CAUSAFAMILIA": "Queimas amontoados de sobrantes florestais ou agrícolas",
        "TEMPERATURA": 17.8355960845947,
        "HUMIDADERELATIVA": 64.9354553222656,
        "VENTOINTENSIDADE": 2.37476587295532,
        "VENTOINTENSIDADE_VETOR": null,
        "VENTODIRECAO_VETOR": null,
        "PRECEPITACAO": 0.0,
        "FFMC": null,
        "DMC": null,
        "DC": null,
        "ISI": null,
        "BUI": null,
        "FWI": null,
        "DSR": null,
        "THC": null,
        "MODFARSITE": null,
        "ALTITUDEMEDIA": 223.579,
        "DECLIVEMEDIO": 19.3264,
        "HORASEXPOSICAOMEDIA": null,
        "DENDIDADERV": 267.477,
        "COSN5VARIEDADE": 13.18,
        "AREAMANCHAMODFARSITE": null,
        "AREASFICHEIROS_GNR": "http://fogos.icnf.pt/sgif2010/ficheiroskml/RO20260322799.kmz",
        "AREASFICHEIROS_GTF": null,
        "FICHEIROIMAGEM_GNR": null,
        "AREASFICHEIROSHP_GTF": null,
        "AREASFICHEIROSHPXML_GTF": null,
        "AREASFICHEIRODBF_GTF": null,
        "AREASFICHEIROPRJ_GTF": null,
        "AREASFICHEIROSBN_GTF": null,
        "AREASFICHEIROSBX_GTF": null,
        "AREASFICHEIROSHX_GTF": null,
        "AREASFICHEIROZIP_SAA": null
      }
    },
    {
      "type": "Feature",
      "geometry": {
        "type": "Point",
        "coordinates": [
          -8.61888888888889,
          41.7952777777778
        ]
      },
      "properties": {
        "id": "20260023710",
        "DISTRITO": "Viana do Castelo",
        "TIPO": "Florestal",
        "ANO": 2026.0,
        "AREAPOV": 1.0,
        "AREAMATO": 49.0,
        "AREAAGRIC": 0.0,
        "AREATOTAL": 50.0,
        "REACENDIMENTOS": 0.0,
        "QUEIMADA": 0.0,
        "FALSOALARME": 0.0,
        "FOGACHO": 0.0,
        "INCENDIO": 1.0,
        "AGRICOLA": 0.0,
        "NCCO": 20260023710.0,
        "NOMECCO": 0.0,
        "DATAALERTA": "05-01-2026",
        "HORAALERTA": "17:08",
        "LOCAL": "Guarda",
        "CONCELHO": "Ponte de Lima",
        "FREGUESIA": "Moreira do Lima",
        "FONTEALERTA": 112.0,
        "INE": 160732.0,
        "X": 159614.0,
        "Y": 536313.0,
        "DIA": 5.0,
        "MES": 1.0,
        "HORA": 17.0,
        "OPERADOR": 2225078.0,
        "PERIMETRO": null,
        "APS": null,
        "CAUSA": 42200.0,
        "TIPOCAUSA": "Negligente",
        "DHINICIO": "05-01-2026 17:08:00",
        "DHFIM": "06-01-2026 14:38:00",
        "DURACAO": 1290.0,
        "HAHORA": 2.38095238095238,
        "DATAEXTINCAO": "06-01-2026",
        "HORAEXTINCAO": "14:38",
        "DATA1INTERVENCAO": "05-01-2026",
        "HORA1INTERVENCAO": "17:20",
        "QUEIMA": 0.0,
        "CAUSAFAMILIA": "Queimas amontoados de sobrantes florestais ou agrícolas",
        "TEMPERATURA": 7.44399404525757,
        "HUMIDADERELATIVA": 55.3659820556641,
        "VENTOINTENSIDADE": 19.681697845459,
        "VENTOINTENSIDADE_VETOR": null,
        "VENTODIRECAO_VETOR": null,
        "PRECEPITACAO": 0.0,
        "FFMC": null,
        "DMC": null,
        "DC": null,
        "ISI": null,
        "BUI": null,
        "FWI": null,
        "DSR": null,
        "THC": null,
        "MODFARSITE": 234.0,
        "ALTITUDEMEDIA": 227.117,
        "DECLIVEMEDIO": 38.6491,
        "HORASEXPOSICAOMEDIA": null,
        "DENDIDADERV": 263.21,
        "COSN5VARIEDADE": 15.46,
        "AREAMANCHAMODFARSITE": 182.705,
        "AREASFICHEIROS_GNR": "http://fogos.icnf.pt/sgif2010/ficheiroskml/20260023710.kml",
        "AREASFICHEIROS_GTF": null,
        "FICHEIROIMAGEM_GNR": null,
        "AREASFICHEIROSHP_GTF": null,
        "AREASFICHEIROSHPXML_GTF": null,
        "AREASFICHEIRODBF_GTF": null,
        "AREASFICHEIROPRJ_GTF": null,
        "AREASFICHEIROSBN_GTF": null,
        "AREASFICHEIROSBX_GTF": null,
        "AREASFICHEIROSHX_GTF": null,
        "AREASFICHEIROZIP_SAA": null
      }
    },
    {
      "type": "Feature",
      "geometry": {
        "type": "Point",
        "coordinates": [
          -8.35895499971178,
          40.8871419999335
        ]
      },
      "properties": {
        "id": "20260292264",
        "DISTRITO": "Aveiro",
        "TIPO": "Florestal",
        "ANO": 2026.0,
        "AREAPOV": 0.0,
        "AREAMATO": 0.1782,
        "AREAAGRIC": 0.0,
        "AREATOTAL": 0.1782,
        "REACENDIMENTOS": 0.0,
        "QUEIMADA": 0.0,
        "FALSOALARME": 0.0,
        "FOGACHO": 1.0,
        "INCENDIO": 0.0,
        "AGRICOLA": 0.0,
        "NCCO": 20260292264.0,
        "NOMECCO": 2.0,
        "DATAALERTA": "23-02-2026",
        "HORAALERTA": "12:04",
        "LOCAL": "Valgalhardo (Vinha de Pé)",
        "CONCELHO": "Vale de Cambra",
        "FREGUESIA": "Macieira de Cambra",
        "FONTEALERTA": 112.0,
        "INE": 11906.0,
        "X": 180967.0,
        "Y": 435370.0,
        "DIA": 23.0,
        "MES": 2.0,
        "HORA": 12.0,
        "OPERADOR": 2040889.0,
        "PERIMETRO": null,
        "APS": null,
        "CAUSA": 42200.0,
        "TIPOCAUSA": "Negligente",
        "DHINICIO": "23-02-2026 12:04:00",
        "DHFIM": "23-02-2026 12:48:00",
        "DURACAO": 44.0,
        "HAHORA": 0.1782,
        "DATAEXTINCAO": "23-02-2026",
        "HORAEXTINCAO": "12:48",
        "DATA1INTERVENCAO": "23-02-2026",
        "HORA1INTERVENCAO": "12:30",
        "QUEIMA": 0.0,
        "CAUSAFAMILIA": "Queimas amontoados de sobrantes florestais ou agrícolas",
        "TEMPERATURA": 17.9593753814697,
        "HUMIDADERELATIVA": 54.4247093200684,
        "VENTOINTENSIDADE": 13.4619026184082,
        "VENTOINTENSIDADE_VETOR": null,
        "VENTODIRECAO_VETOR": null,
        "PRECEPITACAO": 0.0,
        "FFMC": null,
        "DMC": null,
        "DC": null,
        "ISI": null,
        "BUI": null,
        "FWI": null,
        "DSR": null,
        "THC": null,
        "MODFARSITE": null,
        "ALTITUDEMEDIA": 321.18,
        "DECLIVEMEDIO": 16.8311,
        "HORASEXPOSICAOMEDIA": null,
        "DENDIDADERV": 549.964,
        "COSN5VARIEDADE": 21.64,
        "AREAMANCHAMODFARSITE": null,
        "AREASFICHEIROS_GNR": null,
        "AREASFICHEIROS_GTF": null,
        "FICHEIROIMAGEM_GNR": null,
        "AREASFICHEIROSHP_GTF": null,
        "AREASFICHEIROSHPXML_GTF": null,
        "AREASFICHEIRODBF_GTF": null,
        "AREASFICHEIROPRJ_GTF": null,
        "AREASFICHEIROSBN_GTF": null,
        "AREASFICHEIROSBX_GTF": null,
        "AREASFICHEIROSHX_GTF": null,
        "AREASFICHEIROZIP_SAA": null
      }
    },
    {
      "type": "Feature",
      "geometry": {
        "type": "Point",
        "coordinates": [
          -7.84388888888889,
          40.6616666666667
        ]
      },
      "properties": {
        "id": "20260298425",
        "DISTRITO": "Viseu",
        "TIPO": "Florestal",
        "ANO": 2026.0,
        "AREAPOV": 0.2865,
        "AREAMATO": 0.0935,
        "AREAAGRIC": 0.0,
        "AREATOTAL": 0.38,
        "REACENDIMENTOS": 0.0,
        "QUEIMADA": 0.0,
        "FALSOALARME": 0.0,
        "FOGACHO": 1.0,
        "INCENDIO": 0.0,
        "AGRICOLA": 0.0,
        "NCCO": 20260298425.0,
        "NOMECCO": 2.0,
        "DATAALERTA": "24-02-2026",
        "HORAALERTA": "14:51",
        "LOCAL": "Carregoso",
        "CONCELHO": "Viseu",
        "FREGUESIA": "Santos Evos",
        "FONTEALERTA": 112.0,
        "INE": 182325.0,
        "X": 224466.0,
        "Y": 410362.0,
        "DIA": 24.0,
        "MES": 2.0,
        "HORA": 14.0,
        "OPERADOR": 2000464.0,
        "PERIMETRO": null,
        "APS": null,
        "CAUSA": 42200.0,
        "TIPOCAUSA": "Negligente",
        "DHINICIO": "24-02-2026 14:51:00",
        "DHFIM": "24-02-2026 17:59:00",
        "DURACAO": 188.0,
        "HAHORA": 0.126666666666667,
        "DATAEXTINCAO": "24-02-2026",
        "HORAEXTINCAO": "17:59",
        "DATA1INTERVENCAO": "24-02-2026",
        "HORA1INTERVENCAO": "15:10",
        "QUEIMA": 0.0,
        "CAUSAFAMILIA": "Queimas amontoados de sobrantes florestais ou agrícolas",
        "TEMPERATURA": 18.3016605377197,
        "HUMIDADERELATIVA": 63.3352966308594,
        "VENTOINTENSIDADE": 17.7846717834473,
        "VENTOINTENSIDADE_VETOR": null,
        "VENTODIRECAO_VETOR": null,
        "PRECEPITACAO": 0.0,
        "FFMC": null,
        "DMC": null,
        "DC": null,
        "ISI": null,
        "BUI": null,
        "FWI": null,
        "DSR": null,
        "THC": null,
        "MODFARSITE": null,
        "ALTITUDEMEDIA": 492.886,
        "DECLIVEMEDIO": 9.91429,
        "HORASEXPOSICAOMEDIA": null,
        "DENDIDADERV": 260.339,
        "COSN5VARIEDADE": 20.94,
        "AREAMANCHAMODFARSITE": null,
        "AREASFICHEIROS_GNR": "http://fogos.icnf.pt/sgif2010/ficheiroskml/20260298425_CARRAGOSO_SANTOS EVOS.kml",
        "AREASFICHEIROS_GTF": null,
        "FICHEIROIMAGEM_GNR": null,
        "AREASFICHEIROSHP_GTF": null,
        "AREASFICHEIROSHPXML_GTF": null,
        "AREASFICHEIRODBF_GTF": null,
        "AREASFICHEIROPRJ_GTF": null,
        "AREASFICHEIROSBN_GTF": null,
        "AREASFICHEIROSBX_GTF": null,
        "AREASFICHEIROSHX_GTF": null,
        "AREASFICHEIROZIP_SAA": null
      }
    },
    {
      "type": "Feature",
      "geometry": {
        "type": "Point",
        "coordinates": [
          -7.69638888888889,
          40.6044444444444
        ]
      },
      "properties": {
        "id": "20260298625",
        "DISTRITO": "Viseu",
        "TIPO": "Florestal",
        "ANO": 2026.0,
        "AREAPOV": 0.048,
        "AREAMATO": 0.0531,
        "AREAAGRIC": 0.0,
        "AREATOTAL": 0.1011,
        "REACENDIMENTOS": 0.0,
        "QUEIMADA": 0.0,
        "FALSOALARME": 0.0,
        "FOGACHO": 1.0,
        "INCENDIO": 0.0,
        "AGRICOLA": 0.0,
        "NCCO": 20260298625.0,
        "NOMECCO": 2.0,
        "DATAALERTA": "24-02-2026",
        "HORAALERTA": "15:34",
        "LOCAL": "Maxagueira",
        "CONCELHO": "Mangualde",
        "FREGUESIA": "Cunha Alta",
        "FONTEALERTA": 112.0,
        "INE": 180604.0,
        "X": 236973.0,
        "Y": 404037.0,
        "DIA": 24.0,
        "MES": 2.0,
        "HORA": 15.0,
        "OPERADOR": 2000464.0,
        "PERIMETRO": null,
        "APS": null,
        "CAUSA": 42200.0,
        "TIPOCAUSA": "Negligente",
        "DHINICIO": "24-02-2026 15:34:00",
        "DHFIM": "24-02-2026 17:07:00",
        "DURACAO": 93.0,
        "HAHORA": 0.1011,
        "DATAEXTINCAO": "24-02-2026",
        "HORAEXTINCAO": "17:07",
        "DATA1INTERVENCAO": "24-02-2026",
        "HORA1INTERVENCAO": "16:00",
        "QUEIMA": 0.0,
        "CAUSAFAMILIA": "Queimas amontoados de sobrantes florestais ou agrícolas",
        "TEMPERATURA": 18.2337894439697,
        "HUMIDADERELATIVA": 60.986946105957,
        "VENTOINTENSIDADE": 17.2680568695068,
        "VENTOINTENSIDADE_VETOR": null,
        "VENTODIRECAO_VETOR": null,
        "PRECEPITACAO": -0.000244140625,
        "FFMC": null,
        "DMC": null,
        "DC": null,
        "ISI": null,
        "BUI": null,
        "FWI": null,
        "DSR": null,
        "THC": null,
        "MODFARSITE": null,
        "ALTITUDEMEDIA": 537.201,
        "DECLIVEMEDIO": 11.3627,
        "HORASEXPOSICAOMEDIA": null,
        "DENDIDADERV": 113.863,
        "COSN5VARIEDADE": 22.04,
        "AREAMANCHAMODFARSITE": null,
        "AREASFICHEIROS_GNR": "http://fogos.icnf.pt/sgif2010/ficheiroskml/20260298625_24FEV26_Ribeiro do Casal_Cunha Alta_MGL.kml",
        "AREASFICHEIROS_GTF": null,
        "FICHEIROIMAGEM_GNR": null,
        "AREASFICHEIROSHP_GTF": null,
        "AREASFICHEIROSHPXML_GTF": null,
        "AREASFICHEIRODBF_GTF": null,
        "AREASFICHEIROPRJ_GTF": null,
        "AREASFICHEIROSBN_GTF": null,
        "AREASFICHEIROSBX_GTF": null,
        "AREASFICHEIROSHX_GTF": null,
        "AREASFICHEIROZIP_SAA": null
      }
    },
    {
      "type": "Feature",
      "geometry": {
        "type": "Point",
        "coordinates": [
          -7.36444444444444,
          40.5716666666667
        ]
      },
      "properties": {
        "id": "20260297709",
        "DISTRITO": "Guarda",
        "TIPO": "Florestal",
        "ANO": 2026.0,
        "AREAPOV": 0.7,
        "AREAMATO": 1.8,
        "AREAAGRIC": 0.0,
        "AREATOTAL": 2.5,
        "REACENDIMENTOS": 0.0,
        "QUEIMADA": 0.0,
        "FALSOALARME": 0.0,
        "FOGACHO": 0.0,
        "INCENDIO": 1.0,
        "AGRICOLA": 0.0,
        "NCCO": 20260297709.0,
        "NOMECCO": 2.0,
        "DATAALERTA": "24-02-2026",
        "HORAALERTA": "12:43",
        "LOCAL": "Quinta das Regadas",
        "CONCELHO": "Celorico da Beira",
        "FREGUESIA": "Cadafaz",
        "FONTEALERTA": 112.0,
        "INE": 90303.0,
        "X": 265099.0,
        "Y": 400611.0,
        "DIA": 24.0,
        "MES": 2.0,
        "HORA": 12.0,
        "OPERADOR": 2000180.0,
        "PERIMETRO": null,
        "APS": "Serra da Estrela",
        "CAUSA": 42200.0,
        "TIPOCAUSA": "Negligente",
        "DHINICIO": "24-02-2026 12:43:00",
        "DHFIM": "24-02-2026 14:43:00",
        "DURACAO": 120.0,
        "HAHORA": 1.25,
        "DATAEXTINCAO": "24-02-2026",
        "HORAEXTINCAO": "14:43",
        "DATA1INTERVENCAO": "24-02-2026",
        "HORA1INTERVENCAO": "12:50",
        "QUEIMA": 0.0,
        "CAUSAFAMILIA": "Queimas amontoados de sobrantes florestais ou agrícolas",
        "TEMPERATURA": 17.0721683502197,
        "HUMIDADERELATIVA": 76.4732513427734,
        "VENTOINTENSIDADE": 19.0883255004883,
        "VENTOINTENSIDADE_VETOR": null,
        "VENTODIRECAO_VETOR": null,
        "PRECEPITACAO": 6.103515625e-05,
        "FFMC": null,
        "DMC": null,
        "DC": null,
        "ISI": null,
        "BUI": null,
        "FWI": null,
        "DSR": null,
        "THC": null,
        "MODFARSITE": 233.0,
        "ALTITUDEMEDIA": 815.733,
        "DECLIVEMEDIO": 25.6774,
        "HORASEXPOSICAOMEDIA": null,
        "DENDIDADERV": 107.814,
        "COSN5VARIEDADE": 15.39,
        "AREAMANCHAMODFARSITE": 7.32682,
        "AREASFICHEIROS_GNR": "http://fogos.icnf.pt/sgif2010/ficheiroskml/20260297709.kml",
        "AREASFICHEIROS_GTF": null,
        "FICHEIROIMAGEM_GNR": null,
        "AREASFICHEIROSHP_GTF": null,
        "AREASFICHEIROSHPXML_GTF": null,
        "AREASFICHEIRODBF_GTF": null,
        "AREASFICHEIROPRJ_GTF": null,
        "AREASFICHEIROSBN_GTF": null,
        "AREASFICHEIROSBX_GTF": null,
        "AREASFICHEIROSHX_GTF": null,
        "AREASFICHEIROZIP_SAA": null
      }
    },
    {
      "type": "Feature",
      "geometry": {
        "type": "Point",
        "coordinates": [
          -8.17416666666667,
          40.6233333333333
        ]
      },
      "properties": {
        "id": "20260297142",
        "DISTRITO": "Viseu",
        "TIPO": "Florestal",
        "ANO": 2026.0,
        "AREAPOV": 0.0,
        "AREAMATO": 0.15,
        "AREAAGRIC": 0.0,
        "AREATOTAL": 0.15,
        "REACENDIMENTOS": 0.0,
        "QUEIMADA": 0.0,
        "FALSOALARME": 0.0,
        "FOGACHO": 1.0,
        "INCENDIO": 0.0,
        "AGRICOLA": 0.0,
        "NCCO": 20260297142.0,
        "NOMECCO": 2.0,
        "DATAALERTA": "24-02-2026",
        "HORAALERTA": "10:55",
        "LOCAL": "Cimo de Vila",
        "CONCELHO": "Vouzela",
        "FREGUESIA": "Alcofra",
        "FONTEALERTA": 112.0,
        "INE": 182401.0,
        "X": 196524.0,
        "Y": 406050.0,
        "DIA": 24.0,
        "MES": 2.0,
        "HORA": 10.0,
        "OPERADOR": 2000464.0,
        "PERIMETRO": null,
        "APS": null,
        "CAUSA": 42200.0,
        "TIPOCAUSA": "Negligente",
        "DHINICIO": "24-02-2026 10:55:00",
        "DHFIM": "24-02-2026 12:55:00",
        "DURACAO": 120.0,
        "HAHORA": 0.075,
        "DATAEXTINCAO": "24-02-2026",
        "HORAEXTINCAO": "12:55",
        "DATA1INTERVENCAO": "24-02-2026",
        "HORA1INTERVENCAO": "11:30",
        "QUEIMA": 0.0,
        "CAUSAFAMILIA": "Queimas amontoados de sobrantes florestais ou agrícolas",
        "TEMPERATURA": 13.9012699127197,
        "HUMIDADERELATIVA": 91.7630462646484,
        "VENTOINTENSIDADE": 16.6163578033447,
        "VENTOINTENSIDADE_VETOR": null,
        "VENTODIRECAO_VETOR": null,
        "PRECEPITACAO": 9.1552734375e-05,
        "FFMC": null,
        "DMC": null,
        "DC": null,
        "ISI": null,
        "BUI": null,
        "FWI": null,
        "DSR": null,
        "THC": null,
        "MODFARSITE": 232.0,
        "ALTITUDEMEDIA": 612.997,
        "DECLIVEMEDIO": 17.7187,
        "HORASEXPOSICAOMEDIA": null,
        "DENDIDADERV": 107.946,
        "COSN5VARIEDADE": 21.29,
        "AREAMANCHAMODFARSITE": 85.6975,
        "AREASFICHEIROS_GNR": "http://fogos.icnf.pt/sgif2010/ficheiroskml/20260297142.kml",
        "AREASFICHEIROS_GTF": null,
        "FICHEIROIMAGEM_GNR": null,
        "AREASFICHEIROSHP_GTF": null,
        "AREASFICHEIROSHPXML_GTF": null,
        "AREASFICHEIRODBF_GTF": null,
        "AREASFICHEIROPRJ_GTF": null,
        "AREASFICHEIROSBN_GTF": null,
        "AREASFICHEIROSBX_GTF": null,
        "AREASFICHEIROSHX_GTF": null,
        "AREASFICHEIROZIP_SAA": null
      }
    },
    {
      "type": "Feature",
      "geometry": {
        "type": "Point",
        "coordinates": [
          -8.53305555555556,
          39.6391666666667
        ]
      },
      "properties": {
        "id": "20260308196",
        "DISTRITO": "Santarém",
        "TIPO": "Florestal",
        "ANO": 2026.0,
        "AREAPOV": 0.0,
        "AREAMATO": 0.0334,
        "AREAAGRIC": 0.0,
        "AREATOTAL": 0.0334,
        "REACENDIMENTOS": 0.0,
        "QUEIMADA": 0.0,
        "FALSOALARME": 0.0,
        "FOGACHO": 1.0,
        "INCENDIO": 0.0,
        "AGRICOLA": 0.0,
        "NCCO": 20260308196.0,
        "NOMECCO": 3.0,
        "DATAALERTA": "26-02-2026",
        "HORAALERTA": "14:06",
        "LOCAL": "Toucinhos",
        "CONCELHO": "Ourém",
        "FREGUESIA": "Alburitel",
        "FONTEALERTA": null,
        "INE": 142101.0,
        "X": 165669.0,
        "Y": 296850.0,
        "DIA": 26.0,
        "MES": 2.0,
        "HORA": 14.0,
        "OPERADOR": 2120480.0,
        "PERIMETRO": null,
        "APS": null,
        "CAUSA": 42200.0,
        "TIPOCAUSA": "Negligente",
        "DHINICIO": "26-02-2026 14:06:00",
        "DHFIM": "26-02-2026 14:25:00",
        "DURACAO": 19.0,
        "HAHORA": 0.0334,
        "DATAEXTINCAO": "26-02-2026",
        "HORAEXTINCAO": "14:25",
        "DATA1INTERVENCAO": "26-02-2026",
        "HORA1INTERVENCAO": "14:06",
        "QUEIMA": 0.0,
        "CAUSAFAMILIA": "Queimas amontoados de sobrantes florestais ou agrícolas",
        "TEMPERATURA": 20.1358890533447,
        "HUMIDADERELATIVA": 57.9663429260254,
        "VENTOINTENSIDADE": 5.09892988204956,
        "VENTOINTENSIDADE_VETOR": null,
        "VENTODIRECAO_VETOR": null,
        "PRECEPITACAO": 0.0,
        "FFMC": null,
        "DMC": null,
        "DC": null,
        "ISI": null,
        "BUI": null,
        "FWI": null,
        "DSR": null,
        "THC": null,
        "MODFARSITE": null,
        "ALTITUDEMEDIA": 232.313,
        "DECLIVEMEDIO": 12.1637,
        "HORASEXPOSICAOMEDIA": null,
        "DENDIDADERV": 222.768,
        "COSN5VARIEDADE": 21.29,
        "AREAMANCHAMODFARSITE": null,
        "AREASFICHEIROS_GNR": null,
        "AREASFICHEIROS_GTF": null,
        "FICHEIROIMAGEM_GNR": null,
        "AREASFICHEIROSHP_GTF": null,
        "AREASFICHEIROSHPXML_GTF": null,
        "AREASFICHEIRODBF_GTF": null,
        "AREASFICHEIROPRJ_GTF": null,
        "AREASFICHEIROSBN_GTF": null,
        "AREASFICHEIROSBX_GTF": null,
        "AREASFICHEIROSHX_GTF": null,
        "AREASFICHEIROZIP_SAA": null
      }
    },
    {
      "type": "Feature",
      "geometry": {
        "type": "Point",
        "coordinates": [
          -8.45944444444445,
          39.6241666666667
        ]
      },
      "properties": {
        "id": "20260308617",
        "DISTRITO": "Santarém",
        "TIPO": "Florestal",
        "ANO": 2026.0,
        "AREAPOV": 0.0,
        "AREAMATO": 0.0458,
        "AREAAGRIC": 0.0,
        "AREATOTAL": 0.0458,
        "REACENDIMENTOS": 0.0,
        "QUEIMADA": 0.0,
        "FALSOALARME": 0.0,
        "FOGACHO": 1.0,
        "INCENDIO": 0.0,
        "AGRICOLA": 0.0,
        "NCCO": 20260308617.0,
        "NOMECCO": 3.0,
        "DATAALERTA": "26-02-2026",
        "HORAALERTA": "15:27",
        "LOCAL": "Casal do Ribeiro",
        "CONCELHO": "Tomar",
        "FREGUESIA": "Carregueiros",
        "FONTEALERTA": "Populares",
        "INE": 141804.0,
        "X": 171980.0,
        "Y": 295143.0,
        "DIA": 26.0,
        "MES": 2.0,
        "HORA": 15.0,
        "OPERADOR": 2120480.0,
        "PERIMETRO": null,
        "APS": null,
        "CAUSA": 42200.0,
        "TIPOCAUSA": "Negligente",
        "DHINICIO": "26-02-2026 15:27:00",
        "DHFIM": "26-02-2026 16:06:00",
        "DURACAO": 39.0,
        "HAHORA": 0.0458,
        "DATAEXTINCAO": "26-02-2026",
        "HORAEXTINCAO": "16:06",
        "DATA1INTERVENCAO": "26-02-2026",
        "HORA1INTERVENCAO": "15:37",
        "QUEIMA": 0.0,
        "CAUSAFAMILIA": "Queimas amontoados de sobrantes florestais ou agrícolas",
        "TEMPERATURA": 20.8368167877197,
        "HUMIDADERELATIVA": 49.3045043945313,
        "VENTOINTENSIDADE": 4.36141490936279,
        "VENTOINTENSIDADE_VETOR": null,
        "VENTODIRECAO_VETOR": null,
        "PRECEPITACAO": 0.0,
        "FFMC": null,
        "DMC": null,
        "DC": null,
        "ISI": null,
        "BUI": null,
        "FWI": null,
        "DSR": null,
        "THC": null,
        "MODFARSITE": null,
        "ALTITUDEMEDIA": 138.723,
        "DECLIVEMEDIO": 12.8971,
        "HORASEXPOSICAOMEDIA": null,
        "DENDIDADERV": 367.616,
        "COSN5VARIEDADE": 26.84,
        "AREAMANCHAMODFARSITE": null,
        "AREASFICHEIROS_GNR": null,
        "AREASFICHEIROS_GTF": null,
        "FICHEIROIMAGEM_GNR": null,
        "AREASFICHEIROSHP_GTF": null,
        "AREASFICHEIROSHPXML_GTF": null,
        "AREASFICHEIRODBF_GTF": null,
        "AREASFICHEIROPRJ_GTF": null,
        "AREASFICHEIROSBN_GTF": null,
        "AREASFICHEIROSBX_GTF": null,
        "AREASFICHEIROSHX_GTF": null,
        "AREASFICHEIROZIP_SAA": null
      }
    },
    {
      "type": "Feature",
      "geometry": {
        "type": "Point",
        "coordinates": [
          -8.44821800020006,
          41.4697929999563
        ]
      },
      "properties": {
        "id": "20260322106",
        "DISTRITO": "Braga",
        "TIPO": "Florestal",
        "ANO": 2026.0,
        "AREAPOV": 0.0,
        "AREAMATO": 0.4,
        "AREAAGRIC": 0.0,
        "AREATOTAL": 0.4,
        "REACENDIMENTOS": 0.0,
        "QUEIMADA": 0.0,
        "FALSOALARME": 0.0,
        "FOGACHO": 1.0,
        "INCENDIO": 0.0,
        "AGRICOLA": 0.0,
        "NCCO": 20260322106.0,
        "NOMECCO": 3.0,
        "DATAALERTA": "01-03-2026",
        "HORAALERTA": "13:43",
        "LOCAL": "Rua da Aldeia Nova (ED309 (ED309) Km 25)",
        "CONCELHO": "Vila Nova de Famalicão",
        "FREGUESIA": "Portela",
        "FONTEALERTA": "Bombeiros",
        "INE": 31231.0,
        "X": 173679.0,
        "Y": 500102.0,
        "DIA": 1.0,
        "MES": 3.0,
        "HORA": 13.0,
        "OPERADOR": "sigo",
        "PERIMETRO": null,
        "APS": null,
        "CAUSA": 42200.0,
        "TIPOCAUSA": "Negligente",
        "DHINICIO": "01-03-2026 13:43:00",
        "DHFIM": "01-03-2026 15:40:00",
        "DURACAO": 117.0,
        "HAHORA": 0.4,
        "DATAEXTINCAO": "01-03-2026",
        "HORAEXTINCAO": "15:40",
        "DATA1INTERVENCAO": "01-03-2026",
        "HORA1INTERVENCAO": "13:50",
        "QUEIMA": 0.0,
        "CAUSAFAMILIA": "Queimas amontoados de sobrantes florestais ou agrícolas",
        "TEMPERATURA": 17.1622562408447,
        "HUMIDADERELATIVA": 67.2469635009766,
        "VENTOINTENSIDADE": 5.3939471244812,
        "VENTOINTENSIDADE_VETOR": null,
        "VENTODIRECAO_VETOR": null,
        "PRECEPITACAO": 0.0,
        "FFMC": null,
        "DMC": null,
        "DC": null,
        "ISI": null,
        "BUI": null,
        "FWI": null,
        "DSR": null,
        "THC": null,
        "MODFARSITE": null,
        "ALTITUDEMEDIA": 225.477,
        "DECLIVEMEDIO": 19.9232,
        "HORASEXPOSICAOMEDIA": null,
        "DENDIDADERV": 249.306,
        "COSN5VARIEDADE": 13.05,
        "AREAMANCHAMODFARSITE": null,
        "AREASFICHEIROS_GNR": null,
        "AREASFICHEIROS_GTF": null,
        "FICHEIROIMAGEM_GNR": null,
        "AREASFICHEIROSHP_GTF": null,
        "AREASFICHEIROSHPXML_GTF": null,
        "AREASFICHEIRODBF_GTF": null,
        "AREASFICHEIROPRJ_GTF": null,
        "AREASFICHEIROSBN_GTF": null,
        "AREASFICHEIROSBX_GTF": null,
        "AREASFICHEIROSHX_GTF": null,
        "AREASFICHEIROZIP_SAA": null
      }
    },
    {
      "type": "Feature",
      "geometry": {
        "type": "Point",
        "coordinates": [
          -8.55459999985165,
          41.9830080000559
        ]
      },
      "properties": {
        "id": "20260323623",
        "DISTRITO": "Viana do Castelo",
        "TIPO": "Florestal",
        "ANO": 2026.0,
        "AREAPOV": 0.0,
        "AREAMATO": 1.0,
        "AREAAGRIC": 0.0,
        "AREATOTAL": 1.0,
        "REACENDIMENTOS": 0.0,
        "QUEIMADA": 0.0,
        "FALSOALARME": 0.0,
        "FOGACHO": 0.0,
        "INCENDIO": 1.0,
        "AGRICOLA": 0.0,
        "NCCO": 20260323623.0,
        "NOMECCO": 3.0,
        "DATAALERTA": "01-03-2026",
        "HORAALERTA": "19:45",
        "LOCAL": "Eolicas (Vale de Brialho)",
        "CONCELHO": "Valença",
        "FREGUESIA": "Boivão",
        "FONTEALERTA": null,
        "INE": 160802.0,
        "X": 165072.0,
        "Y": 557143.0,
        "DIA": 1.0,
        "MES": 3.0,
        "HORA": 19.0,
        "OPERADOR": 1950072.0,
        "PERIMETRO": "Perimetro Florestal da Boalhosa",
        "APS": null,
        "CAUSA": 43101.0,
        "TIPOCAUSA": "Negligente",
        "DHINICIO": "01-03-2026 19:45:00",
        "DHFIM": "01-03-2026 20:34:00",
        "DURACAO": 49.0,
        "HAHORA": 1.0,
        "DATAEXTINCAO": "01-03-2026",
        "HORAEXTINCAO": "20:34",
        "DATA1INTERVENCAO": "01-03-2026",
        "HORA1INTERVENCAO": "20:21",
        "QUEIMA": 0.0,
        "CAUSAFAMILIA": "Queimadas para gestão de pasto para gado",
        "TEMPERATURA": 12.7630863189697,
        "HUMIDADERELATIVA": 86.651496887207,
        "VENTOINTENSIDADE": 5.71969509124756,
        "VENTOINTENSIDADE_VETOR": null,
        "VENTODIRECAO_VETOR": null,
        "PRECEPITACAO": 0.0,
        "FFMC": null,
        "DMC": null,
        "DC": null,
        "ISI": null,
        "BUI": null,
        "FWI": null,
        "DSR": null,
        "THC": null,
        "MODFARSITE": 233.0,
        "ALTITUDEMEDIA": 293.216,
        "DECLIVEMEDIO": 20.4483,
        "HORASEXPOSICAOMEDIA": null,
        "DENDIDADERV": 277.587,
        "COSN5VARIEDADE": 16.95,
        "AREAMANCHAMODFARSITE": 41.2939,
        "AREASFICHEIROS_GNR": "http://fogos.icnf.pt/sgif2010/ficheiroskml/20260323623.kml",
        "AREASFICHEIROS_GTF": null,
        "FICHEIROIMAGEM_GNR": null,
        "AREASFICHEIROSHP_GTF": null,
        "AREASFICHEIROSHPXML_GTF": null,
        "AREASFICHEIRODBF_GTF": null,
        "AREASFICHEIROPRJ_GTF": null,
        "AREASFICHEIROSBN_GTF": null,
        "AREASFICHEIROSBX_GTF": null,
        "AREASFICHEIROSHX_GTF": null,
        "AREASFICHEIROZIP_SAA": null
      }
    },
    {
      "type": "Feature",
      "geometry": {
        "type": "Point",
        "coordinates": [
          -8.25138888888889,
          40.8758333333333
        ]
      },
      "properties": {
        "id": "20260324435",
        "DISTRITO": "Aveiro",
        "TIPO": "Florestal",
        "ANO": 2026.0,
        "AREAPOV": 0.0,
        "AREAMATO": 30.6,
        "AREAAGRIC": 0.0,
        "AREATOTAL": 30.6,
        "REACENDIMENTOS": 0.0,
        "QUEIMADA": 0.0,
        "FALSOALARME": 0.0,
        "FOGACHO": 0.0,
        "INCENDIO": 1.0,
        "AGRICOLA": 0.0,
        "NCCO": 20260324435.0,
        "NOMECCO": 3.0,
        "DATAALERTA": "02-03-2026",
        "HORAALERTA": "01:30",
        "LOCAL": "Serra da Freita",
        "CONCELHO": "Arouca",
        "FREGUESIA": "Albergaria da Serra",
        "FONTEALERTA": null,
        "INE": 10401.0,
        "X": 190031.0,
        "Y": 434096.0,
        "DIA": 2.0,
        "MES": 3.0,
        "HORA": 1.0,
        "OPERADOR": 2040889.0,
        "PERIMETRO": "Perimetro Florestal da Serra da Freita",
        "APS": null,
        "CAUSA": 43102.0,
        "TIPOCAUSA": "Negligente",
        "DHINICIO": "02-03-2026 01:30:00",
        "DHFIM": "02-03-2026 11:12:00",
        "DURACAO": 582.0,
        "HAHORA": 3.4,
        "DATAEXTINCAO": "02-03-2026",
        "HORAEXTINCAO": "11:12",
        "DATA1INTERVENCAO": "02-03-2026",
        "HORA1INTERVENCAO": "02:10",
        "QUEIMA": 0.0,
        "CAUSAFAMILIA": "Queimadas para gestão de pasto para gado",
        "TEMPERATURA": 8.57607460021973,
        "HUMIDADERELATIVA": 98.513671875,
        "VENTOINTENSIDADE": 3.8819797039032,
        "VENTOINTENSIDADE_VETOR": null,
        "VENTODIRECAO_VETOR": null,
        "PRECEPITACAO": 0.0,
        "FFMC": null,
        "DMC": null,
        "DC": null,
        "ISI": null,
        "BUI": null,
        "FWI": null,
        "DSR": null,
        "THC": null,
        "MODFARSITE": 234.0,
        "ALTITUDEMEDIA": 972.866,
        "DECLIVEMEDIO": 22.6364,
        "HORASEXPOSICAOMEDIA": null,
        "DENDIDADERV": 164.891,
        "COSN5VARIEDADE": 9.24,
        "AREAMANCHAMODFARSITE": 1560.01,
        "AREASFICHEIROS_GNR": "http://fogos.icnf.pt/sgif2010/ficheiroskml/006-2026.kml",
        "AREASFICHEIROS_GTF": null,
        "FICHEIROIMAGEM_GNR": null,
        "AREASFICHEIROSHP_GTF": null,
        "AREASFICHEIROSHPXML_GTF": null,
        "AREASFICHEIRODBF_GTF": null,
        "AREASFICHEIROPRJ_GTF": null,
        "AREASFICHEIROSBN_GTF": null,
        "AREASFICHEIROSBX_GTF": null,
        "AREASFICHEIROSHX_GTF": null,
        "AREASFICHEIROZIP_SAA": null
      }
    },
    {
      "type": "Feature",
      "geometry": {
        "type": "Point",
        "coordinates": [
          -8.06506800015767,
          41.5787430000305
        ]
      },
      "properties": {
        "id": "20260323607",
        "DISTRITO": "Braga",
        "TIPO": "Florestal",
        "ANO": 2026.0,
        "AREAPOV": 0.0,
        "AREAMATO": 0.5,
        "AREAAGRIC": 0.0,
        "AREATOTAL": 0.5,
        "REACENDIMENTOS": 0.0,
        "QUEIMADA": 0.0,
        "FALSOALARME": 0.0,
        "FOGACHO": 1.0,
        "INCENDIO": 0.0,
        "AGRICOLA": 0.0,
        "NCCO": 20260323607.0,
        "NOMECCO": 3.0,
        "DATAALERTA": "01-03-2026",
        "HORAALERTA": "19:45",
        "LOCAL": "lugar de calvos (CASTELO)",
        "CONCELHO": "Vieira do Minho",
        "FREGUESIA": "Rossas",
        "FONTEALERTA": null,
        "INE": 31113.0,
        "X": 205676.0,
        "Y": 512157.0,
        "DIA": 1.0,
        "MES": 3.0,
        "HORA": 19.0,
        "OPERADOR": 2195423.0,
        "PERIMETRO": null,
        "APS": null,
        "CAUSA": 43102.0,
        "TIPOCAUSA": "Negligente",
        "DHINICIO": "01-03-2026 19:45:00",
        "DHFIM": "01-03-2026 21:25:00",
        "DURACAO": 100.0,
        "HAHORA": 0.5,
        "DATAEXTINCAO": "01-03-2026",
        "HORAEXTINCAO": "21:25",
        "DATA1INTERVENCAO": "01-03-2026",
        "HORA1INTERVENCAO": "20:10",
        "QUEIMA": 0.0,
        "CAUSAFAMILIA": "Queimadas para gestão de pasto para gado",
        "TEMPERATURA": 12.7630863189697,
        "HUMIDADERELATIVA": 86.651496887207,
        "VENTOINTENSIDADE": 5.71969509124756,
        "VENTOINTENSIDADE_VETOR": null,
        "VENTODIRECAO_VETOR": null,
        "PRECEPITACAO": 0.0,
        "FFMC": null,
        "DMC": null,
        "DC": null,
        "ISI": null,
        "BUI": null,
        "FWI": null,
        "DSR": null,
        "THC": null,
        "MODFARSITE": 227.0,
        "ALTITUDEMEDIA": 527.523,
        "DECLIVEMEDIO": 32.0175,
        "HORASEXPOSICAOMEDIA": null,
        "DENDIDADERV": 189.592,
        "COSN5VARIEDADE": 29.62,
        "AREAMANCHAMODFARSITE": 1.42409,
        "AREASFICHEIROS_GNR": "http://fogos.icnf.pt/sgif2010/ficheiroskml/20260323607.kmz",
        "AREASFICHEIROS_GTF": null,
        "FICHEIROIMAGEM_GNR": null,
        "AREASFICHEIROSHP_GTF": null,
        "AREASFICHEIROSHPXML_GTF": null,
        "AREASFICHEIRODBF_GTF": null,
        "AREASFICHEIROPRJ_GTF": null,
        "AREASFICHEIROSBN_GTF": null,
        "AREASFICHEIROSBX_GTF": null,
        "AREASFICHEIROSHX_GTF": null,
        "AREASFICHEIROZIP_SAA": null
      }
    },
    {
      "type": "Feature",
      "geometry": {
        "type": "Point",
        "coordinates": [
          -8.25799800025092,
          41.9114129998949
        ]
      },
      "properties": {
        "id": "20260328710",
        "DISTRITO": "Viana do Castelo",
        "TIPO": "Florestal",
        "ANO": 2026.0,
        "AREAPOV": 0.0,
        "AREAMATO": 3.0,
        "AREAAGRIC": 0.0,
        "AREATOTAL": 3.0,
        "REACENDIMENTOS": 0.0,
        "QUEIMADA": 0.0,
        "FALSOALARME": 0.0,
        "FOGACHO": 0.0,
        "INCENDIO": 1.0,
        "AGRICOLA": 0.0,
        "NCCO": 20260328710.0,
        "NOMECCO": 3.0,
        "DATAALERTA": "02-03-2026",
        "HORAALERTA": "19:45",
        "LOCAL": "Lg Adrão (Senhora da Paz)",
        "CONCELHO": "Arcos de Valdevez",
        "FREGUESIA": "Soajo",
        "FONTEALERTA": "Populares",
        "INE": 160146.0,
        "X": 189641.0,
        "Y": 549111.0,
        "DIA": 2.0,
        "MES": 3.0,
        "HORA": 19.0,
        "OPERADOR": "sigo",
        "PERIMETRO": "PNPG Baldios cogeridos",
        "APS": "Peneda-Geres",
        "CAUSA": 43102.0,
        "TIPOCAUSA": "Negligente",
        "DHINICIO": "02-03-2026 19:45:00",
        "DHFIM": "02-03-2026 21:55:00",
        "DURACAO": 130.0,
        "HAHORA": 1.5,
        "DATAEXTINCAO": "02-03-2026",
        "HORAEXTINCAO": "21:55",
        "DATA1INTERVENCAO": "02-03-2026",
        "HORA1INTERVENCAO": "20:30",
        "QUEIMA": 0.0,
        "CAUSAFAMILIA": "Queimadas para gestão de pasto para gado",
        "TEMPERATURA": 13.3143558502197,
        "HUMIDADERELATIVA": 87.9108581542969,
        "VENTOINTENSIDADE": 12.6996307373047,
        "VENTOINTENSIDADE_VETOR": null,
        "VENTODIRECAO_VETOR": null,
        "PRECEPITACAO": 0.0205078125,
        "FFMC": null,
        "DMC": null,
        "DC": null,
        "ISI": null,
        "BUI": null,
        "FWI": null,
        "DSR": null,
        "THC": null,
        "MODFARSITE": 233.0,
        "ALTITUDEMEDIA": 579.015,
        "DECLIVEMEDIO": 22.133,
        "HORASEXPOSICAOMEDIA": null,
        "DENDIDADERV": 148.658,
        "COSN5VARIEDADE": 9.4,
        "AREAMANCHAMODFARSITE": 70.8227,
        "AREASFICHEIROS_GNR": "http://fogos.icnf.pt/sgif2010/ficheiroskml/328710.kml",
        "AREASFICHEIROS_GTF": null,
        "FICHEIROIMAGEM_GNR": null,
        "AREASFICHEIROSHP_GTF": null,
        "AREASFICHEIROSHPXML_GTF": null,
        "AREASFICHEIRODBF_GTF": null,
        "AREASFICHEIROPRJ_GTF": null,
        "AREASFICHEIROSBN_GTF": null,
        "AREASFICHEIROSBX_GTF": null,
        "AREASFICHEIROSHX_GTF": null,
        "AREASFICHEIROZIP_SAA": null
      }
    },
    {
      "type": "Feature",
      "geometry": {
        "type": "Point",
        "coordinates": [
          -7.89583333333333,
          41.6808333333333
        ]
      },
      "properties": {
        "id": "20260334230",
        "DISTRITO": "Vila Real",
        "TIPO": "Florestal",
        "ANO": 2026.0,
        "AREAPOV": 0.0,
        "AREAMATO": 0.5,
        "AREAAGRIC": 0.0,
        "AREATOTAL": 0.5,
        "REACENDIMENTOS": 0.0,
        "QUEIMADA": 0.0,
        "FALSOALARME": 0.0,
        "FOGACHO": 1.0,
        "INCENDIO": 0.0,
        "AGRICOLA": 0.0,
        "NCCO": 20260334230.0,
        "NOMECCO": 3.0,
        "DATAALERTA": "03-03-2026",
        "HORAALERTA": "23:35",
        "LOCAL": "Corga dos Lameiros",
        "CONCELHO": "Boticas",
        "FREGUESIA": "Cerdedo",
        "FONTEALERTA": "Populares",
        "INE": 170206.0,
        "X": 219759.0,
        "Y": 523520.0,
        "DIA": 3.0,
        "MES": 3.0,
        "HORA": 23.0,
        "OPERADOR": 1985042.0,
        "PERIMETRO": "Perimetro Florestal do Barroso",
        "APS": null,
        "CAUSA": 43102.0,
        "TIPOCAUSA": "Negligente",
        "DHINICIO": "03-03-2026 23:35:00",
        "DHFIM": "04-03-2026 00:15:00",
        "DURACAO": 40.0,
        "HAHORA": 0.5,
        "DATAEXTINCAO": "04-03-2026",
        "HORAEXTINCAO": "00:15",
        "DATA1INTERVENCAO": "03-03-2026",
        "HORA1INTERVENCAO": "23:50",
        "QUEIMA": 0.0,
        "CAUSAFAMILIA": "Queimadas para gestão de pasto para gado",
        "TEMPERATURA": 12.0882816314697,
        "HUMIDADERELATIVA": 84.7166290283203,
        "VENTOINTENSIDADE": 5.8866171836853,
        "VENTOINTENSIDADE_VETOR": null,
        "VENTODIRECAO_VETOR": null,
        "PRECEPITACAO": 0.0,
        "FFMC": null,
        "DMC": null,
        "DC": null,
        "ISI": null,
        "BUI": null,
        "FWI": null,
        "DSR": null,
        "THC": null,
        "MODFARSITE": 234.0,
        "ALTITUDEMEDIA": 855.131,
        "DECLIVEMEDIO": 10.8662,
        "HORASEXPOSICAOMEDIA": null,
        "DENDIDADERV": 118.651,
        "COSN5VARIEDADE": 15.6,
        "AREAMANCHAMODFARSITE": 3518.06,
        "AREASFICHEIROS_GNR": null,
        "AREASFICHEIROS_GTF": null,
        "FICHEIROIMAGEM_GNR": null,
        "AREASFICHEIROSHP_GTF": null,
        "AREASFICHEIROSHPXML_GTF": null,
        "AREASFICHEIRODBF_GTF": null,
        "AREASFICHEIROPRJ_GTF": null,
        "AREASFICHEIROSBN_GTF": null,
        "AREASFICHEIROSBX_GTF": null,
        "AREASFICHEIROSHX_GTF": null,
        "AREASFICHEIROZIP_SAA": null
      }
    },
    {
      "type": "Feature",
      "geometry": {
        "type": "Point",
        "coordinates": [
          -7.895,
          41.6897222222222
        ]
      },
      "properties": {
        "id": "20260328157",
        "DISTRITO": "Vila Real",
        "TIPO": "Florestal",
        "ANO": 2026.0,
        "AREAPOV": 0.0,
        "AREAMATO": 0.9,
        "AREAAGRIC": 0.0,
        "AREATOTAL": 0.9,
        "REACENDIMENTOS": 0.0,
        "QUEIMADA": 0.0,
        "FALSOALARME": 0.0,
        "FOGACHO": 1.0,
        "INCENDIO": 0.0,
        "AGRICOLA": 0.0,
        "NCCO": 20260328157.0,
        "NOMECCO": 3.0,
        "DATAALERTA": "02-03-2026",
        "HORAALERTA": "17:28",
        "LOCAL": "Alto do Redondo",
        "CONCELHO": "Boticas",
        "FREGUESIA": "Cerdedo",
        "FONTEALERTA": null,
        "INE": 170206.0,
        "X": 219826.0,
        "Y": 524508.0,
        "DIA": 2.0,
        "MES": 3.0,
        "HORA": 17.0,
        "OPERADOR": 1985042.0,
        "PERIMETRO": "Perimetro Florestal do Barroso",
        "APS": null,
        "CAUSA": 43102.0,
        "TIPOCAUSA": "Negligente",
        "DHINICIO": "02-03-2026 17:28:00",
        "DHFIM": "02-03-2026 18:46:00",
        "DURACAO": 78.0,
        "HAHORA": 0.9,
        "DATAEXTINCAO": "02-03-2026",
        "HORAEXTINCAO": "18:46",
        "DATA1INTERVENCAO": "02-03-2026",
        "HORA1INTERVENCAO": "17:40",
        "QUEIMA": 0.0,
        "CAUSAFAMILIA": "Queimadas para gestão de pasto para gado",
        "TEMPERATURA": 14.2650394439697,
        "HUMIDADERELATIVA": 82.3417816162109,
        "VENTOINTENSIDADE": 17.7418308258057,
        "VENTOINTENSIDADE_VETOR": null,
        "VENTODIRECAO_VETOR": null,
        "PRECEPITACAO": 0.0009765625,
        "FFMC": null,
        "DMC": null,
        "DC": null,
        "ISI": null,
        "BUI": null,
        "FWI": null,
        "DSR": null,
        "THC": null,
        "MODFARSITE": 233.0,
        "ALTITUDEMEDIA": 935.261,
        "DECLIVEMEDIO": 21.056,
        "HORASEXPOSICAOMEDIA": null,
        "DENDIDADERV": 80.1463,
        "COSN5VARIEDADE": 14.54,
        "AREAMANCHAMODFARSITE": 126.751,
        "AREASFICHEIROS_GNR": null,
        "AREASFICHEIROS_GTF": null,
        "FICHEIROIMAGEM_GNR": null,
        "AREASFICHEIROSHP_GTF": null,
        "AREASFICHEIROSHPXML_GTF": null,
        "AREASFICHEIRODBF_GTF": null,
        "AREASFICHEIROPRJ_GTF": null,
        "AREASFICHEIROSBN_GTF": null,
        "AREASFICHEIROSBX_GTF": null,
        "AREASFICHEIROSHX_GTF": null,
        "AREASFICHEIROZIP_SAA": null
      }
    },
    {
      "type": "Feature",
      "geometry": {
        "type": "Point",
        "coordinates": [
          -7.67583333333333,
          41.7686111111111
        ]
      },
      "properties": {
        "id": "20260337612",
        "DISTRITO": "Vila Real",
        "TIPO": "Florestal",
        "ANO": 2026.0,
        "AREAPOV": 0.0,
        "AREAMATO": 9.3,
        "AREAAGRIC": 0.0,
        "AREATOTAL": 9.3,
        "REACENDIMENTOS": 0.0,
        "QUEIMADA": 0.0,
        "FALSOALARME": 0.0,
        "FOGACHO": 0.0,
        "INCENDIO": 1.0,
        "AGRICOLA": 0.0,
        "NCCO": 20260337612.0,
        "NOMECCO": 3.0,
        "DATAALERTA": "04-03-2026",
        "HORAALERTA": "16:36",
        "LOCAL": "Reboredo",
        "CONCELHO": "Montalegre",
        "FREGUESIA": "Cervos",
        "FONTEALERTA": 112.0,
        "INE": 170603.0,
        "X": 238019.0,
        "Y": 533349.0,
        "DIA": 4.0,
        "MES": 3.0,
        "HORA": 16.0,
        "OPERADOR": 1875311.0,
        "PERIMETRO": null,
        "APS": null,
        "CAUSA": 43102.0,
        "TIPOCAUSA": "Negligente",
        "DHINICIO": "04-03-2026 16:36:00",
        "DHFIM": "04-03-2026 19:00:00",
        "DURACAO": 144.0,
        "HAHORA": 4.65,
        "DATAEXTINCAO": "04-03-2026",
        "HORAEXTINCAO": "19:00",
        "DATA1INTERVENCAO": "04-03-2026",
        "HORA1INTERVENCAO": "17:00",
        "QUEIMA": 0.0,
        "CAUSAFAMILIA": "Queimadas para gestão de pasto para gado",
        "TEMPERATURA": 15.2315921783447,
        "HUMIDADERELATIVA": 78.8674621582031,
        "VENTOINTENSIDADE": 11.3729906082153,
        "VENTOINTENSIDADE_VETOR": null,
        "VENTODIRECAO_VETOR": null,
        "PRECEPITACAO": 0.0009765625,
        "FFMC": null,
        "DMC": null,
        "DC": null,
        "ISI": null,
        "BUI": null,
        "FWI": null,
        "DSR": null,
        "THC": null,
        "MODFARSITE": null,
        "ALTITUDEMEDIA": 914.409,
        "DECLIVEMEDIO": 9.38029,
        "HORASEXPOSICAOMEDIA": null,
        "DENDIDADERV": 71.8081,
        "COSN5VARIEDADE": 12.82,
        "AREAMANCHAMODFARSITE": null,
        "AREASFICHEIROS_GNR": "http://fogos.icnf.pt/sgif2010/ficheiroskml/20260337612.kmz",
        "AREASFICHEIROS_GTF": null,
        "FICHEIROIMAGEM_GNR": null,
        "AREASFICHEIROSHP_GTF": null,
        "AREASFICHEIROSHPXML_GTF": null,
        "AREASFICHEIRODBF_GTF": null,
        "AREASFICHEIROPRJ_GTF": null,
        "AREASFICHEIROSBN_GTF": null,
        "AREASFICHEIROSBX_GTF": null,
        "AREASFICHEIROSHX_GTF": null,
        "AREASFICHEIROZIP_SAA": null
      }
    },
    {
      "type": "Feature",
      "geometry": {
        "type": "Point",
        "coordinates": [
          -7.08722222222222,
          40.7130555555556
        ]
      },
      "properties": {
        "id": "20260337850",
        "DISTRITO": "Guarda",
        "TIPO": "Florestal",
        "ANO": 2026.0,
        "AREAPOV": 0.0,
        "AREAMATO": 1.4,
        "AREAAGRIC": 0.0,
        "AREATOTAL": 1.4,
        "REACENDIMENTOS": 0.0,
        "QUEIMADA": 0.0,
        "FALSOALARME": 0.0,
        "FOGACHO": 0.0,
        "INCENDIO": 1.0,
        "AGRICOLA": 0.0,
        "NCCO": 20260337850.0,
        "NOMECCO": 3.0,
        "DATAALERTA": "04-03-2026",
        "HORAALERTA": "17:31",
        "LOCAL": "Sol Posto",
        "CONCELHO": "Pinhel",
        "FREGUESIA": "Manigoto",
        "FONTEALERTA": "Outros",
        "INE": 91014.0,
        "X": 288386.0,
        "Y": 416541.0,
        "DIA": 4.0,
        "MES": 3.0,
        "HORA": 17.0,
        "OPERADOR": 2000180.0,
        "PERIMETRO": null,
        "APS": null,
        "CAUSA": 43102.0,
        "TIPOCAUSA": "Negligente",
        "DHINICIO": "04-03-2026 17:31:00",
        "DHFIM": "04-03-2026 18:15:00",
        "DURACAO": 44.0,
        "HAHORA": 1.4,
        "DATAEXTINCAO": "04-03-2026",
        "HORAEXTINCAO": "18:15",
        "DATA1INTERVENCAO": "04-03-2026",
        "HORA1INTERVENCAO": "17:45",
        "QUEIMA": 0.0,
        "CAUSAFAMILIA": "Queimadas para gestão de pasto para gado",
        "TEMPERATURA": 14.5240726470947,
        "HUMIDADERELATIVA": 83.5063323974609,
        "VENTOINTENSIDADE": 9.41372871398926,
        "VENTOINTENSIDADE_VETOR": null,
        "VENTODIRECAO_VETOR": null,
        "PRECEPITACAO": 0.0,
        "FFMC": null,
        "DMC": null,
        "DC": null,
        "ISI": null,
        "BUI": null,
        "FWI": null,
        "DSR": null,
        "THC": null,
        "MODFARSITE": 231.0,
        "ALTITUDEMEDIA": 623.899,
        "DECLIVEMEDIO": 8.82314,
        "HORASEXPOSICAOMEDIA": null,
        "DENDIDADERV": 80.2947,
        "COSN5VARIEDADE": 15.03,
        "AREAMANCHAMODFARSITE": 34.8205,
        "AREASFICHEIROS_GNR": "http://fogos.icnf.pt/sgif2010/ficheiroskml/20250337850.kmz",
        "AREASFICHEIROS_GTF": null,
        "FICHEIROIMAGEM_GNR": null,
        "AREASFICHEIROSHP_GTF": null,
        "AREASFICHEIROSHPXML_GTF": null,
        "AREASFICHEIRODBF_GTF": null,
        "AREASFICHEIROPRJ_GTF": null,
        "AREASFICHEIROSBN_GTF": null,
        "AREASFICHEIROSBX_GTF": null,
        "AREASFICHEIROSHX_GTF": null,
        "AREASFICHEIROZIP_SAA": null
      }
    },
    {
      "type": "Feature",
      "geometry": {
        "type": "Point",
        "coordinates": [
          -7.99666666666667,
          41.7269444444444
        ]
      },
      "properties": {
        "id": "20260347325",
        "DISTRITO": "Vila Real",
        "TIPO": "Florestal",
        "ANO": 2026.0,
        "AREAPOV": 0.0,
        "AREAMATO": 0.9,
        "AREAAGRIC": 0.0,
        "AREATOTAL": 0.9,
        "REACENDIMENTOS": 0.0,
        "QUEIMADA": 0.0,
        "FALSOALARME": 0.0,
        "FOGACHO": 1.0,
        "INCENDIO": 0.0,
        "AGRICOLA": 0.0,
        "NCCO": 20260347325.0,
        "NOMECCO": 3.0,
        "DATAALERTA": "06-03-2026",
        "HORAALERTA": "17:10",
        "LOCAL": "Caminho do Touro",
        "CONCELHO": "Montalegre",
        "FREGUESIA": "Covelo do Gerez",
        "FONTEALERTA": null,
        "INE": 170607.0,
        "X": 211357.0,
        "Y": 528611.0,
        "DIA": 6.0,
        "MES": 3.0,
        "HORA": 17.0,
        "OPERADOR": 1875311.0,
        "PERIMETRO": null,
        "APS": null,
        "CAUSA": 43102.0,
        "TIPOCAUSA": "Negligente",
        "DHINICIO": "06-03-2026 17:10:00",
        "DHFIM": "06-03-2026 17:53:00",
        "DURACAO": 43.0,
        "HAHORA": 0.9,
        "DATAEXTINCAO": "06-03-2026",
        "HORAEXTINCAO": "17:53",
        "DATA1INTERVENCAO": "06-03-2026",
        "HORA1INTERVENCAO": "17:40",
        "QUEIMA": 0.0,
        "CAUSAFAMILIA": "Queimadas para gestão de pasto para gado",
        "TEMPERATURA": 10.8329105377197,
        "HUMIDADERELATIVA": 72.5753631591797,
        "VENTOINTENSIDADE": 13.9249496459961,
        "VENTOINTENSIDADE_VETOR": null,
        "VENTODIRECAO_VETOR": null,
        "PRECEPITACAO": 0.0390625,
        "FFMC": null,
        "DMC": null,
        "DC": null,
        "ISI": null,
        "BUI": null,
        "FWI": null,
        "DSR": null,
        "THC": null,
        "MODFARSITE": 232.0,
        "ALTITUDEMEDIA": 698.624,
        "DECLIVEMEDIO": 35.9746,
        "HORASEXPOSICAOMEDIA": null,
        "DENDIDADERV": 102.314,
        "COSN5VARIEDADE": 16.0,
        "AREAMANCHAMODFARSITE": 10.1045,
        "AREASFICHEIROS_GNR": null,
        "AREASFICHEIROS_GTF": null,
        "FICHEIROIMAGEM_GNR": null,
        "AREASFICHEIROSHP_GTF": null,
        "AREASFICHEIROSHPXML_GTF": null,
        "AREASFICHEIRODBF_GTF": null,
        "AREASFICHEIROPRJ_GTF": null,
        "AREASFICHEIROSBN_GTF": null,
        "AREASFICHEIROSBX_GTF": null,
        "AREASFICHEIROSHX_GTF": null,
        "AREASFICHEIROZIP_SAA": null
      }
    },
    {
      "type": "Feature",
      "geometry": {
        "type": "Point",
        "coordinates": [
          -7.87972222222222,
          41.7583333333333
        ]
      },
      "properties": {
        "id": "20260321772",
        "DISTRITO": "Vila Real",
        "TIPO": "Florestal",
        "ANO": 2026.0,
        "AREAPOV": 0.0,
        "AREAMATO": 0.9,
        "AREAAGRIC": 0.0,
        "AREATOTAL": 0.9,
        "REACENDIMENTOS": 0.0,
        "QUEIMADA": 0.0,
        "FALSOALARME": 0.0,
        "FOGACHO": 1.0,
        "INCENDIO": 0.0,
        "AGRICOLA": 0.0,
        "NCCO": 20260321772.0,
        "NOMECCO": 3.0,
        "DATAALERTA": "01-03-2026",
        "HORAALERTA": "12:29",
        "LOCAL": "Tolões",
        "CONCELHO": "Montalegre",
        "FREGUESIA": "Viade de Baixo",
        "FONTEALERTA": 112.0,
        "INE": 170634.0,
        "X": 221080.0,
        "Y": 532119.0,
        "DIA": 1.0,
        "MES": 3.0,
        "HORA": 12.0,
        "OPERADOR": 1875311.0,
        "PERIMETRO": null,
        "APS": null,
        "CAUSA": 43102.0,
        "TIPOCAUSA": "Negligente",
        "DHINICIO": "01-03-2026 12:29:00",
        "DHFIM": "01-03-2026 14:00:00",
        "DURACAO": 91.0,
        "HAHORA": 0.9,
        "DATAEXTINCAO": "01-03-2026",
        "HORAEXTINCAO": "14:00",
        "DATA1INTERVENCAO": null,
        "HORA1INTERVENCAO": null,
        "QUEIMA": 0.0,
        "CAUSAFAMILIA": "Queimadas para gestão de pasto para gado",
        "TEMPERATURA": 16.4217777252197,
        "HUMIDADERELATIVA": 69.0228118896484,
        "VENTOINTENSIDADE": 5.97042942047119,
        "VENTOINTENSIDADE_VETOR": null,
        "VENTODIRECAO_VETOR": null,
        "PRECEPITACAO": 0.0,
        "FFMC": null,
        "DMC": null,
        "DC": null,
        "ISI": null,
        "BUI": null,
        "FWI": null,
        "DSR": null,
        "THC": null,
        "MODFARSITE": 221.0,
        "ALTITUDEMEDIA": 966.718,
        "DECLIVEMEDIO": 19.2217,
        "HORASEXPOSICAOMEDIA": null,
        "DENDIDADERV": 165.209,
        "COSN5VARIEDADE": 16.74,
        "AREAMANCHAMODFARSITE": 11.5922,
        "AREASFICHEIROS_GNR": null,
        "AREASFICHEIROS_GTF": null,
        "FICHEIROIMAGEM_GNR": null,
        "AREASFICHEIROSHP_GTF": null,
        "AREASFICHEIROSHPXML_GTF": null,
        "AREASFICHEIRODBF_GTF": null,
        "AREASFICHEIROPRJ_GTF": null,
        "AREASFICHEIROSBN_GTF": null,
        "AREASFICHEIROSBX_GTF": null,
        "AREASFICHEIROSHX_GTF": null,
        "AREASFICHEIROZIP_SAA": null
      }
    },
    {
      "type": "Feature",
      "geometry": {
        "type": "Point",
        "coordinates": [
          -7.87888888888889,
          41.7588888888889
        ]
      },
      "properties": {
        "id": "20260322677",
        "DISTRITO": "Vila Real",
        "TIPO": "Florestal",
        "ANO": 2026.0,
        "AREAPOV": 0.0,
        "AREAMATO": 0.6,
        "AREAAGRIC": 0.0,
        "AREATOTAL": 0.6,
        "REACENDIMENTOS": 0.0,
        "QUEIMADA": 0.0,
        "FALSOALARME": 0.0,
        "FOGACHO": 1.0,
        "INCENDIO": 0.0,
        "AGRICOLA": 0.0,
        "NCCO": 20260322677.0,
        "NOMECCO": 3.0,
        "DATAALERTA": "01-03-2026",
        "HORAALERTA": "15:46",
        "LOCAL": "Irboselo",
        "CONCELHO": "Montalegre",
        "FREGUESIA": "Viade de Baixo",
        "FONTEALERTA": 112.0,
        "INE": 170634.0,
        "X": 221137.0,
        "Y": 532209.0,
        "DIA": 1.0,
        "MES": 3.0,
        "HORA": 15.0,
        "OPERADOR": 1875311.0,
        "PERIMETRO": null,
        "APS": null,
        "CAUSA": 43102.0,
        "TIPOCAUSA": "Negligente",
        "DHINICIO": "01-03-2026 15:46:00",
        "DHFIM": "01-03-2026 18:30:00",
        "DURACAO": 164.0,
        "HAHORA": 0.3,
        "DATAEXTINCAO": "01-03-2026",
        "HORAEXTINCAO": "18:30",
        "DATA1INTERVENCAO": null,
        "HORA1INTERVENCAO": null,
        "QUEIMA": 0.0,
        "CAUSAFAMILIA": "Queimadas para gestão de pasto para gado",
        "TEMPERATURA": 17.8727054595947,
        "HUMIDADERELATIVA": 64.7967300415039,
        "VENTOINTENSIDADE": 3.84137773513794,
        "VENTOINTENSIDADE_VETOR": null,
        "VENTODIRECAO_VETOR": null,
        "PRECEPITACAO": 0.0,
        "FFMC": null,
        "DMC": null,
        "DC": null,
        "ISI": null,
        "BUI": null,
        "FWI": null,
        "DSR": null,
        "THC": null,
        "MODFARSITE": null,
        "ALTITUDEMEDIA": 975.146,
        "DECLIVEMEDIO": 17.7989,
        "HORASEXPOSICAOMEDIA": null,
        "DENDIDADERV": 177.244,
        "COSN5VARIEDADE": 16.48,
        "AREAMANCHAMODFARSITE": null,
        "AREASFICHEIROS_GNR": null,
        "AREASFICHEIROS_GTF": null,
        "FICHEIROIMAGEM_GNR": null,
        "AREASFICHEIROSHP_GTF": null,
        "AREASFICHEIROSHPXML_GTF": null,
        "AREASFICHEIRODBF_GTF": null,
        "AREASFICHEIROPRJ_GTF": null,
        "AREASFICHEIROSBN_GTF": null,
        "AREASFICHEIROSBX_GTF": null,
        "AREASFICHEIROSHX_GTF": null,
        "AREASFICHEIROZIP_SAA": null
      }
    },
    {
      "type": "Feature",
      "geometry": {
        "type": "Point",
        "coordinates": [
          -8.10069300002522,
          40.9934070004357
        ]
      },
      "properties": {
        "id": "20260322701",
        "DISTRITO": "Aveiro",
        "TIPO": "Florestal",
        "ANO": 2026.0,
        "AREAPOV": 0.0,
        "AREAMATO": 4.22,
        "AREAAGRIC": 0.0,
        "AREATOTAL": 4.22,
        "REACENDIMENTOS": 0.0,
        "QUEIMADA": 0.0,
        "FALSOALARME": 0.0,
        "FOGACHO": 0.0,
        "INCENDIO": 1.0,
        "AGRICOLA": 0.0,
        "NCCO": 20260322701.0,
        "NOMECCO": 3.0,
        "DATAALERTA": "01-03-2026",
        "HORAALERTA": "15:51",
        "LOCAL": "Noninha (Devesa)",
        "CONCELHO": "Arouca",
        "FREGUESIA": "Alvarenga",
        "FONTEALERTA": 112.0,
        "INE": 10402.0,
        "X": 202729.0,
        "Y": 447147.0,
        "DIA": 1.0,
        "MES": 3.0,
        "HORA": 15.0,
        "OPERADOR": 2040889.0,
        "PERIMETRO": "Perimetro Florestal da Serra de Montemuro",
        "APS": null,
        "CAUSA": 43102.0,
        "TIPOCAUSA": "Negligente",
        "DHINICIO": "01-03-2026 15:51:00",
        "DHFIM": "01-03-2026 18:13:00",
        "DURACAO": 142.0,
        "HAHORA": 2.11,
        "DATAEXTINCAO": "01-03-2026",
        "HORAEXTINCAO": "18:13",
        "DATA1INTERVENCAO": "01-03-2026",
        "HORA1INTERVENCAO": "17:19",
        "QUEIMA": 0.0,
        "CAUSAFAMILIA": "Queimadas para gestão de pasto para gado",
        "TEMPERATURA": 17.8727054595947,
        "HUMIDADERELATIVA": 64.7967300415039,
        "VENTOINTENSIDADE": 3.84137773513794,
        "VENTOINTENSIDADE_VETOR": null,
        "VENTODIRECAO_VETOR": null,
        "PRECEPITACAO": 0.0,
        "FFMC": null,
        "DMC": null,
        "DC": null,
        "ISI": null,
        "BUI": null,
        "FWI": null,
        "DSR": null,
        "THC": null,
        "MODFARSITE": 234.0,
        "ALTITUDEMEDIA": 855.438,
        "DECLIVEMEDIO": 32.5254,
        "HORASEXPOSICAOMEDIA": null,
        "DENDIDADERV": 169.038,
        "COSN5VARIEDADE": 10.92,
        "AREAMANCHAMODFARSITE": 21.04,
        "AREASFICHEIROS_GNR": "http://fogos.icnf.pt/sgif2010/ficheiroskml/005-2026.kmz",
        "AREASFICHEIROS_GTF": null,
        "FICHEIROIMAGEM_GNR": null,
        "AREASFICHEIROSHP_GTF": null,
        "AREASFICHEIROSHPXML_GTF": null,
        "AREASFICHEIRODBF_GTF": null,
        "AREASFICHEIROPRJ_GTF": null,
        "AREASFICHEIROSBN_GTF": null,
        "AREASFICHEIROSBX_GTF": null,
        "AREASFICHEIROSHX_GTF": null,
        "AREASFICHEIROZIP_SAA": null
      }
    },
    {
      "type": "Feature",
      "geometry": {
        "type": "Point",
        "coordinates": [
          -7.02473800023397,
          41.9318919997745
        ]
      },
      "properties": {
        "id": "20260309047",
        "DISTRITO": "Bragança",
        "TIPO": "Florestal",
        "ANO": 2026.0,
        "AREAPOV": 0.0,
        "AREAMATO": 0.55,
        "AREAAGRIC": 0.0,
        "AREATOTAL": 0.55,
        "REACENDIMENTOS": 0.0,
        "QUEIMADA": 0.0,
        "FALSOALARME": 0.0,
        "FOGACHO": 1.0,
        "INCENDIO": 0.0,
        "AGRICOLA": 0.0,
        "NCCO": 20260309047.0,
        "NOMECCO": 3.0,
        "DATAALERTA": "26-02-2026",
        "HORAALERTA": "16:47",
        "LOCAL": "Landedo (Alto da Boa Vista)",
        "CONCELHO": "Vinhais",
        "FREGUESIA": "Montouto",
        "FONTEALERTA": null,
        "INE": 41212.0,
        "X": 291931.0,
        "Y": 551971.0,
        "DIA": 26.0,
        "MES": 2.0,
        "HORA": 16.0,
        "OPERADOR": 1980610.0,
        "PERIMETRO": null,
        "APS": "Montesinho",
        "CAUSA": 43102.0,
        "TIPOCAUSA": "Negligente",
        "DHINICIO": "26-02-2026 16:47:00",
        "DHFIM": "26-02-2026 18:30:00",
        "DURACAO": 103.0,
        "HAHORA": 0.55,
        "DATAEXTINCAO": "26-02-2026",
        "HORAEXTINCAO": "18:30",
        "DATA1INTERVENCAO": "26-02-2026",
        "HORA1INTERVENCAO": "17:05",
        "QUEIMA": 0.0,
        "CAUSAFAMILIA": "Queimadas para gestão de pasto para gado",
        "TEMPERATURA": 20.5763187408447,
        "HUMIDADERELATIVA": 52.4076766967773,
        "VENTOINTENSIDADE": 4.37982988357544,
        "VENTOINTENSIDADE_VETOR": null,
        "VENTODIRECAO_VETOR": null,
        "PRECEPITACAO": 0.0,
        "FFMC": null,
        "DMC": null,
        "DC": null,
        "ISI": null,
        "BUI": null,
        "FWI": null,
        "DSR": null,
        "THC": null,
        "MODFARSITE": null,
        "ALTITUDEMEDIA": 902.389,
        "DECLIVEMEDIO": 12.4453,
        "HORASEXPOSICAOMEDIA": null,
        "DENDIDADERV": 31.2714,
        "COSN5VARIEDADE": 15.96,
        "AREAMANCHAMODFARSITE": null,
        "AREASFICHEIROS_GNR": "http://fogos.icnf.pt/sgif2010/ficheiroskml/20260309047.kml",
        "AREASFICHEIROS_GTF": null,
        "FICHEIROIMAGEM_GNR": null,
        "AREASFICHEIROSHP_GTF": null,
        "AREASFICHEIROSHPXML_GTF": null,
        "AREASFICHEIRODBF_GTF": null,
        "AREASFICHEIROPRJ_GTF": null,
        "AREASFICHEIROSBN_GTF": null,
        "AREASFICHEIROSBX_GTF": null,
        "AREASFICHEIROSHX_GTF": null,
        "AREASFICHEIROZIP_SAA": null
      }
    },
    {
      "type": "Feature",
      "geometry": {
        "type": "Point",
        "coordinates": [
          -8.28819199985928,
          40.8831080002255
        ]
      },
      "properties": {
        "id": "20260300274",
        "DISTRITO": "Aveiro",
        "TIPO": "Florestal",
        "ANO": 2026.0,
        "AREAPOV": 0.0,
        "AREAMATO": 1.16,
        "AREAAGRIC": 0.0,
        "AREATOTAL": 1.16,
        "REACENDIMENTOS": 0.0,
        "QUEIMADA": 0.0,
        "FALSOALARME": 0.0,
        "FOGACHO": 0.0,
        "INCENDIO": 1.0,
        "AGRICOLA": 0.0,
        "NCCO": 20260300274.0,
        "NOMECCO": 3.0,
        "DATAALERTA": "24-02-2026",
        "HORAALERTA": "22:49",
        "LOCAL": "Souto Redondo (Barroso)",
        "CONCELHO": "Arouca",
        "FREGUESIA": "Urrô",
        "FONTEALERTA": null,
        "INE": 10419.0,
        "X": 186930.0,
        "Y": 434909.0,
        "DIA": 24.0,
        "MES": 2.0,
        "HORA": 22.0,
        "OPERADOR": 2040889.0,
        "PERIMETRO": "Perimetro Florestal da Serra da Freita",
        "APS": null,
        "CAUSA": 43102.0,
        "TIPOCAUSA": "Negligente",
        "DHINICIO": "24-02-2026 22:49:00",
        "DHFIM": "25-02-2026 00:50:00",
        "DURACAO": 121.0,
        "HAHORA": 0.58,
        "DATAEXTINCAO": "25-02-2026",
        "HORAEXTINCAO": "00:50",
        "DATA1INTERVENCAO": "24-02-2026",
        "HORA1INTERVENCAO": "23:10",
        "QUEIMA": 0.0,
        "CAUSAFAMILIA": "Queimadas para gestão de pasto para gado",
        "TEMPERATURA": 12.9151859283447,
        "HUMIDADERELATIVA": 92.9839630126953,
        "VENTOINTENSIDADE": 13.3085803985596,
        "VENTOINTENSIDADE_VETOR": null,
        "VENTODIRECAO_VETOR": null,
        "PRECEPITACAO": 0.0,
        "FFMC": null,
        "DMC": null,
        "DC": null,
        "ISI": null,
        "BUI": null,
        "FWI": null,
        "DSR": null,
        "THC": null,
        "MODFARSITE": 232.0,
        "ALTITUDEMEDIA": 255.909,
        "DECLIVEMEDIO": 16.2522,
        "HORASEXPOSICAOMEDIA": null,
        "DENDIDADERV": 331.384,
        "COSN5VARIEDADE": 18.56,
        "AREAMANCHAMODFARSITE": 2.95324,
        "AREASFICHEIROS_GNR": "http://fogos.icnf.pt/sgif2010/ficheiroskml/004-2026.kmz",
        "AREASFICHEIROS_GTF": null,
        "FICHEIROIMAGEM_GNR": null,
        "AREASFICHEIROSHP_GTF": null,
        "AREASFICHEIROSHPXML_GTF": null,
        "AREASFICHEIRODBF_GTF": null,
        "AREASFICHEIROPRJ_GTF": null,
        "AREASFICHEIROSBN_GTF": null,
        "AREASFICHEIROSBX_GTF": null,
        "AREASFICHEIROSHX_GTF": null,
        "AREASFICHEIROZIP_SAA": null
      }
    },
    {
      "type": "Feature",
      "geometry": {
        "type": "Point",
        "coordinates": [
          -8.05055555555556,
          41.5633333333333
        ]
      },
      "properties": {
        "id": "20260295177",
        "DISTRITO": "Braga",
        "TIPO": "Florestal",
        "ANO": 2026.0,
        "AREAPOV": 0.0,
        "AREAMATO": 1.8,
        "AREAAGRIC": 0.0,
        "AREATOTAL": 1.8,
        "REACENDIMENTOS": 0.0,
        "QUEIMADA": 0.0,
        "FALSOALARME": 0.0,
        "FOGACHO": 0.0,
        "INCENDIO": 1.0,
        "AGRICOLA": 0.0,
        "NCCO": 20260295177.0,
        "NOMECCO": 2.0,
        "DATAALERTA": "23-02-2026",
        "HORAALERTA": "21:10",
        "LOCAL": "Costa da Abelheira",
        "CONCELHO": "Cabeceiras de Basto",
        "FREGUESIA": "Bucos",
        "FONTEALERTA": null,
        "INE": 30405.0,
        "X": 206881.0,
        "Y": 510431.0,
        "DIA": 23.0,
        "MES": 2.0,
        "HORA": 21.0,
        "OPERADOR": 2195476.0,
        "PERIMETRO": null,
        "APS": null,
        "CAUSA": 43102.0,
        "TIPOCAUSA": "Negligente",
        "DHINICIO": "23-02-2026 21:10:00",
        "DHFIM": "23-02-2026 22:34:00",
        "DURACAO": 84.0,
        "HAHORA": 1.8,
        "DATAEXTINCAO": "23-02-2026",
        "HORAEXTINCAO": "22:34",
        "DATA1INTERVENCAO": "23-02-2026",
        "HORA1INTERVENCAO": "21:20",
        "QUEIMA": 0.0,
        "CAUSAFAMILIA": "Queimadas para gestão de pasto para gado",
        "TEMPERATURA": 12.5409183502197,
        "HUMIDADERELATIVA": 65.1558990478516,
        "VENTOINTENSIDADE": 11.1334276199341,
        "VENTOINTENSIDADE_VETOR": null,
        "VENTODIRECAO_VETOR": null,
        "PRECEPITACAO": 0.0,
        "FFMC": null,
        "DMC": null,
        "DC": null,
        "ISI": null,
        "BUI": null,
        "FWI": null,
        "DSR": null,
        "THC": null,
        "MODFARSITE": 237.0,
        "ALTITUDEMEDIA": 648.828,
        "DECLIVEMEDIO": 22.2172,
        "HORASEXPOSICAOMEDIA": null,
        "DENDIDADERV": 235.977,
        "COSN5VARIEDADE": 26.31,
        "AREAMANCHAMODFARSITE": 18.6032,
        "AREASFICHEIROS_GNR": "http://fogos.icnf.pt/sgif2010/ficheiroskml/2026 0295177.kml",
        "AREASFICHEIROS_GTF": null,
        "FICHEIROIMAGEM_GNR": null,
        "AREASFICHEIROSHP_GTF": null,
        "AREASFICHEIROSHPXML_GTF": null,
        "AREASFICHEIRODBF_GTF": null,
        "AREASFICHEIROPRJ_GTF": null,
        "AREASFICHEIROSBN_GTF": null,
        "AREASFICHEIROSBX_GTF": null,
        "AREASFICHEIROSHX_GTF": null,
        "AREASFICHEIROZIP_SAA": null
      }
    },
    {
      "type": "Feature",
      "geometry": {
        "type": "Point",
        "coordinates": [
          -6.28193600018819,
          41.5318529997932
        ]
      },
      "properties": {
        "id": "20260292770",
        "DISTRITO": "Bragança",
        "TIPO": "Florestal",
        "ANO": 2026.0,
        "AREAPOV": 0.0,
        "AREAMATO": 1.9,
        "AREAAGRIC": 0.0,
        "AREATOTAL": 1.9,
        "REACENDIMENTOS": 0.0,
        "QUEIMADA": 0.0,
        "FALSOALARME": 0.0,
        "FOGACHO": 0.0,
        "INCENDIO": 1.0,
        "AGRICOLA": 0.0,
        "NCCO": 20260292770.0,
        "NOMECCO": 2.0,
        "DATAALERTA": "23-02-2026",
        "HORAALERTA": "13:28",
        "LOCAL": "Palancar (São Jerónimo)",
        "CONCELHO": "Miranda do Douro",
        "FREGUESIA": "Miranda do Douro",
        "FONTEALERTA": "Populares",
        "INE": 40608.0,
        "X": 354497.0,
        "Y": 508599.0,
        "DIA": 23.0,
        "MES": 2.0,
        "HORA": 13.0,
        "OPERADOR": 1980610.0,
        "PERIMETRO": null,
        "APS": "Douro Internacional",
        "CAUSA": 43102.0,
        "TIPOCAUSA": "Negligente",
        "DHINICIO": "23-02-2026 13:28:00",
        "DHFIM": "23-02-2026 14:38:00",
        "DURACAO": 70.0,
        "HAHORA": 1.9,
        "DATAEXTINCAO": "23-02-2026",
        "HORAEXTINCAO": "14:38",
        "DATA1INTERVENCAO": "23-02-2026",
        "HORA1INTERVENCAO": "13:33",
        "QUEIMA": 0.0,
        "CAUSAFAMILIA": "Queimadas para gestão de pasto para gado",
        "TEMPERATURA": 18.4432621002197,
        "HUMIDADERELATIVA": 56.4701080322266,
        "VENTOINTENSIDADE": 12.8944730758667,
        "VENTOINTENSIDADE_VETOR": null,
        "VENTODIRECAO_VETOR": null,
        "PRECEPITACAO": 0.0,
        "FFMC": null,
        "DMC": null,
        "DC": null,
        "ISI": null,
        "BUI": null,
        "FWI": null,
        "DSR": null,
        "THC": null,
        "MODFARSITE": 221.0,
        "ALTITUDEMEDIA": 702.343,
        "DECLIVEMEDIO": 8.93246,
        "HORASEXPOSICAOMEDIA": null,
        "DENDIDADERV": 70.583,
        "COSN5VARIEDADE": 17.26,
        "AREAMANCHAMODFARSITE": 204.291,
        "AREASFICHEIROS_GNR": "http://fogos.icnf.pt/sgif2010/ficheiroskml/20260292770.kml",
        "AREASFICHEIROS_GTF": null,
        "FICHEIROIMAGEM_GNR": null,
        "AREASFICHEIROSHP_GTF": null,
        "AREASFICHEIROSHPXML_GTF": null,
        "AREASFICHEIRODBF_GTF": null,
        "AREASFICHEIROPRJ_GTF": null,
        "AREASFICHEIROSBN_GTF": null,
        "AREASFICHEIROSBX_GTF": null,
        "AREASFICHEIROSHX_GTF": null,
        "AREASFICHEIROZIP_SAA": null
      }
    },
    {
      "type": "Feature",
      "geometry": {
        "type": "Point",
        "coordinates": [
          -9.15527777777778,
          38.9755555555556
        ]
      },
      "properties": {
        "id": "20260284979",
        "DISTRITO": "Lisboa",
        "TIPO": "Florestal",
        "ANO": 2026.0,
        "AREAPOV": 0.0,
        "AREAMATO": 0.0949,
        "AREAAGRIC": 0.0,
        "AREATOTAL": 0.0949,
        "REACENDIMENTOS": 0.0,
        "QUEIMADA": 0.0,
        "FALSOALARME": 0.0,
        "FOGACHO": 1.0,
        "INCENDIO": 0.0,
        "AGRICOLA": 0.0,
        "NCCO": 20260284979.0,
        "NOMECCO": 2.0,
        "DATAALERTA": "21-02-2026",
        "HORAALERTA": "19:11",
        "LOCAL": "Alcarela",
        "CONCELHO": "Sobral de Monte Agraço",
        "FREGUESIA": "São Quintino",
        "FONTEALERTA": null,
        "INE": 111201.0,
        "X": 111419.0,
        "Y": 223595.0,
        "DIA": 21.0,
        "MES": 2.0,
        "HORA": 19.0,
        "OPERADOR": "jmoreira",
        "PERIMETRO": null,
        "APS": null,
        "CAUSA": 43102.0,
        "TIPOCAUSA": "Negligente",
        "DHINICIO": "21-02-2026 19:11:00",
        "DHFIM": "21-02-2026 20:35:00",
        "DURACAO": 84.0,
        "HAHORA": 0.0949,
        "DATAEXTINCAO": "21-02-2026",
        "HORAEXTINCAO": "20:35",
        "DATA1INTERVENCAO": "21-02-2026",
        "HORA1INTERVENCAO": "19:30",
        "QUEIMA": 0.0,
        "CAUSAFAMILIA": "Queimadas para gestão de pasto para gado",
        "TEMPERATURA": 14.0985355377197,
        "HUMIDADERELATIVA": 71.0545272827148,
        "VENTOINTENSIDADE": 3.83618783950806,
        "VENTOINTENSIDADE_VETOR": null,
        "VENTODIRECAO_VETOR": null,
        "PRECEPITACAO": 0.0,
        "FFMC": null,
        "DMC": null,
        "DC": null,
        "ISI": null,
        "BUI": null,
        "FWI": null,
        "DSR": null,
        "THC": null,
        "MODFARSITE": null,
        "ALTITUDEMEDIA": 305.747,
        "DECLIVEMEDIO": 15.7358,
        "HORASEXPOSICAOMEDIA": null,
        "DENDIDADERV": 265.431,
        "COSN5VARIEDADE": 12.4,
        "AREAMANCHAMODFARSITE": null,
        "AREASFICHEIROS_GNR": "http://fogos.icnf.pt/sgif2010/ficheiroskml/20260284979.kml",
        "AREASFICHEIROS_GTF": null,
        "FICHEIROIMAGEM_GNR": null,
        "AREASFICHEIROSHP_GTF": null,
        "AREASFICHEIROSHPXML_GTF": null,
        "AREASFICHEIRODBF_GTF": null,
        "AREASFICHEIROPRJ_GTF": null,
        "AREASFICHEIROSBN_GTF": null,
        "AREASFICHEIROSBX_GTF": null,
        "AREASFICHEIROSHX_GTF": null,
        "AREASFICHEIROZIP_SAA": null
      }
    },
    {
      "type": "Feature",
      "geometry": {
        "type": "Point",
        "coordinates": [
          -8.28319000032213,
          40.8637900002797
        ]
      },
      "properties": {
        "id": "20260294687",
        "DISTRITO": "Aveiro",
        "TIPO": "Florestal",
        "ANO": 2026.0,
        "AREAPOV": 0.0,
        "AREAMATO": 6.62,
        "AREAAGRIC": 0.0,
        "AREATOTAL": 6.62,
        "REACENDIMENTOS": 0.0,
        "QUEIMADA": 0.0,
        "FALSOALARME": 0.0,
        "FOGACHO": 0.0,
        "INCENDIO": 1.0,
        "AGRICOLA": 0.0,
        "NCCO": 20260294687.0,
        "NOMECCO": 2.0,
        "DATAALERTA": "23-02-2026",
        "HORAALERTA": "19:06",
        "LOCAL": "Serra da Freita (Mizarela)",
        "CONCELHO": "Arouca",
        "FREGUESIA": "Albergaria da Serra",
        "FONTEALERTA": 112.0,
        "INE": 10401.0,
        "X": 187348.0,
        "Y": 432763.0,
        "DIA": 23.0,
        "MES": 2.0,
        "HORA": 19.0,
        "OPERADOR": 2040889.0,
        "PERIMETRO": "Perimetro Florestal da Serra da Freita",
        "APS": null,
        "CAUSA": 43102.0,
        "TIPOCAUSA": "Negligente",
        "DHINICIO": "23-02-2026 19:06:00",
        "DHFIM": "24-02-2026 01:33:00",
        "DURACAO": 387.0,
        "HAHORA": 1.10333333333333,
        "DATAEXTINCAO": "24-02-2026",
        "HORAEXTINCAO": "01:33",
        "DATA1INTERVENCAO": "23-02-2026",
        "HORA1INTERVENCAO": "20:30",
        "QUEIMA": 0.0,
        "CAUSAFAMILIA": "Queimadas para gestão de pasto para gado",
        "TEMPERATURA": 13.9295902252197,
        "HUMIDADERELATIVA": 63.621639251709,
        "VENTOINTENSIDADE": 8.97022438049316,
        "VENTOINTENSIDADE_VETOR": null,
        "VENTODIRECAO_VETOR": null,
        "PRECEPITACAO": 0.0,
        "FFMC": null,
        "DMC": null,
        "DC": null,
        "ISI": null,
        "BUI": null,
        "FWI": null,
        "DSR": null,
        "THC": null,
        "MODFARSITE": 235.0,
        "ALTITUDEMEDIA": 867.517,
        "DECLIVEMEDIO": 41.12,
        "HORASEXPOSICAOMEDIA": null,
        "DENDIDADERV": 161.859,
        "COSN5VARIEDADE": 12.71,
        "AREAMANCHAMODFARSITE": 9.8375,
        "AREASFICHEIROS_GNR": null,
        "AREASFICHEIROS_GTF": null,
        "FICHEIROIMAGEM_GNR": null,
        "AREASFICHEIROSHP_GTF": null,
        "AREASFICHEIROSHPXML_GTF": null,
        "AREASFICHEIRODBF_GTF": null,
        "AREASFICHEIROPRJ_GTF": null,
        "AREASFICHEIROSBN_GTF": null,
        "AREASFICHEIROSBX_GTF": null,
        "AREASFICHEIROSHX_GTF": null,
        "AREASFICHEIROZIP_SAA": null
      }
    },
    {
      "type": "Feature",
      "geometry": {
        "type": "Point",
        "coordinates": [
          -8.3,
          41.7352777777778
        ]
      },
      "properties": {
        "id": "20260024070",
        "DISTRITO": "Braga",
        "TIPO": "Florestal",
        "ANO": 2026.0,
        "AREAPOV": 0.52,
        "AREAMATO": 0.07,
        "AREAAGRIC": 0.0,
        "AREATOTAL": 0.59,
        "REACENDIMENTOS": 0.0,
        "QUEIMADA": 0.0,
        "FALSOALARME": 0.0,
        "FOGACHO": 1.0,
        "INCENDIO": 0.0,
        "AGRICOLA": 0.0,
        "NCCO": 20260024070.0,
        "NOMECCO": 0.0,
        "DATAALERTA": "05-01-2026",
        "HORAALERTA": "18:20",
        "LOCAL": "Refonteira",
        "CONCELHO": "Terras de Bouro",
        "FREGUESIA": "Gondoriz",
        "FONTEALERTA": 112.0,
        "INE": 31009.0,
        "X": 186130.0,
        "Y": 529545.0,
        "DIA": 5.0,
        "MES": 1.0,
        "HORA": 18.0,
        "OPERADOR": 2035013.0,
        "PERIMETRO": null,
        "APS": null,
        "CAUSA": 43102.0,
        "TIPOCAUSA": "Negligente",
        "DHINICIO": "05-01-2026 18:20:00",
        "DHFIM": "05-01-2026 20:07:00",
        "DURACAO": 107.0,
        "HAHORA": 0.59,
        "DATAEXTINCAO": "05-01-2026",
        "HORAEXTINCAO": "20:07",
        "DATA1INTERVENCAO": "05-01-2026",
        "HORA1INTERVENCAO": "19:15",
        "QUEIMA": 0.0,
        "CAUSAFAMILIA": "Queimadas para gestão de pasto para gado",
        "TEMPERATURA": 6.36586904525757,
        "HUMIDADERELATIVA": 57.3203735351563,
        "VENTOINTENSIDADE": 18.7557811737061,
        "VENTOINTENSIDADE_VETOR": null,
        "VENTODIRECAO_VETOR": null,
        "PRECEPITACAO": 0.0,
        "FFMC": null,
        "DMC": null,
        "DC": null,
        "ISI": null,
        "BUI": null,
        "FWI": null,
        "DSR": null,
        "THC": null,
        "MODFARSITE": 232.0,
        "ALTITUDEMEDIA": 254.937,
        "DECLIVEMEDIO": 24.4815,
        "HORASEXPOSICAOMEDIA": null,
        "DENDIDADERV": 105.83,
        "COSN5VARIEDADE": 15.02,
        "AREAMANCHAMODFARSITE": 48.6312,
        "AREASFICHEIROS_GNR": "http://fogos.icnf.pt/sgif2010/ficheiroskml/20260024070 I.kmz",
        "AREASFICHEIROS_GTF": null,
        "FICHEIROIMAGEM_GNR": null,
        "AREASFICHEIROSHP_GTF": null,
        "AREASFICHEIROSHPXML_GTF": null,
        "AREASFICHEIRODBF_GTF": null,
        "AREASFICHEIROPRJ_GTF": null,
        "AREASFICHEIROSBN_GTF": null,
        "AREASFICHEIROSBX_GTF": null,
        "AREASFICHEIROSHX_GTF": null,
        "AREASFICHEIROZIP_SAA": null
      }
    },
    {
      "type": "Feature",
      "geometry": {
        "type": "Point",
        "coordinates": [
          -8.3,
          41.7352777777778
        ]
      },
      "properties": {
        "id": "20260024070",
        "DISTRITO": "Braga",
        "TIPO": "Florestal",
        "ANO": 2026.0,
        "AREAPOV": 0.52,
        "AREAMATO": 0.07,
        "AREAAGRIC": 0.0,
        "AREATOTAL": 0.59,
        "REACENDIMENTOS": 0.0,
        "QUEIMADA": 0.0,
        "FALSOALARME": 0.0,
        "FOGACHO": 1.0,
        "INCENDIO": 0.0,
        "AGRICOLA": 0.0,
        "NCCO": 20260024070.0,
        "NOMECCO": 0.0,
        "DATAALERTA": "05-01-2026",
        "HORAALERTA": "18:20",
        "LOCAL": "Refonteira",
        "CONCELHO": "Terras de Bouro",
        "FREGUESIA": "Gondoriz",
        "FONTEALERTA": 112.0,
        "INE": 31009.0,
        "X": 186130.0,
        "Y": 529545.0,
        "DIA": 5.0,
        "MES": 1.0,
        "HORA": 18.0,
        "OPERADOR": 2035013.0,
        "PERIMETRO": null,
        "APS": null,
        "CAUSA": 43102.0,
        "TIPOCAUSA": "Negligente",
        "DHINICIO": "05-01-2026 18:20:00",
        "DHFIM": "05-01-2026 20:07:00",
        "DURACAO": 107.0,
        "HAHORA": 0.59,
        "DATAEXTINCAO": "05-01-2026",
        "HORAEXTINCAO": "20:07",
        "DATA1INTERVENCAO": "05-01-2026",
        "HORA1INTERVENCAO": "19:15",
        "QUEIMA": 0.0,
        "CAUSAFAMILIA": "Queimadas para gestão de pasto para gado",
        "TEMPERATURA": 6.36586904525757,
        "HUMIDADERELATIVA": 57.3203735351563,
        "VENTOINTENSIDADE": 18.7557811737061,
        "VENTOINTENSIDADE_VETOR": null,
        "VENTODIRECAO_VETOR": null,
        "PRECEPITACAO": 0.0,
        "FFMC": null,
        "DMC": null,
        "DC": null,
        "ISI": null,
        "BUI": null,
        "FWI": null,
        "DSR": null,
        "THC": null,
        "MODFARSITE": 232.0,
        "ALTITUDEMEDIA": 254.937,
        "DECLIVEMEDIO": 24.4815,
        "HORASEXPOSICAOMEDIA": null,
        "DENDIDADERV": 105.83,
        "COSN5VARIEDADE": 15.02,
        "AREAMANCHAMODFARSITE": 48.6312,
        "AREASFICHEIROS_GNR": "http://fogos.icnf.pt/sgif2010/ficheiroskml/20260024070 II.kmz",
        "AREASFICHEIROS_GTF": null,
        "FICHEIROIMAGEM_GNR": null,
        "AREASFICHEIROSHP_GTF": null,
        "AREASFICHEIROSHPXML_GTF": null,
        "AREASFICHEIRODBF_GTF": null,
        "AREASFICHEIROPRJ_GTF": null,
        "AREASFICHEIROSBN_GTF": null,
        "AREASFICHEIROSBX_GTF": null,
        "AREASFICHEIROSHX_GTF": null,
        "AREASFICHEIROZIP_SAA": null
      }
    },
    {
      "type": "Feature",
      "geometry": {
        "type": "Point",
        "coordinates": [
          -8.30421499994066,
          41.7509049999714
        ]
      },
      "properties": {
        "id": "20260000423",
        "DISTRITO": "Braga",
        "TIPO": "Florestal",
        "ANO": 2026.0,
        "AREAPOV": 0.0,
        "AREAMATO": 28.0,
        "AREAAGRIC": 0.0,
        "AREATOTAL": 28.0,
        "REACENDIMENTOS": 0.0,
        "QUEIMADA": 0.0,
        "FALSOALARME": 0.0,
        "FOGACHO": 0.0,
        "INCENDIO": 1.0,
        "AGRICOLA": 0.0,
        "NCCO": 20260000423.0,
        "NOMECCO": 0.0,
        "DATAALERTA": "01-01-2026",
        "HORAALERTA": "01:49",
        "LOCAL": "Rua da Bela Vista (Cabaninhas)",
        "CONCELHO": "Terras de Bouro",
        "FREGUESIA": "Gondoriz",
        "FONTEALERTA": "Bombeiros",
        "INE": 31009.0,
        "X": 185771.0,
        "Y": 531290.0,
        "DIA": 1.0,
        "MES": 1.0,
        "HORA": 1.0,
        "OPERADOR": "sigo",
        "PERIMETRO": null,
        "APS": null,
        "CAUSA": 43102.0,
        "TIPOCAUSA": "Negligente",
        "DHINICIO": "01-01-2026 01:49:00",
        "DHFIM": "01-01-2026 03:05:00",
        "DURACAO": 76.0,
        "HAHORA": 28.0,
        "DATAEXTINCAO": "01-01-2026",
        "HORAEXTINCAO": "03:05",
        "DATA1INTERVENCAO": "01-01-2026",
        "HORA1INTERVENCAO": "02:05",
        "QUEIMA": 0.0,
        "CAUSAFAMILIA": "Queimadas para gestão de pasto para gado",
        "TEMPERATURA": 7.95229482650757,
        "HUMIDADERELATIVA": 92.8920745849609,
        "VENTOINTENSIDADE": 8.96854019165039,
        "VENTOINTENSIDADE_VETOR": null,
        "VENTODIRECAO_VETOR": null,
        "PRECEPITACAO": 0.0,
        "FFMC": null,
        "DMC": null,
        "DC": null,
        "ISI": null,
        "BUI": null,
        "FWI": null,
        "DSR": null,
        "THC": null,
        "MODFARSITE": 233.0,
        "ALTITUDEMEDIA": 451.304,
        "DECLIVEMEDIO": 46.7067,
        "HORASEXPOSICAOMEDIA": null,
        "DENDIDADERV": 104.243,
        "COSN5VARIEDADE": 11.03,
        "AREAMANCHAMODFARSITE": 2461.92,
        "AREASFICHEIROS_GNR": null,
        "AREASFICHEIROS_GTF": null,
        "FICHEIROIMAGEM_GNR": null,
        "AREASFICHEIROSHP_GTF": null,
        "AREASFICHEIROSHPXML_GTF": null,
        "AREASFICHEIRODBF_GTF": null,
        "AREASFICHEIROPRJ_GTF": null,
        "AREASFICHEIROSBN_GTF": null,
        "AREASFICHEIROSBX_GTF": null,
        "AREASFICHEIROSHX_GTF": null,
        "AREASFICHEIROZIP_SAA": null
      }
    },
    {
      "type": "Feature",
      "geometry": {
        "type": "Point",
        "coordinates": [
          -8.2988650004069,
          41.7348099999958
        ]
      },
      "properties": {
        "id": "20260018415",
        "DISTRITO": "Braga",
        "TIPO": "Florestal",
        "ANO": 2026.0,
        "AREAPOV": 0.6,
        "AREAMATO": 0.85,
        "AREAAGRIC": 0.0,
        "AREATOTAL": 1.45,
        "REACENDIMENTOS": 0.0,
        "QUEIMADA": 0.0,
        "FALSOALARME": 0.0,
        "FOGACHO": 0.0,
        "INCENDIO": 1.0,
        "AGRICOLA": 0.0,
        "NCCO": 20260018415.0,
        "NOMECCO": 0.0,
        "DATAALERTA": "04-01-2026",
        "HORAALERTA": "16:24",
        "LOCAL": "M1269-1 8. 4840-090 Terras de Bouro. Portugal (Refonteira)",
        "CONCELHO": "Terras de Bouro",
        "FREGUESIA": "Gondoriz",
        "FONTEALERTA": 112.0,
        "INE": 31009.0,
        "X": 186212.0,
        "Y": 529502.0,
        "DIA": 4.0,
        "MES": 1.0,
        "HORA": 16.0,
        "OPERADOR": "sigo",
        "PERIMETRO": null,
        "APS": null,
        "CAUSA": 43102.0,
        "TIPOCAUSA": "Negligente",
        "DHINICIO": "04-01-2026 16:24:00",
        "DHFIM": "04-01-2026 20:04:00",
        "DURACAO": 220.0,
        "HAHORA": 0.483333333333333,
        "DATAEXTINCAO": "04-01-2026",
        "HORAEXTINCAO": "20:04",
        "DATA1INTERVENCAO": "04-01-2026",
        "HORA1INTERVENCAO": "17:40",
        "QUEIMA": 0.0,
        "CAUSAFAMILIA": "Queimadas para gestão de pasto para gado",
        "TEMPERATURA": 14.6583499908447,
        "HUMIDADERELATIVA": 83.5793914794922,
        "VENTOINTENSIDADE": 13.0627250671387,
        "VENTOINTENSIDADE_VETOR": null,
        "VENTODIRECAO_VETOR": null,
        "PRECEPITACAO": 0.0,
        "FFMC": null,
        "DMC": null,
        "DC": null,
        "ISI": null,
        "BUI": null,
        "FWI": null,
        "DSR": null,
        "THC": null,
        "MODFARSITE": null,
        "ALTITUDEMEDIA": 254.937,
        "DECLIVEMEDIO": 24.4815,
        "HORASEXPOSICAOMEDIA": null,
        "DENDIDADERV": 105.83,
        "COSN5VARIEDADE": 15.02,
        "AREAMANCHAMODFARSITE": null,
        "AREASFICHEIROS_GNR": "http://fogos.icnf.pt/sgif2010/ficheiroskml/20260018415.kmz",
        "AREASFICHEIROS_GTF": null,
        "FICHEIROIMAGEM_GNR": null,
        "AREASFICHEIROSHP_GTF": null,
        "AREASFICHEIROSHPXML_GTF": null,
        "AREASFICHEIRODBF_GTF": null,
        "AREASFICHEIROPRJ_GTF": null,
        "AREASFICHEIROSBN_GTF": null,
        "AREASFICHEIROSBX_GTF": null,
        "AREASFICHEIROSHX_GTF": null,
        "AREASFICHEIROZIP_SAA": null
      }
    },
    {
      "type": "Feature",
      "geometry": {
        "type": "Point",
        "coordinates": [
          -8.72277777777778,
          41.7891666666667
        ]
      },
      "properties": {
        "id": "20260025304",
        "DISTRITO": "Viana do Castelo",
        "TIPO": "Florestal",
        "ANO": 2026.0,
        "AREAPOV": 0.0,
        "AREAMATO": 10.0,
        "AREAAGRIC": 0.0,
        "AREATOTAL": 10.0,
        "REACENDIMENTOS": 0.0,
        "QUEIMADA": 0.0,
        "FALSOALARME": 0.0,
        "FOGACHO": 0.0,
        "INCENDIO": 1.0,
        "AGRICOLA": 0.0,
        "NCCO": 20260025304.0,
        "NOMECCO": 0.0,
        "DATAALERTA": "06-01-2026",
        "HORAALERTA": "00:22",
        "LOCAL": "Pousadas",
        "CONCELHO": "Viana do Castelo",
        "FREGUESIA": "Montaria",
        "FONTEALERTA": null,
        "INE": 160920.0,
        "X": 150998.0,
        "Y": 535691.0,
        "DIA": 6.0,
        "MES": 1.0,
        "HORA": 0.0,
        "OPERADOR": 1985040.0,
        "PERIMETRO": "Perimetro Florestal da Serra de Arga",
        "APS": null,
        "CAUSA": 43102.0,
        "TIPOCAUSA": "Negligente",
        "DHINICIO": "06-01-2026 00:22:00",
        "DHFIM": "06-01-2026 06:37:00",
        "DURACAO": 375.0,
        "HAHORA": 1.66666666666667,
        "DATAEXTINCAO": "06-01-2026",
        "HORAEXTINCAO": "06:37",
        "DATA1INTERVENCAO": "06-01-2026",
        "HORA1INTERVENCAO": "01:02",
        "QUEIMA": 0.0,
        "CAUSAFAMILIA": "Queimadas para gestão de pasto para gado",
        "TEMPERATURA": 5.16030263900757,
        "HUMIDADERELATIVA": 80.8185272216797,
        "VENTOINTENSIDADE": 11.6481399536133,
        "VENTOINTENSIDADE_VETOR": null,
        "VENTODIRECAO_VETOR": null,
        "PRECEPITACAO": 0.0,
        "FFMC": null,
        "DMC": null,
        "DC": null,
        "ISI": null,
        "BUI": null,
        "FWI": null,
        "DSR": null,
        "THC": null,
        "MODFARSITE": null,
        "ALTITUDEMEDIA": 447.318,
        "DECLIVEMEDIO": 37.4838,
        "HORASEXPOSICAOMEDIA": null,
        "DENDIDADERV": 277.937,
        "COSN5VARIEDADE": 4.34,
        "AREAMANCHAMODFARSITE": null,
        "AREASFICHEIROS_GNR": "http://fogos.icnf.pt/sgif2010/ficheiroskml/Medição do polígono(1).kml",
        "AREASFICHEIROS_GTF": null,
        "FICHEIROIMAGEM_GNR": null,
        "AREASFICHEIROSHP_GTF": null,
        "AREASFICHEIROSHPXML_GTF": null,
        "AREASFICHEIRODBF_GTF": null,
        "AREASFICHEIROPRJ_GTF": null,
        "AREASFICHEIROSBN_GTF": null,
        "AREASFICHEIROSBX_GTF": null,
        "AREASFICHEIROSHX_GTF": null,
        "AREASFICHEIROZIP_SAA": null
      }
    },
    {
      "type": "Feature",
      "geometry": {
        "type": "Point",
        "coordinates": [
          -8.5439070002238,
          41.9452920002407
        ]
      },
      "properties": {
        "id": "20260025305",
        "DISTRITO": "Viana do Castelo",
        "TIPO": "Florestal",
        "ANO": 2026.0,
        "AREAPOV": 0.0,
        "AREAMATO": 1.5,
        "AREAAGRIC": 0.0,
        "AREATOTAL": 1.5,
        "REACENDIMENTOS": 0.0,
        "QUEIMADA": 0.0,
        "FALSOALARME": 0.0,
        "FOGACHO": 0.0,
        "INCENDIO": 1.0,
        "AGRICOLA": 0.0,
        "NCCO": 20260025305.0,
        "NOMECCO": 0.0,
        "DATAALERTA": "06-01-2026",
        "HORAALERTA": "00:30",
        "LOCAL": "Veigas (Monte das Veigas)",
        "CONCELHO": "Paredes de Coura",
        "FREGUESIA": "Padornelo",
        "FONTEALERTA": "Bombeiros",
        "INE": 160514.0,
        "X": 165938.0,
        "Y": 552949.0,
        "DIA": 6.0,
        "MES": 1.0,
        "HORA": 0.0,
        "OPERADOR": "sigo",
        "PERIMETRO": "Perimetro Florestal da Boalhosa",
        "APS": null,
        "CAUSA": 43102.0,
        "TIPOCAUSA": "Negligente",
        "DHINICIO": "06-01-2026 00:30:00",
        "DHFIM": "06-01-2026 01:15:00",
        "DURACAO": 45.0,
        "HAHORA": 1.5,
        "DATAEXTINCAO": "06-01-2026",
        "HORAEXTINCAO": "01:15",
        "DATA1INTERVENCAO": "06-01-2026",
        "HORA1INTERVENCAO": "00:54",
        "QUEIMA": 0.0,
        "CAUSAFAMILIA": "Queimadas para gestão de pasto para gado",
        "TEMPERATURA": 5.16030263900757,
        "HUMIDADERELATIVA": 80.8185272216797,
        "VENTOINTENSIDADE": 11.6481399536133,
        "VENTOINTENSIDADE_VETOR": null,
        "VENTODIRECAO_VETOR": null,
        "PRECEPITACAO": 0.0,
        "FFMC": null,
        "DMC": null,
        "DC": null,
        "ISI": null,
        "BUI": null,
        "FWI": null,
        "DSR": null,
        "THC": null,
        "MODFARSITE": 223.0,
        "ALTITUDEMEDIA": 437.893,
        "DECLIVEMEDIO": 19.0231,
        "HORASEXPOSICAOMEDIA": null,
        "DENDIDADERV": 136.888,
        "COSN5VARIEDADE": 16.84,
        "AREAMANCHAMODFARSITE": 34.7724,
        "AREASFICHEIROS_GNR": "http://fogos.icnf.pt/sgif2010/ficheiroskml/25305.kml",
        "AREASFICHEIROS_GTF": null,
        "FICHEIROIMAGEM_GNR": null,
        "AREASFICHEIROSHP_GTF": null,
        "AREASFICHEIROSHPXML_GTF": null,
        "AREASFICHEIRODBF_GTF": null,
        "AREASFICHEIROPRJ_GTF": null,
        "AREASFICHEIROSBN_GTF": null,
        "AREASFICHEIROSBX_GTF": null,
        "AREASFICHEIROSHX_GTF": null,
        "AREASFICHEIROZIP_SAA": null
      }
    },
    {
      "type": "Feature",
      "geometry": {
        "type": "Point",
        "coordinates": [
          -8.23817999998728,
          41.8831599998474
        ]
      },
      "properties": {
        "id": "20260027225",
        "DISTRITO": "Viana do Castelo",
        "TIPO": "Florestal",
        "ANO": 2026.0,
        "AREAPOV": 0.0,
        "AREAMATO": 0.01,
        "AREAAGRIC": 0.0,
        "AREATOTAL": 0.01,
        "REACENDIMENTOS": 0.0,
        "QUEIMADA": 0.0,
        "FALSOALARME": 0.0,
        "FOGACHO": 1.0,
        "INCENDIO": 0.0,
        "AGRICOLA": 0.0,
        "NCCO": 20260027225.0,
        "NOMECCO": 0.0,
        "DATAALERTA": "06-01-2026",
        "HORAALERTA": "11:54",
        "LOCAL": "Soajo (Cabeço de Paranhos)",
        "CONCELHO": "Arcos de Valdevez",
        "FREGUESIA": "Soajo",
        "FONTEALERTA": 112.0,
        "INE": 160146.0,
        "X": 191281.0,
        "Y": 545971.0,
        "DIA": 6.0,
        "MES": 1.0,
        "HORA": 11.0,
        "OPERADOR": "sigo",
        "PERIMETRO": "PNPG Baldios cogeridos",
        "APS": "Peneda-Geres",
        "CAUSA": 43102.0,
        "TIPOCAUSA": "Negligente",
        "DHINICIO": "06-01-2026 11:54:00",
        "DHFIM": "06-01-2026 13:26:00",
        "DURACAO": 92.0,
        "HAHORA": 0.01,
        "DATAEXTINCAO": "06-01-2026",
        "HORAEXTINCAO": "13:26",
        "DATA1INTERVENCAO": "06-01-2026",
        "HORA1INTERVENCAO": "13:17",
        "QUEIMA": 0.0,
        "CAUSAFAMILIA": "Queimadas para gestão de pasto para gado",
        "TEMPERATURA": 6.78798818588257,
        "HUMIDADERELATIVA": 63.3638916015625,
        "VENTOINTENSIDADE": 12.6586074829102,
        "VENTOINTENSIDADE_VETOR": null,
        "VENTODIRECAO_VETOR": null,
        "PRECEPITACAO": 0.0,
        "FFMC": null,
        "DMC": null,
        "DC": null,
        "ISI": null,
        "BUI": null,
        "FWI": null,
        "DSR": null,
        "THC": null,
        "MODFARSITE": null,
        "ALTITUDEMEDIA": 315.141,
        "DECLIVEMEDIO": 33.897,
        "HORASEXPOSICAOMEDIA": null,
        "DENDIDADERV": 150.937,
        "COSN5VARIEDADE": 14.04,
        "AREAMANCHAMODFARSITE": null,
        "AREASFICHEIROS_GNR": "http://fogos.icnf.pt/sgif2010/ficheiroskml/27225.kml",
        "AREASFICHEIROS_GTF": null,
        "FICHEIROIMAGEM_GNR": null,
        "AREASFICHEIROSHP_GTF": null,
        "AREASFICHEIROSHPXML_GTF": null,
        "AREASFICHEIRODBF_GTF": null,
        "AREASFICHEIROPRJ_GTF": null,
        "AREASFICHEIROSBN_GTF": null,
        "AREASFICHEIROSBX_GTF": null,
        "AREASFICHEIROSHX_GTF": null,
        "AREASFICHEIROZIP_SAA": null
      }
    },
    {
      "type": "Feature",
      "geometry": {
        "type": "Point",
        "coordinates": [
          -8.46139499982198,
          41.9075250000424
        ]
      },
      "properties": {
        "id": "20260348561",
        "DISTRITO": "Viana do Castelo",
        "TIPO": "Florestal",
        "ANO": 2026.0,
        "AREAPOV": 0.0,
        "AREAMATO": 0.0001,
        "AREAAGRIC": 0.0,
        "AREATOTAL": 0.0001,
        "REACENDIMENTOS": 0.0,
        "QUEIMADA": 0.0,
        "FALSOALARME": 0.0,
        "FOGACHO": 1.0,
        "INCENDIO": 0.0,
        "AGRICOLA": 0.0,
        "NCCO": 20260348561.0,
        "NOMECCO": 3.0,
        "DATAALERTA": "06-03-2026",
        "HORAALERTA": "22:30",
        "LOCAL": "Igreja (SABADIM)",
        "CONCELHO": "Arcos de Valdevez",
        "FREGUESIA": "Sabadim",
        "FONTEALERTA": 112.0,
        "INE": 160133.0,
        "X": 172764.0,
        "Y": 548724.0,
        "DIA": 6.0,
        "MES": 3.0,
        "HORA": 22.0,
        "OPERADOR": "sigo",
        "PERIMETRO": null,
        "APS": null,
        "CAUSA": 43102.0,
        "TIPOCAUSA": "Negligente",
        "DHINICIO": "06-03-2026 22:30:00",
        "DHFIM": "06-03-2026 23:37:00",
        "DURACAO": 67.0,
        "HAHORA": 0.0001,
        "DATAEXTINCAO": "06-03-2026",
        "HORAEXTINCAO": "23:37",
        "DATA1INTERVENCAO": "06-03-2026",
        "HORA1INTERVENCAO": "23:35",
        "QUEIMA": 0.0,
        "CAUSAFAMILIA": "Queimadas para gestão de pasto para gado",
        "TEMPERATURA": 9.51626014709473,
        "HUMIDADERELATIVA": 78.8153228759766,
        "VENTOINTENSIDADE": 15.1436519622803,
        "VENTOINTENSIDADE_VETOR": null,
        "VENTODIRECAO_VETOR": null,
        "PRECEPITACAO": 0.0,
        "FFMC": null,
        "DMC": null,
        "DC": null,
        "ISI": null,
        "BUI": null,
        "FWI": null,
        "DSR": null,
        "THC": null,
        "MODFARSITE": null,
        "ALTITUDEMEDIA": 209.227,
        "DECLIVEMEDIO": 25.2921,
        "HORASEXPOSICAOMEDIA": null,
        "DENDIDADERV": 77.6404,
        "COSN5VARIEDADE": 14.88,
        "AREAMANCHAMODFARSITE": null,
        "AREASFICHEIROS_GNR": "http://fogos.icnf.pt/sgif2010/ficheiroskml/348561.kml",
        "AREASFICHEIROS_GTF": null,
        "FICHEIROIMAGEM_GNR": null,
        "AREASFICHEIROSHP_GTF": null,
        "AREASFICHEIROSHPXML_GTF": null,
        "AREASFICHEIRODBF_GTF": null,
        "AREASFICHEIROPRJ_GTF": null,
        "AREASFICHEIROSBN_GTF": null,
        "AREASFICHEIROSBX_GTF": null,
        "AREASFICHEIROSHX_GTF": null,
        "AREASFICHEIROZIP_SAA": null
      }
    },
    {
      "type": "Feature",
      "geometry": {
        "type": "Point",
        "coordinates": [
          -8.25540299998389,
          41.913978000217
        ]
      },
      "properties": {
        "id": "20260352499",
        "DISTRITO": "Viana do Castelo",
        "TIPO": "Florestal",
        "ANO": 2026.0,
        "AREAPOV": 0.0,
        "AREAMATO": 0.5,
        "AREAAGRIC": 0.0,
        "AREATOTAL": 0.5,
        "REACENDIMENTOS": 0.0,
        "QUEIMADA": 0.0,
        "FALSOALARME": 0.0,
        "FOGACHO": 1.0,
        "INCENDIO": 0.0,
        "AGRICOLA": 0.0,
        "NCCO": 20260352499.0,
        "NOMECCO": 3.0,
        "DATAALERTA": "07-03-2026",
        "HORAALERTA": "19:30",
        "LOCAL": "Estrada do Polo do Miguel (Coroa)",
        "CONCELHO": "Arcos de Valdevez",
        "FREGUESIA": "Soajo",
        "FONTEALERTA": 112.0,
        "INE": 160146.0,
        "X": 189857.0,
        "Y": 549396.0,
        "DIA": 7.0,
        "MES": 3.0,
        "HORA": 19.0,
        "OPERADOR": "sigo",
        "PERIMETRO": "PNPG Baldios cogeridos",
        "APS": "Peneda-Geres",
        "CAUSA": 43102.0,
        "TIPOCAUSA": "Negligente",
        "DHINICIO": "07-03-2026 19:30:00",
        "DHFIM": "07-03-2026 22:15:00",
        "DURACAO": 165.0,
        "HAHORA": 0.25,
        "DATAEXTINCAO": "07-03-2026",
        "HORAEXTINCAO": "22:15",
        "DATA1INTERVENCAO": "07-03-2026",
        "HORA1INTERVENCAO": "21:58",
        "QUEIMA": 0.0,
        "CAUSAFAMILIA": "Queimadas para gestão de pasto para gado",
        "TEMPERATURA": 11.1573734283447,
        "HUMIDADERELATIVA": 81.9926147460938,
        "VENTOINTENSIDADE": 10.8135547637939,
        "VENTOINTENSIDADE_VETOR": null,
        "VENTODIRECAO_VETOR": null,
        "PRECEPITACAO": 0.0,
        "FFMC": null,
        "DMC": null,
        "DC": null,
        "ISI": null,
        "BUI": null,
        "FWI": null,
        "DSR": null,
        "THC": null,
        "MODFARSITE": 221.0,
        "ALTITUDEMEDIA": 775.736,
        "DECLIVEMEDIO": 36.291,
        "HORASEXPOSICAOMEDIA": null,
        "DENDIDADERV": 120.084,
        "COSN5VARIEDADE": 8.64,
        "AREAMANCHAMODFARSITE": 140.884,
        "AREASFICHEIROS_GNR": "http://fogos.icnf.pt/sgif2010/ficheiroskml/352499.kml",
        "AREASFICHEIROS_GTF": null,
        "FICHEIROIMAGEM_GNR": null,
        "AREASFICHEIROSHP_GTF": null,
        "AREASFICHEIROSHPXML_GTF": null,
        "AREASFICHEIRODBF_GTF": null,
        "AREASFICHEIROPRJ_GTF": null,
        "AREASFICHEIROSBN_GTF": null,
        "AREASFICHEIROSBX_GTF": null,
        "AREASFICHEIROSHX_GTF": null,
        "AREASFICHEIROZIP_SAA": null
      }
    },
    {
      "type": "Feature",
      "geometry": {
        "type": "Point",
        "coordinates": [
          -8.32633099979824,
          42.0248099999958
        ]
      },
      "properties": {
        "id": "20260328523",
        "DISTRITO": "Viana do Castelo",
        "TIPO": "Agrícola",
        "ANO": 2026.0,
        "AREAPOV": 0.0,
        "AREAMATO": 0.0,
        "AREAAGRIC": 0.0234,
        "AREATOTAL": 0.0234,
        "REACENDIMENTOS": 0.0,
        "QUEIMADA": 0.0,
        "FALSOALARME": 0.0,
        "FOGACHO": 0.0,
        "INCENDIO": 0.0,
        "AGRICOLA": 1.0,
        "NCCO": 20260328523.0,
        "NOMECCO": 3.0,
        "DATAALERTA": "02-03-2026",
        "HORAALERTA": "18:59",
        "LOCAL": "Tangil (Modelos)",
        "CONCELHO": "Monção",
        "FREGUESIA": "Tangil",
        "FONTEALERTA": 112.0,
        "INE": 160428.0,
        "X": 184000.0,
        "Y": 561718.0,
        "DIA": 2.0,
        "MES": 3.0,
        "HORA": 18.0,
        "OPERADOR": 1960909.0,
        "PERIMETRO": null,
        "APS": null,
        "CAUSA": 43200.0,
        "TIPOCAUSA": "Negligente",
        "DHINICIO": "02-03-2026 18:59:00",
        "DHFIM": "02-03-2026 19:43:00",
        "DURACAO": 44.0,
        "HAHORA": 0.0234,
        "DATAEXTINCAO": "02-03-2026",
        "HORAEXTINCAO": "19:43",
        "DATA1INTERVENCAO": "02-03-2026",
        "HORA1INTERVENCAO": "19:38",
        "QUEIMA": 0.0,
        "CAUSAFAMILIA": "Queimadas de sobrantes florestais ou agrícolas",
        "TEMPERATURA": 13.7259769439697,
        "HUMIDADERELATIVA": 82.1070709228516,
        "VENTOINTENSIDADE": 15.1431360244751,
        "VENTOINTENSIDADE_VETOR": null,
        "VENTODIRECAO_VETOR": null,
        "PRECEPITACAO": 0.0,
        "FFMC": null,
        "DMC": null,
        "DC": null,
        "ISI": null,
        "BUI": null,
        "FWI": null,
        "DSR": null,
        "THC": null,
        "MODFARSITE": null,
        "ALTITUDEMEDIA": 624.151,
        "DECLIVEMEDIO": 29.5888,
        "HORASEXPOSICAOMEDIA": null,
        "DENDIDADERV": 163.846,
        "COSN5VARIEDADE": 9.05,
        "AREAMANCHAMODFARSITE": null,
        "AREASFICHEIROS_GNR": "http://fogos.icnf.pt/sgif2010/ficheiroskml/20260328523.kml",
        "AREASFICHEIROS_GTF": null,
        "FICHEIROIMAGEM_GNR": null,
        "AREASFICHEIROSHP_GTF": null,
        "AREASFICHEIROSHPXML_GTF": null,
        "AREASFICHEIRODBF_GTF": null,
        "AREASFICHEIROPRJ_GTF": null,
        "AREASFICHEIROSBN_GTF": null,
        "AREASFICHEIROSBX_GTF": null,
        "AREASFICHEIROSHX_GTF": null,
        "AREASFICHEIROZIP_SAA": null
      }
    },
    {
      "type": "Feature",
      "geometry": {
        "type": "Point",
        "coordinates": [
          -7.34555555555556,
          40.5461111111111
        ]
      },
      "properties": {
        "id": "20260351694",
        "DISTRITO": "Guarda",
        "TIPO": "Florestal",
        "ANO": 2026.0,
        "AREAPOV": 0.0,
        "AREAMATO": 2.75,
        "AREAAGRIC": 0.0,
        "AREATOTAL": 2.75,
        "REACENDIMENTOS": 0.0,
        "QUEIMADA": 0.0,
        "FALSOALARME": 0.0,
        "FOGACHO": 0.0,
        "INCENDIO": 1.0,
        "AGRICOLA": 0.0,
        "NCCO": 20260351694.0,
        "NOMECCO": 3.0,
        "DATAALERTA": "07-03-2026",
        "HORAALERTA": "16:15",
        "LOCAL": "Moitas",
        "CONCELHO": "Guarda",
        "FREGUESIA": "Vila Soeiro",
        "FONTEALERTA": 117.0,
        "INE": 90754.0,
        "X": 266724.0,
        "Y": 397768.0,
        "DIA": 7.0,
        "MES": 3.0,
        "HORA": 16.0,
        "OPERADOR": 2000180.0,
        "PERIMETRO": null,
        "APS": "Serra da Estrela",
        "CAUSA": 43300.0,
        "TIPOCAUSA": "Negligente",
        "DHINICIO": "07-03-2026 16:15:00",
        "DHFIM": "07-03-2026 17:46:00",
        "DURACAO": 91.0,
        "HAHORA": 2.75,
        "DATAEXTINCAO": "07-03-2026",
        "HORAEXTINCAO": "17:46",
        "DATA1INTERVENCAO": "07-03-2026",
        "HORA1INTERVENCAO": "16:45",
        "QUEIMA": 0.0,
        "CAUSAFAMILIA": "Queimadas de sobrantes florestais ou agrícolas",
        "TEMPERATURA": 15.5438480377197,
        "HUMIDADERELATIVA": 62.9790954589844,
        "VENTOINTENSIDADE": 9.43552684783936,
        "VENTOINTENSIDADE_VETOR": null,
        "VENTODIRECAO_VETOR": null,
        "PRECEPITACAO": 0.0,
        "FFMC": null,
        "DMC": null,
        "DC": null,
        "ISI": null,
        "BUI": null,
        "FWI": null,
        "DSR": null,
        "THC": null,
        "MODFARSITE": null,
        "ALTITUDEMEDIA": 910.843,
        "DECLIVEMEDIO": 36.7252,
        "HORASEXPOSICAOMEDIA": null,
        "DENDIDADERV": 172.728,
        "COSN5VARIEDADE": 14.52,
        "AREAMANCHAMODFARSITE": null,
        "AREASFICHEIROS_GNR": "http://fogos.icnf.pt/sgif2010/ficheiroskml/20250351694.kml",
        "AREASFICHEIROS_GTF": null,
        "FICHEIROIMAGEM_GNR": null,
        "AREASFICHEIROSHP_GTF": null,
        "AREASFICHEIROSHPXML_GTF": null,
        "AREASFICHEIRODBF_GTF": null,
        "AREASFICHEIROPRJ_GTF": null,
        "AREASFICHEIROSBN_GTF": null,
        "AREASFICHEIROSBX_GTF": null,
        "AREASFICHEIROSHX_GTF": null,
        "AREASFICHEIROZIP_SAA": null
      }
    },
    {
      "type": "Feature",
      "geometry": {
        "type": "Point",
        "coordinates": [
          -7.52185999976264,
          40.0492599995931
        ]
      },
      "properties": {
        "id": "20260028916",
        "DISTRITO": "Castelo Branco",
        "TIPO": "Florestal",
        "ANO": 2026.0,
        "AREAPOV": 0.02,
        "AREAMATO": 0.0114,
        "AREAAGRIC": 0.0,
        "AREATOTAL": 0.0314,
        "REACENDIMENTOS": 0.0,
        "QUEIMADA": 0.0,
        "FALSOALARME": 0.0,
        "FOGACHO": 1.0,
        "INCENDIO": 0.0,
        "AGRICOLA": 0.0,
        "NCCO": 20260028916.0,
        "NOMECCO": 0.0,
        "DATAALERTA": "06-01-2026",
        "HORAALERTA": "17:09",
        "LOCAL": "Torre (Rio Ocreza)",
        "CONCELHO": "Castelo Branco",
        "FREGUESIA": "Louriçal do Campo",
        "FONTEALERTA": 112.0,
        "INE": 50212.0,
        "X": 252160.0,
        "Y": 342482.0,
        "DIA": 6.0,
        "MES": 1.0,
        "HORA": 17.0,
        "OPERADOR": "sigo",
        "PERIMETRO": null,
        "APS": "Serra da Gardunha",
        "CAUSA": 43300.0,
        "TIPOCAUSA": "Negligente",
        "DHINICIO": "06-01-2026 17:09:00",
        "DHFIM": "06-01-2026 18:32:00",
        "DURACAO": 83.0,
        "HAHORA": 0.0314,
        "DATAEXTINCAO": "06-01-2026",
        "HORAEXTINCAO": "18:32",
        "DATA1INTERVENCAO": "06-01-2026",
        "HORA1INTERVENCAO": "18:32",
        "QUEIMA": 0.0,
        "CAUSAFAMILIA": "Queimadas de sobrantes florestais ou agrícolas",
        "TEMPERATURA": 8.11757850646973,
        "HUMIDADERELATIVA": 52.5419158935547,
        "VENTOINTENSIDADE": 15.2564725875854,
        "VENTOINTENSIDADE_VETOR": null,
        "VENTODIRECAO_VETOR": null,
        "PRECEPITACAO": 0.0,
        "FFMC": null,
        "DMC": null,
        "DC": null,
        "ISI": null,
        "BUI": null,
        "FWI": null,
        "DSR": null,
        "THC": null,
        "MODFARSITE": null,
        "ALTITUDEMEDIA": 551.39,
        "DECLIVEMEDIO": 25.2415,
        "HORASEXPOSICAOMEDIA": null,
        "DENDIDADERV": 125.451,
        "COSN5VARIEDADE": 20.96,
        "AREAMANCHAMODFARSITE": null,
        "AREASFICHEIROS_GNR": null,
        "AREASFICHEIROS_GTF": null,
        "FICHEIROIMAGEM_GNR": null,
        "AREASFICHEIROSHP_GTF": null,
        "AREASFICHEIROSHPXML_GTF": null,
        "AREASFICHEIRODBF_GTF": null,
        "AREASFICHEIROPRJ_GTF": null,
        "AREASFICHEIROSBN_GTF": null,
        "AREASFICHEIROSBX_GTF": null,
        "AREASFICHEIROSHX_GTF": null,
        "AREASFICHEIROZIP_SAA": null
      }
    },
    {
      "type": "Feature",
      "geometry": {
        "type": "Point",
        "coordinates": [
          -8.16619800037808,
          41.6437050003476
        ]
      },
      "properties": {
        "id": "20260288475",
        "DISTRITO": "Braga",
        "TIPO": "Florestal",
        "ANO": 2026.0,
        "AREAPOV": 0.17,
        "AREAMATO": 0.0,
        "AREAAGRIC": 0.1,
        "AREATOTAL": 0.27,
        "REACENDIMENTOS": 0.0,
        "QUEIMADA": 0.0,
        "FALSOALARME": 0.0,
        "FOGACHO": 1.0,
        "INCENDIO": 0.0,
        "AGRICOLA": 0.0,
        "NCCO": 20260288475.0,
        "NOMECCO": 2.0,
        "DATAALERTA": "22-02-2026",
        "HORAALERTA": "15:34",
        "LOCAL": "Postemeão (Postimião)",
        "CONCELHO": "Vieira do Minho",
        "FREGUESIA": "Tabuaças",
        "FONTEALERTA": null,
        "INE": 31118.0,
        "X": 197246.0,
        "Y": 519370.0,
        "DIA": 22.0,
        "MES": 2.0,
        "HORA": 15.0,
        "OPERADOR": 2195336.0,
        "PERIMETRO": null,
        "APS": null,
        "CAUSA": 43300.0,
        "TIPOCAUSA": "Negligente",
        "DHINICIO": "22-02-2026 15:34:00",
        "DHFIM": "22-02-2026 16:40:00",
        "DURACAO": 66.0,
        "HAHORA": 0.27,
        "DATAEXTINCAO": "22-02-2026",
        "HORAEXTINCAO": "16:40",
        "DATA1INTERVENCAO": "22-02-2026",
        "HORA1INTERVENCAO": "15:40",
        "QUEIMA": 0.0,
        "CAUSAFAMILIA": "Queimadas de sobrantes florestais ou agrícolas",
        "TEMPERATURA": 19.4063968658447,
        "HUMIDADERELATIVA": 43.4322395324707,
        "VENTOINTENSIDADE": 8.95978546142578,
        "VENTOINTENSIDADE_VETOR": null,
        "VENTODIRECAO_VETOR": null,
        "PRECEPITACAO": 0.0,
        "FFMC": null,
        "DMC": null,
        "DC": null,
        "ISI": null,
        "BUI": null,
        "FWI": null,
        "DSR": null,
        "THC": null,
        "MODFARSITE": 233.0,
        "ALTITUDEMEDIA": 549.041,
        "DECLIVEMEDIO": 27.3631,
        "HORASEXPOSICAOMEDIA": null,
        "DENDIDADERV": 108.037,
        "COSN5VARIEDADE": 17.5,
        "AREAMANCHAMODFARSITE": 98.6931,
        "AREASFICHEIROS_GNR": null,
        "AREASFICHEIROS_GTF": null,
        "FICHEIROIMAGEM_GNR": null,
        "AREASFICHEIROSHP_GTF": null,
        "AREASFICHEIROSHPXML_GTF": null,
        "AREASFICHEIRODBF_GTF": null,
        "AREASFICHEIROPRJ_GTF": null,
        "AREASFICHEIROSBN_GTF": null,
        "AREASFICHEIROSBX_GTF": null,
        "AREASFICHEIROSHX_GTF": null,
        "AREASFICHEIROZIP_SAA": null
      }
    },
    {
      "type": "Feature",
      "geometry": {
        "type": "Point",
        "coordinates": [
          -7.332597000334,
          40.3526019999716
        ]
      },
      "properties": {
        "id": "20260284312",
        "DISTRITO": "Castelo Branco",
        "TIPO": "Florestal",
        "ANO": 2026.0,
        "AREAPOV": 0.0,
        "AREAMATO": 0.0663,
        "AREAAGRIC": 0.0,
        "AREATOTAL": 0.0663,
        "REACENDIMENTOS": 0.0,
        "QUEIMADA": 0.0,
        "FALSOALARME": 0.0,
        "FOGACHO": 1.0,
        "INCENDIO": 0.0,
        "AGRICOLA": 0.0,
        "NCCO": 20260284312.0,
        "NOMECCO": 2.0,
        "DATAALERTA": "21-02-2026",
        "HORAALERTA": "16:45",
        "LOCAL": "Quinta das Lages da Fidalga (Quinta do Vale Sobreiro)",
        "CONCELHO": "Belmonte",
        "FREGUESIA": "Belmonte",
        "FONTEALERTA": "Bombeiros",
        "INE": 50101.0,
        "X": 268007.0,
        "Y": 376293.0,
        "DIA": 21.0,
        "MES": 2.0,
        "HORA": 16.0,
        "OPERADOR": "sigo",
        "PERIMETRO": null,
        "APS": null,
        "CAUSA": 43300.0,
        "TIPOCAUSA": "Negligente",
        "DHINICIO": "21-02-2026 16:45:00",
        "DHFIM": "21-02-2026 17:06:00",
        "DURACAO": 21.0,
        "HAHORA": 0.0663,
        "DATAEXTINCAO": "21-02-2026",
        "HORAEXTINCAO": "17:06",
        "DATA1INTERVENCAO": "21-02-2026",
        "HORA1INTERVENCAO": "16:50",
        "QUEIMA": 0.0,
        "CAUSAFAMILIA": "Queimadas de sobrantes florestais ou agrícolas",
        "TEMPERATURA": 18.5526371002197,
        "HUMIDADERELATIVA": 51.2125244140625,
        "VENTOINTENSIDADE": 3.28725242614746,
        "VENTOINTENSIDADE_VETOR": null,
        "VENTODIRECAO_VETOR": null,
        "PRECEPITACAO": 0.0,
        "FFMC": null,
        "DMC": null,
        "DC": null,
        "ISI": null,
        "BUI": null,
        "FWI": null,
        "DSR": null,
        "THC": null,
        "MODFARSITE": 231.0,
        "ALTITUDEMEDIA": 458.142,
        "DECLIVEMEDIO": 3.45698,
        "HORASEXPOSICAOMEDIA": null,
        "DENDIDADERV": 198.944,
        "COSN5VARIEDADE": 14.72,
        "AREAMANCHAMODFARSITE": 30.4774,
        "AREASFICHEIROS_GNR": null,
        "AREASFICHEIROS_GTF": null,
        "FICHEIROIMAGEM_GNR": null,
        "AREASFICHEIROSHP_GTF": null,
        "AREASFICHEIROSHPXML_GTF": null,
        "AREASFICHEIRODBF_GTF": null,
        "AREASFICHEIROPRJ_GTF": null,
        "AREASFICHEIROSBN_GTF": null,
        "AREASFICHEIROSBX_GTF": null,
        "AREASFICHEIROSHX_GTF": null,
        "AREASFICHEIROZIP_SAA": null
      }
    },
    {
      "type": "Feature",
      "geometry": {
        "type": "Point",
        "coordinates": [
          -7.18111111111111,
          40.3158333333333
        ]
      },
      "properties": {
        "id": "20260322612",
        "DISTRITO": "Guarda",
        "TIPO": "Florestal",
        "ANO": 2026.0,
        "AREAPOV": 0.0,
        "AREAMATO": 1.55,
        "AREAAGRIC": 0.0,
        "AREATOTAL": 1.55,
        "REACENDIMENTOS": 0.0,
        "QUEIMADA": 0.0,
        "FALSOALARME": 0.0,
        "FOGACHO": 0.0,
        "INCENDIO": 1.0,
        "AGRICOLA": 0.0,
        "NCCO": 20260322612.0,
        "NOMECCO": 3.0,
        "DATAALERTA": "01-03-2026",
        "HORAALERTA": "15:30",
        "LOCAL": "Quinta da Ribeira da Nave",
        "CONCELHO": "Sabugal",
        "FREGUESIA": "Sortelha",
        "FONTEALERTA": 117.0,
        "INE": 91133.0,
        "X": 280909.0,
        "Y": 372343.0,
        "DIA": 1.0,
        "MES": 3.0,
        "HORA": 15.0,
        "OPERADOR": 2000180.0,
        "PERIMETRO": null,
        "APS": null,
        "CAUSA": 43300.0,
        "TIPOCAUSA": "Negligente",
        "DHINICIO": "01-03-2026 15:30:00",
        "DHFIM": "01-03-2026 17:16:00",
        "DURACAO": 106.0,
        "HAHORA": 1.55,
        "DATAEXTINCAO": "01-03-2026",
        "HORAEXTINCAO": "17:16",
        "DATA1INTERVENCAO": "01-03-2026",
        "HORA1INTERVENCAO": "15:48",
        "QUEIMA": 0.0,
        "CAUSAFAMILIA": "Queimadas de sobrantes florestais ou agrícolas",
        "TEMPERATURA": 17.8727054595947,
        "HUMIDADERELATIVA": 64.7967300415039,
        "VENTOINTENSIDADE": 3.84137773513794,
        "VENTOINTENSIDADE_VETOR": null,
        "VENTODIRECAO_VETOR": null,
        "PRECEPITACAO": 0.0,
        "FFMC": null,
        "DMC": null,
        "DC": null,
        "ISI": null,
        "BUI": null,
        "FWI": null,
        "DSR": null,
        "THC": null,
        "MODFARSITE": 221.0,
        "ALTITUDEMEDIA": 658.409,
        "DECLIVEMEDIO": 28.5242,
        "HORASEXPOSICAOMEDIA": null,
        "DENDIDADERV": 95.4116,
        "COSN5VARIEDADE": 14.45,
        "AREAMANCHAMODFARSITE": 123.924,
        "AREASFICHEIROS_GNR": "http://fogos.icnf.pt/sgif2010/ficheiroskml/20250322612.kml",
        "AREASFICHEIROS_GTF": null,
        "FICHEIROIMAGEM_GNR": null,
        "AREASFICHEIROSHP_GTF": null,
        "AREASFICHEIROSHPXML_GTF": null,
        "AREASFICHEIRODBF_GTF": null,
        "AREASFICHEIROPRJ_GTF": null,
        "AREASFICHEIROSBN_GTF": null,
        "AREASFICHEIROSBX_GTF": null,
        "AREASFICHEIROSHX_GTF": null,
        "AREASFICHEIROZIP_SAA": null
      }
    },
    {
      "type": "Feature",
      "geometry": {
        "type": "Point",
        "coordinates": [
          -7.49553700023227,
          39.8037329999606
        ]
      },
      "properties": {
        "id": "20260024282",
        "DISTRITO": "Castelo Branco",
        "TIPO": "Florestal",
        "ANO": 2026.0,
        "AREAPOV": 0.0,
        "AREAMATO": 0.006,
        "AREAAGRIC": 0.0,
        "AREATOTAL": 0.006,
        "REACENDIMENTOS": 0.0,
        "QUEIMADA": 0.0,
        "FALSOALARME": 0.0,
        "FOGACHO": 1.0,
        "INCENDIO": 0.0,
        "AGRICOLA": 0.0,
        "NCCO": 20260024282.0,
        "NOMECCO": 0.0,
        "DATAALERTA": "05-01-2026",
        "HORAALERTA": "19:05",
        "LOCAL": "Rua Carreira de Tiro (Rua Professor José Boiadas)",
        "CONCELHO": "Castelo Branco",
        "FREGUESIA": "Castelo Branco",
        "FONTEALERTA": 112.0,
        "INE": 50205.0,
        "X": 254600.0,
        "Y": 315235.0,
        "DIA": 5.0,
        "MES": 1.0,
        "HORA": 19.0,
        "OPERADOR": "sigo",
        "PERIMETRO": null,
        "APS": null,
        "CAUSA": 43400.0,
        "TIPOCAUSA": "Negligente",
        "DHINICIO": "05-01-2026 19:05:00",
        "DHFIM": "05-01-2026 19:27:00",
        "DURACAO": 22.0,
        "HAHORA": 0.006,
        "DATAEXTINCAO": "05-01-2026",
        "HORAEXTINCAO": "19:27",
        "DATA1INTERVENCAO": "05-01-2026",
        "HORA1INTERVENCAO": "19:26",
        "QUEIMA": 0.0,
        "CAUSAFAMILIA": "Queimadas para limpeza de áreas urbanizadas",
        "TEMPERATURA": 5.61831045150757,
        "HUMIDADERELATIVA": 58.6828155517578,
        "VENTOINTENSIDADE": 16.3123626708984,
        "VENTOINTENSIDADE_VETOR": null,
        "VENTODIRECAO_VETOR": null,
        "PRECEPITACAO": 0.0,
        "FFMC": null,
        "DMC": null,
        "DC": null,
        "ISI": null,
        "BUI": null,
        "FWI": null,
        "DSR": null,
        "THC": null,
        "MODFARSITE": null,
        "ALTITUDEMEDIA": 354.868,
        "DECLIVEMEDIO": 9.34517,
        "HORASEXPOSICAOMEDIA": null,
        "DENDIDADERV": 417.149,
        "COSN5VARIEDADE": 17.29,
        "AREAMANCHAMODFARSITE": null,
        "AREASFICHEIROS_GNR": null,
        "AREASFICHEIROS_GTF": null,
        "FICHEIROIMAGEM_GNR": null,
        "AREASFICHEIROSHP_GTF": null,
        "AREASFICHEIROSHPXML_GTF": null,
        "AREASFICHEIRODBF_GTF": null,
        "AREASFICHEIROPRJ_GTF": null,
        "AREASFICHEIROSBN_GTF": null,
        "AREASFICHEIROSBX_GTF": null,
        "AREASFICHEIROSHX_GTF": null,
        "AREASFICHEIROZIP_SAA": null
      }
    },
    {
      "type": "Feature",
      "geometry": {
        "type": "Point",
        "coordinates": [
          -7.22524799982707,
          41.7267870002323
        ]
      },
      "properties": {
        "id": "20260336706",
        "DISTRITO": "Vila Real",
        "TIPO": "Florestal",
        "ANO": 2026.0,
        "AREAPOV": 0.0,
        "AREAMATO": 6.0,
        "AREAAGRIC": 0.0,
        "AREATOTAL": 6.0,
        "REACENDIMENTOS": 0.0,
        "QUEIMADA": 0.0,
        "FALSOALARME": 0.0,
        "FOGACHO": 0.0,
        "INCENDIO": 1.0,
        "AGRICOLA": 0.0,
        "NCCO": 20260336706.0,
        "NOMECCO": 3.0,
        "DATAALERTA": "04-03-2026",
        "HORAALERTA": "13:46",
        "LOCAL": "SONIM (Cabeço do Marco)",
        "CONCELHO": "Valpaços",
        "FREGUESIA": "Sonim",
        "FONTEALERTA": 112.0,
        "INE": 171225.0,
        "X": 275541.0,
        "Y": 528995.0,
        "DIA": 4.0,
        "MES": 3.0,
        "HORA": 13.0,
        "OPERADOR": "sigo",
        "PERIMETRO": null,
        "APS": null,
        "CAUSA": 43700.0,
        "TIPOCAUSA": "Negligente",
        "DHINICIO": "04-03-2026 13:46:00",
        "DHFIM": "04-03-2026 16:45:00",
        "DURACAO": 179.0,
        "HAHORA": 3.0,
        "DATAEXTINCAO": "04-03-2026",
        "HORAEXTINCAO": "16:45",
        "DATA1INTERVENCAO": "04-03-2026",
        "HORA1INTERVENCAO": "14:40",
        "QUEIMA": 0.0,
        "CAUSAFAMILIA": "Queimadas extensivas - Protecção contra incêndios_",
        "TEMPERATURA": 17.4559574127197,
        "HUMIDADERELATIVA": 64.5336608886719,
        "VENTOINTENSIDADE": 4.98299026489258,
        "VENTOINTENSIDADE_VETOR": null,
        "VENTODIRECAO_VETOR": null,
        "PRECEPITACAO": 0.0,
        "FFMC": null,
        "DMC": null,
        "DC": null,
        "ISI": null,
        "BUI": null,
        "FWI": null,
        "DSR": null,
        "THC": null,
        "MODFARSITE": null,
        "ALTITUDEMEDIA": 507.35,
        "DECLIVEMEDIO": 14.1063,
        "HORASEXPOSICAOMEDIA": null,
        "DENDIDADERV": 143.075,
        "COSN5VARIEDADE": 17.62,
        "AREAMANCHAMODFARSITE": null,
        "AREASFICHEIROS_GNR": null,
        "AREASFICHEIROS_GTF": null,
        "FICHEIROIMAGEM_GNR": null,
        "AREASFICHEIROSHP_GTF": null,
        "AREASFICHEIROSHPXML_GTF": null,
        "AREASFICHEIRODBF_GTF": null,
        "AREASFICHEIROPRJ_GTF": null,
        "AREASFICHEIROSBN_GTF": null,
        "AREASFICHEIROSBX_GTF": null,
        "AREASFICHEIROSHX_GTF": null,
        "AREASFICHEIROZIP_SAA": null
      }
    },
    {
      "type": "Feature",
      "geometry": {
        "type": "Point",
        "coordinates": [
          -8.79127000013987,
          41.5735449997584
        ]
      },
      "properties": {
        "id": "20260000026",
        "DISTRITO": "Braga",
        "TIPO": "Agrícola",
        "ANO": 2026.0,
        "AREAPOV": 0.0,
        "AREAMATO": 0.0,
        "AREAAGRIC": 0.0006,
        "AREATOTAL": 0.0006,
        "REACENDIMENTOS": 0.0,
        "QUEIMADA": 0.0,
        "FALSOALARME": 0.0,
        "FOGACHO": 0.0,
        "INCENDIO": 0.0,
        "AGRICOLA": 1.0,
        "NCCO": 20260000026.0,
        "NOMECCO": 0.0,
        "DATAALERTA": "01-01-2026",
        "HORAALERTA": "00:08",
        "LOCAL": "Av.Praia (MAR)",
        "CONCELHO": "Esposende",
        "FREGUESIA": "Mar",
        "FONTEALERTA": "Populares",
        "INE": 30611.0,
        "X": 145110.0,
        "Y": 511787.0,
        "DIA": 1.0,
        "MES": 1.0,
        "HORA": 0.0,
        "OPERADOR": "sigo",
        "PERIMETRO": null,
        "APS": null,
        "CAUSA": 45202.0,
        "TIPOCAUSA": "Negligente",
        "DHINICIO": "01-01-2026 00:08:00",
        "DHFIM": "01-01-2026 00:34:00",
        "DURACAO": 26.0,
        "HAHORA": 0.0006,
        "DATAEXTINCAO": "01-01-2026",
        "HORAEXTINCAO": "00:34",
        "DATA1INTERVENCAO": "01-01-2026",
        "HORA1INTERVENCAO": "00:20",
        "QUEIMA": 0.0,
        "CAUSAFAMILIA": "Uso do fogo - Lançamento Foguetes",
        "TEMPERATURA": 7.95229482650757,
        "HUMIDADERELATIVA": 92.8920745849609,
        "VENTOINTENSIDADE": 8.96854019165039,
        "VENTOINTENSIDADE_VETOR": null,
        "VENTODIRECAO_VETOR": null,
        "PRECEPITACAO": 0.0,
        "FFMC": null,
        "DMC": null,
        "DC": null,
        "ISI": null,
        "BUI": null,
        "FWI": null,
        "DSR": null,
        "THC": null,
        "MODFARSITE": null,
        "ALTITUDEMEDIA": 40.6706,
        "DECLIVEMEDIO": 14.5344,
        "HORASEXPOSICAOMEDIA": null,
        "DENDIDADERV": 362.194,
        "COSN5VARIEDADE": 11.62,
        "AREAMANCHAMODFARSITE": null,
        "AREASFICHEIROS_GNR": null,
        "AREASFICHEIROS_GTF": null,
        "FICHEIROIMAGEM_GNR": null,
        "AREASFICHEIROSHP_GTF": null,
        "AREASFICHEIROSHPXML_GTF": null,
        "AREASFICHEIRODBF_GTF": null,
        "AREASFICHEIROPRJ_GTF": null,
        "AREASFICHEIROSBN_GTF": null,
        "AREASFICHEIROSBX_GTF": null,
        "AREASFICHEIROSHX_GTF": null,
        "AREASFICHEIROZIP_SAA": null
      }
    },
    {
      "type": "Feature",
      "geometry": {
        "type": "Point",
        "coordinates": [
          -8.56805555555556,
          41.965
        ]
      },
      "properties": {
        "id": "20260294753",
        "DISTRITO": "Viana do Castelo",
        "TIPO": "Florestal",
        "ANO": 2026.0,
        "AREAPOV": 0.0,
        "AREAMATO": 1.0,
        "AREAAGRIC": 0.0,
        "AREATOTAL": 1.0,
        "REACENDIMENTOS": 0.0,
        "QUEIMADA": 0.0,
        "FALSOALARME": 0.0,
        "FOGACHO": 0.0,
        "INCENDIO": 1.0,
        "AGRICOLA": 0.0,
        "NCCO": 20260294753.0,
        "NOMECCO": 2.0,
        "DATAALERTA": "23-02-2026",
        "HORAALERTA": "19:18",
        "LOCAL": "Antigas Minas de Sâo Silvestre",
        "CONCELHO": "Paredes de Coura",
        "FREGUESIA": "Ferreira",
        "FONTEALERTA": null,
        "INE": 160508.0,
        "X": 163942.0,
        "Y": 555145.0,
        "DIA": 23.0,
        "MES": 2.0,
        "HORA": 19.0,
        "OPERADOR": 2225105.0,
        "PERIMETRO": "Perimetro Florestal da Boalhosa",
        "APS": null,
        "CAUSA": 52001.0,
        "TIPOCAUSA": "Intencional",
        "DHINICIO": "23-02-2026 19:18:00",
        "DHFIM": "23-02-2026 20:27:00",
        "DURACAO": 69.0,
        "HAHORA": 1.0,
        "DATAEXTINCAO": "23-02-2026",
        "HORAEXTINCAO": "20:27",
        "DATA1INTERVENCAO": "23-02-2026",
        "HORA1INTERVENCAO": "19:20",
        "QUEIMA": 0.0,
        "CAUSAFAMILIA": "Estruturais - Caça e vida selvagem",
        "TEMPERATURA": 13.9295902252197,
        "HUMIDADERELATIVA": 63.621639251709,
        "VENTOINTENSIDADE": 8.97022438049316,
        "VENTOINTENSIDADE_VETOR": null,
        "VENTODIRECAO_VETOR": null,
        "PRECEPITACAO": 0.0,
        "FFMC": null,
        "DMC": null,
        "DC": null,
        "ISI": null,
        "BUI": null,
        "FWI": null,
        "DSR": null,
        "THC": null,
        "MODFARSITE": null,
        "ALTITUDEMEDIA": 413.059,
        "DECLIVEMEDIO": 25.2094,
        "HORASEXPOSICAOMEDIA": null,
        "DENDIDADERV": 182.986,
        "COSN5VARIEDADE": 13.53,
        "AREAMANCHAMODFARSITE": null,
        "AREASFICHEIROS_GNR": "http://fogos.icnf.pt/sgif2010/ficheiroskml/20260294753.kml",
        "AREASFICHEIROS_GTF": null,
        "FICHEIROIMAGEM_GNR": null,
        "AREASFICHEIROSHP_GTF": null,
        "AREASFICHEIROSHPXML_GTF": null,
        "AREASFICHEIRODBF_GTF": null,
        "AREASFICHEIROPRJ_GTF": null,
        "AREASFICHEIROSBN_GTF": null,
        "AREASFICHEIROSBX_GTF": null,
        "AREASFICHEIROSHX_GTF": null,
        "AREASFICHEIROZIP_SAA": null
      }
    },
    {
      "type": "Feature",
      "geometry": {
        "type": "Point",
        "coordinates": [
          -7.41953299999237,
          41.5194519999292
        ]
      },
      "properties": {
        "id": "20260260253",
        "DISTRITO": "Vila Real",
        "TIPO": "Florestal",
        "ANO": 2026.0,
        "AREAPOV": 0.3,
        "AREAMATO": 0.0,
        "AREAAGRIC": 0.0,
        "AREATOTAL": 0.3,
        "REACENDIMENTOS": 0.0,
        "QUEIMADA": 0.0,
        "FALSOALARME": 0.0,
        "FOGACHO": 1.0,
        "INCENDIO": 0.0,
        "AGRICOLA": 0.0,
        "NCCO": 20260260253.0,
        "NOMECCO": 2.0,
        "DATAALERTA": "16-02-2026",
        "HORAALERTA": "18:41",
        "LOCAL": "Vale dÉgua (Alto da Ola)",
        "CONCELHO": "Murça",
        "FREGUESIA": "Jou",
        "FONTEALERTA": "Populares",
        "INE": 170704.0,
        "X": 259566.0,
        "Y": 505814.0,
        "DIA": 16.0,
        "MES": 2.0,
        "HORA": 18.0,
        "OPERADOR": 2060474.0,
        "PERIMETRO": null,
        "APS": null,
        "CAUSA": 53100.0,
        "TIPOCAUSA": "Intencional",
        "DHINICIO": "16-02-2026 18:41:00",
        "DHFIM": "16-02-2026 19:32:00",
        "DURACAO": 51.0,
        "HAHORA": 0.3,
        "DATAEXTINCAO": "16-02-2026",
        "HORAEXTINCAO": "19:32",
        "DATA1INTERVENCAO": "16-02-2026",
        "HORA1INTERVENCAO": "19:11",
        "QUEIMA": 0.0,
        "CAUSAFAMILIA": "Estruturais - Uso do solo",
        "TEMPERATURA": 12.7657718658447,
        "HUMIDADERELATIVA": 87.2132873535156,
        "VENTOINTENSIDADE": 9.5873441696167,
        "VENTOINTENSIDADE_VETOR": null,
        "VENTODIRECAO_VETOR": null,
        "PRECEPITACAO": 0.0,
        "FFMC": null,
        "DMC": null,
        "DC": null,
        "ISI": null,
        "BUI": null,
        "FWI": null,
        "DSR": null,
        "THC": null,
        "MODFARSITE": null,
        "ALTITUDEMEDIA": 702.571,
        "DECLIVEMEDIO": 20.9191,
        "HORASEXPOSICAOMEDIA": null,
        "DENDIDADERV": 70.1744,
        "COSN5VARIEDADE": 15.12,
        "AREAMANCHAMODFARSITE": null,
        "AREASFICHEIROS_GNR": null,
        "AREASFICHEIROS_GTF": null,
        "FICHEIROIMAGEM_GNR": null,
        "AREASFICHEIROSHP_GTF": null,
        "AREASFICHEIROSHPXML_GTF": null,
        "AREASFICHEIRODBF_GTF": null,
        "AREASFICHEIROPRJ_GTF": null,
        "AREASFICHEIROSBN_GTF": null,
        "AREASFICHEIROSBX_GTF": null,
        "AREASFICHEIROSHX_GTF": null,
        "AREASFICHEIROZIP_SAA": null
      }
    },
    {
      "type": "Feature",
      "geometry": {
        "type": "Point",
        "coordinates": [
          -8.04527777777778,
          41.5458333333333
        ]
      },
      "properties": {
        "id": "20260338871",
        "DISTRITO": "Braga",
        "TIPO": "Florestal",
        "ANO": 2026.0,
        "AREAPOV": 0.0,
        "AREAMATO": 0.015,
        "AREAAGRIC": 0.0,
        "AREATOTAL": 0.015,
        "REACENDIMENTOS": 0.0,
        "QUEIMADA": 0.0,
        "FALSOALARME": 0.0,
        "FOGACHO": 1.0,
        "INCENDIO": 0.0,
        "AGRICOLA": 0.0,
        "NCCO": 20260338871.0,
        "NOMECCO": 3.0,
        "DATAALERTA": "04-03-2026",
        "HORAALERTA": "22:00",
        "LOCAL": "Selhariz",
        "CONCELHO": "Cabeceiras de Basto",
        "FREGUESIA": "Cabeceiras de Basto",
        "FONTEALERTA": 112.0,
        "INE": 30406.0,
        "X": 207335.0,
        "Y": 508497.0,
        "DIA": 4.0,
        "MES": 3.0,
        "HORA": 22.0,
        "OPERADOR": 1875258.0,
        "PERIMETRO": null,
        "APS": null,
        "CAUSA": 54001.0,
        "TIPOCAUSA": "Intencional",
        "DHINICIO": "04-03-2026 22:00:00",
        "DHFIM": "04-03-2026 23:31:00",
        "DURACAO": 91.0,
        "HAHORA": 0.015,
        "DATAEXTINCAO": "04-03-2026",
        "HORAEXTINCAO": "23:31",
        "DATA1INTERVENCAO": "04-03-2026",
        "HORA1INTERVENCAO": "23:00",
        "QUEIMA": 0.0,
        "CAUSAFAMILIA": "Incendiarismo - Imputáveis",
        "TEMPERATURA": 11.6480960845947,
        "HUMIDADERELATIVA": 91.0688781738281,
        "VENTOINTENSIDADE": 6.8125171661377,
        "VENTOINTENSIDADE_VETOR": null,
        "VENTODIRECAO_VETOR": null,
        "PRECEPITACAO": 0.0,
        "FFMC": null,
        "DMC": null,
        "DC": null,
        "ISI": null,
        "BUI": null,
        "FWI": null,
        "DSR": null,
        "THC": null,
        "MODFARSITE": null,
        "ALTITUDEMEDIA": 646.716,
        "DECLIVEMEDIO": 23.6329,
        "HORASEXPOSICAOMEDIA": null,
        "DENDIDADERV": 212.847,
        "COSN5VARIEDADE": 21.08,
        "AREAMANCHAMODFARSITE": null,
        "AREASFICHEIROS_GNR": "http://fogos.icnf.pt/sgif2010/ficheiroskml/20260338871-2º Foco.kml",
        "AREASFICHEIROS_GTF": null,
        "FICHEIROIMAGEM_GNR": null,
        "AREASFICHEIROSHP_GTF": null,
        "AREASFICHEIROSHPXML_GTF": null,
        "AREASFICHEIRODBF_GTF": null,
        "AREASFICHEIROPRJ_GTF": null,
        "AREASFICHEIROSBN_GTF": null,
        "AREASFICHEIROSBX_GTF": null,
        "AREASFICHEIROSHX_GTF": null,
        "AREASFICHEIROZIP_SAA": null
      }
    },
    {
      "type": "Feature",
      "geometry": {
        "type": "Point",
        "coordinates": [
          -8.24187200016446,
          41.8718900002374
        ]
      },
      "properties": {
        "id": "20260293453",
        "DISTRITO": "Viana do Castelo",
        "TIPO": "Florestal",
        "ANO": 2026.0,
        "AREAPOV": 1.0,
        "AREAMATO": 1.0,
        "AREAAGRIC": 0.0,
        "AREATOTAL": 2.0,
        "REACENDIMENTOS": 0.0,
        "QUEIMADA": 0.0,
        "FALSOALARME": 0.0,
        "FOGACHO": 0.0,
        "INCENDIO": 1.0,
        "AGRICOLA": 0.0,
        "NCCO": 20260293453.0,
        "NOMECCO": 2.0,
        "DATAALERTA": "23-02-2026",
        "HORAALERTA": "15:14",
        "LOCAL": "Cunhas (Alto da Barreira)",
        "CONCELHO": "Arcos de Valdevez",
        "FREGUESIA": "Soajo",
        "FONTEALERTA": 112.0,
        "INE": 160146.0,
        "X": 190973.0,
        "Y": 544720.0,
        "DIA": 23.0,
        "MES": 2.0,
        "HORA": 15.0,
        "OPERADOR": "sigo",
        "PERIMETRO": "PNPG Baldios cogeridos",
        "APS": "Peneda-Geres",
        "CAUSA": 54700.0,
        "TIPOCAUSA": "Intencional",
        "DHINICIO": "23-02-2026 15:14:00",
        "DHFIM": "23-02-2026 17:17:00",
        "DURACAO": 123.0,
        "HAHORA": 1.0,
        "DATAEXTINCAO": "23-02-2026",
        "HORAEXTINCAO": "17:17",
        "DATA1INTERVENCAO": "23-02-2026",
        "HORA1INTERVENCAO": "16:10",
        "QUEIMA": 0.0,
        "CAUSAFAMILIA": "Incendiarismo - Imputáveis",
        "TEMPERATURA": 18.5904788970947,
        "HUMIDADERELATIVA": 49.3363265991211,
        "VENTOINTENSIDADE": 11.0401220321655,
        "VENTOINTENSIDADE_VETOR": null,
        "VENTODIRECAO_VETOR": null,
        "PRECEPITACAO": 0.0,
        "FFMC": null,
        "DMC": null,
        "DC": null,
        "ISI": null,
        "BUI": null,
        "FWI": null,
        "DSR": null,
        "THC": null,
        "MODFARSITE": null,
        "ALTITUDEMEDIA": 255.866,
        "DECLIVEMEDIO": 43.4793,
        "HORASEXPOSICAOMEDIA": null,
        "DENDIDADERV": 149.567,
        "COSN5VARIEDADE": 14.8,
        "AREAMANCHAMODFARSITE": null,
        "AREASFICHEIROS_GNR": "http://fogos.icnf.pt/sgif2010/ficheiroskml/293453.kml",
        "AREASFICHEIROS_GTF": null,
        "FICHEIROIMAGEM_GNR": null,
        "AREASFICHEIROSHP_GTF": null,
        "AREASFICHEIROSHPXML_GTF": null,
        "AREASFICHEIRODBF_GTF": null,
        "AREASFICHEIROPRJ_GTF": null,
        "AREASFICHEIROSBN_GTF": null,
        "AREASFICHEIROSBX_GTF": null,
        "AREASFICHEIROSHX_GTF": null,
        "AREASFICHEIROZIP_SAA": null
      }
    },
    {
      "type": "Feature",
      "geometry": {
        "type": "Point",
        "coordinates": [
          -7.84944000032213,
          40.4691700000233
        ]
      },
      "properties": {
        "id": "20260293551",
        "DISTRITO": "Coimbra",
        "TIPO": "Florestal",
        "ANO": 2026.0,
        "AREAPOV": 0.0,
        "AREAMATO": 4.35,
        "AREAAGRIC": 0.0,
        "AREATOTAL": 4.35,
        "REACENDIMENTOS": 0.0,
        "QUEIMADA": 0.0,
        "FALSOALARME": 0.0,
        "FOGACHO": 0.0,
        "INCENDIO": 1.0,
        "AGRICOLA": 0.0,
        "NCCO": 20260293551.0,
        "NOMECCO": 2.0,
        "DATAALERTA": "23-02-2026",
        "HORAALERTA": "15:30",
        "LOCAL": "Seixas (Póvoa da Barbeira)",
        "CONCELHO": "Oliveira do Hospital",
        "FREGUESIA": "Seixo da Beira",
        "FONTEALERTA": 112.0,
        "INE": 61118.0,
        "X": 224058.0,
        "Y": 388969.0,
        "DIA": 23.0,
        "MES": 2.0,
        "HORA": 15.0,
        "OPERADOR": 1971053.0,
        "PERIMETRO": null,
        "APS": null,
        "CAUSA": 54700.0,
        "TIPOCAUSA": "Intencional",
        "DHINICIO": "23-02-2026 15:30:00",
        "DHFIM": "23-02-2026 17:14:00",
        "DURACAO": 104.0,
        "HAHORA": 4.35,
        "DATAEXTINCAO": "23-02-2026",
        "HORAEXTINCAO": "17:14",
        "DATA1INTERVENCAO": "23-02-2026",
        "HORA1INTERVENCAO": "15:51",
        "QUEIMA": 0.0,
        "CAUSAFAMILIA": "Incendiarismo - Imputáveis",
        "TEMPERATURA": 18.5904788970947,
        "HUMIDADERELATIVA": 49.3363265991211,
        "VENTOINTENSIDADE": 11.0401220321655,
        "VENTOINTENSIDADE_VETOR": null,
        "VENTODIRECAO_VETOR": null,
        "PRECEPITACAO": 0.0,
        "FFMC": null,
        "DMC": null,
        "DC": null,
        "ISI": null,
        "BUI": null,
        "FWI": null,
        "DSR": null,
        "THC": null,
        "MODFARSITE": 227.0,
        "ALTITUDEMEDIA": 314.715,
        "DECLIVEMEDIO": 13.8305,
        "HORASEXPOSICAOMEDIA": null,
        "DENDIDADERV": 91.5518,
        "COSN5VARIEDADE": 20.29,
        "AREAMANCHAMODFARSITE": 2.07717,
        "AREASFICHEIROS_GNR": null,
        "AREASFICHEIROS_GTF": null,
        "FICHEIROIMAGEM_GNR": null,
        "AREASFICHEIROSHP_GTF": null,
        "AREASFICHEIROSHPXML_GTF": null,
        "AREASFICHEIRODBF_GTF": null,
        "AREASFICHEIROPRJ_GTF": null,
        "AREASFICHEIROSBN_GTF": null,
        "AREASFICHEIROSBX_GTF": null,
        "AREASFICHEIROSHX_GTF": null,
        "AREASFICHEIROZIP_SAA": null
      }
    },
    {
      "type": "Feature",
      "geometry": {
        "type": "Point",
        "coordinates": [
          -8.39509899987115,
          41.7006200000313
        ]
      },
      "properties": {
        "id": "20260320867",
        "DISTRITO": "Braga",
        "TIPO": "Florestal",
        "ANO": 2026.0,
        "AREAPOV": 0.0,
        "AREAMATO": 0.0002,
        "AREAAGRIC": 0.0,
        "AREATOTAL": 0.0002,
        "REACENDIMENTOS": 0.0,
        "QUEIMADA": 0.0,
        "FALSOALARME": 0.0,
        "FOGACHO": 1.0,
        "INCENDIO": 0.0,
        "AGRICOLA": 0.0,
        "NCCO": 20260320867.0,
        "NOMECCO": 3.0,
        "DATAALERTA": "01-03-2026",
        "HORAALERTA": "09:05",
        "LOCAL": "Avenida Sande (Sande de Cima)",
        "CONCELHO": "Vila Verde",
        "FREGUESIA": "Sande",
        "FONTEALERTA": 112.0,
        "INE": 31341.0,
        "X": 178195.0,
        "Y": 525724.0,
        "DIA": 1.0,
        "MES": 3.0,
        "HORA": 9.0,
        "OPERADOR": 2195463.0,
        "PERIMETRO": null,
        "APS": null,
        "CAUSA": 54700.0,
        "TIPOCAUSA": "Intencional",
        "DHINICIO": "01-03-2026 09:05:00",
        "DHFIM": "01-03-2026 09:53:00",
        "DURACAO": 48.0,
        "HAHORA": 0.0002,
        "DATAEXTINCAO": "01-03-2026",
        "HORAEXTINCAO": "09:53",
        "DATA1INTERVENCAO": "01-03-2026",
        "HORA1INTERVENCAO": "09:53",
        "QUEIMA": 0.0,
        "CAUSAFAMILIA": "Incendiarismo - Imputáveis",
        "TEMPERATURA": 11.0763187408447,
        "HUMIDADERELATIVA": 84.3121032714844,
        "VENTOINTENSIDADE": 8.29160118103027,
        "VENTOINTENSIDADE_VETOR": null,
        "VENTODIRECAO_VETOR": null,
        "PRECEPITACAO": 0.0,
        "FFMC": null,
        "DMC": null,
        "DC": null,
        "ISI": null,
        "BUI": null,
        "FWI": null,
        "DSR": null,
        "THC": null,
        "MODFARSITE": 223.0,
        "ALTITUDEMEDIA": 211.549,
        "DECLIVEMEDIO": 25.232,
        "HORASEXPOSICAOMEDIA": null,
        "DENDIDADERV": 185.117,
        "COSN5VARIEDADE": 10.07,
        "AREAMANCHAMODFARSITE": 198.714,
        "AREASFICHEIROS_GNR": null,
        "AREASFICHEIROS_GTF": null,
        "FICHEIROIMAGEM_GNR": null,
        "AREASFICHEIROSHP_GTF": null,
        "AREASFICHEIROSHPXML_GTF": null,
        "AREASFICHEIRODBF_GTF": null,
        "AREASFICHEIROPRJ_GTF": null,
        "AREASFICHEIROSBN_GTF": null,
        "AREASFICHEIROSBX_GTF": null,
        "AREASFICHEIROSHX_GTF": null,
        "AREASFICHEIROZIP_SAA": null
      }
    },
    {
      "type": "Feature",
      "geometry": {
        "type": "Point",
        "coordinates": [
          -8.48099200036791,
          41.8580150000254
        ]
      },
      "properties": {
        "id": "20260300279",
        "DISTRITO": "Viana do Castelo",
        "TIPO": "Florestal",
        "ANO": 2026.0,
        "AREAPOV": 0.0,
        "AREAMATO": 4.0,
        "AREAAGRIC": 0.0,
        "AREATOTAL": 4.0,
        "REACENDIMENTOS": 0.0,
        "QUEIMADA": 0.0,
        "FALSOALARME": 0.0,
        "FOGACHO": 0.0,
        "INCENDIO": 1.0,
        "AGRICOLA": 0.0,
        "NCCO": 20260300279.0,
        "NOMECCO": 3.0,
        "DATAALERTA": "24-02-2026",
        "HORAALERTA": "22:58",
        "LOCAL": "Casa Nova (EN303 (EN303) Km 33)",
        "CONCELHO": "Arcos de Valdevez",
        "FREGUESIA": "Rio Frio",
        "FONTEALERTA": "Bombeiros",
        "INE": 160130.0,
        "X": 171116.0,
        "Y": 543232.0,
        "DIA": 24.0,
        "MES": 2.0,
        "HORA": 22.0,
        "OPERADOR": "sigo",
        "PERIMETRO": null,
        "APS": null,
        "CAUSA": 54700.0,
        "TIPOCAUSA": "Intencional",
        "DHINICIO": "24-02-2026 22:58:00",
        "DHFIM": "25-02-2026 01:30:00",
        "DURACAO": 152.0,
        "HAHORA": 2.0,
        "DATAEXTINCAO": "25-02-2026",
        "HORAEXTINCAO": "01:30",
        "DATA1INTERVENCAO": "24-02-2026",
        "HORA1INTERVENCAO": "23:30",
        "QUEIMA": 0.0,
        "CAUSAFAMILIA": "Incendiarismo - Imputáveis",
        "TEMPERATURA": 12.9151859283447,
        "HUMIDADERELATIVA": 92.9839630126953,
        "VENTOINTENSIDADE": 13.3085803985596,
        "VENTOINTENSIDADE_VETOR": null,
        "VENTODIRECAO_VETOR": null,
        "PRECEPITACAO": 0.0,
        "FFMC": null,
        "DMC": null,
        "DC": null,
        "ISI": null,
        "BUI": null,
        "FWI": null,
        "DSR": null,
        "THC": null,
        "MODFARSITE": 232.0,
        "ALTITUDEMEDIA": 232.314,
        "DECLIVEMEDIO": 31.9466,
        "HORASEXPOSICAOMEDIA": null,
        "DENDIDADERV": 102.038,
        "COSN5VARIEDADE": 18.58,
        "AREAMANCHAMODFARSITE": 23.6051,
        "AREASFICHEIROS_GNR": "http://fogos.icnf.pt/sgif2010/ficheiroskml/300279.kml",
        "AREASFICHEIROS_GTF": null,
        "FICHEIROIMAGEM_GNR": null,
        "AREASFICHEIROSHP_GTF": null,
        "AREASFICHEIROSHPXML_GTF": null,
        "AREASFICHEIRODBF_GTF": null,
        "AREASFICHEIROPRJ_GTF": null,
        "AREASFICHEIROSBN_GTF": null,
        "AREASFICHEIROSBX_GTF": null,
        "AREASFICHEIROSHX_GTF": null,
        "AREASFICHEIROZIP_SAA": null
      }
    },
    {
      "type": "Feature",
      "geometry": {
        "type": "Point",
        "coordinates": [
          -8.06666666666667,
          40.5311111111111
        ]
      },
      "properties": {
        "id": "20260298911",
        "DISTRITO": "Viseu",
        "TIPO": "Florestal",
        "ANO": 2026.0,
        "AREAPOV": 0.87,
        "AREAMATO": 0.0,
        "AREAAGRIC": 0.0,
        "AREATOTAL": 0.87,
        "REACENDIMENTOS": 0.0,
        "QUEIMADA": 0.0,
        "FALSOALARME": 0.0,
        "FOGACHO": 1.0,
        "INCENDIO": 0.0,
        "AGRICOLA": 0.0,
        "NCCO": 20260298911.0,
        "NOMECCO": 2.0,
        "DATAALERTA": "24-02-2026",
        "HORAALERTA": "16:35",
        "LOCAL": "Argais",
        "CONCELHO": "Tondela",
        "FREGUESIA": "Canas de Santa Maria",
        "FONTEALERTA": 112.0,
        "INE": 182103.0,
        "X": 205630.0,
        "Y": 395817.0,
        "DIA": 24.0,
        "MES": 2.0,
        "HORA": 16.0,
        "OPERADOR": 2000464.0,
        "PERIMETRO": null,
        "APS": null,
        "CAUSA": 54700.0,
        "TIPOCAUSA": "Intencional",
        "DHINICIO": "24-02-2026 16:35:00",
        "DHFIM": "24-02-2026 18:07:00",
        "DURACAO": 92.0,
        "HAHORA": 0.87,
        "DATAEXTINCAO": "24-02-2026",
        "HORAEXTINCAO": "18:07",
        "DATA1INTERVENCAO": "24-02-2026",
        "HORA1INTERVENCAO": "16:51",
        "QUEIMA": 0.0,
        "CAUSAFAMILIA": "Incendiarismo - Imputáveis",
        "TEMPERATURA": 17.6703128814697,
        "HUMIDADERELATIVA": 61.9848022460938,
        "VENTOINTENSIDADE": 16.8576507568359,
        "VENTOINTENSIDADE_VETOR": null,
        "VENTODIRECAO_VETOR": null,
        "PRECEPITACAO": 0.0,
        "FFMC": null,
        "DMC": null,
        "DC": null,
        "ISI": null,
        "BUI": null,
        "FWI": null,
        "DSR": null,
        "THC": null,
        "MODFARSITE": 223.0,
        "ALTITUDEMEDIA": 290.142,
        "DECLIVEMEDIO": 7.95268,
        "HORASEXPOSICAOMEDIA": null,
        "DENDIDADERV": 230.573,
        "COSN5VARIEDADE": 21.54,
        "AREAMANCHAMODFARSITE": 22.6686,
        "AREASFICHEIROS_GNR": "http://fogos.icnf.pt/sgif2010/ficheiroskml/BL- 20260298911 .kml",
        "AREASFICHEIROS_GTF": null,
        "FICHEIROIMAGEM_GNR": null,
        "AREASFICHEIROSHP_GTF": null,
        "AREASFICHEIROSHPXML_GTF": null,
        "AREASFICHEIRODBF_GTF": null,
        "AREASFICHEIROPRJ_GTF": null,
        "AREASFICHEIROSBN_GTF": null,
        "AREASFICHEIROSBX_GTF": null,
        "AREASFICHEIROSHX_GTF": null,
        "AREASFICHEIROZIP_SAA": null
      }
    },
    {
      "type": "Feature",
      "geometry": {
        "type": "Point",
        "coordinates": [
          -7.47946699990167,
          41.3547879997889
        ]
      },
      "properties": {
        "id": "20260298947",
        "DISTRITO": "Vila Real",
        "TIPO": "Florestal",
        "ANO": 2026.0,
        "AREAPOV": 0.0,
        "AREAMATO": 0.03,
        "AREAAGRIC": 0.0,
        "AREATOTAL": 0.03,
        "REACENDIMENTOS": 0.0,
        "QUEIMADA": 0.0,
        "FALSOALARME": 0.0,
        "FOGACHO": 1.0,
        "INCENDIO": 0.0,
        "AGRICOLA": 0.0,
        "NCCO": 20260298947.0,
        "NOMECCO": 2.0,
        "DATAALERTA": "24-02-2026",
        "HORAALERTA": "16:45",
        "LOCAL": "IC5. 5070 Alijó. Portugal (Vale da Silva)",
        "CONCELHO": "Alijó",
        "FREGUESIA": "Pópulo",
        "FONTEALERTA": 112.0,
        "INE": 170110.0,
        "X": 254701.0,
        "Y": 487487.0,
        "DIA": 24.0,
        "MES": 2.0,
        "HORA": 16.0,
        "OPERADOR": 2195442.0,
        "PERIMETRO": null,
        "APS": null,
        "CAUSA": 54700.0,
        "TIPOCAUSA": "Intencional",
        "DHINICIO": "24-02-2026 16:45:00",
        "DHFIM": "24-02-2026 17:15:00",
        "DURACAO": 30.0,
        "HAHORA": 0.03,
        "DATAEXTINCAO": "24-02-2026",
        "HORAEXTINCAO": "17:15",
        "DATA1INTERVENCAO": "24-02-2026",
        "HORA1INTERVENCAO": "17:00",
        "QUEIMA": 0.0,
        "CAUSAFAMILIA": "Incendiarismo - Imputáveis",
        "TEMPERATURA": 17.6703128814697,
        "HUMIDADERELATIVA": 61.9848022460938,
        "VENTOINTENSIDADE": 16.8576507568359,
        "VENTOINTENSIDADE_VETOR": null,
        "VENTODIRECAO_VETOR": null,
        "PRECEPITACAO": 0.0,
        "FFMC": null,
        "DMC": null,
        "DC": null,
        "ISI": null,
        "BUI": null,
        "FWI": null,
        "DSR": null,
        "THC": null,
        "MODFARSITE": 232.0,
        "ALTITUDEMEDIA": 683.462,
        "DECLIVEMEDIO": 8.73894,
        "HORASEXPOSICAOMEDIA": null,
        "DENDIDADERV": 141.212,
        "COSN5VARIEDADE": 14.53,
        "AREAMANCHAMODFARSITE": 100.035,
        "AREASFICHEIROS_GNR": null,
        "AREASFICHEIROS_GTF": null,
        "FICHEIROIMAGEM_GNR": null,
        "AREASFICHEIROSHP_GTF": null,
        "AREASFICHEIROSHPXML_GTF": null,
        "AREASFICHEIRODBF_GTF": null,
        "AREASFICHEIROPRJ_GTF": null,
        "AREASFICHEIROSBN_GTF": null,
        "AREASFICHEIROSBX_GTF": null,
        "AREASFICHEIROSHX_GTF": null,
        "AREASFICHEIROZIP_SAA": null
      }
    }
  ]
}